param_idx,fea_tol,tol_piv,tol_ratio_diff,problem,fun,success,status,num_iter,exec_time
0,0.0001,1e-08,1e-11,25FV47,-9091.89177764894,False,1,10000,14.421972036361694
0,0.0001,1e-08,1e-11,ADLITTLE,-225494.96316238047,True,0,144,0.0022802352905273
0,0.0001,1e-08,1e-11,AFIRO,464.7531428571428,True,0,30,0.0013632774353027
0,0.0001,1e-08,1e-11,AGG,36291233.286576286,True,0,612,0.0167529582977294
0,0.0001,1e-08,1e-11,AGG2,20239252.355977103,True,0,571,0.0088775157928466
0,0.0001,1e-08,1e-11,AGG3,-10312115.935089232,True,0,588,0.0120034217834472
0,0.0001,1e-08,1e-11,BANDM,158.62801845002156,True,0,1253,0.0520675182342529
0,0.0001,1e-08,1e-11,BEACONFD,-33592.48580719998,True,0,210,0.0033071041107177
0,0.0001,1e-08,1e-11,BLEND,30.81214984582829,True,0,148,0.0014228820800781
0,0.0001,1e-08,1e-11,BNL1,-inf,False,3,2551,1.0114035606384275
0,0.0001,1e-08,1e-11,BNL2,-inf,False,1,10000,63.99167847633362
0,0.0001,1e-08,1e-11,BRANDY,-1518.5325854360578,True,0,805,0.0154380798339843
0,0.0001,1e-08,1e-11,D2Q06C,-inf,False,1,10000,91.99833631515504
0,0.0001,1e-08,1e-11,DEGEN2,1436.4949999999983,True,0,2751,0.2879633903503418
0,0.0001,1e-08,1e-11,DEGEN3,-inf,False,1,10000,41.48744702339173
0,0.0001,1e-08,1e-11,E226,18.75192906637472,True,0,737,0.0178046226501464
0,0.0001,1e-08,1e-11,FFFFF800,-inf,False,3,285,0.0145251750946044
0,0.0001,1e-08,1e-11,ISRAEL,896644.8218630484,True,0,950,0.0190327167510986
0,0.0001,1e-08,1e-11,LOTFI,25.264706061880013,True,0,264,0.002887487411499
0,0.0001,1e-08,1e-11,MAROS-R7,-1497185.1664796427,True,0,4317,56.71389675140381
0,0.0001,1e-08,1e-11,QAP12,-inf,False,3,2914,55.5970733165741
0,0.0001,1e-08,1e-11,QAP15,-inf,False,1,10000,1277.6698324680328
0,0.0001,1e-08,1e-11,QAP8,-inf,False,3,2919,5.376332759857178
0,0.0001,1e-08,1e-11,SC105,52.20206121170722,True,0,138,0.0017523765563964
0,0.0001,1e-08,1e-11,SC205,52.20206121182398,True,0,314,0.007359504699707
0,0.0001,1e-08,1e-11,SC50A,64.57507705856449,True,0,59,0.0009882450103759
0,0.0001,1e-08,1e-11,SC50B,70.0,True,0,62,0.0010035037994384
0,0.0001,1e-08,1e-11,SCAGR25,14753433.060785834,True,0,1646,0.1643064022064209
0,0.0001,1e-08,1e-11,SCAGR7,2331389.824330985,True,0,270,0.0028676986694335
0,0.0001,1e-08,1e-11,SCFXM1,-18416.75902841995,True,0,801,0.0316836833953857
0,0.0001,1e-08,1e-11,SCFXM2,-36660.26156500209,True,0,1629,0.4153528213500976
0,0.0001,1e-08,1e-11,SCFXM3,-54901.25454975151,True,0,2499,2.058976173400879
0,0.0001,1e-08,1e-11,SCORPION,-1875.8517318290158,True,0,466,0.0099589824676513
0,0.0001,1e-08,1e-11,SCRS8,-449.41749452873216,True,0,1507,0.1426935195922851
0,0.0001,1e-08,1e-11,SCSD1,-7.334363713061227,False,3,319,0.0052807331085205
0,0.0001,1e-08,1e-11,SCSD6,-50.500000078262346,True,0,663,0.0265555381774902
0,0.0001,1e-08,1e-11,SCSD8,-inf,False,3,607,0.1525454521179199
0,0.0001,1e-08,1e-11,SCTAP1,-1412.2500000000616,True,0,862,0.0369629859924316
0,0.0001,1e-08,1e-11,SCTAP2,-inf,False,3,321,0.1995472908020019
0,0.0001,1e-08,1e-11,SCTAP3,-inf,False,3,301,0.2195620536804199
0,0.0001,1e-08,1e-11,SHARE1B,76589.31857918575,True,0,456,0.0045890808105468
0,0.0001,1e-08,1e-11,SHARE2B,415.732240741419,True,0,204,0.0018055438995361
0,0.0001,1e-08,1e-11,SHIP04L,-1793324.5379703536,True,0,777,0.0122346878051757
0,0.0001,1e-08,1e-11,SHIP04S,-1798714.7004453933,True,0,606,0.0075781345367431
0,0.0001,1e-08,1e-11,SHIP08L,-1909055.211389134,True,0,1518,0.0517816543579101
0,0.0001,1e-08,1e-11,SHIP08S,-1920098.2105346203,True,0,1215,0.0299668312072753
0,0.0001,1e-08,1e-11,SHIP12L,-1470187.919329265,True,0,2060,0.1105909347534179
0,0.0001,1e-08,1e-11,SHIP12S,-1489236.134406127,True,0,1568,0.0562512874603271
0,0.0001,1e-08,1e-11,STOCFOR1,41131.976219436205,True,0,259,0.0025563240051269
0,0.0001,1e-08,1e-11,STOCFOR2,39024.408537882045,True,0,4273,14.058602094650269
0,0.0001,1e-08,1e-11,STOCFOR3,-inf,False,1,10000,339.9821343421936
0,0.0001,1e-08,1e-11,TRUSS,-603838.5434547605,False,3,4899,28.064428567886353
0,0.0001,1e-08,1e-11,WOOD1P,-inf,False,3,299,0.05106782913208
0,0.0001,1e-08,1e-11,WOODW,-inf,False,3,412,0.7876582145690918
1,0.0001,1e-08,1e-12,25FV47,-inf,False,3,6785,9.010221481323242
1,0.0001,1e-08,1e-12,ADLITTLE,-225494.96316238047,True,0,144,0.0011544227600097
1,0.0001,1e-08,1e-12,AFIRO,464.7531428571428,True,0,30,0.0003628730773925
1,0.0001,1e-08,1e-12,AGG,36291233.286576286,True,0,610,0.0173258781433105
1,0.0001,1e-08,1e-12,AGG2,20239252.355977103,True,0,571,0.0070500373840332
1,0.0001,1e-08,1e-12,AGG3,-10312115.935089232,True,0,588,0.0096540451049804
1,0.0001,1e-08,1e-12,BANDM,158.62801845025237,True,0,1363,0.0539386272430419
1,0.0001,1e-08,1e-12,BEACONFD,-33592.48580719998,True,0,210,0.0027542114257812
1,0.0001,1e-08,1e-12,BLEND,30.81214984582829,True,0,148,0.0007083415985107
1,0.0001,1e-08,1e-12,BNL1,-1977.6295615229444,True,0,3872,2.0432374477386475
1,0.0001,1e-08,1e-12,BNL2,-13296.25560756109,False,1,10000,63.64015197753906
1,0.0001,1e-08,1e-12,BRANDY,-inf,False,3,328,0.0065906047821044
1,0.0001,1e-08,1e-12,D2Q06C,-inf,False,3,925,0.7220001220703125
1,0.0001,1e-08,1e-12,DEGEN2,1436.4949999999976,True,0,3102,0.3233227729797363
1,0.0001,1e-08,1e-12,DEGEN3,-inf,False,1,10000,41.4575412273407
1,0.0001,1e-08,1e-12,E226,18.75192906637468,True,0,738,0.0172278881072998
1,0.0001,1e-08,1e-12,FFFFF800,-inf,False,2,1589,0.179337739944458
1,0.0001,1e-08,1e-12,ISRAEL,896644.8218630381,True,0,913,0.0176303386688232
1,0.0001,1e-08,1e-12,LOTFI,25.264706061880016,True,0,265,0.0024662017822265
1,0.0001,1e-08,1e-12,MAROS-R7,-1497185.1664796427,True,0,4317,58.000138998031616
1,0.0001,1e-08,1e-12,QAP12,-inf,False,1,10000,358.2907540798187
1,0.0001,1e-08,1e-12,QAP15,-inf,False,1,10000,1306.6195199489594
1,0.0001,1e-08,1e-12,QAP8,-inf,False,3,3505,7.162724256515503
1,0.0001,1e-08,1e-12,SC105,52.20206121170722,True,0,138,0.001096487045288
1,0.0001,1e-08,1e-12,SC205,52.202061211805145,True,0,304,0.0064730644226074
1,0.0001,1e-08,1e-12,SC50A,64.57507705856449,True,0,59,0.0002756118774414
1,0.0001,1e-08,1e-12,SC50B,70.0,True,0,62,0.0002849102020263
1,0.0001,1e-08,1e-12,SCAGR25,14753671.10763783,True,0,1692,0.1645371913909912
1,0.0001,1e-08,1e-12,SCAGR7,2331389.824330985,True,0,270,0.002181053161621
1,0.0001,1e-08,1e-12,SCFXM1,-18416.75902841879,True,0,845,0.0337202548980712
1,0.0001,1e-08,1e-12,SCFXM2,-36660.26156499724,True,0,1649,0.3135089874267578
1,0.0001,1e-08,1e-12,SCFXM3,-54901.25454975134,True,0,2481,1.8306949138641355
1,0.0001,1e-08,1e-12,SCORPION,-1875.8517318290158,True,0,466,0.0087599754333496
1,0.0001,1e-08,1e-12,SCRS8,-531.119254753136,True,0,1537,0.1405351161956787
1,0.0001,1e-08,1e-12,SCSD1,-8.30139993795192,False,3,313,0.004265546798706
1,0.0001,1e-08,1e-12,SCSD6,-50.500000078262346,True,0,663,0.0251088142395019
1,0.0001,1e-08,1e-12,SCSD8,-inf,False,3,609,0.1284012794494629
1,0.0001,1e-08,1e-12,SCTAP1,-1412.2500000000002,True,0,813,0.0322551727294921
1,0.0001,1e-08,1e-12,SCTAP2,-inf,False,3,302,0.1622860431671142
1,0.0001,1e-08,1e-12,SCTAP3,-inf,False,3,301,0.2170796394348144
1,0.0001,1e-08,1e-12,SHARE1B,76589.31857918575,True,0,456,0.0036976337432861
1,0.0001,1e-08,1e-12,SHARE2B,415.732240741419,True,0,204,0.0010006427764892
1,0.0001,1e-08,1e-12,SHIP04L,-1793324.5379703536,True,0,777,0.0110166072845458
1,0.0001,1e-08,1e-12,SHIP04S,-1798714.7004453933,True,0,606,0.0064387321472167
1,0.0001,1e-08,1e-12,SHIP08L,-1909055.211389134,True,0,1518,0.0438745021820068
1,0.0001,1e-08,1e-12,SHIP08S,-1920098.2105346203,True,0,1215,0.0257642269134521
1,0.0001,1e-08,1e-12,SHIP12L,-1470187.919329265,True,0,2060,0.1081035137176513
1,0.0001,1e-08,1e-12,SHIP12S,-1489236.134406127,True,0,1568,0.0554721355438232
1,0.0001,1e-08,1e-12,STOCFOR1,41131.976219436176,True,0,259,0.0018308162689208
1,0.0001,1e-08,1e-12,STOCFOR2,39024.40853788116,True,0,4272,14.160063743591309
1,0.0001,1e-08,1e-12,STOCFOR3,-inf,False,1,10000,341.05470728874207
1,0.0001,1e-08,1e-12,TRUSS,-527765.2860528495,False,1,10000,65.67643690109253
1,0.0001,1e-08,1e-12,WOOD1P,-inf,False,3,126,0.020637035369873
1,0.0001,1e-08,1e-12,WOODW,-inf,False,3,419,0.8142757415771484
2,0.0001,1e-08,1e-13,25FV47,-inf,False,3,1976,2.137171983718872
2,0.0001,1e-08,1e-13,ADLITTLE,-225494.96316238047,True,0,144,0.0005898475646972
2,0.0001,1e-08,1e-13,AFIRO,464.7531428571428,True,0,30,0.0002040863037109
2,0.0001,1e-08,1e-13,AGG,36291233.286576286,True,0,609,0.013258934020996
2,0.0001,1e-08,1e-13,AGG2,20239252.355977103,True,0,571,0.0071299076080322
2,0.0001,1e-08,1e-13,AGG3,-10312115.935089232,True,0,588,0.0100874900817871
2,0.0001,1e-08,1e-13,BANDM,158.62801845024026,True,0,1333,0.0527844429016113
2,0.0001,1e-08,1e-13,BEACONFD,-33592.48580719998,True,0,210,0.0028669834136962
2,0.0001,1e-08,1e-13,BLEND,30.81214984582808,True,0,165,0.0007774829864501
2,0.0001,1e-08,1e-13,BNL1,-inf,False,3,4823,2.6956071853637695
2,0.0001,1e-08,1e-13,BNL2,-inf,False,1,10000,64.03242063522339
2,0.0001,1e-08,1e-13,BRANDY,-1518.509896485441,True,0,780,0.013350486755371
2,0.0001,1e-08,1e-13,D2Q06C,-inf,False,1,10000,91.36357951164246
2,0.0001,1e-08,1e-13,DEGEN2,1435.1779999999994,True,0,2819,0.2882757186889648
2,0.0001,1e-08,1e-13,DEGEN3,-inf,False,1,10000,41.45945453643799
2,0.0001,1e-08,1e-13,E226,18.75192906637468,True,0,738,0.0174121856689453
2,0.0001,1e-08,1e-13,FFFFF800,-555679.5863305634,True,0,1752,0.2110791206359863
2,0.0001,1e-08,1e-13,ISRAEL,896644.8218630381,True,0,913,0.0179331302642822
2,0.0001,1e-08,1e-13,LOTFI,25.26470606188001,True,0,276,0.002542495727539
2,0.0001,1e-08,1e-13,MAROS-R7,-1497185.1664796427,True,0,4317,57.05060529708862
2,0.0001,1e-08,1e-13,QAP12,-inf,False,3,6897,220.67510724067688
2,0.0001,1e-08,1e-13,QAP15,-inf,False,1,10000,1216.635213136673
2,0.0001,1e-08,1e-13,QAP8,-inf,False,1,10000,22.976309776306152
2,0.0001,1e-08,1e-13,SC105,52.20206121170722,True,0,139,0.0012075901031494
2,0.0001,1e-08,1e-13,SC205,52.20206121170649,True,0,322,0.0071213245391845
2,0.0001,1e-08,1e-13,SC50A,64.57507705856449,True,0,59,0.0002760887145996
2,0.0001,1e-08,1e-13,SC50B,70.0,True,0,62,0.0003206729888916
2,0.0001,1e-08,1e-13,SCAGR25,7581987.768915891,False,3,1361,0.1233522891998291
2,0.0001,1e-08,1e-13,SCAGR7,2331389.824330985,True,0,270,0.002183198928833
2,0.0001,1e-08,1e-13,SCFXM1,-18416.759028417593,True,0,847,0.0339624881744384
2,0.0001,1e-08,1e-13,SCFXM2,-36658.66650838561,True,0,1698,0.361208438873291
2,0.0001,1e-08,1e-13,SCFXM3,-54901.254549747006,True,0,2491,2.064612627029419
2,0.0001,1e-08,1e-13,SCORPION,-1875.8517318290158,True,0,466,0.0088710784912109
2,0.0001,1e-08,1e-13,SCRS8,-449.41749452893407,True,0,1606,0.1890685558319091
2,0.0001,1e-08,1e-13,SCSD1,-10.002010015633264,False,3,315,0.0043287277221679
2,0.0001,1e-08,1e-13,SCSD6,-50.50000007826237,True,0,708,0.0274608135223388
2,0.0001,1e-08,1e-13,SCSD8,-inf,False,3,747,0.2029838562011718
2,0.0001,1e-08,1e-13,SCTAP1,-1412.249999999997,True,0,797,0.0314257144927978
2,0.0001,1e-08,1e-13,SCTAP2,-inf,False,3,394,0.3111674785614013
2,0.0001,1e-08,1e-13,SCTAP3,-inf,False,3,329,0.271153450012207
2,0.0001,1e-08,1e-13,SHARE1B,76589.31857918575,True,0,456,0.0037429332733154
2,0.0001,1e-08,1e-13,SHARE2B,415.732240741419,True,0,204,0.001009464263916
2,0.0001,1e-08,1e-13,SHIP04L,-1793324.5379703536,True,0,777,0.0115344524383544
2,0.0001,1e-08,1e-13,SHIP04S,-1798714.7004453933,True,0,606,0.0065124034881591
2,0.0001,1e-08,1e-13,SHIP08L,-1909055.211389134,True,0,1518,0.0463554859161376
2,0.0001,1e-08,1e-13,SHIP08S,-1920098.2105346203,True,0,1215,0.0269615650177001
2,0.0001,1e-08,1e-13,SHIP12L,-1470187.919329265,True,0,2060,0.111978530883789
2,0.0001,1e-08,1e-13,SHIP12S,-1489236.134406127,True,0,1568,0.0577173233032226
2,0.0001,1e-08,1e-13,STOCFOR1,41131.97621943616,True,0,259,0.0018365383148193
2,0.0001,1e-08,1e-13,STOCFOR2,39024.40853788207,True,0,4250,13.925357103347778
2,0.0001,1e-08,1e-13,STOCFOR3,-inf,False,1,10000,337.84016394615173
2,0.0001,1e-08,1e-13,TRUSS,-549209.9425360082,False,3,7263,44.75978398323059
2,0.0001,1e-08,1e-13,WOOD1P,-inf,False,3,130,0.0205309391021728
2,0.0001,1e-08,1e-13,WOODW,-inf,False,3,452,0.907395362854004
3,0.0001,1e-08,1e-14,25FV47,-inf,False,1,10000,15.101305484771729
3,0.0001,1e-08,1e-14,ADLITTLE,-225494.96316238047,True,0,144,0.0005879402160644
3,0.0001,1e-08,1e-14,AFIRO,464.7531428571428,True,0,30,0.0011854171752929
3,0.0001,1e-08,1e-14,AGG,36291233.286576286,True,0,609,0.0126211643218994
3,0.0001,1e-08,1e-14,AGG2,20239252.355977103,True,0,571,0.0066711902618408
3,0.0001,1e-08,1e-14,AGG3,-10312115.935089232,True,0,588,0.0097029209136962
3,0.0001,1e-08,1e-14,BANDM,158.6280184499312,True,0,1261,0.0511877536773681
3,0.0001,1e-08,1e-14,BEACONFD,-33592.48580719996,True,0,212,0.0028319358825683
3,0.0001,1e-08,1e-14,BLEND,30.81214984582823,True,0,161,0.0007414817810058
3,0.0001,1e-08,1e-14,BNL1,-inf,False,3,1305,0.2625861167907715
3,0.0001,1e-08,1e-14,BNL2,-7058.577107619767,False,1,10000,63.57785844802856
3,0.0001,1e-08,1e-14,BRANDY,-1518.5098964881197,True,0,647,0.0104768276214599
3,0.0001,1e-08,1e-14,D2Q06C,-inf,False,1,10000,89.46588516235352
3,0.0001,1e-08,1e-14,DEGEN2,1435.1779999999806,True,0,3022,0.3026392459869385
3,0.0001,1e-08,1e-14,DEGEN3,-inf,False,1,10000,41.400824308395386
3,0.0001,1e-08,1e-14,E226,18.75192906621691,True,0,840,0.0202150344848632
3,0.0001,1e-08,1e-14,FFFFF800,-555679.5863298047,True,0,1888,0.237206220626831
3,0.0001,1e-08,1e-14,ISRAEL,896644.8218630381,True,0,913,0.0177483558654785
3,0.0001,1e-08,1e-14,LOTFI,25.26470606188001,True,0,276,0.0024199485778808
3,0.0001,1e-08,1e-14,MAROS-R7,-1497185.1664796427,True,0,4317,58.09544539451599
3,0.0001,1e-08,1e-14,QAP12,-inf,False,1,10000,344.6370635032654
3,0.0001,1e-08,1e-14,QAP15,-inf,False,3,7765,909.30792760849
3,0.0001,1e-08,1e-14,QAP8,-inf,False,3,2785,6.015376091003418
3,0.0001,1e-08,1e-14,SC105,52.20206121170724,True,0,134,0.0010542869567871
3,0.0001,1e-08,1e-14,SC205,52.2020612117079,True,0,325,0.0070996284484863
3,0.0001,1e-08,1e-14,SC50A,64.57507705856449,True,0,59,0.0002760887145996
3,0.0001,1e-08,1e-14,SC50B,70.0,True,0,62,0.0002894401550292
3,0.0001,1e-08,1e-14,SCAGR25,14768933.729826929,True,0,1387,0.1290121078491211
3,0.0001,1e-08,1e-14,SCAGR7,2331389.8243309762,True,0,250,0.0020022392272949
3,0.0001,1e-08,1e-14,SCFXM1,-18416.759028346125,True,0,896,0.0365753173828125
3,0.0001,1e-08,1e-14,SCFXM2,-36660.26156499932,True,0,1747,0.3418836593627929
3,0.0001,1e-08,1e-14,SCFXM3,-54901.254549742924,True,0,2510,1.9078214168548584
3,0.0001,1e-08,1e-14,SCORPION,-1875.8517318290155,True,0,466,0.0095489025115966
3,0.0001,1e-08,1e-14,SCRS8,-536.9613499483563,True,0,1437,0.1466832160949707
3,0.0001,1e-08,1e-14,SCSD1,-34.45019632727147,False,3,314,0.0045807361602783
3,0.0001,1e-08,1e-14,SCSD6,-50.500000078262325,True,0,809,0.0344226360321044
3,0.0001,1e-08,1e-14,SCSD8,-inf,False,3,1843,0.9283323287963868
3,0.0001,1e-08,1e-14,SCTAP1,-1412.2499999999982,True,0,875,0.0344550609588623
3,0.0001,1e-08,1e-14,SCTAP2,-inf,False,1,10000,25.62724542617798
3,0.0001,1e-08,1e-14,SCTAP3,-inf,False,3,244,0.1465122699737548
3,0.0001,1e-08,1e-14,SHARE1B,76589.31857918575,True,0,456,0.0042848587036132
3,0.0001,1e-08,1e-14,SHARE2B,415.732240741419,True,0,203,0.0011425018310546
3,0.0001,1e-08,1e-14,SHIP04L,-1793324.5379703536,True,0,775,0.0120348930358886
3,0.0001,1e-08,1e-14,SHIP04S,-1798714.7004453933,True,0,606,0.0071089267730712
3,0.0001,1e-08,1e-14,SHIP08L,-1909055.211389134,True,0,1518,0.0478296279907226
3,0.0001,1e-08,1e-14,SHIP08S,-1920098.2105346203,True,0,1215,0.0279595851898193
3,0.0001,1e-08,1e-14,SHIP12L,-1470187.919329265,True,0,2060,0.11574387550354
3,0.0001,1e-08,1e-14,SHIP12S,-1489236.134406127,True,0,1569,0.0592045783996582
3,0.0001,1e-08,1e-14,STOCFOR1,41131.976219436154,True,0,260,0.0020675659179687
3,0.0001,1e-08,1e-14,STOCFOR2,39024.408537882206,True,0,4225,13.866302490234377
3,0.0001,1e-08,1e-14,STOCFOR3,-inf,False,1,10000,355.4460725784302
3,0.0001,1e-08,1e-14,TRUSS,-483206.8293941396,False,1,10000,66.01236844062805
3,0.0001,1e-08,1e-14,WOOD1P,-inf,False,1,10000,1.7643098831176758
3,0.0001,1e-08,1e-14,WOODW,-inf,False,3,460,0.9672958850860596
4,0.0001,1e-08,1e-15,25FV47,-inf,False,1,10000,14.2076735496521
4,0.0001,1e-08,1e-15,ADLITTLE,-225494.96316238047,True,0,144,0.0005834102630615
4,0.0001,1e-08,1e-15,AFIRO,464.7531428571428,True,0,30,0.0002055168151855
4,0.0001,1e-08,1e-15,AGG,36291233.286576286,True,0,609,0.0126681327819824
4,0.0001,1e-08,1e-15,AGG2,20239252.355977103,True,0,572,0.006540298461914
4,0.0001,1e-08,1e-15,AGG3,-10312115.935089232,True,0,588,0.0097091197967529
4,0.0001,1e-08,1e-15,BANDM,-inf,False,1,10000,0.4733386039733886
4,0.0001,1e-08,1e-15,BEACONFD,-33592.48580719996,True,0,212,0.0025527477264404
4,0.0001,1e-08,1e-15,BLEND,30.81214984582805,True,0,180,0.0008196830749511
4,0.0001,1e-08,1e-15,BNL1,-inf,False,1,10000,7.846999168395996
4,0.0001,1e-08,1e-15,BNL2,-14709.029239367563,False,1,10000,64.52975153923035
4,0.0001,1e-08,1e-15,BRANDY,-1518.5098964880663,True,0,704,0.0116901397705078
4,0.0001,1e-08,1e-15,D2Q06C,-inf,False,3,1548,3.019392967224121
4,0.0001,1e-08,1e-15,DEGEN2,1435.1779999999912,True,0,2594,0.2570273876190185
4,0.0001,1e-08,1e-15,DEGEN3,-inf,False,1,10000,41.60097575187683
4,0.0001,1e-08,1e-15,E226,18.751929066345806,True,0,785,0.0185644626617431
4,0.0001,1e-08,1e-15,FFFFF800,-inf,False,3,714,0.0598723888397216
4,0.0001,1e-08,1e-15,ISRAEL,896644.8218630381,True,0,913,0.0176606178283691
4,0.0001,1e-08,1e-15,LOTFI,25.26470606188001,True,0,270,0.0022928714752197
4,0.0001,1e-08,1e-15,MAROS-R7,-1497185.1664796427,True,0,4317,57.03299260139465
4,0.0001,1e-08,1e-15,QAP12,-inf,False,3,6902,224.35985398292544
4,0.0001,1e-08,1e-15,QAP15,-inf,False,3,4559,335.5066077709198
4,0.0001,1e-08,1e-15,QAP8,-inf,False,1,10000,18.788794994354248
4,0.0001,1e-08,1e-15,SC105,52.2020612117072,True,0,131,0.0011050701141357
4,0.0001,1e-08,1e-15,SC205,52.20206121167227,True,0,274,0.0061349868774414
4,0.0001,1e-08,1e-15,SC50A,64.57507705856449,True,0,59,0.0003056526184082
4,0.0001,1e-08,1e-15,SC50B,70.0,True,0,62,0.0003132820129394
4,0.0001,1e-08,1e-15,SCAGR25,-inf,False,2,1103,0.109123945236206
4,0.0001,1e-08,1e-15,SCAGR7,2331389.8243310177,True,0,267,0.0022809505462646
4,0.0001,1e-08,1e-15,SCFXM1,-18416.759028350636,True,0,749,0.0296211242675781
4,0.0001,1e-08,1e-15,SCFXM2,-36660.26156499945,True,0,1567,0.2724463939666748
4,0.0001,1e-08,1e-15,SCFXM3,-54901.253049592815,True,0,2406,1.9088046550750732
4,0.0001,1e-08,1e-15,SCORPION,-1875.8517318290153,True,0,466,0.0096430778503417
4,0.0001,1e-08,1e-15,SCRS8,-391.6472105614773,True,0,1473,0.1515285968780517
4,0.0001,1e-08,1e-15,SCSD1,-8.666666761733735,True,0,1524,0.0223417282104492
4,0.0001,1e-08,1e-15,SCSD6,-50.50000007826234,True,0,630,0.0248165130615234
4,0.0001,1e-08,1e-15,SCSD8,-inf,False,3,1171,0.4687891006469726
4,0.0001,1e-08,1e-15,SCTAP1,-1412.2499999999889,True,0,810,0.0314667224884033
4,0.0001,1e-08,1e-15,SCTAP2,-inf,False,1,10000,26.905510187149048
4,0.0001,1e-08,1e-15,SCTAP3,-inf,False,3,1131,3.223331928253174
4,0.0001,1e-08,1e-15,SHARE1B,76589.31857918575,True,0,456,0.0050678253173828
4,0.0001,1e-08,1e-15,SHARE2B,415.7322407414188,True,0,210,0.0013697147369384
4,0.0001,1e-08,1e-15,SHIP04L,-1793324.5379703536,True,0,773,0.0161933898925781
4,0.0001,1e-08,1e-15,SHIP04S,-1798714.7004453936,True,0,608,0.0104691982269287
4,0.0001,1e-08,1e-15,SHIP08L,-1909055.2113891335,True,0,1514,0.0661506652832031
4,0.0001,1e-08,1e-15,SHIP08S,-1920098.2105346206,True,0,1214,0.0378429889678955
4,0.0001,1e-08,1e-15,SHIP12L,-1470187.919329265,True,0,2081,0.1350457668304443
4,0.0001,1e-08,1e-15,SHIP12S,-1489236.134406127,True,0,1568,0.0585830211639404
4,0.0001,1e-08,1e-15,STOCFOR1,41131.97621943676,True,0,268,0.002190351486206
4,0.0001,1e-08,1e-15,STOCFOR2,39024.40853785458,True,0,4240,14.0892915725708
4,0.0001,1e-08,1e-15,STOCFOR3,-inf,False,3,9980,453.2224884033203
4,0.0001,1e-08,1e-15,TRUSS,-569170.4028077268,False,1,10000,65.76567959785461
4,0.0001,1e-08,1e-15,WOOD1P,-inf,False,3,451,0.0705070495605468
4,0.0001,1e-08,1e-15,WOODW,-inf,False,1,10000,56.53457069396973
5,0.0001,1e-09,1e-11,25FV47,-inf,False,3,1953,1.8888719081878664
5,0.0001,1e-09,1e-11,ADLITTLE,-225494.96316238047,True,0,144,0.0005795955657958
5,0.0001,1e-09,1e-11,AFIRO,464.7531428571428,True,0,30,0.0002148151397705
5,0.0001,1e-09,1e-11,AGG,36291233.286576286,True,0,612,0.0127642154693603
5,0.0001,1e-09,1e-11,AGG2,20239252.355977103,True,0,571,0.0065529346466064
5,0.0001,1e-09,1e-11,AGG3,-10312115.935089232,True,0,588,0.0096204280853271
5,0.0001,1e-09,1e-11,BANDM,158.62801845002156,True,0,1253,0.0480866432189941
5,0.0001,1e-09,1e-11,BEACONFD,-33592.48580719998,True,0,210,0.0026428699493408
5,0.0001,1e-09,1e-11,BLEND,30.81214984582829,True,0,148,0.0007050037384033
5,0.0001,1e-09,1e-11,BNL1,-inf,False,3,2454,0.7694523334503174
5,0.0001,1e-09,1e-11,BNL2,-inf,False,3,9798,62.115137577056885
5,0.0001,1e-09,1e-11,BRANDY,-inf,False,3,125,0.0023918151855468
5,0.0001,1e-09,1e-11,D2Q06C,-inf,False,3,1590,4.010925054550171
5,0.0001,1e-09,1e-11,DEGEN2,1436.4949999999983,True,0,2751,0.2831380367279053
5,0.0001,1e-09,1e-11,DEGEN3,-inf,False,1,10000,41.67962312698364
5,0.0001,1e-09,1e-11,E226,18.75192906637472,True,0,737,0.0169160366058349
5,0.0001,1e-09,1e-11,FFFFF800,-inf,False,3,285,0.0135729312896728
5,0.0001,1e-09,1e-11,ISRAEL,896644.8218630484,True,0,950,0.0183947086334228
5,0.0001,1e-09,1e-11,LOTFI,25.264706061880013,True,0,264,0.0022051334381103
5,0.0001,1e-09,1e-11,MAROS-R7,-1497185.1664796427,True,0,4317,56.936991691589355
5,0.0001,1e-09,1e-11,QAP12,-inf,False,3,2914,55.80233097076416
5,0.0001,1e-09,1e-11,QAP15,-inf,False,3,9144,1136.995520114899
5,0.0001,1e-09,1e-11,QAP8,-inf,False,3,1895,3.2191057205200195
5,0.0001,1e-09,1e-11,SC105,52.20206121170722,True,0,138,0.0010504722595214
5,0.0001,1e-09,1e-11,SC205,52.20206121182398,True,0,314,0.0066452026367187
5,0.0001,1e-09,1e-11,SC50A,64.57507705856449,True,0,59,0.0002882480621337
5,0.0001,1e-09,1e-11,SC50B,70.0,True,0,62,0.0003008842468261
5,0.0001,1e-09,1e-11,SCAGR25,14753433.060785834,True,0,1646,0.1588294506072998
5,0.0001,1e-09,1e-11,SCAGR7,2331389.824330985,True,0,270,0.0021760463714599
5,0.0001,1e-09,1e-11,SCFXM1,-18416.75902841995,True,0,801,0.0307738780975341
5,0.0001,1e-09,1e-11,SCFXM2,-36660.26156500209,True,0,1629,0.3517820835113525
5,0.0001,1e-09,1e-11,SCFXM3,-inf,False,3,791,0.0531728267669677
5,0.0001,1e-09,1e-11,SCORPION,-1875.8517318290158,True,0,466,0.0087916851043701
5,0.0001,1e-09,1e-11,SCRS8,-449.41749452873216,True,0,1507,0.1371655464172363
5,0.0001,1e-09,1e-11,SCSD1,-0.928966462411952,False,3,309,0.004324197769165
5,0.0001,1e-09,1e-11,SCSD6,-49.09175484469489,False,3,595,0.0219838619232177
5,0.0001,1e-09,1e-11,SCSD8,-inf,False,3,279,0.0138695240020751
5,0.0001,1e-09,1e-11,SCTAP1,-1412.2500000000616,True,0,862,0.0351042747497558
5,0.0001,1e-09,1e-11,SCTAP2,-inf,False,3,299,0.1593341827392578
5,0.0001,1e-09,1e-11,SCTAP3,-inf,False,3,296,0.2074134349822998
5,0.0001,1e-09,1e-11,SHARE1B,76589.31857918575,True,0,456,0.0037076473236083
5,0.0001,1e-09,1e-11,SHARE2B,415.732240741419,True,0,204,0.0010373592376708
5,0.0001,1e-09,1e-11,SHIP04L,-1793324.5379703536,True,0,777,0.0110173225402832
5,0.0001,1e-09,1e-11,SHIP04S,-1798714.7004453933,True,0,606,0.0064141750335693
5,0.0001,1e-09,1e-11,SHIP08L,-1909055.211389134,True,0,1518,0.0439350605010986
5,0.0001,1e-09,1e-11,SHIP08S,-1920098.2105346203,True,0,1215,0.0258145332336425
5,0.0001,1e-09,1e-11,SHIP12L,-1470187.919329265,True,0,2060,0.1058948040008544
5,0.0001,1e-09,1e-11,SHIP12S,-1489236.134406127,True,0,1568,0.0547325611114501
5,0.0001,1e-09,1e-11,STOCFOR1,41131.976219436205,True,0,259,0.0018200874328613
5,0.0001,1e-09,1e-11,STOCFOR2,39024.408537882045,True,0,4273,14.060446739196776
5,0.0001,1e-09,1e-11,STOCFOR3,-inf,False,1,10000,340.847852230072
5,0.0001,1e-09,1e-11,TRUSS,-667469.4557641365,False,3,3406,17.49711036682129
5,0.0001,1e-09,1e-11,WOOD1P,-inf,False,3,115,0.0181634426116943
5,0.0001,1e-09,1e-11,WOODW,-inf,False,3,415,0.8070769309997559
6,0.0001,1e-09,1e-12,25FV47,-inf,False,3,9419,14.05618667602539
6,0.0001,1e-09,1e-12,ADLITTLE,-225494.96316238047,True,0,144,0.0005621910095214
6,0.0001,1e-09,1e-12,AFIRO,464.7531428571428,True,0,30,0.0002000331878662
6,0.0001,1e-09,1e-12,AGG,36291233.286576286,True,0,610,0.0126216411590576
6,0.0001,1e-09,1e-12,AGG2,20239252.355977103,True,0,571,0.0065908432006835
6,0.0001,1e-09,1e-12,AGG3,-10312115.935089232,True,0,588,0.0097160339355468
6,0.0001,1e-09,1e-12,BANDM,158.62801845025237,True,0,1363,0.0533647537231445
6,0.0001,1e-09,1e-12,BEACONFD,-33592.48580719998,True,0,210,0.0025258064270019
6,0.0001,1e-09,1e-12,BLEND,30.81214984582829,True,0,148,0.0006835460662841
6,0.0001,1e-09,1e-12,BNL1,-inf,False,3,1463,0.3343005180358886
6,0.0001,1e-09,1e-12,BNL2,-13296.25560756109,False,1,10000,63.99076557159424
6,0.0001,1e-09,1e-12,BRANDY,-1534.3589329192137,True,0,979,0.0171418190002441
6,0.0001,1e-09,1e-12,D2Q06C,-inf,False,3,924,0.7125167846679688
6,0.0001,1e-09,1e-12,DEGEN2,1436.4949999999976,True,0,3102,0.3206303119659424
6,0.0001,1e-09,1e-12,DEGEN3,-inf,False,1,10000,41.53597044944763
6,0.0001,1e-09,1e-12,E226,18.75192906637468,True,0,738,0.0175731182098388
6,0.0001,1e-09,1e-12,FFFFF800,-inf,False,2,1583,0.1860833168029785
6,0.0001,1e-09,1e-12,ISRAEL,896644.8218630381,True,0,913,0.0181372165679931
6,0.0001,1e-09,1e-12,LOTFI,25.264706061880016,True,0,265,0.0022580623626708
6,0.0001,1e-09,1e-12,MAROS-R7,-1497185.1664796427,True,0,4317,58.36005854606629
6,0.0001,1e-09,1e-12,QAP12,-inf,False,3,3191,64.50016689300537
6,0.0001,1e-09,1e-12,QAP15,-inf,False,1,10000,1484.188762664795
6,0.0001,1e-09,1e-12,QAP8,-inf,False,3,2961,5.400262117385864
6,0.0001,1e-09,1e-12,SC105,52.20206121170722,True,0,138,0.0010457038879394
6,0.0001,1e-09,1e-12,SC205,52.202061211805145,True,0,304,0.0064706802368164
6,0.0001,1e-09,1e-12,SC50A,64.57507705856449,True,0,59,0.0002706050872802
6,0.0001,1e-09,1e-12,SC50B,70.0,True,0,62,0.0002801418304443
6,0.0001,1e-09,1e-12,SCAGR25,4567592.85735207,False,3,1312,0.1161913871765136
6,0.0001,1e-09,1e-12,SCAGR7,2331389.824330985,True,0,270,0.0021524429321289
6,0.0001,1e-09,1e-12,SCFXM1,-18416.75902841879,True,0,845,0.0334939956665039
6,0.0001,1e-09,1e-12,SCFXM2,-36660.26156499734,True,0,1665,0.3018369674682617
6,0.0001,1e-09,1e-12,SCFXM3,-inf,False,3,850,0.058434247970581
6,0.0001,1e-09,1e-12,SCORPION,-1875.8517318290158,True,0,466,0.0087885856628417
6,0.0001,1e-09,1e-12,SCRS8,-531.119254753136,True,0,1537,0.1396427154541015
6,0.0001,1e-09,1e-12,SCSD1,-22.29596177881853,False,3,295,0.0040662288665771
6,0.0001,1e-09,1e-12,SCSD6,-49.09175484469489,False,3,595,0.022047996520996
6,0.0001,1e-09,1e-12,SCSD8,-inf,False,3,279,0.0139460563659667
6,0.0001,1e-09,1e-12,SCTAP1,-1412.2500000000002,True,0,813,0.0321745872497558
6,0.0001,1e-09,1e-12,SCTAP2,-inf,False,3,363,0.2666184902191162
6,0.0001,1e-09,1e-12,SCTAP3,-inf,False,3,1024,2.623429775238037
6,0.0001,1e-09,1e-12,SHARE1B,76589.31857918575,True,0,456,0.0036866664886474
6,0.0001,1e-09,1e-12,SHARE2B,415.732240741419,True,0,204,0.0010116100311279
6,0.0001,1e-09,1e-12,SHIP04L,-1793324.5379703536,True,0,777,0.0109775066375732
6,0.0001,1e-09,1e-12,SHIP04S,-1798714.7004453933,True,0,606,0.0064029693603515
6,0.0001,1e-09,1e-12,SHIP08L,-1909055.211389134,True,0,1518,0.043921947479248
6,0.0001,1e-09,1e-12,SHIP08S,-1920098.2105346203,True,0,1215,0.0257585048675537
6,0.0001,1e-09,1e-12,SHIP12L,-1470187.919329265,True,0,2060,0.1057205200195312
6,0.0001,1e-09,1e-12,SHIP12S,-1489236.134406127,True,0,1568,0.0546133518218994
6,0.0001,1e-09,1e-12,STOCFOR1,41131.976219436176,True,0,259,0.0018177032470703
6,0.0001,1e-09,1e-12,STOCFOR2,39024.40853788116,True,0,4272,14.08011031150818
6,0.0001,1e-09,1e-12,STOCFOR3,-inf,False,1,10000,342.91825127601624
6,0.0001,1e-09,1e-12,TRUSS,-646608.3180666434,False,3,7288,46.10163378715515
6,0.0001,1e-09,1e-12,WOOD1P,-inf,False,3,137,0.0225143432617187
6,0.0001,1e-09,1e-12,WOODW,-inf,False,3,417,0.8140227794647217
7,0.0001,1e-09,1e-13,25FV47,-inf,False,3,1976,1.9241108894348145
7,0.0001,1e-09,1e-13,ADLITTLE,-225494.96316238047,True,0,144,0.0005545616149902
7,0.0001,1e-09,1e-13,AFIRO,464.7531428571428,True,0,30,0.0001959800720214
7,0.0001,1e-09,1e-13,AGG,36291233.286576286,True,0,609,0.0129988193511962
7,0.0001,1e-09,1e-13,AGG2,20239252.355977103,True,0,571,0.0069813728332519
7,0.0001,1e-09,1e-13,AGG3,-10312115.935089232,True,0,588,0.0096132755279541
7,0.0001,1e-09,1e-13,BANDM,158.62801845024026,True,0,1333,0.0524697303771972
7,0.0001,1e-09,1e-13,BEACONFD,-33592.48580719998,True,0,210,0.0026495456695556
7,0.0001,1e-09,1e-13,BLEND,30.81214984582808,True,0,165,0.000762939453125
7,0.0001,1e-09,1e-13,BNL1,-inf,False,3,1936,0.5771093368530273
7,0.0001,1e-09,1e-13,BNL2,-inf,False,1,10000,63.958977460861206
7,0.0001,1e-09,1e-13,BRANDY,-1518.509896485441,True,0,780,0.0132334232330322
7,0.0001,1e-09,1e-13,D2Q06C,-inf,False,3,7915,66.94552302360535
7,0.0001,1e-09,1e-13,DEGEN2,1435.1779999999994,True,0,2819,0.2884409427642822
7,0.0001,1e-09,1e-13,DEGEN3,-inf,False,1,10000,41.28174805641174
7,0.0001,1e-09,1e-13,E226,18.75192906637468,True,0,738,0.0169892311096191
7,0.0001,1e-09,1e-13,FFFFF800,-555679.5863305634,True,0,1752,0.2112951278686523
7,0.0001,1e-09,1e-13,ISRAEL,896644.8218630381,True,0,913,0.0178284645080566
7,0.0001,1e-09,1e-13,LOTFI,25.26470606188001,True,0,276,0.0024940967559814
7,0.0001,1e-09,1e-13,MAROS-R7,-1497185.1664796427,True,0,4317,57.210482597351074
7,0.0001,1e-09,1e-13,QAP12,-inf,False,1,10000,315.42227363586426
7,0.0001,1e-09,1e-13,QAP15,-inf,False,1,10000,1202.7005546092987
7,0.0001,1e-09,1e-13,QAP8,-inf,False,1,10000,21.45046448707581
7,0.0001,1e-09,1e-13,SC105,52.20206121170722,True,0,139,0.0010528564453125
7,0.0001,1e-09,1e-13,SC205,52.20206121170649,True,0,322,0.0069406032562255
7,0.0001,1e-09,1e-13,SC50A,64.57507705856449,True,0,59,0.0002779960632324
7,0.0001,1e-09,1e-13,SC50B,70.0,True,0,62,0.0002830028533935
7,0.0001,1e-09,1e-13,SCAGR25,7468360.822388588,False,3,1371,0.1229729652404785
7,0.0001,1e-09,1e-13,SCAGR7,2331389.824330985,True,0,270,0.0021309852600097
7,0.0001,1e-09,1e-13,SCFXM1,-18416.759028417593,True,0,847,0.0350770950317382
7,0.0001,1e-09,1e-13,SCFXM2,-36660.26156499842,True,0,1672,0.308539867401123
7,0.0001,1e-09,1e-13,SCFXM3,-54901.254549747006,True,0,2491,2.0259652137756348
7,0.0001,1e-09,1e-13,SCORPION,-1875.8517318290158,True,0,466,0.0087893009185791
7,0.0001,1e-09,1e-13,SCRS8,-449.41749452893407,True,0,1606,0.1777155399322509
7,0.0001,1e-09,1e-13,SCSD1,-8.268599959462673,False,3,316,0.0043749809265136
7,0.0001,1e-09,1e-13,SCSD6,-50.50000007826237,True,0,708,0.0272629261016845
7,0.0001,1e-09,1e-13,SCSD8,-inf,False,3,279,0.0139136314392089
7,0.0001,1e-09,1e-13,SCTAP1,-1412.249999999997,True,0,797,0.031135082244873
7,0.0001,1e-09,1e-13,SCTAP2,-inf,False,3,295,0.1496949195861816
7,0.0001,1e-09,1e-13,SCTAP3,-inf,False,3,281,0.1979639530181884
7,0.0001,1e-09,1e-13,SHARE1B,76589.31857918575,True,0,456,0.003711462020874
7,0.0001,1e-09,1e-13,SHARE2B,415.732240741419,True,0,204,0.0010275840759277
7,0.0001,1e-09,1e-13,SHIP04L,-1793324.5379703536,True,0,777,0.0109651088714599
7,0.0001,1e-09,1e-13,SHIP04S,-1798714.7004453933,True,0,606,0.0064043998718261
7,0.0001,1e-09,1e-13,SHIP08L,-1909055.211389134,True,0,1518,0.0438172817230224
7,0.0001,1e-09,1e-13,SHIP08S,-1920098.2105346203,True,0,1215,0.0256130695343017
7,0.0001,1e-09,1e-13,SHIP12L,-1470187.919329265,True,0,2060,0.1057538986206054
7,0.0001,1e-09,1e-13,SHIP12S,-1489236.134406127,True,0,1568,0.0547425746917724
7,0.0001,1e-09,1e-13,STOCFOR1,41131.97621943616,True,0,259,0.0018079280853271
7,0.0001,1e-09,1e-13,STOCFOR2,39024.40853788207,True,0,4250,13.95016884803772
7,0.0001,1e-09,1e-13,STOCFOR3,-inf,False,1,10000,340.2625005245209
7,0.0001,1e-09,1e-13,TRUSS,-532188.0225820205,False,1,10000,64.75391626358032
7,0.0001,1e-09,1e-13,WOOD1P,-inf,False,3,139,0.0220117568969726
7,0.0001,1e-09,1e-13,WOODW,-inf,False,3,413,0.7970046997070312
8,0.0001,1e-09,1e-14,25FV47,-inf,False,3,3101,3.690024137496948
8,0.0001,1e-09,1e-14,ADLITTLE,-225494.96316238047,True,0,144,0.0005674362182617
8,0.0001,1e-09,1e-14,AFIRO,464.7531428571428,True,0,30,0.0001959800720214
8,0.0001,1e-09,1e-14,AGG,36291233.286576286,True,0,609,0.0126621723175048
8,0.0001,1e-09,1e-14,AGG2,20239252.355977103,True,0,571,0.006643533706665
8,0.0001,1e-09,1e-14,AGG3,-10312115.935089232,True,0,588,0.0097050666809082
8,0.0001,1e-09,1e-14,BANDM,158.6280184499312,True,0,1261,0.0500819683074951
8,0.0001,1e-09,1e-14,BEACONFD,-33592.48580719996,True,0,212,0.0025560855865478
8,0.0001,1e-09,1e-14,BLEND,30.81214984582823,True,0,161,0.0007376670837402
8,0.0001,1e-09,1e-14,BNL1,-inf,False,3,1780,0.4764003753662109
8,0.0001,1e-09,1e-14,BNL2,-inf,False,1,10000,64.80812001228333
8,0.0001,1e-09,1e-14,BRANDY,-1518.5098964881197,True,0,647,0.0103869438171386
8,0.0001,1e-09,1e-14,D2Q06C,-inf,False,3,1461,2.5403308868408203
8,0.0001,1e-09,1e-14,DEGEN2,1435.1779999999806,True,0,3022,0.3070862293243408
8,0.0001,1e-09,1e-14,DEGEN3,-inf,False,1,10000,41.34802532196045
8,0.0001,1e-09,1e-14,E226,18.75192906621691,True,0,840,0.0198431015014648
8,0.0001,1e-09,1e-14,FFFFF800,-inf,False,3,1290,0.1216964721679687
8,0.0001,1e-09,1e-14,ISRAEL,896644.8218630381,True,0,913,0.0177092552185058
8,0.0001,1e-09,1e-14,LOTFI,25.26470606188001,True,0,276,0.0023622512817382
8,0.0001,1e-09,1e-14,MAROS-R7,-1497185.1664796427,True,0,4317,56.87906455993652
8,0.0001,1e-09,1e-14,QAP12,-inf,False,3,7107,239.18179202079773
8,0.0001,1e-09,1e-14,QAP15,-inf,False,3,2780,73.66319870948792
8,0.0001,1e-09,1e-14,QAP8,-inf,False,3,2785,5.188184976577759
8,0.0001,1e-09,1e-14,SC105,52.20206121170724,True,0,134,0.0011401176452636
8,0.0001,1e-09,1e-14,SC205,52.2020612117079,True,0,325,0.0077295303344726
8,0.0001,1e-09,1e-14,SC50A,64.57507705856449,True,0,59,0.000331163406372
8,0.0001,1e-09,1e-14,SC50B,70.0,True,0,62,0.0003201961517333
8,0.0001,1e-09,1e-14,SCAGR25,14768933.729826929,True,0,1387,0.1424558162689209
8,0.0001,1e-09,1e-14,SCAGR7,2331389.8243309762,True,0,250,0.0020811557769775
8,0.0001,1e-09,1e-14,SCFXM1,-18416.759028346125,True,0,896,0.0403277873992919
8,0.0001,1e-09,1e-14,SCFXM2,-36660.26156506932,True,0,1720,0.3437213897705078
8,0.0001,1e-09,1e-14,SCFXM3,-54901.254549742924,True,0,2510,2.042766571044922
8,0.0001,1e-09,1e-14,SCORPION,-1875.8517318290155,True,0,466,0.0090260505676269
8,0.0001,1e-09,1e-14,SCRS8,-536.9613499483563,True,0,1437,0.1319537162780761
8,0.0001,1e-09,1e-14,SCSD1,86.44873014138389,False,3,476,0.0065200328826904
8,0.0001,1e-09,1e-14,SCSD6,-42.67621507068471,False,3,778,0.0310759544372558
8,0.0001,1e-09,1e-14,SCSD8,-inf,False,3,286,0.0147452354431152
8,0.0001,1e-09,1e-14,SCTAP1,-1412.2499999999982,True,0,875,0.035318374633789
8,0.0001,1e-09,1e-14,SCTAP2,-inf,False,3,137,0.0259871482849121
8,0.0001,1e-09,1e-14,SCTAP3,-inf,False,3,244,0.1435608863830566
8,0.0001,1e-09,1e-14,SHARE1B,76589.31857918575,True,0,456,0.0037965774536132
8,0.0001,1e-09,1e-14,SHARE2B,415.732240741419,True,0,203,0.0010356903076171
8,0.0001,1e-09,1e-14,SHIP04L,-1793324.5379703536,True,0,775,0.0110917091369628
8,0.0001,1e-09,1e-14,SHIP04S,-1798714.7004453933,True,0,606,0.0066101551055908
8,0.0001,1e-09,1e-14,SHIP08L,-1909055.211389134,True,0,1518,0.0446481704711914
8,0.0001,1e-09,1e-14,SHIP08S,-1920098.2105346203,True,0,1215,0.0259664058685302
8,0.0001,1e-09,1e-14,SHIP12L,-1470187.919329265,True,0,2060,0.1084215641021728
8,0.0001,1e-09,1e-14,SHIP12S,-1489236.134406127,True,0,1569,0.0560948848724365
8,0.0001,1e-09,1e-14,STOCFOR1,41131.976219436154,True,0,260,0.0018789768218994
8,0.0001,1e-09,1e-14,STOCFOR2,39024.408537882206,True,0,4225,13.774736881256104
8,0.0001,1e-09,1e-14,STOCFOR3,-inf,False,1,10000,351.7515320777893
8,0.0001,1e-09,1e-14,TRUSS,-483206.8293941396,False,1,10000,65.28768014907837
8,0.0001,1e-09,1e-14,WOOD1P,-inf,False,3,1603,0.2018749713897705
8,0.0001,1e-09,1e-14,WOODW,-inf,False,3,415,0.7898938655853271
9,0.0001,1e-09,1e-15,25FV47,-inf,False,3,3836,3.249476671218872
9,0.0001,1e-09,1e-15,ADLITTLE,-225494.96316238047,True,0,144,0.0005638599395751
9,0.0001,1e-09,1e-15,AFIRO,464.7531428571428,True,0,30,0.000199556350708
9,0.0001,1e-09,1e-15,AGG,36291233.286576286,True,0,609,0.0126843452453613
9,0.0001,1e-09,1e-15,AGG2,20239252.355977103,True,0,572,0.0065252780914306
9,0.0001,1e-09,1e-15,AGG3,-10312115.935089232,True,0,588,0.0095880031585693
9,0.0001,1e-09,1e-15,BANDM,-inf,False,1,10000,0.4471821784973144
9,0.0001,1e-09,1e-15,BEACONFD,-33592.48580719996,True,0,212,0.0025601387023925
9,0.0001,1e-09,1e-15,BLEND,30.81214984582805,True,0,180,0.0008158683776855
9,0.0001,1e-09,1e-15,BNL1,-inf,False,3,3864,1.968885898590088
9,0.0001,1e-09,1e-15,BNL2,-inf,False,3,9975,63.50473499298096
9,0.0001,1e-09,1e-15,BRANDY,-1518.5098964880663,True,0,704,0.0114314556121826
9,0.0001,1e-09,1e-15,D2Q06C,-inf,False,3,1533,2.9436988830566406
9,0.0001,1e-09,1e-15,DEGEN2,1435.1779999999912,True,0,2594,0.2576818466186523
9,0.0001,1e-09,1e-15,DEGEN3,-inf,False,1,10000,41.21775412559509
9,0.0001,1e-09,1e-15,E226,18.751929066345806,True,0,785,0.01837158203125
9,0.0001,1e-09,1e-15,FFFFF800,-inf,False,3,714,0.0594785213470459
9,0.0001,1e-09,1e-15,ISRAEL,896644.8218630381,True,0,913,0.017768383026123
9,0.0001,1e-09,1e-15,LOTFI,25.26470606188001,True,0,270,0.0022807121276855
9,0.0001,1e-09,1e-15,MAROS-R7,-1497185.1664796427,True,0,4317,57.01317572593689
9,0.0001,1e-09,1e-15,QAP12,-inf,False,3,5716,157.68798732757568
9,0.0001,1e-09,1e-15,QAP15,-inf,False,3,6020,485.2693359851837
9,0.0001,1e-09,1e-15,QAP8,-inf,False,1,10000,21.938820600509644
9,0.0001,1e-09,1e-15,SC105,52.2020612117072,True,0,131,0.0009868144989013
9,0.0001,1e-09,1e-15,SC205,52.20206121167227,True,0,274,0.0056092739105224
9,0.0001,1e-09,1e-15,SC50A,64.57507705856449,True,0,59,0.0002722740173339
9,0.0001,1e-09,1e-15,SC50B,70.0,True,0,62,0.0002837181091308
9,0.0001,1e-09,1e-15,SCAGR25,-6.511944303819384e+16,False,3,1175,0.1117007732391357
9,0.0001,1e-09,1e-15,SCAGR7,2331389.8243310177,True,0,267,0.0020582675933837
9,0.0001,1e-09,1e-15,SCFXM1,-18416.759028350636,True,0,749,0.0274312496185302
9,0.0001,1e-09,1e-15,SCFXM2,-36660.26156499773,True,0,1604,0.2731602191925049
9,0.0001,1e-09,1e-15,SCFXM3,-54902.199020255575,True,0,2464,1.9763269424438477
9,0.0001,1e-09,1e-15,SCORPION,-1875.8517318290153,True,0,466,0.008730411529541
9,0.0001,1e-09,1e-15,SCRS8,-39739783.04167014,False,1,10000,1.894005298614502
9,0.0001,1e-09,1e-15,SCSD1,6535.289842344521,False,3,322,0.0041885375976562
9,0.0001,1e-09,1e-15,SCSD6,-50.50000007826234,True,0,630,0.0231564044952392
9,0.0001,1e-09,1e-15,SCSD8,-inf,False,3,286,0.0144615173339843
9,0.0001,1e-09,1e-15,SCTAP1,-1412.2499999999889,True,0,810,0.0296022891998291
9,0.0001,1e-09,1e-15,SCTAP2,-inf,False,3,129,0.022245168685913
9,0.0001,1e-09,1e-15,SCTAP3,-inf,False,3,1840,6.121551990509033
9,0.0001,1e-09,1e-15,SHARE1B,76589.31857918575,True,0,456,0.003753662109375
9,0.0001,1e-09,1e-15,SHARE2B,415.7322407414188,True,0,210,0.0011169910430908
9,0.0001,1e-09,1e-15,SHIP04L,-1793324.5379703536,True,0,773,0.0112502574920654
9,0.0001,1e-09,1e-15,SHIP04S,-1798714.7004453936,True,0,608,0.006472110748291
9,0.0001,1e-09,1e-15,SHIP08L,-1909055.2113891335,True,0,1514,0.0455284118652343
9,0.0001,1e-09,1e-15,SHIP08S,-1920098.2105346206,True,0,1214,0.0252277851104736
9,0.0001,1e-09,1e-15,SHIP12L,-1470187.919329265,True,0,2081,0.1089975833892822
9,0.0001,1e-09,1e-15,SHIP12S,-1489236.134406127,True,0,1568,0.0551404953002929
9,0.0001,1e-09,1e-15,STOCFOR1,41131.97621943676,True,0,268,0.0020184516906738
9,0.0001,1e-09,1e-15,STOCFOR2,-inf,False,3,9421,57.80932331085205
9,0.0001,1e-09,1e-15,STOCFOR3,-inf,False,3,9899,437.5821166038513
9,0.0001,1e-09,1e-15,TRUSS,-513677.3472685563,False,1,10000,65.70323371887207
9,0.0001,1e-09,1e-15,WOOD1P,-inf,False,1,10000,1.7520513534545898
9,0.0001,1e-09,1e-15,WOODW,-inf,False,3,1002,3.078413486480713
10,0.0001,1e-10,1e-11,25FV47,-inf,False,3,332,0.0360157489776611
10,0.0001,1e-10,1e-11,ADLITTLE,-225494.96316238047,True,0,144,0.0006420612335205
10,0.0001,1e-10,1e-11,AFIRO,464.7531428571428,True,0,30,0.0002326965332031
10,0.0001,1e-10,1e-11,AGG,36291233.286576286,True,0,612,0.0147719383239746
10,0.0001,1e-10,1e-11,AGG2,20239252.355977103,True,0,571,0.0075318813323974
10,0.0001,1e-10,1e-11,AGG3,-10312115.935089232,True,0,588,0.0110394954681396
10,0.0001,1e-10,1e-11,BANDM,-inf,False,3,299,0.0115296840667724
10,0.0001,1e-10,1e-11,BEACONFD,-33592.48580719998,True,0,210,0.0029518604278564
10,0.0001,1e-10,1e-11,BLEND,30.81214984582829,True,0,148,0.0007953643798828
10,0.0001,1e-10,1e-11,BNL1,-inf,False,3,1038,0.1833212375640869
10,0.0001,1e-10,1e-11,BNL2,-inf,False,3,8587,50.672436237335205
10,0.0001,1e-10,1e-11,BRANDY,-inf,False,3,107,0.0020904541015625
10,0.0001,1e-10,1e-11,D2Q06C,-inf,False,3,1876,5.349954605102539
10,0.0001,1e-10,1e-11,DEGEN2,1436.4949999999983,True,0,2751,0.2836997509002685
10,0.0001,1e-10,1e-11,DEGEN3,-inf,False,1,10000,41.58235764503479
10,0.0001,1e-10,1e-11,E226,18.75192906637472,True,0,737,0.0169322490692138
10,0.0001,1e-10,1e-11,FFFFF800,-inf,False,3,283,0.0134940147399902
10,0.0001,1e-10,1e-11,ISRAEL,896644.8218630484,True,0,950,0.0182816982269287
10,0.0001,1e-10,1e-11,LOTFI,25.264706061880013,True,0,264,0.0021936893463134
10,0.0001,1e-10,1e-11,MAROS-R7,-1497185.1664796427,True,0,4317,56.89874315261841
10,0.0001,1e-10,1e-11,QAP12,-inf,False,3,3034,59.4873788356781
10,0.0001,1e-10,1e-11,QAP15,-inf,False,3,7017,750.5882606506348
10,0.0001,1e-10,1e-11,QAP8,-inf,False,3,1767,2.9361634254455566
10,0.0001,1e-10,1e-11,SC105,52.20206121170722,True,0,138,0.001030683517456
10,0.0001,1e-10,1e-11,SC205,52.20206121182398,True,0,314,0.006587266921997
10,0.0001,1e-10,1e-11,SC50A,64.57507705856449,True,0,59,0.0002732276916503
10,0.0001,1e-10,1e-11,SC50B,70.0,True,0,62,0.0003085136413574
10,0.0001,1e-10,1e-11,SCAGR25,-inf,False,3,1109,0.0936315059661865
10,0.0001,1e-10,1e-11,SCAGR7,2331389.824330985,True,0,270,0.0021524429321289
10,0.0001,1e-10,1e-11,SCFXM1,-18416.75902841995,True,0,801,0.0306038856506347
10,0.0001,1e-10,1e-11,SCFXM2,-inf,False,3,544,0.0242514610290527
10,0.0001,1e-10,1e-11,SCFXM3,-inf,False,3,751,0.0496788024902343
10,0.0001,1e-10,1e-11,SCORPION,-1875.8517318290158,True,0,466,0.0087273120880126
10,0.0001,1e-10,1e-11,SCRS8,-inf,False,3,932,0.0525264739990234
10,0.0001,1e-10,1e-11,SCSD1,-0.928966462411952,False,3,309,0.0042052268981933
10,0.0001,1e-10,1e-11,SCSD6,-49.09175484469489,False,3,595,0.0218548774719238
10,0.0001,1e-10,1e-11,SCSD8,-inf,False,3,279,0.0138003826141357
10,0.0001,1e-10,1e-11,SCTAP1,-inf,False,3,424,0.0107638835906982
10,0.0001,1e-10,1e-11,SCTAP2,-inf,False,3,163,0.0344691276550293
10,0.0001,1e-10,1e-11,SCTAP3,-inf,False,3,296,0.2098670005798339
10,0.0001,1e-10,1e-11,SHARE1B,76589.31857918575,True,0,456,0.0037031173706054
10,0.0001,1e-10,1e-11,SHARE2B,415.732240741419,True,0,204,0.0010092258453369
10,0.0001,1e-10,1e-11,SHIP04L,-1793324.5379703536,True,0,777,0.0109128952026367
10,0.0001,1e-10,1e-11,SHIP04S,-1798714.7004453933,True,0,606,0.0063750743865966
10,0.0001,1e-10,1e-11,SHIP08L,-1909055.211389134,True,0,1518,0.0482454299926757
10,0.0001,1e-10,1e-11,SHIP08S,-1920098.2105346203,True,0,1215,0.0256359577178955
10,0.0001,1e-10,1e-11,SHIP12L,-1470187.919329265,True,0,2060,0.1057252883911132
10,0.0001,1e-10,1e-11,SHIP12S,-1489236.134406127,True,0,1568,0.0545246601104736
10,0.0001,1e-10,1e-11,STOCFOR1,41131.976219436205,True,0,259,0.0018138885498046
10,0.0001,1e-10,1e-11,STOCFOR2,39024.408537882045,True,0,4273,14.147696256637571
10,0.0001,1e-10,1e-11,STOCFOR3,-inf,False,1,10000,339.58157205581665
10,0.0001,1e-10,1e-11,TRUSS,-23431320.70610641,False,3,2511,11.250543117523192
10,0.0001,1e-10,1e-11,WOOD1P,-inf,False,3,114,0.0182592868804931
10,0.0001,1e-10,1e-11,WOODW,-inf,False,3,82,0.0747628211975097
11,0.0001,1e-10,1e-12,25FV47,-inf,False,3,330,0.0310537815093994
11,0.0001,1e-10,1e-12,ADLITTLE,-225494.96316238047,True,0,144,0.0005626678466796
11,0.0001,1e-10,1e-12,AFIRO,464.7531428571428,True,0,30,0.0002031326293945
11,0.0001,1e-10,1e-12,AGG,36291233.286576286,True,0,610,0.0126845836639404
11,0.0001,1e-10,1e-12,AGG2,20239252.355977103,True,0,571,0.006568431854248
11,0.0001,1e-10,1e-12,AGG3,-10312115.935089232,True,0,588,0.0096416473388671
11,0.0001,1e-10,1e-12,BANDM,158.62801845025237,True,0,1363,0.0531497001647949
11,0.0001,1e-10,1e-12,BEACONFD,-33592.48580719998,True,0,210,0.0026590824127197
11,0.0001,1e-10,1e-12,BLEND,30.81214984582829,True,0,148,0.0006911754608154
11,0.0001,1e-10,1e-12,BNL1,-inf,False,3,767,0.0945820808410644
11,0.0001,1e-10,1e-12,BNL2,-inf,False,3,2403,7.465587615966797
11,0.0001,1e-10,1e-12,BRANDY,-inf,False,3,202,0.0038578510284423
11,0.0001,1e-10,1e-12,D2Q06C,-inf,False,3,1397,2.564134359359741
11,0.0001,1e-10,1e-12,DEGEN2,1436.4949999999976,True,0,3102,0.324368953704834
11,0.0001,1e-10,1e-12,DEGEN3,-inf,False,1,10000,41.56452393531799
11,0.0001,1e-10,1e-12,E226,18.75192906637468,True,0,738,0.0184767246246337
11,0.0001,1e-10,1e-12,FFFFF800,-inf,False,2,1521,0.1793451309204101
11,0.0001,1e-10,1e-12,ISRAEL,896644.8218630381,True,0,913,0.0191662311553955
11,0.0001,1e-10,1e-12,LOTFI,25.264706061880016,True,0,265,0.002399206161499
11,0.0001,1e-10,1e-12,MAROS-R7,-1497185.1664796427,True,0,4317,56.86891841888428
11,0.0001,1e-10,1e-12,QAP12,-inf,False,3,1998,26.502148389816284
11,0.0001,1e-10,1e-12,QAP15,-inf,False,3,2686,63.8982846736908
11,0.0001,1e-10,1e-12,QAP8,-inf,False,3,1095,1.5359580516815186
11,0.0001,1e-10,1e-12,SC105,52.20206121170722,True,0,138,0.0010488033294677
11,0.0001,1e-10,1e-12,SC205,52.202061211805145,True,0,304,0.0065069198608398
11,0.0001,1e-10,1e-12,SC50A,64.57507705856449,True,0,59,0.0002729892730712
11,0.0001,1e-10,1e-12,SC50B,70.0,True,0,62,0.0002861022949218
11,0.0001,1e-10,1e-12,SCAGR25,-inf,False,3,742,0.0559020042419433
11,0.0001,1e-10,1e-12,SCAGR7,2331389.824330985,True,0,270,0.0021777153015136
11,0.0001,1e-10,1e-12,SCFXM1,-18416.75902841879,True,0,845,0.0333974361419677
11,0.0001,1e-10,1e-12,SCFXM2,-inf,False,3,555,0.0246214866638183
11,0.0001,1e-10,1e-12,SCFXM3,-inf,False,3,794,0.0548150539398193
11,0.0001,1e-10,1e-12,SCORPION,-1875.8517318290158,True,0,466,0.0088534355163574
11,0.0001,1e-10,1e-12,SCRS8,-inf,False,3,927,0.053868293762207
11,0.0001,1e-10,1e-12,SCSD1,-22.29596178516752,False,3,295,0.0040206909179687
11,0.0001,1e-10,1e-12,SCSD6,-49.09175484469489,False,3,595,0.0219836235046386
11,0.0001,1e-10,1e-12,SCSD8,-inf,False,3,279,0.0139446258544921
11,0.0001,1e-10,1e-12,SCTAP1,-inf,False,3,451,0.011636734008789
11,0.0001,1e-10,1e-12,SCTAP2,-inf,False,3,162,0.036482810974121
11,0.0001,1e-10,1e-12,SCTAP3,-inf,False,3,304,0.224217414855957
11,0.0001,1e-10,1e-12,SHARE1B,76589.31857918575,True,0,456,0.0036959648132324
11,0.0001,1e-10,1e-12,SHARE2B,415.732240741419,True,0,204,0.0010144710540771
11,0.0001,1e-10,1e-12,SHIP04L,-1793324.5379703536,True,0,777,0.0109682083129882
11,0.0001,1e-10,1e-12,SHIP04S,-1798714.7004453933,True,0,606,0.0067329406738281
11,0.0001,1e-10,1e-12,SHIP08L,-1909055.211389134,True,0,1518,0.0441138744354248
11,0.0001,1e-10,1e-12,SHIP08S,-1920098.2105346203,True,0,1215,0.0256321430206298
11,0.0001,1e-10,1e-12,SHIP12L,-1470187.919329265,True,0,2060,0.1057610511779785
11,0.0001,1e-10,1e-12,SHIP12S,-1489236.134406127,True,0,1568,0.0545375347137451
11,0.0001,1e-10,1e-12,STOCFOR1,41131.976219436176,True,0,259,0.0018136501312255
11,0.0001,1e-10,1e-12,STOCFOR2,39024.40853788116,True,0,4272,14.138127088546751
11,0.0001,1e-10,1e-12,STOCFOR3,-inf,False,1,10000,340.2664830684662
11,0.0001,1e-10,1e-12,TRUSS,-780646398.6013398,False,3,4068,22.22872519493103
11,0.0001,1e-10,1e-12,WOOD1P,-inf,False,3,116,0.0185987949371337
11,0.0001,1e-10,1e-12,WOODW,-inf,False,3,82,0.0756149291992187
12,0.0001,1e-10,1e-13,25FV47,-inf,False,3,330,0.0311684608459472
12,0.0001,1e-10,1e-13,ADLITTLE,-225494.96316238047,True,0,144,0.0005524158477783
12,0.0001,1e-10,1e-13,AFIRO,464.7531428571428,True,0,30,0.0002059936523437
12,0.0001,1e-10,1e-13,AGG,36291233.286576286,True,0,609,0.0127356052398681
12,0.0001,1e-10,1e-13,AGG2,20239252.355977103,True,0,571,0.0065505504608154
12,0.0001,1e-10,1e-13,AGG3,-10312115.935089232,True,0,588,0.009676456451416
12,0.0001,1e-10,1e-13,BANDM,158.62801845024026,True,0,1333,0.0521724224090576
12,0.0001,1e-10,1e-13,BEACONFD,-33592.48580719998,True,0,210,0.0025651454925537
12,0.0001,1e-10,1e-13,BLEND,30.81214984582808,True,0,165,0.0007579326629638
12,0.0001,1e-10,1e-13,BNL1,-inf,False,3,1770,0.4786379337310791
12,0.0001,1e-10,1e-13,BNL2,-inf,False,3,2787,9.538398265838625
12,0.0001,1e-10,1e-13,BRANDY,-inf,False,3,214,0.0037651062011718
12,0.0001,1e-10,1e-13,D2Q06C,-inf,False,3,1765,4.819365978240967
12,0.0001,1e-10,1e-13,DEGEN2,1435.1779999999994,True,0,2819,0.2936418056488037
12,0.0001,1e-10,1e-13,DEGEN3,-inf,False,1,10000,41.13125514984131
12,0.0001,1e-10,1e-13,E226,18.75192906637468,True,0,738,0.0169155597686767
12,0.0001,1e-10,1e-13,FFFFF800,-inf,False,3,872,0.0834705829620361
12,0.0001,1e-10,1e-13,ISRAEL,896644.8218630381,True,0,913,0.0176050662994384
12,0.0001,1e-10,1e-13,LOTFI,25.26470606188001,True,0,276,0.0023653507232666
12,0.0001,1e-10,1e-13,MAROS-R7,-1497185.1664796427,True,0,4317,56.97155261039734
12,0.0001,1e-10,1e-13,QAP12,-inf,False,3,2747,49.54963803291321
12,0.0001,1e-10,1e-13,QAP15,-inf,False,3,7229,769.9538035392761
12,0.0001,1e-10,1e-13,QAP8,-inf,False,3,1473,2.4271316528320312
12,0.0001,1e-10,1e-13,SC105,52.20206121170722,True,0,139,0.0010735988616943
12,0.0001,1e-10,1e-13,SC205,52.20206121170649,True,0,322,0.0069408416748046
12,0.0001,1e-10,1e-13,SC50A,64.57507705856449,True,0,59,0.0002782344818115
12,0.0001,1e-10,1e-13,SC50B,70.0,True,0,62,0.0002920627593994
12,0.0001,1e-10,1e-13,SCAGR25,7745588.86329705,False,3,1410,0.1291878223419189
12,0.0001,1e-10,1e-13,SCAGR7,2331389.824330985,True,0,270,0.0021414756774902
12,0.0001,1e-10,1e-13,SCFXM1,-18416.759028417593,True,0,847,0.0334365367889404
12,0.0001,1e-10,1e-13,SCFXM2,-36631.03738122762,True,0,1604,0.3129329681396484
12,0.0001,1e-10,1e-13,SCFXM3,-inf,False,2,1918,0.9899239540100098
12,0.0001,1e-10,1e-13,SCORPION,-1875.8517318290158,True,0,466,0.0087716579437255
12,0.0001,1e-10,1e-13,SCRS8,-inf,False,3,716,0.0341420173645019
12,0.0001,1e-10,1e-13,SCSD1,-8.21757299260629,False,3,316,0.0043063163757324
12,0.0001,1e-10,1e-13,SCSD6,-50.50000007826237,True,0,708,0.0272488594055175
12,0.0001,1e-10,1e-13,SCSD8,-inf,False,3,279,0.0139076709747314
12,0.0001,1e-10,1e-13,SCTAP1,-1412.249999999997,True,0,797,0.0310883522033691
12,0.0001,1e-10,1e-13,SCTAP2,-inf,False,3,171,0.0413451194763183
12,0.0001,1e-10,1e-13,SCTAP3,-inf,False,3,266,0.1729018688201904
12,0.0001,1e-10,1e-13,SHARE1B,76589.31857918575,True,0,456,0.0037083625793457
12,0.0001,1e-10,1e-13,SHARE2B,415.732240741419,True,0,204,0.0010263919830322
12,0.0001,1e-10,1e-13,SHIP04L,-1793324.5379703536,True,0,777,0.0110549926757812
12,0.0001,1e-10,1e-13,SHIP04S,-1798714.7004453933,True,0,606,0.0064437389373779
12,0.0001,1e-10,1e-13,SHIP08L,-1909055.211389134,True,0,1518,0.0441715717315673
12,0.0001,1e-10,1e-13,SHIP08S,-1920098.2105346203,True,0,1215,0.0256853103637695
12,0.0001,1e-10,1e-13,SHIP12L,-1470187.919329265,True,0,2060,0.1061301231384277
12,0.0001,1e-10,1e-13,SHIP12S,-1489236.134406127,True,0,1568,0.0548100471496582
12,0.0001,1e-10,1e-13,STOCFOR1,41131.97621943616,True,0,259,0.0018222332000732
12,0.0001,1e-10,1e-13,STOCFOR2,39024.40853788207,True,0,4250,13.932206153869627
12,0.0001,1e-10,1e-13,STOCFOR3,-inf,False,1,10000,340.00207924842834
12,0.0001,1e-10,1e-13,TRUSS,-14773125.092391543,False,3,5908,35.282840728759766
12,0.0001,1e-10,1e-13,WOOD1P,-inf,False,3,139,0.0220754146575927
12,0.0001,1e-10,1e-13,WOODW,-inf,False,3,82,0.0751442909240722
13,0.0001,1e-10,1e-14,25FV47,-inf,False,3,398,0.0447559356689453
13,0.0001,1e-10,1e-14,ADLITTLE,-225494.96316238047,True,0,144,0.0006036758422851
13,0.0001,1e-10,1e-14,AFIRO,464.7531428571428,True,0,30,0.0002005100250244
13,0.0001,1e-10,1e-14,AGG,36291233.286576286,True,0,609,0.0130558013916015
13,0.0001,1e-10,1e-14,AGG2,20239252.355977103,True,0,571,0.0069208145141601
13,0.0001,1e-10,1e-14,AGG3,-10312115.935089232,True,0,588,0.0096244812011718
13,0.0001,1e-10,1e-14,BANDM,-inf,False,3,212,0.0072684288024902
13,0.0001,1e-10,1e-14,BEACONFD,-33592.48580719996,True,0,212,0.0025568008422851
13,0.0001,1e-10,1e-14,BLEND,30.81214984582823,True,0,161,0.0007402896881103
13,0.0001,1e-10,1e-14,BNL1,-inf,False,3,1436,0.3204689025878906
13,0.0001,1e-10,1e-14,BNL2,-inf,False,3,7570,44.83066010475159
13,0.0001,1e-10,1e-14,BRANDY,-1518.5098964881197,True,0,647,0.0112547874450683
13,0.0001,1e-10,1e-14,D2Q06C,-inf,False,3,1751,4.221952676773071
13,0.0001,1e-10,1e-14,DEGEN2,1435.1779999999806,True,0,3022,0.3013973236083984
13,0.0001,1e-10,1e-14,DEGEN3,-inf,False,1,10000,41.28723978996277
13,0.0001,1e-10,1e-14,E226,18.75192906621691,True,0,840,0.0198869705200195
13,0.0001,1e-10,1e-14,FFFFF800,-inf,False,3,896,0.0788989067077636
13,0.0001,1e-10,1e-14,ISRAEL,896644.8218630381,True,0,913,0.017730712890625
13,0.0001,1e-10,1e-14,LOTFI,25.26470606188001,True,0,276,0.0023622512817382
13,0.0001,1e-10,1e-14,MAROS-R7,-1497185.1664796427,True,0,4317,56.85314154624939
13,0.0001,1e-10,1e-14,QAP12,-inf,False,3,3393,76.67843270301819
13,0.0001,1e-10,1e-14,QAP15,-inf,False,3,2767,72.26773977279663
13,0.0001,1e-10,1e-14,QAP8,-inf,False,3,2104,3.792896509170532
13,0.0001,1e-10,1e-14,SC105,52.20206121170724,True,0,134,0.0011651515960693
13,0.0001,1e-10,1e-14,SC205,52.2020612117079,True,0,325,0.0074760913848876
13,0.0001,1e-10,1e-14,SC50A,64.57507705856449,True,0,59,0.0002944469451904
13,0.0001,1e-10,1e-14,SC50B,70.0,True,0,62,0.0003101825714111
13,0.0001,1e-10,1e-14,SCAGR25,-inf,False,3,1197,0.1119604110717773
13,0.0001,1e-10,1e-14,SCAGR7,2331389.8243309762,True,0,250,0.0020272731781005
13,0.0001,1e-10,1e-14,SCFXM1,-19102.311992785995,False,3,807,0.032616376876831
13,0.0001,1e-10,1e-14,SCFXM2,-36848.738522119354,True,0,1674,0.3180029392242431
13,0.0001,1e-10,1e-14,SCFXM3,-inf,False,2,1930,0.9834802150726318
13,0.0001,1e-10,1e-14,SCORPION,-1875.8517318290155,True,0,466,0.0087587833404541
13,0.0001,1e-10,1e-14,SCRS8,-inf,False,3,728,0.0316975116729736
13,0.0001,1e-10,1e-14,SCSD1,53935.43531019026,False,3,452,0.0061240196228027
13,0.0001,1e-10,1e-14,SCSD6,-42.67621507068471,False,3,778,0.0305745601654052
13,0.0001,1e-10,1e-14,SCSD8,-inf,False,3,286,0.0145933628082275
13,0.0001,1e-10,1e-14,SCTAP1,-1412.2499999999982,True,0,875,0.0345604419708251
13,0.0001,1e-10,1e-14,SCTAP2,-inf,False,3,136,0.0270838737487792
13,0.0001,1e-10,1e-14,SCTAP3,-inf,False,3,232,0.1228306293487548
13,0.0001,1e-10,1e-14,SHARE1B,76589.31857918575,True,0,456,0.0036954879760742
13,0.0001,1e-10,1e-14,SHARE2B,415.732240741419,True,0,203,0.0010039806365966
13,0.0001,1e-10,1e-14,SHIP04L,-1793324.5379703536,True,0,775,0.0108330249786376
13,0.0001,1e-10,1e-14,SHIP04S,-1798714.7004453933,True,0,606,0.0064213275909423
13,0.0001,1e-10,1e-14,SHIP08L,-1909055.211389134,True,0,1518,0.0440666675567626
13,0.0001,1e-10,1e-14,SHIP08S,-1920098.2105346203,True,0,1215,0.0255236625671386
13,0.0001,1e-10,1e-14,SHIP12L,-1470187.919329265,True,0,2060,0.1057264804840087
13,0.0001,1e-10,1e-14,SHIP12S,-1489236.134406127,True,0,1569,0.0547602176666259
13,0.0001,1e-10,1e-14,STOCFOR1,41131.976219436154,True,0,260,0.0018200874328613
13,0.0001,1e-10,1e-14,STOCFOR2,39024.408537882206,True,0,4225,13.72887372970581
13,0.0001,1e-10,1e-14,STOCFOR3,-inf,False,1,10000,351.8804647922516
13,0.0001,1e-10,1e-14,TRUSS,-700687.1654856183,False,3,2353,10.41850996017456
13,0.0001,1e-10,1e-14,WOOD1P,-inf,False,3,424,0.0684587955474853
13,0.0001,1e-10,1e-14,WOODW,-inf,False,3,82,0.0747742652893066
14,0.0001,1e-10,1e-15,25FV47,-inf,False,3,822,0.1537063121795654
14,0.0001,1e-10,1e-15,ADLITTLE,-225494.96316238047,True,0,144,0.0005614757537841
14,0.0001,1e-10,1e-15,AFIRO,464.7531428571428,True,0,30,0.0002021789550781
14,0.0001,1e-10,1e-15,AGG,36291233.286576286,True,0,609,0.012629747390747
14,0.0001,1e-10,1e-15,AGG2,20239252.355977103,True,0,572,0.0065269470214843
14,0.0001,1e-10,1e-15,AGG3,-10312115.935089232,True,0,588,0.009596824645996
14,0.0001,1e-10,1e-15,BANDM,-inf,False,3,92,0.0030288696289062
14,0.0001,1e-10,1e-15,BEACONFD,-33592.48580719996,True,0,212,0.0025582313537597
14,0.0001,1e-10,1e-15,BLEND,30.81214984582805,True,0,180,0.0008213520050048
14,0.0001,1e-10,1e-15,BNL1,-inf,False,3,3730,1.8411436080932615
14,0.0001,1e-10,1e-15,BNL2,-inf,False,3,2836,10.043858528137209
14,0.0001,1e-10,1e-15,BRANDY,-1518.5098964880663,True,0,704,0.0114245414733886
14,0.0001,1e-10,1e-15,D2Q06C,-inf,False,1,10000,82.17526316642761
14,0.0001,1e-10,1e-15,DEGEN2,1435.1779999999912,True,0,2594,0.2696616649627685
14,0.0001,1e-10,1e-15,DEGEN3,-inf,False,1,10000,41.38519740104675
14,0.0001,1e-10,1e-15,E226,-inf,False,3,335,0.0061540603637695
14,0.0001,1e-10,1e-15,FFFFF800,-inf,False,3,895,0.079174518585205
14,0.0001,1e-10,1e-15,ISRAEL,896644.8218630381,True,0,913,0.0176656246185302
14,0.0001,1e-10,1e-15,LOTFI,25.26470606188001,True,0,270,0.0022699832916259
14,0.0001,1e-10,1e-15,MAROS-R7,-1497185.1664796427,True,0,4317,57.0462498664856
14,0.0001,1e-10,1e-15,QAP12,-inf,False,3,4900,141.1650846004486
14,0.0001,1e-10,1e-15,QAP15,-inf,False,3,3419,157.74452233314514
14,0.0001,1e-10,1e-15,QAP8,-inf,False,3,871,1.1262295246124268
14,0.0001,1e-10,1e-15,SC105,52.2020612117072,True,0,131,0.0009872913360595
14,0.0001,1e-10,1e-15,SC205,52.20206121167227,True,0,274,0.0055711269378662
14,0.0001,1e-10,1e-15,SC50A,64.57507705856449,True,0,59,0.0002744197845458
14,0.0001,1e-10,1e-15,SC50B,70.0,True,0,62,0.0002892017364501
14,0.0001,1e-10,1e-15,SCAGR25,-inf,False,3,615,0.0480661392211914
14,0.0001,1e-10,1e-15,SCAGR7,2331389.8243310177,True,0,267,0.0020525455474853
14,0.0001,1e-10,1e-15,SCFXM1,-18416.759028350636,True,0,749,0.0274205207824707
14,0.0001,1e-10,1e-15,SCFXM2,-36937.47215647803,True,0,1606,0.2962551116943359
14,0.0001,1e-10,1e-15,SCFXM3,-inf,False,2,1863,0.7561650276184082
14,0.0001,1e-10,1e-15,SCORPION,-1875.8517318290153,True,0,466,0.0087587833404541
14,0.0001,1e-10,1e-15,SCRS8,-inf,False,3,938,0.053112506866455
14,0.0001,1e-10,1e-15,SCSD1,6535.289842344521,False,3,322,0.0041673183441162
14,0.0001,1e-10,1e-15,SCSD6,-50.50000007826234,True,0,630,0.0231821537017822
14,0.0001,1e-10,1e-15,SCSD8,-inf,False,3,286,0.0144624710083007
14,0.0001,1e-10,1e-15,SCTAP1,-inf,False,3,157,0.0042164325714111
14,0.0001,1e-10,1e-15,SCTAP2,-inf,False,3,129,0.0241529941558837
14,0.0001,1e-10,1e-15,SCTAP3,-inf,False,3,524,0.770646333694458
14,0.0001,1e-10,1e-15,SHARE1B,76589.31857918575,True,0,456,0.0037000179290771
14,0.0001,1e-10,1e-15,SHARE2B,415.7322407414188,True,0,210,0.0010321140289306
14,0.0001,1e-10,1e-15,SHIP04L,-1793324.5379703536,True,0,773,0.0104584693908691
14,0.0001,1e-10,1e-15,SHIP04S,-1798714.7004453936,True,0,608,0.0064830780029296
14,0.0001,1e-10,1e-15,SHIP08L,-1909055.2113891335,True,0,1514,0.0482153892517089
14,0.0001,1e-10,1e-15,SHIP08S,-1920098.2105346206,True,0,1214,0.025402545928955
14,0.0001,1e-10,1e-15,SHIP12L,-1470187.919329265,True,0,2081,0.1078965663909912
14,0.0001,1e-10,1e-15,SHIP12S,-1489236.134406127,True,0,1568,0.0547828674316406
14,0.0001,1e-10,1e-15,STOCFOR1,41131.97621943676,True,0,268,0.0019574165344238
14,0.0001,1e-10,1e-15,STOCFOR2,-inf,False,3,3891,11.084250926971436
14,0.0001,1e-10,1e-15,STOCFOR3,-inf,False,3,6413,371.75241351127625
14,0.0001,1e-10,1e-15,TRUSS,4726452407.594585,False,3,6250,38.51371884346008
14,0.0001,1e-10,1e-15,WOOD1P,-inf,False,3,99,0.0168652534484863
14,0.0001,1e-10,1e-15,WOODW,-inf,False,3,82,0.0772933959960937
15,0.0001,1e-11,1e-11,25FV47,-inf,False,3,140,0.010474681854248
15,0.0001,1e-11,1e-11,ADLITTLE,-225494.96316238047,True,0,144,0.000605821609497
15,0.0001,1e-11,1e-11,AFIRO,464.7531428571428,True,0,30,0.0002164840698242
15,0.0001,1e-11,1e-11,AGG,10848424.378848176,True,0,595,0.0121033191680908
15,0.0001,1e-11,1e-11,AGG2,20239252.355977103,True,0,571,0.0069689750671386
15,0.0001,1e-11,1e-11,AGG3,-10312115.935089232,True,0,588,0.0102918148040771
15,0.0001,1e-11,1e-11,BANDM,-inf,False,3,373,0.0141365528106689
15,0.0001,1e-11,1e-11,BEACONFD,-33592.48580719998,True,0,210,0.0028624534606933
15,0.0001,1e-11,1e-11,BLEND,30.81214984582829,True,0,148,0.0007433891296386
15,0.0001,1e-11,1e-11,BNL1,-inf,False,3,506,0.0490148067474365
15,0.0001,1e-11,1e-11,BNL2,-inf,False,3,1529,3.0815863609313965
15,0.0001,1e-11,1e-11,BRANDY,-inf,False,3,91,0.0016229152679443
15,0.0001,1e-11,1e-11,D2Q06C,-inf,False,3,671,0.1892237663269043
15,0.0001,1e-11,1e-11,DEGEN2,1436.4949999999983,True,0,2751,0.2794406414031982
15,0.0001,1e-11,1e-11,DEGEN3,-inf,False,1,10000,41.688581228256226
15,0.0001,1e-11,1e-11,E226,18.75192906637472,True,0,737,0.0169258117675781
15,0.0001,1e-11,1e-11,FFFFF800,-inf,False,3,283,0.0136752128601074
15,0.0001,1e-11,1e-11,ISRAEL,896644.8218630484,True,0,950,0.0182893276214599
15,0.0001,1e-11,1e-11,LOTFI,25.264706061880013,True,0,264,0.0022106170654296
15,0.0001,1e-11,1e-11,MAROS-R7,-1497185.1664796427,True,0,4317,56.90213918685913
15,0.0001,1e-11,1e-11,QAP12,-inf,False,3,1778,20.32596325874329
15,0.0001,1e-11,1e-11,QAP15,-inf,False,3,2413,41.42522096633911
15,0.0001,1e-11,1e-11,QAP8,-inf,False,3,813,0.9517550468444824
15,0.0001,1e-11,1e-11,SC105,52.20206121170722,True,0,138,0.0010774135589599
15,0.0001,1e-11,1e-11,SC205,52.20206121182398,True,0,314,0.0066182613372802
15,0.0001,1e-11,1e-11,SC50A,64.57507705856449,True,0,59,0.0002729892730712
15,0.0001,1e-11,1e-11,SC50B,70.0,True,0,62,0.0002899169921875
15,0.0001,1e-11,1e-11,SCAGR25,-inf,False,3,440,0.0297608375549316
15,0.0001,1e-11,1e-11,SCAGR7,2331389.824330985,True,0,270,0.0021765232086181
15,0.0001,1e-11,1e-11,SCFXM1,-inf,False,3,233,0.0044057369232177
15,0.0001,1e-11,1e-11,SCFXM2,-inf,False,3,217,0.0076878070831298
15,0.0001,1e-11,1e-11,SCFXM3,-inf,False,3,489,0.0283737182617187
15,0.0001,1e-11,1e-11,SCORPION,-1875.8517318290158,True,0,466,0.0087361335754394
15,0.0001,1e-11,1e-11,SCRS8,-inf,False,3,760,0.0345466136932373
15,0.0001,1e-11,1e-11,SCSD1,-0.928966462411952,False,3,309,0.0042793750762939
15,0.0001,1e-11,1e-11,SCSD6,-49.09175484469489,False,3,595,0.0218701362609863
15,0.0001,1e-11,1e-11,SCSD8,-inf,False,3,279,0.013779878616333
15,0.0001,1e-11,1e-11,SCTAP1,-inf,False,3,422,0.0106549263000488
15,0.0001,1e-11,1e-11,SCTAP2,-inf,False,3,152,0.030750036239624
15,0.0001,1e-11,1e-11,SCTAP3,-inf,False,3,41,0.0231895446777343
15,0.0001,1e-11,1e-11,SHARE1B,76589.31857918575,True,0,456,0.0037252902984619
15,0.0001,1e-11,1e-11,SHARE2B,415.732240741419,True,0,204,0.0010251998901367
15,0.0001,1e-11,1e-11,SHIP04L,-1793324.5379703536,True,0,777,0.0109565258026123
15,0.0001,1e-11,1e-11,SHIP04S,-1798714.7004453933,True,0,606,0.0064547061920166
15,0.0001,1e-11,1e-11,SHIP08L,-1909055.211389134,True,0,1518,0.0441038608551025
15,0.0001,1e-11,1e-11,SHIP08S,-1920098.2105346203,True,0,1215,0.0256257057189941
15,0.0001,1e-11,1e-11,SHIP12L,-1470187.919329265,True,0,2060,0.105823278427124
15,0.0001,1e-11,1e-11,SHIP12S,-1489236.134406127,True,0,1568,0.0547831058502197
15,0.0001,1e-11,1e-11,STOCFOR1,41131.976219436205,True,0,259,0.0018401145935058
15,0.0001,1e-11,1e-11,STOCFOR2,39024.408537882045,True,0,4273,14.14937138557434
15,0.0001,1e-11,1e-11,STOCFOR3,-inf,False,1,10000,341.20865869522095
15,0.0001,1e-11,1e-11,TRUSS,-688258.1090429984,False,3,1911,7.3240251541137695
15,0.0001,1e-11,1e-11,WOOD1P,-inf,False,3,114,0.0180158615112304
15,0.0001,1e-11,1e-11,WOODW,-inf,False,3,39,0.0382471084594726
16,0.0001,1e-11,1e-12,25FV47,-inf,False,3,140,0.0100126266479492
16,0.0001,1e-11,1e-12,ADLITTLE,-225494.96316238047,True,0,144,0.0005722045898437
16,0.0001,1e-11,1e-12,AFIRO,464.7531428571428,True,0,30,0.0002057552337646
16,0.0001,1e-11,1e-12,AGG,10439165.6080729,True,0,595,0.0113866329193115
16,0.0001,1e-11,1e-12,AGG2,20239252.355977103,True,0,571,0.0065388679504394
16,0.0001,1e-11,1e-12,AGG3,-10312115.935089232,True,0,588,0.0096187591552734
16,0.0001,1e-11,1e-12,BANDM,-inf,False,3,201,0.0068237781524658
16,0.0001,1e-11,1e-12,BEACONFD,-33592.48580719998,True,0,210,0.0025405883789062
16,0.0001,1e-11,1e-12,BLEND,30.81214984582829,True,0,148,0.0006897449493408
16,0.0001,1e-11,1e-12,BNL1,-inf,False,3,506,0.0473496913909912
16,0.0001,1e-11,1e-12,BNL2,-inf,False,3,2409,7.498490333557129
16,0.0001,1e-11,1e-12,BRANDY,-inf,False,3,96,0.0017015933990478
16,0.0001,1e-11,1e-12,D2Q06C,-inf,False,3,671,0.1891126632690429
16,0.0001,1e-11,1e-12,DEGEN2,1436.4949999999976,True,0,3102,0.3209004402160644
16,0.0001,1e-11,1e-12,DEGEN3,-inf,False,3,9318,38.31890678405762
16,0.0001,1e-11,1e-12,E226,18.75192906637468,True,0,738,0.0173940658569335
16,0.0001,1e-11,1e-12,FFFFF800,-inf,False,2,1521,0.170372724533081
16,0.0001,1e-11,1e-12,ISRAEL,896644.8218630381,True,0,913,0.0183124542236328
16,0.0001,1e-11,1e-12,LOTFI,25.264706061880016,True,0,265,0.0023095607757568
16,0.0001,1e-11,1e-12,MAROS-R7,-1497185.1664796427,True,0,4317,56.85110712051392
16,0.0001,1e-11,1e-12,QAP12,-inf,False,3,1995,26.66063857078552
16,0.0001,1e-11,1e-12,QAP15,-inf,False,3,2415,41.81204771995544
16,0.0001,1e-11,1e-12,QAP8,-inf,False,3,807,0.937220335006714
16,0.0001,1e-11,1e-12,SC105,52.20206121170722,True,0,138,0.0011005401611328
16,0.0001,1e-11,1e-12,SC205,52.202061211805145,True,0,304,0.0064692497253417
16,0.0001,1e-11,1e-12,SC50A,64.57507705856449,True,0,59,0.0002791881561279
16,0.0001,1e-11,1e-12,SC50B,70.0,True,0,62,0.0002954006195068
16,0.0001,1e-11,1e-12,SCAGR25,-inf,False,3,742,0.0556161403656005
16,0.0001,1e-11,1e-12,SCAGR7,2331389.824330985,True,0,270,0.0021388530731201
16,0.0001,1e-11,1e-12,SCFXM1,-inf,False,3,233,0.0044047832489013
16,0.0001,1e-11,1e-12,SCFXM2,-inf,False,3,217,0.0081686973571777
16,0.0001,1e-11,1e-12,SCFXM3,-inf,False,3,464,0.0274066925048828
16,0.0001,1e-11,1e-12,SCORPION,-1875.8517318290158,True,0,466,0.0087714195251464
16,0.0001,1e-11,1e-12,SCRS8,-inf,False,3,760,0.0342035293579101
16,0.0001,1e-11,1e-12,SCSD1,-22.29596178516752,False,3,295,0.0039660930633544
16,0.0001,1e-11,1e-12,SCSD6,-49.09175484469489,False,3,595,0.0218820571899414
16,0.0001,1e-11,1e-12,SCSD8,-inf,False,3,279,0.0138993263244628
16,0.0001,1e-11,1e-12,SCTAP1,-inf,False,3,420,0.0105524063110351
16,0.0001,1e-11,1e-12,SCTAP2,-inf,False,3,152,0.0289413928985595
16,0.0001,1e-11,1e-12,SCTAP3,-inf,False,3,41,0.023167610168457
16,0.0001,1e-11,1e-12,SHARE1B,76589.31857918575,True,0,456,0.0036821365356445
16,0.0001,1e-11,1e-12,SHARE2B,415.732240741419,True,0,204,0.0010278224945068
16,0.0001,1e-11,1e-12,SHIP04L,-1793324.5379703536,True,0,777,0.0110185146331787
16,0.0001,1e-11,1e-12,SHIP04S,-1798714.7004453933,True,0,606,0.0064320564270019
16,0.0001,1e-11,1e-12,SHIP08L,-1909055.211389134,True,0,1518,0.0442230701446533
16,0.0001,1e-11,1e-12,SHIP08S,-1920098.2105346203,True,0,1215,0.0257556438446044
16,0.0001,1e-11,1e-12,SHIP12L,-1470187.919329265,True,0,2060,0.1063458919525146
16,0.0001,1e-11,1e-12,SHIP12S,-1489236.134406127,True,0,1568,0.0548858642578125
16,0.0001,1e-11,1e-12,STOCFOR1,41131.976219436176,True,0,259,0.0019295215606689
16,0.0001,1e-11,1e-12,STOCFOR2,-inf,False,3,2800,2.043919563293457
16,0.0001,1e-11,1e-12,STOCFOR3,-inf,False,1,10000,341.9175226688385
16,0.0001,1e-11,1e-12,TRUSS,-5.553008481644013e+18,False,3,2102,8.5818190574646
16,0.0001,1e-11,1e-12,WOOD1P,-inf,False,3,190,0.0281980037689209
16,0.0001,1e-11,1e-12,WOODW,-inf,False,3,39,0.0383913516998291
17,0.0001,1e-11,1e-13,25FV47,-inf,False,3,142,0.0105235576629638
17,0.0001,1e-11,1e-13,ADLITTLE,-225494.96316238047,True,0,144,0.0006120204925537
17,0.0001,1e-11,1e-13,AFIRO,464.7531428571428,True,0,30,0.0002059936523437
17,0.0001,1e-11,1e-13,AGG,10410622.637922712,True,0,596,0.0115754604339599
17,0.0001,1e-11,1e-13,AGG2,20239252.355977103,True,0,571,0.0065255165100097
17,0.0001,1e-11,1e-13,AGG3,-10312115.935089232,True,0,588,0.0097019672393798
17,0.0001,1e-11,1e-13,BANDM,-inf,False,3,201,0.0068945884704589
17,0.0001,1e-11,1e-13,BEACONFD,-33592.48580719998,True,0,210,0.002540111541748
17,0.0001,1e-11,1e-13,BLEND,30.81214984582808,True,0,165,0.0007598400115966
17,0.0001,1e-11,1e-13,BNL1,-inf,False,3,507,0.0484364032745361
17,0.0001,1e-11,1e-13,BNL2,-inf,False,3,840,1.138625144958496
17,0.0001,1e-11,1e-13,BRANDY,-inf,False,3,110,0.0018904209136962
17,0.0001,1e-11,1e-13,D2Q06C,-inf,False,3,671,0.1888666152954101
17,0.0001,1e-11,1e-13,DEGEN2,1435.1779999999994,True,0,2819,0.2887110710144043
17,0.0001,1e-11,1e-13,DEGEN3,-inf,False,3,8116,32.43727135658264
17,0.0001,1e-11,1e-13,E226,18.75192906637468,True,0,738,0.0180368423461914
17,0.0001,1e-11,1e-13,FFFFF800,-inf,False,3,666,0.0587053298950195
17,0.0001,1e-11,1e-13,ISRAEL,896644.8218630381,True,0,913,0.0187246799468994
17,0.0001,1e-11,1e-13,LOTFI,25.26470606188001,True,0,276,0.0025000572204589
17,0.0001,1e-11,1e-13,MAROS-R7,-1497185.1664796427,True,0,4317,56.9860360622406
17,0.0001,1e-11,1e-13,QAP12,-inf,False,3,2055,28.499133586883545
17,0.0001,1e-11,1e-13,QAP15,-inf,False,3,5063,422.82159972190857
17,0.0001,1e-11,1e-13,QAP8,-inf,False,3,929,1.2172305583953855
17,0.0001,1e-11,1e-13,SC105,52.20206121170722,True,0,139,0.0010745525360107
17,0.0001,1e-11,1e-13,SC205,52.20206121170649,True,0,322,0.0069375038146972
17,0.0001,1e-11,1e-13,SC50A,64.57507705856449,True,0,59,0.0002803802490234
17,0.0001,1e-11,1e-13,SC50B,70.0,True,0,62,0.0002932548522949
17,0.0001,1e-11,1e-13,SCAGR25,-inf,False,3,1142,0.0988948345184326
17,0.0001,1e-11,1e-13,SCAGR7,2331389.824330985,True,0,270,0.002173900604248
17,0.0001,1e-11,1e-13,SCFXM1,-inf,False,3,275,0.0059053897857666
17,0.0001,1e-11,1e-13,SCFXM2,-inf,False,3,217,0.0085899829864501
17,0.0001,1e-11,1e-13,SCFXM3,-inf,False,3,447,0.0266082286834716
17,0.0001,1e-11,1e-13,SCORPION,-1875.8517318290158,True,0,466,0.0088329315185546
17,0.0001,1e-11,1e-13,SCRS8,-inf,False,3,1048,0.079580545425415
17,0.0001,1e-11,1e-13,SCSD1,-8.21757299260629,False,3,316,0.0043263435363769
17,0.0001,1e-11,1e-13,SCSD6,-50.50000007826237,True,0,708,0.0273494720458984
17,0.0001,1e-11,1e-13,SCSD8,-inf,False,3,279,0.0139434337615966
17,0.0001,1e-11,1e-13,SCTAP1,-inf,False,3,421,0.0107152462005615
17,0.0001,1e-11,1e-13,SCTAP2,-inf,False,3,128,0.0214414596557617
17,0.0001,1e-11,1e-13,SCTAP3,-inf,False,3,41,0.0232441425323486
17,0.0001,1e-11,1e-13,SHARE1B,76589.31857918575,True,0,456,0.0041162967681884
17,0.0001,1e-11,1e-13,SHARE2B,415.732240741419,True,0,204,0.0010344982147216
17,0.0001,1e-11,1e-13,SHIP04L,-1793324.5379703536,True,0,777,0.0109589099884033
17,0.0001,1e-11,1e-13,SHIP04S,-1798714.7004453933,True,0,606,0.006723403930664
17,0.0001,1e-11,1e-13,SHIP08L,-1909055.211389134,True,0,1518,0.0441622734069824
17,0.0001,1e-11,1e-13,SHIP08S,-1920098.2105346203,True,0,1215,0.0258328914642334
17,0.0001,1e-11,1e-13,SHIP12L,-1470187.919329265,True,0,2060,0.1059119701385498
17,0.0001,1e-11,1e-13,SHIP12S,-1489236.134406127,True,0,1568,0.0547006130218505
17,0.0001,1e-11,1e-13,STOCFOR1,41131.97621943616,True,0,259,0.0018219947814941
17,0.0001,1e-11,1e-13,STOCFOR2,-inf,False,3,2808,2.1100587844848633
17,0.0001,1e-11,1e-13,STOCFOR3,-inf,False,1,10000,340.37519907951355
17,0.0001,1e-11,1e-13,TRUSS,9.256764452036821e+23,False,3,7133,44.18981385231018
17,0.0001,1e-11,1e-13,WOOD1P,-inf,False,3,184,0.0267672538757324
17,0.0001,1e-11,1e-13,WOODW,-inf,False,3,40,0.0393364429473876
18,0.0001,1e-11,1e-14,25FV47,-inf,False,3,284,0.0234224796295166
18,0.0001,1e-11,1e-14,ADLITTLE,-225494.96316238047,True,0,144,0.0005722045898437
18,0.0001,1e-11,1e-14,AFIRO,464.7531428571428,True,0,30,0.0002083778381347
18,0.0001,1e-11,1e-14,AGG,10410622.637922712,True,0,596,0.0116939544677734
18,0.0001,1e-11,1e-14,AGG2,20239252.355977103,True,0,571,0.0066521167755126
18,0.0001,1e-11,1e-14,AGG3,-10312115.935089232,True,0,588,0.0098772048950195
18,0.0001,1e-11,1e-14,BANDM,-inf,False,3,458,0.0162739753723144
18,0.0001,1e-11,1e-14,BEACONFD,-33592.48580719996,True,0,212,0.0026769638061523
18,0.0001,1e-11,1e-14,BLEND,30.81214984582823,True,0,161,0.0007529258728027
18,0.0001,1e-11,1e-14,BNL1,-inf,False,3,551,0.0560462474822998
18,0.0001,1e-11,1e-14,BNL2,-inf,False,3,1534,3.2939746379852295
18,0.0001,1e-11,1e-14,BRANDY,-inf,False,3,99,0.0016686916351318
18,0.0001,1e-11,1e-14,D2Q06C,-inf,False,3,671,0.1963624954223632
18,0.0001,1e-11,1e-14,DEGEN2,1435.1779999999806,True,0,3022,0.3260962963104248
18,0.0001,1e-11,1e-14,DEGEN3,-inf,False,1,10000,41.41131138801575
18,0.0001,1e-11,1e-14,E226,18.93821307653316,True,0,920,0.02238130569458
18,0.0001,1e-11,1e-14,FFFFF800,-inf,False,3,675,0.0554509162902832
18,0.0001,1e-11,1e-14,ISRAEL,896644.8218630381,True,0,913,0.0176362991333007
18,0.0001,1e-11,1e-14,LOTFI,25.26470606188001,True,0,276,0.0023934841156005
18,0.0001,1e-11,1e-14,MAROS-R7,-1497185.1664796427,True,0,4317,56.85827565193176
18,0.0001,1e-11,1e-14,QAP12,-inf,False,3,1924,27.398911237716675
18,0.0001,1e-11,1e-14,QAP15,-inf,False,3,2770,72.24032235145569
18,0.0001,1e-11,1e-14,QAP8,-inf,False,3,971,1.2747440338134766
18,0.0001,1e-11,1e-14,SC105,52.20206121170724,True,0,134,0.0010159015655517
18,0.0001,1e-11,1e-14,SC205,52.2020612117079,True,0,325,0.0070052146911621
18,0.0001,1e-11,1e-14,SC50A,64.57507705856449,True,0,59,0.0002832412719726
18,0.0001,1e-11,1e-14,SC50B,70.0,True,0,62,0.0002908706665039
18,0.0001,1e-11,1e-14,SCAGR25,-inf,False,3,1234,0.1091997623443603
18,0.0001,1e-11,1e-14,SCAGR7,2331389.8243309762,True,0,250,0.0019443035125732
18,0.0001,1e-11,1e-14,SCFXM1,-1583525859.5080142,False,1,10000,0.6721479892730713
18,0.0001,1e-11,1e-14,SCFXM2,-inf,False,3,217,0.0085573196411132
18,0.0001,1e-11,1e-14,SCFXM3,-inf,False,2,1938,1.0137443542480469
18,0.0001,1e-11,1e-14,SCORPION,-1875.8517318290155,True,0,466,0.0087897777557373
18,0.0001,1e-11,1e-14,SCRS8,-inf,False,3,712,0.0308825969696044
18,0.0001,1e-11,1e-14,SCSD1,53935.435310191926,False,3,452,0.0061078071594238
18,0.0001,1e-11,1e-14,SCSD6,-42.67621507068471,False,3,778,0.0305168628692626
18,0.0001,1e-11,1e-14,SCSD8,-inf,False,3,286,0.014575719833374
18,0.0001,1e-11,1e-14,SCTAP1,-1412.2499999999982,True,0,875,0.0345828533172607
18,0.0001,1e-11,1e-14,SCTAP2,-inf,False,3,131,0.0236592292785644
18,0.0001,1e-11,1e-14,SCTAP3,-inf,False,3,44,0.0238866806030273
18,0.0001,1e-11,1e-14,SHARE1B,76589.31857918575,True,0,456,0.003758430480957
18,0.0001,1e-11,1e-14,SHARE2B,415.732240741419,True,0,203,0.0010111331939697
18,0.0001,1e-11,1e-14,SHIP04L,-1793324.5379703536,True,0,775,0.0107781887054443
18,0.0001,1e-11,1e-14,SHIP04S,-1798714.7004453933,True,0,606,0.006732702255249
18,0.0001,1e-11,1e-14,SHIP08L,-1909055.211389134,True,0,1518,0.0441110134124755
18,0.0001,1e-11,1e-14,SHIP08S,-1920098.2105346203,True,0,1215,0.0258336067199707
18,0.0001,1e-11,1e-14,SHIP12L,-1470187.919329265,True,0,2060,0.1059584617614746
18,0.0001,1e-11,1e-14,SHIP12S,-1489236.134406127,True,0,1569,0.0546908378601074
18,0.0001,1e-11,1e-14,STOCFOR1,41131.976219436154,True,0,260,0.0018703937530517
18,0.0001,1e-11,1e-14,STOCFOR2,-inf,False,3,2830,2.287001848220825
18,0.0001,1e-11,1e-14,STOCFOR3,-inf,False,1,10000,352.500892162323
18,0.0001,1e-11,1e-14,TRUSS,-53257055.56533814,False,3,2259,9.76584529876709
18,0.0001,1e-11,1e-14,WOOD1P,-inf,False,3,2312,0.3005270957946777
18,0.0001,1e-11,1e-14,WOODW,-inf,False,3,40,0.0392844676971435
19,0.0001,1e-11,1e-15,25FV47,-inf,False,3,301,0.0257773399353027
19,0.0001,1e-11,1e-15,ADLITTLE,-225494.96316238047,True,0,144,0.0005714893341064
19,0.0001,1e-11,1e-15,AFIRO,464.7531428571428,True,0,30,0.0002083778381347
19,0.0001,1e-11,1e-15,AGG,10410622.637922712,True,0,596,0.0116677284240722
19,0.0001,1e-11,1e-15,AGG2,20239252.355977103,True,0,572,0.0065748691558837
19,0.0001,1e-11,1e-15,AGG3,-10312115.935089232,True,0,588,0.0095808506011962
19,0.0001,1e-11,1e-15,BANDM,-inf,False,3,151,0.0051724910736083
19,0.0001,1e-11,1e-15,BEACONFD,-33592.48580719996,True,0,212,0.0028364658355712
19,0.0001,1e-11,1e-15,BLEND,30.81214984582805,True,0,180,0.0009369850158691
19,0.0001,1e-11,1e-15,BNL1,-inf,False,3,1405,0.273273229598999
19,0.0001,1e-11,1e-15,BNL2,-inf,False,3,1136,2.0223357677459717
19,0.0001,1e-11,1e-15,BRANDY,-inf,False,3,675,0.0112836360931396
19,0.0001,1e-11,1e-15,D2Q06C,-inf,False,3,546,0.3111062049865722
19,0.0001,1e-11,1e-15,DEGEN2,1435.1779999999912,True,0,2594,0.2676966190338135
19,0.0001,1e-11,1e-15,DEGEN3,-inf,False,1,10000,41.48143482208252
19,0.0001,1e-11,1e-15,E226,-inf,False,3,335,0.00614595413208
19,0.0001,1e-11,1e-15,FFFFF800,-inf,False,3,679,0.0553081035614013
19,0.0001,1e-11,1e-15,ISRAEL,896644.8218630381,True,0,913,0.0176129341125488
19,0.0001,1e-11,1e-15,LOTFI,25.26470606188001,True,0,270,0.0022802352905273
19,0.0001,1e-11,1e-15,MAROS-R7,-1497185.1664796427,True,0,4317,56.82170629501343
19,0.0001,1e-11,1e-15,QAP12,-inf,False,3,2104,29.654853105545044
19,0.0001,1e-11,1e-15,QAP15,-inf,False,3,3337,132.15627574920654
19,0.0001,1e-11,1e-15,QAP8,-inf,False,1,10000,22.863261222839355
19,0.0001,1e-11,1e-15,SC105,52.2020612117072,True,0,131,0.0009999275207519
19,0.0001,1e-11,1e-15,SC205,52.20206121167227,True,0,274,0.0056014060974121
19,0.0001,1e-11,1e-15,SC50A,64.57507705856449,True,0,59,0.0002808570861816
19,0.0001,1e-11,1e-15,SC50B,70.0,True,0,62,0.0002918243408203
19,0.0001,1e-11,1e-15,SCAGR25,-inf,False,3,615,0.0484764575958251
19,0.0001,1e-11,1e-15,SCAGR7,2331389.8243310177,True,0,267,0.0020546913146972
19,0.0001,1e-11,1e-15,SCFXM1,-18416.759028350643,True,0,753,0.0279192924499511
19,0.0001,1e-11,1e-15,SCFXM2,-inf,False,1,10000,4.630676746368408
19,0.0001,1e-11,1e-15,SCFXM3,-inf,False,3,2645,1.3651602268218994
19,0.0001,1e-11,1e-15,SCORPION,-1875.8517318290153,True,0,466,0.009066104888916
19,0.0001,1e-11,1e-15,SCRS8,-inf,False,3,1010,0.0661790370941162
19,0.0001,1e-11,1e-15,SCSD1,6535.289842344521,False,3,322,0.0042555332183837
19,0.0001,1e-11,1e-15,SCSD6,-50.50000007826234,True,0,630,0.0232250690460205
19,0.0001,1e-11,1e-15,SCSD8,-inf,False,3,286,0.0150156021118164
19,0.0001,1e-11,1e-15,SCTAP1,-inf,False,3,177,0.0050623416900634
19,0.0001,1e-11,1e-15,SCTAP2,-inf,False,3,129,0.0224459171295166
19,0.0001,1e-11,1e-15,SCTAP3,-inf,False,3,38,0.0234103202819824
19,0.0001,1e-11,1e-15,SHARE1B,76589.31857918575,True,0,456,0.0037319660186767
19,0.0001,1e-11,1e-15,SHARE2B,415.7322407414188,True,0,210,0.0010459423065185
19,0.0001,1e-11,1e-15,SHIP04L,-1793324.5379703536,True,0,773,0.0106034278869628
19,0.0001,1e-11,1e-15,SHIP04S,-1798714.7004453936,True,0,608,0.0065779685974121
19,0.0001,1e-11,1e-15,SHIP08L,-1909055.2113891335,True,0,1514,0.0444707870483398
19,0.0001,1e-11,1e-15,SHIP08S,-1920098.2105346206,True,0,1214,0.0258152484893798
19,0.0001,1e-11,1e-15,SHIP12L,-1470187.919329265,True,0,2081,0.1090960502624511
19,0.0001,1e-11,1e-15,SHIP12S,-1489236.134406127,True,0,1568,0.0553486347198486
19,0.0001,1e-11,1e-15,STOCFOR1,41131.97621943676,True,0,268,0.0020267963409423
19,0.0001,1e-11,1e-15,STOCFOR2,-inf,False,3,5016,20.17282557487488
19,0.0001,1e-11,1e-15,STOCFOR3,-inf,False,3,6112,329.52853775024414
19,0.0001,1e-11,1e-15,TRUSS,-720836.4359250888,False,3,3053,15.320994138717651
19,0.0001,1e-11,1e-15,WOOD1P,-inf,False,3,113,0.0174586772918701
19,0.0001,1e-11,1e-15,WOODW,-inf,False,3,39,0.0383598804473876
20,0.0001,1e-12,1e-11,25FV47,-inf,False,3,138,0.0105328559875488
20,0.0001,1e-12,1e-11,ADLITTLE,-225494.96316238047,True,0,144,0.0005707740783691
20,0.0001,1e-12,1e-11,AFIRO,464.7531428571428,True,0,30,0.0002081394195556
20,0.0001,1e-12,1e-11,AGG,9884050.397971194,False,3,583,0.0110445022583007
20,0.0001,1e-12,1e-11,AGG2,20239252.355977103,True,0,571,0.00679612159729
20,0.0001,1e-12,1e-11,AGG3,-10312115.935089232,True,0,588,0.0098950862884521
20,0.0001,1e-12,1e-11,BANDM,-inf,False,3,92,0.002798318862915
20,0.0001,1e-12,1e-11,BEACONFD,-inf,False,3,33,0.0008528232574462
20,0.0001,1e-12,1e-11,BLEND,30.81214984582829,True,0,148,0.0007033348083496
20,0.0001,1e-12,1e-11,BNL1,-inf,False,3,443,0.0380375385284423
20,0.0001,1e-12,1e-11,BNL2,-inf,False,3,425,0.2010886669158935
20,0.0001,1e-12,1e-11,BRANDY,-inf,False,3,16,0.0004656314849853
20,0.0001,1e-12,1e-11,D2Q06C,-inf,False,3,462,0.1312332153320312
20,0.0001,1e-12,1e-11,DEGEN2,1436.4949999999983,True,0,2751,0.2819054126739502
20,0.0001,1e-12,1e-11,DEGEN3,-inf,False,3,3779,12.593583106994627
20,0.0001,1e-12,1e-11,E226,-6.443690524131252,False,3,426,0.0078468322753906
20,0.0001,1e-12,1e-11,FFFFF800,-inf,False,3,283,0.0136890411376953
20,0.0001,1e-12,1e-11,ISRAEL,896644.8218630484,True,0,950,0.0183601379394531
20,0.0001,1e-12,1e-11,LOTFI,25.264706061880013,True,0,264,0.0021939277648925
20,0.0001,1e-12,1e-11,MAROS-R7,-1497185.1664796427,True,0,4317,57.04269766807556
20,0.0001,1e-12,1e-11,QAP12,-inf,False,3,1687,18.25861883163452
20,0.0001,1e-12,1e-11,QAP15,-inf,False,3,2401,41.20679807662964
20,0.0001,1e-12,1e-11,QAP8,-inf,False,3,604,0.50669264793396
20,0.0001,1e-12,1e-11,SC105,52.20206121170722,True,0,138,0.0010378360748291
20,0.0001,1e-12,1e-11,SC205,52.20206121182398,True,0,314,0.0066869258880615
20,0.0001,1e-12,1e-11,SC50A,64.57507705856449,True,0,59,0.0002787113189697
20,0.0001,1e-12,1e-11,SC50B,70.0,True,0,62,0.000293493270874
20,0.0001,1e-12,1e-11,SCAGR25,-inf,False,3,296,0.016756534576416
20,0.0001,1e-12,1e-11,SCAGR7,2331389.824330985,True,0,270,0.002155065536499
20,0.0001,1e-12,1e-11,SCFXM1,-inf,False,3,172,0.0033183097839355
20,0.0001,1e-12,1e-11,SCFXM2,-inf,False,3,205,0.0071532726287841
20,0.0001,1e-12,1e-11,SCFXM3,-inf,False,3,488,0.0283362865447998
20,0.0001,1e-12,1e-11,SCORPION,-1875.8517318290158,True,0,466,0.0088050365447998
20,0.0001,1e-12,1e-11,SCRS8,-inf,False,3,751,0.0338823795318603
20,0.0001,1e-12,1e-11,SCSD1,-0.928966462411952,False,3,309,0.004328966140747
20,0.0001,1e-12,1e-11,SCSD6,-49.09175484469489,False,3,595,0.0220534801483154
20,0.0001,1e-12,1e-11,SCSD8,-inf,False,3,279,0.013991355895996
20,0.0001,1e-12,1e-11,SCTAP1,-inf,False,3,257,0.0061910152435302
20,0.0001,1e-12,1e-11,SCTAP2,-inf,False,3,94,0.0144672393798828
20,0.0001,1e-12,1e-11,SCTAP3,-inf,False,3,41,0.0232815742492675
20,0.0001,1e-12,1e-11,SHARE1B,76589.31857918575,True,0,456,0.0037658214569091
20,0.0001,1e-12,1e-11,SHARE2B,415.732240741419,True,0,204,0.0011191368103027
20,0.0001,1e-12,1e-11,SHIP04L,-1793324.5379703536,True,0,777,0.0110061168670654
20,0.0001,1e-12,1e-11,SHIP04S,-1798714.7004453933,True,0,606,0.0065915584564208
20,0.0001,1e-12,1e-11,SHIP08L,-1909055.211389134,True,0,1518,0.0440857410430908
20,0.0001,1e-12,1e-11,SHIP08S,-1920098.2105346203,True,0,1215,0.025822639465332
20,0.0001,1e-12,1e-11,SHIP12L,-1470187.919329265,True,0,2060,0.1060798168182373
20,0.0001,1e-12,1e-11,SHIP12S,-1489236.134406127,True,0,1568,0.0547418594360351
20,0.0001,1e-12,1e-11,STOCFOR1,27179.942256093906,False,3,232,0.0016617774963378
20,0.0001,1e-12,1e-11,STOCFOR2,39024.408537882045,True,0,4273,14.164637327194214
20,0.0001,1e-12,1e-11,STOCFOR3,-inf,False,3,9893,330.71736907958984
20,0.0001,1e-12,1e-11,TRUSS,-3739355.8835814386,False,3,1791,6.600473403930664
20,0.0001,1e-12,1e-11,WOOD1P,-inf,False,3,180,0.0283493995666503
20,0.0001,1e-12,1e-11,WOODW,-inf,False,3,34,0.035593032836914
21,0.0001,1e-12,1e-12,25FV47,-inf,False,3,138,0.010408878326416
21,0.0001,1e-12,1e-12,ADLITTLE,-225494.96316238047,True,0,144,0.0005619525909423
21,0.0001,1e-12,1e-12,AFIRO,464.7531428571428,True,0,30,0.0002086162567138
21,0.0001,1e-12,1e-12,AGG,10439165.6080729,True,0,595,0.0114750862121582
21,0.0001,1e-12,1e-12,AGG2,20239252.355977103,True,0,571,0.0065598487854003
21,0.0001,1e-12,1e-12,AGG3,-10312115.935089232,True,0,588,0.009629487991333
21,0.0001,1e-12,1e-12,BANDM,-inf,False,3,90,0.0023684501647949
21,0.0001,1e-12,1e-12,BEACONFD,-inf,False,3,33,0.0009663105010986
21,0.0001,1e-12,1e-12,BLEND,30.81214984582829,True,0,148,0.0007021427154541
21,0.0001,1e-12,1e-12,BNL1,-inf,False,3,443,0.0376973152160644
21,0.0001,1e-12,1e-12,BNL2,-inf,False,3,425,0.1986684799194336
21,0.0001,1e-12,1e-12,BRANDY,-inf,False,3,16,0.0004823207855224
21,0.0001,1e-12,1e-12,D2Q06C,-inf,False,3,462,0.1300017833709716
21,0.0001,1e-12,1e-12,DEGEN2,1436.4949999999976,True,0,3102,0.3216612339019775
21,0.0001,1e-12,1e-12,DEGEN3,-inf,False,3,3434,11.015822410583496
21,0.0001,1e-12,1e-12,E226,-6.443690524131252,False,3,426,0.0078582763671875
21,0.0001,1e-12,1e-12,FFFFF800,-inf,False,3,931,0.0901389122009277
21,0.0001,1e-12,1e-12,ISRAEL,896644.8218630381,True,0,913,0.0176894664764404
21,0.0001,1e-12,1e-12,LOTFI,25.264706061880016,True,0,265,0.0022344589233398
21,0.0001,1e-12,1e-12,MAROS-R7,-1497185.1664796427,True,0,4317,56.93421578407288
21,0.0001,1e-12,1e-12,QAP12,-inf,False,3,1692,18.250164031982425
21,0.0001,1e-12,1e-12,QAP15,-inf,False,3,2407,41.69536018371582
21,0.0001,1e-12,1e-12,QAP8,-inf,False,3,605,0.5217132568359375
21,0.0001,1e-12,1e-12,SC105,52.20206121170722,True,0,138,0.0011103153228759
21,0.0001,1e-12,1e-12,SC205,52.202061211805145,True,0,304,0.0068330764770507
21,0.0001,1e-12,1e-12,SC50A,64.57507705856449,True,0,59,0.0003256797790527
21,0.0001,1e-12,1e-12,SC50B,70.0,True,0,62,0.0003144741058349
21,0.0001,1e-12,1e-12,SCAGR25,-inf,False,3,725,0.0571835041046142
21,0.0001,1e-12,1e-12,SCAGR7,2331389.824330985,True,0,270,0.0022735595703125
21,0.0001,1e-12,1e-12,SCFXM1,-inf,False,3,172,0.0035157203674316
21,0.0001,1e-12,1e-12,SCFXM2,-inf,False,3,205,0.0074670314788818
21,0.0001,1e-12,1e-12,SCFXM3,-inf,False,3,463,0.0284450054168701
21,0.0001,1e-12,1e-12,SCORPION,-1875.8517318290158,True,0,466,0.0092778205871582
21,0.0001,1e-12,1e-12,SCRS8,-inf,False,3,762,0.0371534824371337
21,0.0001,1e-12,1e-12,SCSD1,-8.956707573591238,False,3,283,0.0040512084960937
21,0.0001,1e-12,1e-12,SCSD6,-49.09175484469489,False,3,595,0.0230474472045898
21,0.0001,1e-12,1e-12,SCSD8,-inf,False,3,279,0.0145964622497558
21,0.0001,1e-12,1e-12,SCTAP1,-inf,False,3,257,0.0065169334411621
21,0.0001,1e-12,1e-12,SCTAP2,-inf,False,3,94,0.0149693489074707
21,0.0001,1e-12,1e-12,SCTAP3,-inf,False,3,41,0.0241649150848388
21,0.0001,1e-12,1e-12,SHARE1B,76589.31857918575,True,0,456,0.0039794445037841
21,0.0001,1e-12,1e-12,SHARE2B,415.732240741419,True,0,204,0.0011103153228759
21,0.0001,1e-12,1e-12,SHIP04L,-1793324.5379703536,True,0,777,0.0115652084350585
21,0.0001,1e-12,1e-12,SHIP04S,-1798714.7004453933,True,0,606,0.0068912506103515
21,0.0001,1e-12,1e-12,SHIP08L,-1909055.211389134,True,0,1518,0.0459511280059814
21,0.0001,1e-12,1e-12,SHIP08S,-1920098.2105346203,True,0,1215,0.0267367362976074
21,0.0001,1e-12,1e-12,SHIP12L,-1470187.919329265,True,0,2060,0.1105661392211914
21,0.0001,1e-12,1e-12,SHIP12S,-1489236.134406127,True,0,1568,0.0571470260620117
21,0.0001,1e-12,1e-12,STOCFOR1,24967.271820022102,False,3,231,0.0017056465148925
21,0.0001,1e-12,1e-12,STOCFOR2,-inf,False,3,2803,2.0628111362457275
21,0.0001,1e-12,1e-12,STOCFOR3,-inf,False,3,9891,329.35362672805786
21,0.0001,1e-12,1e-12,TRUSS,-9602207.1364623,False,3,1695,6.01866888999939
21,0.0001,1e-12,1e-12,WOOD1P,-inf,False,3,98,0.0163202285766601
21,0.0001,1e-12,1e-12,WOODW,-inf,False,3,34,0.0358345508575439
22,0.0001,1e-12,1e-13,25FV47,-inf,False,3,140,0.0105109214782714
22,0.0001,1e-12,1e-13,ADLITTLE,-225494.96316238047,True,0,144,0.000561237335205
22,0.0001,1e-12,1e-13,AFIRO,464.7531428571428,True,0,30,0.0002095699310302
22,0.0001,1e-12,1e-13,AGG,10410622.637922712,True,0,596,0.0116322040557861
22,0.0001,1e-12,1e-13,AGG2,20239252.355977103,True,0,571,0.0065526962280273
22,0.0001,1e-12,1e-13,AGG3,-10312115.935089232,True,0,588,0.0096266269683837
22,0.0001,1e-12,1e-13,BANDM,-inf,False,3,93,0.0025038719177246
22,0.0001,1e-12,1e-13,BEACONFD,-inf,False,3,33,0.0009360313415527
22,0.0001,1e-12,1e-13,BLEND,30.81214984582808,True,0,165,0.0007624626159667
22,0.0001,1e-12,1e-13,BNL1,-inf,False,3,443,0.0377163887023925
22,0.0001,1e-12,1e-13,BNL2,-inf,False,3,425,0.2000312805175781
22,0.0001,1e-12,1e-13,BRANDY,-inf,False,3,16,0.0004472732543945
22,0.0001,1e-12,1e-13,D2Q06C,-inf,False,3,463,0.1324946880340576
22,0.0001,1e-12,1e-13,DEGEN2,1435.1779999999994,True,0,2819,0.2866330146789551
22,0.0001,1e-12,1e-13,DEGEN3,-inf,False,3,2232,5.825099468231201
22,0.0001,1e-12,1e-13,E226,18.71822377387704,True,0,774,0.0181026458740234
22,0.0001,1e-12,1e-13,FFFFF800,-inf,False,3,644,0.0530605316162109
22,0.0001,1e-12,1e-13,ISRAEL,896644.8218630381,True,0,913,0.0177297592163085
22,0.0001,1e-12,1e-13,LOTFI,25.26470606188001,True,0,276,0.0023660659790039
22,0.0001,1e-12,1e-13,MAROS-R7,-1497185.1664796427,True,0,4317,56.86703658103943
22,0.0001,1e-12,1e-13,QAP12,-inf,False,3,1683,17.861101150512695
22,0.0001,1e-12,1e-13,QAP15,-inf,False,3,2392,40.57973599433899
22,0.0001,1e-12,1e-13,QAP8,-inf,False,3,753,0.8499133586883545
22,0.0001,1e-12,1e-13,SC105,52.20206121170722,True,0,139,0.0010499954223632
22,0.0001,1e-12,1e-13,SC205,52.20206121170649,True,0,322,0.006941795349121
22,0.0001,1e-12,1e-13,SC50A,64.57507705856449,True,0,59,0.0002875328063964
22,0.0001,1e-12,1e-13,SC50B,70.0,True,0,62,0.0002961158752441
22,0.0001,1e-12,1e-13,SCAGR25,-inf,False,3,495,0.034423828125
22,0.0001,1e-12,1e-13,SCAGR7,2331389.824330985,True,0,270,0.0021419525146484
22,0.0001,1e-12,1e-13,SCFXM1,-inf,False,3,172,0.0032722949981689
22,0.0001,1e-12,1e-13,SCFXM2,-inf,False,3,205,0.0071370601654052
22,0.0001,1e-12,1e-13,SCFXM3,-inf,False,3,446,0.0265223979949951
22,0.0001,1e-12,1e-13,SCORPION,-1875.8517318290158,True,0,466,0.008768081665039
22,0.0001,1e-12,1e-13,SCRS8,-inf,False,3,635,0.0230298042297363
22,0.0001,1e-12,1e-13,SCSD1,-9.073684760453137,False,3,268,0.0035638809204101
22,0.0001,1e-12,1e-13,SCSD6,-50.50000007826237,True,0,708,0.0271098613739013
22,0.0001,1e-12,1e-13,SCSD8,-inf,False,3,279,0.0139586925506591
22,0.0001,1e-12,1e-13,SCTAP1,-inf,False,3,257,0.0061233043670654
22,0.0001,1e-12,1e-13,SCTAP2,-inf,False,3,94,0.0144634246826171
22,0.0001,1e-12,1e-13,SCTAP3,-inf,False,3,41,0.023327350616455
22,0.0001,1e-12,1e-13,SHARE1B,76589.31857918575,True,0,456,0.0037164688110351
22,0.0001,1e-12,1e-13,SHARE2B,415.732240741419,True,0,204,0.0010180473327636
22,0.0001,1e-12,1e-13,SHIP04L,-1793324.5379703536,True,0,777,0.0110073089599609
22,0.0001,1e-12,1e-13,SHIP04S,-1798714.7004453933,True,0,606,0.0066003799438476
22,0.0001,1e-12,1e-13,SHIP08L,-1909055.211389134,True,0,1518,0.0441102981567382
22,0.0001,1e-12,1e-13,SHIP08S,-1920098.2105346203,True,0,1215,0.0257701873779296
22,0.0001,1e-12,1e-13,SHIP12L,-1470187.919329265,True,0,2060,0.1062898635864257
22,0.0001,1e-12,1e-13,SHIP12S,-1489236.134406127,True,0,1568,0.0548808574676513
22,0.0001,1e-12,1e-13,STOCFOR1,27242.743153462925,True,0,239,0.0016436576843261
22,0.0001,1e-12,1e-13,STOCFOR2,-inf,False,3,2832,2.3934812545776367
22,0.0001,1e-12,1e-13,STOCFOR3,-inf,False,3,9936,341.8107976913452
22,0.0001,1e-12,1e-13,TRUSS,-1157346.3024347746,False,3,1701,6.0334391593933105
22,0.0001,1e-12,1e-13,WOOD1P,-inf,False,3,98,0.0163402557373046
22,0.0001,1e-12,1e-13,WOODW,-inf,False,3,34,0.0357177257537841
23,0.0001,1e-12,1e-14,25FV47,-inf,False,3,236,0.017226219177246
23,0.0001,1e-12,1e-14,ADLITTLE,-225494.96316238047,True,0,144,0.0005655288696289
23,0.0001,1e-12,1e-14,AFIRO,464.7531428571428,True,0,30,0.0002121925354003
23,0.0001,1e-12,1e-14,AGG,10410622.637922712,True,0,596,0.0119831562042236
23,0.0001,1e-12,1e-14,AGG2,20239252.355977103,True,0,571,0.0066170692443847
23,0.0001,1e-12,1e-14,AGG3,-10312115.935089232,True,0,588,0.0095927715301513
23,0.0001,1e-12,1e-14,BANDM,-inf,False,3,86,0.0023534297943115
23,0.0001,1e-12,1e-14,BEACONFD,-inf,False,3,34,0.0008625984191894
23,0.0001,1e-12,1e-14,BLEND,30.81214984582823,True,0,161,0.0007727146148681
23,0.0001,1e-12,1e-14,BNL1,-inf,False,3,445,0.0379755496978759
23,0.0001,1e-12,1e-14,BNL2,-inf,False,3,425,0.2008519172668457
23,0.0001,1e-12,1e-14,BRANDY,-inf,False,3,16,0.0005886554718017
23,0.0001,1e-12,1e-14,D2Q06C,-inf,False,3,471,0.1468634605407714
23,0.0001,1e-12,1e-14,DEGEN2,-inf,False,3,660,0.0479717254638671
23,0.0001,1e-12,1e-14,DEGEN3,-inf,False,3,3296,10.496951580047607
23,0.0001,1e-12,1e-14,E226,15.692139219095,False,3,777,0.0192184448242187
23,0.0001,1e-12,1e-14,FFFFF800,-inf,False,3,654,0.0560979843139648
23,0.0001,1e-12,1e-14,ISRAEL,896644.8218630381,True,0,913,0.0183672904968261
23,0.0001,1e-12,1e-14,LOTFI,25.26470606188001,True,0,276,0.0024874210357666
23,0.0001,1e-12,1e-14,MAROS-R7,-1497185.1664796427,True,0,4317,56.92445945739746
23,0.0001,1e-12,1e-14,QAP12,-inf,False,3,1342,8.878742456436157
23,0.0001,1e-12,1e-14,QAP15,-inf,False,3,2728,68.83687925338745
23,0.0001,1e-12,1e-14,QAP8,-inf,False,3,492,0.2984452247619629
23,0.0001,1e-12,1e-14,SC105,52.20206121170724,True,0,134,0.0010159015655517
23,0.0001,1e-12,1e-14,SC205,52.2020612117079,True,0,325,0.0070757865905761
23,0.0001,1e-12,1e-14,SC50A,64.57507705856449,True,0,59,0.0003066062927246
23,0.0001,1e-12,1e-14,SC50B,70.0,True,0,62,0.0002994537353515
23,0.0001,1e-12,1e-14,SCAGR25,14882279.049135294,True,0,1541,0.1481006145477295
23,0.0001,1e-12,1e-14,SCAGR7,2331389.8243309762,True,0,250,0.0019104480743408
23,0.0001,1e-12,1e-14,SCFXM1,-inf,False,3,174,0.0033087730407714
23,0.0001,1e-12,1e-14,SCFXM2,-inf,False,3,223,0.0080420970916748
23,0.0001,1e-12,1e-14,SCFXM3,-inf,False,3,452,0.0269606113433837
23,0.0001,1e-12,1e-14,SCORPION,-1875.8517318290155,True,0,466,0.0087661743164062
23,0.0001,1e-12,1e-14,SCRS8,-inf,False,3,635,0.0233516693115234
23,0.0001,1e-12,1e-14,SCSD1,803709.0095320226,False,3,464,0.006235122680664
23,0.0001,1e-12,1e-14,SCSD6,-42.67621507068471,False,3,778,0.0305979251861572
23,0.0001,1e-12,1e-14,SCSD8,-inf,False,3,286,0.0146536827087402
23,0.0001,1e-12,1e-14,SCTAP1,-inf,False,3,114,0.0027773380279541
23,0.0001,1e-12,1e-14,SCTAP2,-inf,False,3,94,0.0142560005187988
23,0.0001,1e-12,1e-14,SCTAP3,-inf,False,3,44,0.024038553237915
23,0.0001,1e-12,1e-14,SHARE1B,76589.31857918575,True,0,456,0.0037245750427246
23,0.0001,1e-12,1e-14,SHARE2B,415.732240741419,True,0,203,0.0010042190551757
23,0.0001,1e-12,1e-14,SHIP04L,-1793324.5379703536,True,0,775,0.0108227729797363
23,0.0001,1e-12,1e-14,SHIP04S,-1798714.7004453933,True,0,606,0.0065889358520507
23,0.0001,1e-12,1e-14,SHIP08L,-1909055.211389134,True,0,1518,0.0441784858703613
23,0.0001,1e-12,1e-14,SHIP08S,-1920098.2105346203,True,0,1215,0.0257720947265625
23,0.0001,1e-12,1e-14,SHIP12L,-1470187.919329265,True,0,2060,0.1059732437133789
23,0.0001,1e-12,1e-14,SHIP12S,-1489236.134406127,True,0,1569,0.0549361705780029
23,0.0001,1e-12,1e-14,STOCFOR1,27242.743153462925,True,0,239,0.0016932487487792
23,0.0001,1e-12,1e-14,STOCFOR2,-inf,False,3,2938,3.1651077270507812
23,0.0001,1e-12,1e-14,STOCFOR3,-inf,False,3,7073,308.27135944366455
23,0.0001,1e-12,1e-14,TRUSS,5620975308.28125,False,3,1954,7.892072916030884
23,0.0001,1e-12,1e-14,WOOD1P,-inf,False,1,10000,1.42515230178833
23,0.0001,1e-12,1e-14,WOODW,-inf,False,3,34,0.0367195606231689
24,0.0001,1e-12,1e-15,25FV47,-inf,False,3,1300,0.2887163162231445
24,0.0001,1e-12,1e-15,ADLITTLE,-225494.96316238047,True,0,144,0.0005910396575927
24,0.0001,1e-12,1e-15,AFIRO,464.7531428571428,True,0,30,0.0002210140228271
24,0.0001,1e-12,1e-15,AGG,10410622.637922712,True,0,596,0.0120003223419189
24,0.0001,1e-12,1e-15,AGG2,20239252.355977103,True,0,572,0.0067408084869384
24,0.0001,1e-12,1e-15,AGG3,-10312115.935089232,True,0,588,0.0099155902862548
24,0.0001,1e-12,1e-15,BANDM,-inf,False,3,205,0.0077970027923583
24,0.0001,1e-12,1e-15,BEACONFD,-inf,False,3,34,0.0009987354278564
24,0.0001,1e-12,1e-15,BLEND,30.81214984582805,True,0,180,0.0008494853973388
24,0.0001,1e-12,1e-15,BNL1,-inf,False,3,557,0.0581686496734619
24,0.0001,1e-12,1e-15,BNL2,-inf,False,3,675,0.6559455394744873
24,0.0001,1e-12,1e-15,BRANDY,-inf,False,3,16,0.0005149841308593
24,0.0001,1e-12,1e-15,D2Q06C,-inf,False,3,504,0.2107617855072021
24,0.0001,1e-12,1e-15,DEGEN2,1435.1779999999912,True,0,2594,0.2614114284515381
24,0.0001,1e-12,1e-15,DEGEN3,-inf,False,3,8608,34.75715708732605
24,0.0001,1e-12,1e-15,E226,-inf,False,3,335,0.0061874389648437
24,0.0001,1e-12,1e-15,FFFFF800,-inf,False,3,929,0.0921957492828369
24,0.0001,1e-12,1e-15,ISRAEL,896644.8218630381,True,0,913,0.0176670551300048
24,0.0001,1e-12,1e-15,LOTFI,25.26470606188001,True,0,270,0.0023169517517089
24,0.0001,1e-12,1e-15,MAROS-R7,-1497185.1664796427,True,0,4317,56.91658043861389
24,0.0001,1e-12,1e-15,QAP12,-inf,False,3,1815,20.439263105392456
24,0.0001,1e-12,1e-15,QAP15,-inf,False,3,2610,58.409966707229614
24,0.0001,1e-12,1e-15,QAP8,-inf,False,3,697,0.7008707523345947
24,0.0001,1e-12,1e-15,SC105,52.2020612117072,True,0,131,0.0010890960693359
24,0.0001,1e-12,1e-15,SC205,52.20206121167227,True,0,274,0.005662202835083
24,0.0001,1e-12,1e-15,SC50A,64.57507705856449,True,0,59,0.0002918243408203
24,0.0001,1e-12,1e-15,SC50B,70.0,True,0,62,0.0002989768981933
24,0.0001,1e-12,1e-15,SCAGR25,-inf,False,3,615,0.0483632087707519
24,0.0001,1e-12,1e-15,SCAGR7,2331389.8243310177,True,0,267,0.0020508766174316
24,0.0001,1e-12,1e-15,SCFXM1,-inf,False,3,192,0.0036523342132568
24,0.0001,1e-12,1e-15,SCFXM2,-inf,False,3,363,0.0154366493225097
24,0.0001,1e-12,1e-15,SCFXM3,-inf,False,3,453,0.0272562503814697
24,0.0001,1e-12,1e-15,SCORPION,-1875.8517318290153,True,0,466,0.0087723731994628
24,0.0001,1e-12,1e-15,SCRS8,-inf,False,3,789,0.0359549522399902
24,0.0001,1e-12,1e-15,SCSD1,49.90948695246061,False,3,323,0.0042614936828613
24,0.0001,1e-12,1e-15,SCSD6,-50.50000007826234,True,0,630,0.0232899188995361
24,0.0001,1e-12,1e-15,SCSD8,-inf,False,3,286,0.0146796703338623
24,0.0001,1e-12,1e-15,SCTAP1,-inf,False,3,58,0.0014910697937011
24,0.0001,1e-12,1e-15,SCTAP2,-inf,False,3,96,0.0149126052856445
24,0.0001,1e-12,1e-15,SCTAP3,-inf,False,3,38,0.02309250831604
24,0.0001,1e-12,1e-15,SHARE1B,76589.31857918575,True,0,456,0.0037076473236083
24,0.0001,1e-12,1e-15,SHARE2B,415.7322407414188,True,0,210,0.0010402202606201
24,0.0001,1e-12,1e-15,SHIP04L,-1793324.5379703536,True,0,773,0.010495901107788
24,0.0001,1e-12,1e-15,SHIP04S,-1798714.7004453936,True,0,608,0.0066256523132324
24,0.0001,1e-12,1e-15,SHIP08L,-1909055.2113891335,True,0,1514,0.0440409183502197
24,0.0001,1e-12,1e-15,SHIP08S,-1920098.2105346206,True,0,1214,0.0255391597747802
24,0.0001,1e-12,1e-15,SHIP12L,-1470187.919329265,True,0,2081,0.1080179214477539
24,0.0001,1e-12,1e-15,SHIP12S,-1489236.134406127,True,0,1568,0.0550243854522705
24,0.0001,1e-12,1e-15,STOCFOR1,27393.472718621397,True,0,258,0.0018928050994873
24,0.0001,1e-12,1e-15,STOCFOR2,-inf,False,3,2818,2.1732490062713623
24,0.0001,1e-12,1e-15,STOCFOR3,-inf,False,3,5922,277.8650076389313
24,0.0001,1e-12,1e-15,TRUSS,359489.9419150482,False,3,2225,9.725052118301392
24,0.0001,1e-12,1e-15,WOOD1P,-inf,False,1,10000,1.2955012321472168
24,0.0001,1e-12,1e-15,WOODW,-inf,False,3,34,0.0360896587371826
25,1e-05,1e-08,1e-11,25FV47,-9091.89177764894,False,1,10000,15.109883308410645
25,1e-05,1e-08,1e-11,ADLITTLE,-225494.96316238047,True,0,144,0.0005877017974853
25,1e-05,1e-08,1e-11,AFIRO,464.7531428571428,True,0,30,0.0002155303955078
25,1e-05,1e-08,1e-11,AGG,36291233.286576286,True,0,612,0.0131528377532958
25,1e-05,1e-08,1e-11,AGG2,20239252.355977103,True,0,571,0.0066413879394531
25,1e-05,1e-08,1e-11,AGG3,-10312115.935089232,True,0,588,0.0096316337585449
25,1e-05,1e-08,1e-11,BANDM,158.62801845002156,True,0,1253,0.047992467880249
25,1e-05,1e-08,1e-11,BEACONFD,-33592.48580719998,True,0,210,0.002652883529663
25,1e-05,1e-08,1e-11,BLEND,30.81214984582829,True,0,148,0.0007262229919433
25,1e-05,1e-08,1e-11,BNL1,-inf,False,3,2551,0.8466253280639648
25,1e-05,1e-08,1e-11,BNL2,-inf,False,1,10000,64.21450591087341
25,1e-05,1e-08,1e-11,BRANDY,-1518.5325854360578,True,0,805,0.013662576675415
25,1e-05,1e-08,1e-11,D2Q06C,-inf,False,1,10000,92.41560363769533
25,1e-05,1e-08,1e-11,DEGEN2,1436.4949999999983,True,0,2751,0.3028137683868408
25,1e-05,1e-08,1e-11,DEGEN3,-inf,False,1,10000,41.61723518371582
25,1e-05,1e-08,1e-11,E226,18.75192906637472,True,0,737,0.0169348716735839
25,1e-05,1e-08,1e-11,FFFFF800,-inf,False,3,285,0.0138039588928222
25,1e-05,1e-08,1e-11,ISRAEL,896644.8218630484,True,0,950,0.0183131694793701
25,1e-05,1e-08,1e-11,LOTFI,25.264706061880013,True,0,264,0.002190351486206
25,1e-05,1e-08,1e-11,MAROS-R7,-1497185.1664796427,True,0,4317,57.04455256462097
25,1e-05,1e-08,1e-11,QAP12,-inf,False,3,2914,55.94754505157471
25,1e-05,1e-08,1e-11,QAP15,-inf,False,1,10000,1266.3804268836975
25,1e-05,1e-08,1e-11,QAP8,-inf,False,3,2919,5.343966245651245
25,1e-05,1e-08,1e-11,SC105,52.20206121170722,True,0,138,0.0011417865753173
25,1e-05,1e-08,1e-11,SC205,52.20206121182398,True,0,314,0.007218599319458
25,1e-05,1e-08,1e-11,SC50A,64.57507705856449,True,0,59,0.0003080368041992
25,1e-05,1e-08,1e-11,SC50B,70.0,True,0,62,0.0003252029418945
25,1e-05,1e-08,1e-11,SCAGR25,14753433.060785834,True,0,1646,0.1714673042297363
25,1e-05,1e-08,1e-11,SCAGR7,2331389.824330985,True,0,270,0.0023410320281982
25,1e-05,1e-08,1e-11,SCFXM1,-18416.75902841995,True,0,801,0.0332474708557128
25,1e-05,1e-08,1e-11,SCFXM2,-36660.26156500209,True,0,1629,0.3637995719909668
25,1e-05,1e-08,1e-11,SCFXM3,-54901.25454975151,True,0,2499,2.0717086791992188
25,1e-05,1e-08,1e-11,SCORPION,-1875.8517318290158,True,0,466,0.0087604522705078
25,1e-05,1e-08,1e-11,SCRS8,-449.41749452873216,True,0,1507,0.13456392288208
25,1e-05,1e-08,1e-11,SCSD1,-7.334363713061227,False,3,319,0.0044889450073242
25,1e-05,1e-08,1e-11,SCSD6,-50.500000078262346,True,0,663,0.0250701904296875
25,1e-05,1e-08,1e-11,SCSD8,-inf,False,3,607,0.1247568130493164
25,1e-05,1e-08,1e-11,SCTAP1,-1412.2500000000616,True,0,862,0.0348861217498779
25,1e-05,1e-08,1e-11,SCTAP2,-inf,False,3,321,0.1937184333801269
25,1e-05,1e-08,1e-11,SCTAP3,-inf,False,3,301,0.218550443649292
25,1e-05,1e-08,1e-11,SHARE1B,76589.31857918575,True,0,456,0.0037388801574707
25,1e-05,1e-08,1e-11,SHARE2B,415.732240741419,True,0,204,0.0010368824005126
25,1e-05,1e-08,1e-11,SHIP04L,-1793324.5379703536,True,0,777,0.0109875202178955
25,1e-05,1e-08,1e-11,SHIP04S,-1798714.7004453933,True,0,606,0.0065932273864746
25,1e-05,1e-08,1e-11,SHIP08L,-1909055.211389134,True,0,1518,0.0441689491271972
25,1e-05,1e-08,1e-11,SHIP08S,-1920098.2105346203,True,0,1215,0.0257411003112792
25,1e-05,1e-08,1e-11,SHIP12L,-1470187.919329265,True,0,2060,0.1062831878662109
25,1e-05,1e-08,1e-11,SHIP12S,-1489236.134406127,True,0,1568,0.0548884868621826
25,1e-05,1e-08,1e-11,STOCFOR1,41131.976219436205,True,0,259,0.0018630027770996
25,1e-05,1e-08,1e-11,STOCFOR2,39024.408537882045,True,0,4273,14.16374945640564
25,1e-05,1e-08,1e-11,STOCFOR3,-inf,False,1,10000,340.8789896965027
25,1e-05,1e-08,1e-11,TRUSS,-603838.5434547605,False,3,4899,28.138214588165283
25,1e-05,1e-08,1e-11,WOOD1P,-inf,False,3,299,0.0481209754943847
25,1e-05,1e-08,1e-11,WOODW,-inf,False,3,412,0.7853708267211914
26,1e-05,1e-08,1e-12,25FV47,-inf,False,3,6785,9.640743017196655
26,1e-05,1e-08,1e-12,ADLITTLE,-225494.96316238047,True,0,144,0.000579833984375
26,1e-05,1e-08,1e-12,AFIRO,464.7531428571428,True,0,30,0.0002138614654541
26,1e-05,1e-08,1e-12,AGG,36291233.286576286,True,0,610,0.0130307674407958
26,1e-05,1e-08,1e-12,AGG2,20239252.355977103,True,0,571,0.0066440105438232
26,1e-05,1e-08,1e-12,AGG3,-10312115.935089232,True,0,588,0.0099029541015625
26,1e-05,1e-08,1e-12,BANDM,158.62801845025237,True,0,1363,0.0535016059875488
26,1e-05,1e-08,1e-12,BEACONFD,-33592.48580719998,True,0,210,0.0026412010192871
26,1e-05,1e-08,1e-12,BLEND,30.81214984582829,True,0,148,0.0007004737854003
26,1e-05,1e-08,1e-12,BNL1,-1977.6295615229444,True,0,3872,2.046863555908203
26,1e-05,1e-08,1e-12,BNL2,-13296.25560756109,False,1,10000,63.798088788986206
26,1e-05,1e-08,1e-12,BRANDY,-inf,False,3,328,0.0062963962554931
26,1e-05,1e-08,1e-12,D2Q06C,-inf,False,3,925,0.7169737815856934
26,1e-05,1e-08,1e-12,DEGEN2,1436.4949999999976,True,0,3102,0.3195557594299316
26,1e-05,1e-08,1e-12,DEGEN3,-inf,False,1,10000,41.77031254768371
26,1e-05,1e-08,1e-12,E226,18.75192906637468,True,0,738,0.0169007778167724
26,1e-05,1e-08,1e-12,FFFFF800,-inf,False,2,1594,0.1831817626953125
26,1e-05,1e-08,1e-12,ISRAEL,896644.8218630381,True,0,913,0.0175564289093017
26,1e-05,1e-08,1e-12,LOTFI,25.264706061880016,True,0,266,0.0022261142730712
26,1e-05,1e-08,1e-12,MAROS-R7,-1497185.1664796427,True,0,4317,56.923394441604614
26,1e-05,1e-08,1e-12,QAP12,-inf,False,1,10000,360.337938785553
26,1e-05,1e-08,1e-12,QAP15,-inf,False,1,10000,1307.6906468868256
26,1e-05,1e-08,1e-12,QAP8,-inf,False,3,3505,6.449615001678467
26,1e-05,1e-08,1e-12,SC105,52.20206121170722,True,0,138,0.0011172294616699
26,1e-05,1e-08,1e-12,SC205,52.202061211805145,True,0,304,0.0065884590148925
26,1e-05,1e-08,1e-12,SC50A,64.57507705856449,True,0,59,0.0002939701080322
26,1e-05,1e-08,1e-12,SC50B,70.0,True,0,62,0.0003199577331542
26,1e-05,1e-08,1e-12,SCAGR25,8188808.501330484,False,3,1437,0.1336522102355957
26,1e-05,1e-08,1e-12,SCAGR7,2331389.824330985,True,0,270,0.0021698474884033
26,1e-05,1e-08,1e-12,SCFXM1,-18416.75902841879,True,0,845,0.0342609882354736
26,1e-05,1e-08,1e-12,SCFXM2,-36660.26156499724,True,0,1649,0.3027200698852539
26,1e-05,1e-08,1e-12,SCFXM3,-54901.25454975134,True,0,2481,1.8423528671264648
26,1e-05,1e-08,1e-12,SCORPION,-1875.8517318290158,True,0,466,0.0090081691741943
26,1e-05,1e-08,1e-12,SCRS8,-531.119254753136,True,0,1537,0.1383056640625
26,1e-05,1e-08,1e-12,SCSD1,-8.30139993795192,False,3,313,0.0043234825134277
26,1e-05,1e-08,1e-12,SCSD6,-50.500000078262346,True,0,663,0.0284218788146972
26,1e-05,1e-08,1e-12,SCSD8,-inf,False,3,609,0.1261422634124755
26,1e-05,1e-08,1e-12,SCTAP1,-1412.2500000000002,True,0,813,0.0320971012115478
26,1e-05,1e-08,1e-12,SCTAP2,-inf,False,3,302,0.1621229648590088
26,1e-05,1e-08,1e-12,SCTAP3,-inf,False,3,301,0.2195117473602295
26,1e-05,1e-08,1e-12,SHARE1B,76589.31857918575,True,0,456,0.0037181377410888
26,1e-05,1e-08,1e-12,SHARE2B,415.732240741419,True,0,204,0.0010361671447753
26,1e-05,1e-08,1e-12,SHIP04L,-1793324.5379703536,True,0,777,0.0110104084014892
26,1e-05,1e-08,1e-12,SHIP04S,-1798714.7004453933,True,0,606,0.0069227218627929
26,1e-05,1e-08,1e-12,SHIP08L,-1909055.211389134,True,0,1518,0.0441510677337646
26,1e-05,1e-08,1e-12,SHIP08S,-1920098.2105346203,True,0,1215,0.0258147716522216
26,1e-05,1e-08,1e-12,SHIP12L,-1470187.919329265,True,0,2060,0.1061081886291503
26,1e-05,1e-08,1e-12,SHIP12S,-1489236.134406127,True,0,1568,0.0551233291625976
26,1e-05,1e-08,1e-12,STOCFOR1,41131.976219436176,True,0,259,0.0018942356109619
26,1e-05,1e-08,1e-12,STOCFOR2,39024.40853788116,True,0,4272,14.147361755371094
26,1e-05,1e-08,1e-12,STOCFOR3,-inf,False,1,10000,341.8537108898163
26,1e-05,1e-08,1e-12,TRUSS,-527765.2860528495,False,1,10000,65.51584458351135
26,1e-05,1e-08,1e-12,WOOD1P,-inf,False,3,126,0.0195367336273193
26,1e-05,1e-08,1e-12,WOODW,-inf,False,3,419,0.8140089511871338
27,1e-05,1e-08,1e-13,25FV47,-inf,False,3,1976,1.931979179382324
27,1e-05,1e-08,1e-13,ADLITTLE,-225494.96316238047,True,0,144,0.000582218170166
27,1e-05,1e-08,1e-13,AFIRO,464.7531428571428,True,0,30,0.0002179145812988
27,1e-05,1e-08,1e-13,AGG,36291233.286576286,True,0,609,0.0130887031555175
27,1e-05,1e-08,1e-13,AGG2,20239252.355977103,True,0,571,0.0066626071929931
27,1e-05,1e-08,1e-13,AGG3,-10312115.935089232,True,0,588,0.0096917152404785
27,1e-05,1e-08,1e-13,BANDM,158.62801845024026,True,0,1333,0.0524666309356689
27,1e-05,1e-08,1e-13,BEACONFD,-33592.48580719998,True,0,210,0.0025742053985595
27,1e-05,1e-08,1e-13,BLEND,30.81214984582808,True,0,165,0.0007860660552978
27,1e-05,1e-08,1e-13,BNL1,-inf,False,3,4823,2.683068037033081
27,1e-05,1e-08,1e-13,BNL2,-inf,False,1,10000,64.2149887084961
27,1e-05,1e-08,1e-13,BRANDY,-1518.509896485441,True,0,780,0.0132601261138916
27,1e-05,1e-08,1e-13,D2Q06C,-inf,False,1,10000,91.477383852005
27,1e-05,1e-08,1e-13,DEGEN2,1435.1779999999994,True,0,2819,0.2943792343139648
27,1e-05,1e-08,1e-13,DEGEN3,-inf,False,1,10000,41.29709529876709
27,1e-05,1e-08,1e-13,E226,18.75192906637468,True,0,738,0.0182607173919677
27,1e-05,1e-08,1e-13,FFFFF800,-555679.5863305634,True,0,1758,0.2308170795440673
27,1e-05,1e-08,1e-13,ISRAEL,896644.8218630381,True,0,913,0.0189809799194335
27,1e-05,1e-08,1e-13,LOTFI,25.26470606188001,True,0,277,0.0025837421417236
27,1e-05,1e-08,1e-13,MAROS-R7,-1497185.1664796427,True,0,4317,56.82263231277466
27,1e-05,1e-08,1e-13,QAP12,-inf,False,3,6897,218.5764091014862
27,1e-05,1e-08,1e-13,QAP15,-inf,False,1,10000,1219.109830379486
27,1e-05,1e-08,1e-13,QAP8,-inf,False,1,10000,21.331964254379272
27,1e-05,1e-08,1e-13,SC105,52.20206121170722,True,0,139,0.0011065006256103
27,1e-05,1e-08,1e-13,SC205,52.20206121170649,True,0,322,0.0069482326507568
27,1e-05,1e-08,1e-13,SC50A,64.57507705856449,True,0,59,0.0002894401550292
27,1e-05,1e-08,1e-13,SC50B,70.0,True,0,62,0.0003077983856201
27,1e-05,1e-08,1e-13,SCAGR25,7581987.768915891,False,3,1361,0.1229045391082763
27,1e-05,1e-08,1e-13,SCAGR7,2331389.824330985,True,0,270,0.0021431446075439
27,1e-05,1e-08,1e-13,SCFXM1,-18416.759028417593,True,0,847,0.0335559844970703
27,1e-05,1e-08,1e-13,SCFXM2,-36658.66650838561,True,0,1698,0.3346188068389892
27,1e-05,1e-08,1e-13,SCFXM3,-54901.254549747006,True,0,2491,2.028205394744873
27,1e-05,1e-08,1e-13,SCORPION,-1875.8517318290158,True,0,466,0.0087988376617431
27,1e-05,1e-08,1e-13,SCRS8,-449.41749452893407,True,0,1606,0.1822588443756103
27,1e-05,1e-08,1e-13,SCSD1,-10.002010015633264,False,3,315,0.0043132305145263
27,1e-05,1e-08,1e-13,SCSD6,-50.50000007826237,True,0,708,0.0273096561431884
27,1e-05,1e-08,1e-13,SCSD8,-inf,False,3,747,0.192671537399292
27,1e-05,1e-08,1e-13,SCTAP1,-1412.249999999997,True,0,797,0.0310971736907959
27,1e-05,1e-08,1e-13,SCTAP2,-inf,False,3,394,0.3113243579864502
27,1e-05,1e-08,1e-13,SCTAP3,-inf,False,3,329,0.2704858779907226
27,1e-05,1e-08,1e-13,SHARE1B,76589.31857918575,True,0,456,0.0042858123779296
27,1e-05,1e-08,1e-13,SHARE2B,415.732240741419,True,0,204,0.0011897087097167
27,1e-05,1e-08,1e-13,SHIP04L,-1793324.5379703536,True,0,777,0.012505292892456
27,1e-05,1e-08,1e-13,SHIP04S,-1798714.7004453933,True,0,606,0.0073063373565673
27,1e-05,1e-08,1e-13,SHIP08L,-1909055.211389134,True,0,1518,0.0490899085998535
27,1e-05,1e-08,1e-13,SHIP08S,-1920098.2105346203,True,0,1215,0.0286304950714111
27,1e-05,1e-08,1e-13,SHIP12L,-1470187.919329265,True,0,2060,0.1182529926300048
27,1e-05,1e-08,1e-13,SHIP12S,-1489236.134406127,True,0,1568,0.0608696937561035
27,1e-05,1e-08,1e-13,STOCFOR1,41131.97621943616,True,0,259,0.0021507740020751
27,1e-05,1e-08,1e-13,STOCFOR2,39024.40853788207,True,0,4250,13.995206356048584
27,1e-05,1e-08,1e-13,STOCFOR3,-inf,False,1,10000,340.9296386241913
27,1e-05,1e-08,1e-13,TRUSS,-549209.9425360082,False,3,7263,45.003634214401245
27,1e-05,1e-08,1e-13,WOOD1P,-inf,False,3,130,0.0215821266174316
27,1e-05,1e-08,1e-13,WOODW,-inf,False,3,452,0.9093353748321532
28,1e-05,1e-08,1e-14,25FV47,-inf,False,1,10000,15.115466594696043
28,1e-05,1e-08,1e-14,ADLITTLE,-225494.96316238047,True,0,144,0.0005879402160644
28,1e-05,1e-08,1e-14,AFIRO,464.7531428571428,True,0,30,0.0002167224884033
28,1e-05,1e-08,1e-14,AGG,36291233.286576286,True,0,609,0.013068675994873
28,1e-05,1e-08,1e-14,AGG2,20239252.355977103,True,0,571,0.0069453716278076
28,1e-05,1e-08,1e-14,AGG3,-10312115.935089232,True,0,588,0.0097754001617431
28,1e-05,1e-08,1e-14,BANDM,158.6280184499312,True,0,1261,0.0498535633087158
28,1e-05,1e-08,1e-14,BEACONFD,-33592.48580719996,True,0,212,0.0025851726531982
28,1e-05,1e-08,1e-14,BLEND,30.81214984582823,True,0,161,0.0007619857788085
28,1e-05,1e-08,1e-14,BNL1,-inf,False,3,1305,0.2586238384246826
28,1e-05,1e-08,1e-14,BNL2,-7058.577107619767,False,1,10000,63.872726917266846
28,1e-05,1e-08,1e-14,BRANDY,-1518.5098964881197,True,0,647,0.0115621089935302
28,1e-05,1e-08,1e-14,D2Q06C,-inf,False,1,10000,90.03783249855042
28,1e-05,1e-08,1e-14,DEGEN2,1435.1779999999806,True,0,3022,0.3059864044189453
28,1e-05,1e-08,1e-14,DEGEN3,-inf,False,1,10000,41.321770429611206
28,1e-05,1e-08,1e-14,E226,18.75192906621691,True,0,840,0.0199232101440429
28,1e-05,1e-08,1e-14,FFFFF800,-555679.586329885,True,0,1882,0.2324075698852539
28,1e-05,1e-08,1e-14,ISRAEL,896644.8218630381,True,0,913,0.0176777839660644
28,1e-05,1e-08,1e-14,LOTFI,25.26470606188001,True,0,277,0.0023987293243408
28,1e-05,1e-08,1e-14,MAROS-R7,-1497185.1664796427,True,0,4317,56.99980473518371
28,1e-05,1e-08,1e-14,QAP12,-inf,False,1,10000,350.85168409347534
28,1e-05,1e-08,1e-14,QAP15,-inf,False,3,7765,907.3552005290984
28,1e-05,1e-08,1e-14,QAP8,-inf,False,3,2785,5.211201190948486
28,1e-05,1e-08,1e-14,SC105,52.20206121170724,True,0,134,0.0011398792266845
28,1e-05,1e-08,1e-14,SC205,52.2020612117079,True,0,325,0.0078270435333251
28,1e-05,1e-08,1e-14,SC50A,64.57507705856449,True,0,59,0.0003213882446289
28,1e-05,1e-08,1e-14,SC50B,70.0,True,0,62,0.0003333091735839
28,1e-05,1e-08,1e-14,SCAGR25,14768933.729826925,True,0,1379,0.1423685550689697
28,1e-05,1e-08,1e-14,SCAGR7,2331389.8243309762,True,0,250,0.002112865447998
28,1e-05,1e-08,1e-14,SCFXM1,-18416.759028346125,True,0,896,0.0400478839874267
28,1e-05,1e-08,1e-14,SCFXM2,-36660.26156499932,True,0,1747,0.3616070747375488
28,1e-05,1e-08,1e-14,SCFXM3,-54901.254549742924,True,0,2510,2.0555596351623535
28,1e-05,1e-08,1e-14,SCORPION,-1875.8517318290155,True,0,466,0.0095882415771484
28,1e-05,1e-08,1e-14,SCRS8,-536.9613499483563,True,0,1437,0.1368265151977539
28,1e-05,1e-08,1e-14,SCSD1,-34.45019632727147,False,3,314,0.0044398307800292
28,1e-05,1e-08,1e-14,SCSD6,-50.500000078262325,True,0,809,0.0333874225616455
28,1e-05,1e-08,1e-14,SCSD8,-inf,False,3,1843,0.9369430541992188
28,1e-05,1e-08,1e-14,SCTAP1,-1412.2499999999982,True,0,875,0.0344672203063964
28,1e-05,1e-08,1e-14,SCTAP2,-inf,False,1,10000,26.370285987854004
28,1e-05,1e-08,1e-14,SCTAP3,-inf,False,3,244,0.1421473026275634
28,1e-05,1e-08,1e-14,SHARE1B,76589.31857918575,True,0,456,0.0037832260131835
28,1e-05,1e-08,1e-14,SHARE2B,415.732240741419,True,0,203,0.0010461807250976
28,1e-05,1e-08,1e-14,SHIP04L,-1793324.5379703536,True,0,775,0.010915994644165
28,1e-05,1e-08,1e-14,SHIP04S,-1798714.7004453933,True,0,606,0.0065064430236816
28,1e-05,1e-08,1e-14,SHIP08L,-1909055.211389134,True,0,1518,0.0443994998931884
28,1e-05,1e-08,1e-14,SHIP08S,-1920098.2105346203,True,0,1215,0.0259532928466796
28,1e-05,1e-08,1e-14,SHIP12L,-1470187.919329265,True,0,2060,0.1069591045379638
28,1e-05,1e-08,1e-14,SHIP12S,-1489236.134406127,True,0,1569,0.0557999610900878
28,1e-05,1e-08,1e-14,STOCFOR1,41131.976219436154,True,0,260,0.0019130706787109
28,1e-05,1e-08,1e-14,STOCFOR2,39024.408537882206,True,0,4225,13.822531461715698
28,1e-05,1e-08,1e-14,STOCFOR3,-inf,False,1,10000,354.7860996723175
28,1e-05,1e-08,1e-14,TRUSS,-483206.8293941396,False,1,10000,65.54332876205444
28,1e-05,1e-08,1e-14,WOOD1P,-inf,False,1,10000,1.7408812046051023
28,1e-05,1e-08,1e-14,WOODW,-inf,False,3,460,0.9431536197662354
29,1e-05,1e-08,1e-15,25FV47,-inf,False,1,10000,14.20566701889038
29,1e-05,1e-08,1e-15,ADLITTLE,-225494.96316238047,True,0,144,0.0006287097930908
29,1e-05,1e-08,1e-15,AFIRO,464.7531428571428,True,0,30,0.0002174377441406
29,1e-05,1e-08,1e-15,AGG,36291233.286576286,True,0,609,0.0126788616180419
29,1e-05,1e-08,1e-15,AGG2,20239252.355977103,True,0,572,0.0066075325012207
29,1e-05,1e-08,1e-15,AGG3,-10312115.935089232,True,0,588,0.0096583366394042
29,1e-05,1e-08,1e-15,BANDM,-inf,False,1,10000,0.4722254276275635
29,1e-05,1e-08,1e-15,BEACONFD,-33592.48580719996,True,0,212,0.0025742053985595
29,1e-05,1e-08,1e-15,BLEND,30.81214984582805,True,0,180,0.0008378028869628
29,1e-05,1e-08,1e-15,BNL1,-inf,False,1,10000,7.819472074508667
29,1e-05,1e-08,1e-15,BNL2,-14709.029239367563,False,1,10000,64.05672812461853
29,1e-05,1e-08,1e-15,BRANDY,-1518.5098964880663,True,0,704,0.0114521980285644
29,1e-05,1e-08,1e-15,D2Q06C,-inf,False,3,1548,3.024034023284912
29,1e-05,1e-08,1e-15,DEGEN2,1435.1779999999912,True,0,2594,0.2568938732147217
29,1e-05,1e-08,1e-15,DEGEN3,-inf,False,1,10000,41.53088641166687
29,1e-05,1e-08,1e-15,E226,18.751929066345806,True,0,785,0.0186679363250732
29,1e-05,1e-08,1e-15,FFFFF800,-inf,False,3,714,0.0597224235534668
29,1e-05,1e-08,1e-15,ISRAEL,896644.8218630381,True,0,913,0.0177962779998779
29,1e-05,1e-08,1e-15,LOTFI,25.26470606188001,True,0,271,0.0023553371429443
29,1e-05,1e-08,1e-15,MAROS-R7,-1497185.1664796427,True,0,4317,57.148356676101685
29,1e-05,1e-08,1e-15,QAP12,-inf,False,3,6902,224.3277633190155
29,1e-05,1e-08,1e-15,QAP15,-inf,False,3,4559,333.0113904476166
29,1e-05,1e-08,1e-15,QAP8,-inf,False,1,10000,18.753084897994995
29,1e-05,1e-08,1e-15,SC105,52.2020612117072,True,0,131,0.0010275840759277
29,1e-05,1e-08,1e-15,SC205,52.20206121167227,True,0,274,0.005603551864624
29,1e-05,1e-08,1e-15,SC50A,64.57507705856449,True,0,59,0.0002999305725097
29,1e-05,1e-08,1e-15,SC50B,70.0,True,0,62,0.0003042221069335
29,1e-05,1e-08,1e-15,SCAGR25,14753503.684825294,True,0,1526,0.1546883583068847
29,1e-05,1e-08,1e-15,SCAGR7,2331389.8243310177,True,0,267,0.002079963684082
29,1e-05,1e-08,1e-15,SCFXM1,-18416.759028350636,True,0,749,0.0275416374206542
29,1e-05,1e-08,1e-15,SCFXM2,-36660.26156499945,True,0,1567,0.2635588645935058
29,1e-05,1e-08,1e-15,SCFXM3,-54901.253049592815,True,0,2406,1.8766884803771973
29,1e-05,1e-08,1e-15,SCORPION,-1875.8517318290153,True,0,466,0.0087575912475585
29,1e-05,1e-08,1e-15,SCRS8,-391.6472105614773,True,0,1473,0.1402089595794677
29,1e-05,1e-08,1e-15,SCSD1,-8.666666761733735,True,0,1525,0.0210781097412109
29,1e-05,1e-08,1e-15,SCSD6,-50.50000007826234,True,0,630,0.023378849029541
29,1e-05,1e-08,1e-15,SCSD8,-inf,False,3,1171,0.4617009162902832
29,1e-05,1e-08,1e-15,SCTAP1,-1412.2499999999889,True,0,810,0.0294296741485595
29,1e-05,1e-08,1e-15,SCTAP2,-inf,False,1,10000,26.93047881126404
29,1e-05,1e-08,1e-15,SCTAP3,-inf,False,3,1131,3.12270450592041
29,1e-05,1e-08,1e-15,SHARE1B,76589.31857918575,True,0,456,0.0037600994110107
29,1e-05,1e-08,1e-15,SHARE2B,415.7322407414188,True,0,210,0.0010600090026855
29,1e-05,1e-08,1e-15,SHIP04L,-1793324.5379703536,True,0,773,0.0105466842651367
29,1e-05,1e-08,1e-15,SHIP04S,-1798714.7004453936,True,0,608,0.0065820217132568
29,1e-05,1e-08,1e-15,SHIP08L,-1909055.2113891335,True,0,1514,0.044051170349121
29,1e-05,1e-08,1e-15,SHIP08S,-1920098.2105346206,True,0,1214,0.0256674289703369
29,1e-05,1e-08,1e-15,SHIP12L,-1470187.919329265,True,0,2081,0.108346939086914
29,1e-05,1e-08,1e-15,SHIP12S,-1489236.134406127,True,0,1568,0.0549981594085693
29,1e-05,1e-08,1e-15,STOCFOR1,41131.97621943676,True,0,268,0.0020475387573242
29,1e-05,1e-08,1e-15,STOCFOR2,39024.40853785458,True,0,4240,14.097207307815552
29,1e-05,1e-08,1e-15,STOCFOR3,-inf,False,3,9980,456.44111943244934
29,1e-05,1e-08,1e-15,TRUSS,-569170.4028077268,False,1,10000,65.84734153747559
29,1e-05,1e-08,1e-15,WOOD1P,-inf,False,3,451,0.0640344619750976
29,1e-05,1e-08,1e-15,WOODW,-inf,False,1,10000,56.4929633140564
30,1e-05,1e-09,1e-11,25FV47,-inf,False,3,1953,1.876964092254639
30,1e-05,1e-09,1e-11,ADLITTLE,-225494.96316238047,True,0,144,0.0005788803100585
30,1e-05,1e-09,1e-11,AFIRO,464.7531428571428,True,0,30,0.0002200603485107
30,1e-05,1e-09,1e-11,AGG,36291233.286576286,True,0,612,0.0127506256103515
30,1e-05,1e-09,1e-11,AGG2,20239252.355977103,True,0,571,0.0065834522247314
30,1e-05,1e-09,1e-11,AGG3,-10312115.935089232,True,0,588,0.0096557140350341
30,1e-05,1e-09,1e-11,BANDM,158.62801845002156,True,0,1253,0.0482685565948486
30,1e-05,1e-09,1e-11,BEACONFD,-33592.48580719998,True,0,210,0.0026710033416748
30,1e-05,1e-09,1e-11,BLEND,30.81214984582829,True,0,148,0.0007126331329345
30,1e-05,1e-09,1e-11,BNL1,-inf,False,3,2454,0.7729172706604004
30,1e-05,1e-09,1e-11,BNL2,-inf,False,3,9798,62.36584234237671
30,1e-05,1e-09,1e-11,BRANDY,-inf,False,3,125,0.0023620128631591
30,1e-05,1e-09,1e-11,D2Q06C,-inf,False,3,1590,4.029492378234863
30,1e-05,1e-09,1e-11,DEGEN2,1436.4949999999983,True,0,2751,0.2898406982421875
30,1e-05,1e-09,1e-11,DEGEN3,-inf,False,1,10000,41.55827522277832
30,1e-05,1e-09,1e-11,E226,18.75192906637472,True,0,737,0.0170235633850097
30,1e-05,1e-09,1e-11,FFFFF800,-inf,False,3,285,0.0140388011932373
30,1e-05,1e-09,1e-11,ISRAEL,896644.8218630484,True,0,950,0.0184054374694824
30,1e-05,1e-09,1e-11,LOTFI,25.264706061880013,True,0,264,0.0022072792053222
30,1e-05,1e-09,1e-11,MAROS-R7,-1497185.1664796427,True,0,4317,56.97866439819336
30,1e-05,1e-09,1e-11,QAP12,-inf,False,3,2914,55.75712895393371
30,1e-05,1e-09,1e-11,QAP15,-inf,False,3,9144,1133.7025504112244
30,1e-05,1e-09,1e-11,QAP8,-inf,False,3,1895,3.270681142807007
30,1e-05,1e-09,1e-11,SC105,52.20206121170722,True,0,138,0.0011458396911621
30,1e-05,1e-09,1e-11,SC205,52.20206121182398,True,0,314,0.0071451663970947
30,1e-05,1e-09,1e-11,SC50A,64.57507705856449,True,0,59,0.0003345012664794
30,1e-05,1e-09,1e-11,SC50B,70.0,True,0,62,0.0003306865692138
30,1e-05,1e-09,1e-11,SCAGR25,14753433.060785834,True,0,1646,0.1700277328491211
30,1e-05,1e-09,1e-11,SCAGR7,2331389.824330985,True,0,270,0.0023541450500488
30,1e-05,1e-09,1e-11,SCFXM1,-18416.75902841995,True,0,801,0.0330994129180908
30,1e-05,1e-09,1e-11,SCFXM2,-36660.26156500209,True,0,1629,0.3625483512878418
30,1e-05,1e-09,1e-11,SCFXM3,-inf,False,3,791,0.0560755729675293
30,1e-05,1e-09,1e-11,SCORPION,-1875.8517318290158,True,0,466,0.0094189643859863
30,1e-05,1e-09,1e-11,SCRS8,-449.41749452873216,True,0,1507,0.143071174621582
30,1e-05,1e-09,1e-11,SCSD1,-0.928966462411952,False,3,309,0.0045840740203857
30,1e-05,1e-09,1e-11,SCSD6,-49.09175484469489,False,3,595,0.023404836654663
30,1e-05,1e-09,1e-11,SCSD8,-inf,False,3,279,0.0146605968475341
30,1e-05,1e-09,1e-11,SCTAP1,-1412.2500000000616,True,0,862,0.0379190444946289
30,1e-05,1e-09,1e-11,SCTAP2,-inf,False,3,299,0.1626510620117187
30,1e-05,1e-09,1e-11,SCTAP3,-inf,False,3,296,0.2125160694122314
30,1e-05,1e-09,1e-11,SHARE1B,76589.31857918575,True,0,456,0.0040385723114013
30,1e-05,1e-09,1e-11,SHARE2B,415.732240741419,True,0,204,0.0011310577392578
30,1e-05,1e-09,1e-11,SHIP04L,-1793324.5379703536,True,0,777,0.0117793083190917
30,1e-05,1e-09,1e-11,SHIP04S,-1798714.7004453933,True,0,606,0.0068325996398925
30,1e-05,1e-09,1e-11,SHIP08L,-1909055.211389134,True,0,1518,0.0465176105499267
30,1e-05,1e-09,1e-11,SHIP08S,-1920098.2105346203,True,0,1215,0.027172565460205
30,1e-05,1e-09,1e-11,SHIP12L,-1470187.919329265,True,0,2060,0.1120243072509765
30,1e-05,1e-09,1e-11,SHIP12S,-1489236.134406127,True,0,1568,0.0578558444976806
30,1e-05,1e-09,1e-11,STOCFOR1,41131.976219436205,True,0,259,0.0020046234130859
30,1e-05,1e-09,1e-11,STOCFOR2,39024.408537882045,True,0,4273,14.168359518051147
30,1e-05,1e-09,1e-11,STOCFOR3,-inf,False,1,10000,340.12694907188416
30,1e-05,1e-09,1e-11,TRUSS,-667469.4557641365,False,3,3406,17.43075919151306
30,1e-05,1e-09,1e-11,WOOD1P,-inf,False,3,115,0.018498420715332
30,1e-05,1e-09,1e-11,WOODW,-inf,False,3,415,0.8014540672302246
31,1e-05,1e-09,1e-12,25FV47,-inf,False,3,9419,14.10891079902649
31,1e-05,1e-09,1e-12,ADLITTLE,-225494.96316238047,True,0,144,0.000629186630249
31,1e-05,1e-09,1e-12,AFIRO,464.7531428571428,True,0,30,0.0002374649047851
31,1e-05,1e-09,1e-12,AGG,36291233.286576286,True,0,610,0.0134088993072509
31,1e-05,1e-09,1e-12,AGG2,20239252.355977103,True,0,571,0.0069265365600585
31,1e-05,1e-09,1e-12,AGG3,-10312115.935089232,True,0,588,0.0101406574249267
31,1e-05,1e-09,1e-12,BANDM,158.62801845025237,True,0,1363,0.0556979179382324
31,1e-05,1e-09,1e-12,BEACONFD,-33592.48580719998,True,0,210,0.0026683807373046
31,1e-05,1e-09,1e-12,BLEND,30.81214984582829,True,0,148,0.0007417201995849
31,1e-05,1e-09,1e-12,BNL1,-inf,False,3,1463,0.3275790214538574
31,1e-05,1e-09,1e-12,BNL2,-13296.25560756109,False,1,10000,63.74429225921631
31,1e-05,1e-09,1e-12,BRANDY,-1534.358932919214,True,0,992,0.0174872875213623
31,1e-05,1e-09,1e-12,D2Q06C,-inf,False,3,924,0.7121841907501221
31,1e-05,1e-09,1e-12,DEGEN2,1436.4949999999976,True,0,3102,0.3261396884918213
31,1e-05,1e-09,1e-12,DEGEN3,-inf,False,1,10000,41.45766735076904
31,1e-05,1e-09,1e-12,E226,18.75192906637468,True,0,738,0.0173168182373046
31,1e-05,1e-09,1e-12,FFFFF800,-520039.494139965,True,0,2041,0.268831729888916
31,1e-05,1e-09,1e-12,ISRAEL,896644.8218630381,True,0,913,0.0178282260894775
31,1e-05,1e-09,1e-12,LOTFI,25.264706061880016,True,0,266,0.0022532939910888
31,1e-05,1e-09,1e-12,MAROS-R7,-1497185.1664796427,True,0,4317,57.05730724334717
31,1e-05,1e-09,1e-12,QAP12,-inf,False,3,3191,65.90445566177368
31,1e-05,1e-09,1e-12,QAP15,-inf,False,1,10000,1487.9233713150024
31,1e-05,1e-09,1e-12,QAP8,-inf,False,3,2961,5.487352609634399
31,1e-05,1e-09,1e-12,SC105,52.20206121170722,True,0,138,0.0011200904846191
31,1e-05,1e-09,1e-12,SC205,52.202061211805145,True,0,304,0.0069227218627929
31,1e-05,1e-09,1e-12,SC50A,64.57507705856449,True,0,59,0.0003168582916259
31,1e-05,1e-09,1e-12,SC50B,70.0,True,0,62,0.0003304481506347
31,1e-05,1e-09,1e-12,SCAGR25,-inf,False,3,1308,0.1218171119689941
31,1e-05,1e-09,1e-12,SCAGR7,2331389.824330985,True,0,270,0.002171516418457
31,1e-05,1e-09,1e-12,SCFXM1,-18416.75902841879,True,0,845,0.0337607860565185
31,1e-05,1e-09,1e-12,SCFXM2,-36660.26156499734,True,0,1665,0.30206298828125
31,1e-05,1e-09,1e-12,SCFXM3,-inf,False,3,850,0.0587177276611328
31,1e-05,1e-09,1e-12,SCORPION,-1875.8517318290158,True,0,466,0.0087649822235107
31,1e-05,1e-09,1e-12,SCRS8,-531.119254753136,True,0,1537,0.1414752006530761
31,1e-05,1e-09,1e-12,SCSD1,-22.29596177881853,False,3,295,0.0040385723114013
31,1e-05,1e-09,1e-12,SCSD6,-49.09175484469489,False,3,595,0.0219945907592773
31,1e-05,1e-09,1e-12,SCSD8,-inf,False,3,279,0.0140020847320556
31,1e-05,1e-09,1e-12,SCTAP1,-1412.2500000000002,True,0,813,0.0323047637939453
31,1e-05,1e-09,1e-12,SCTAP2,-inf,False,3,363,0.2660081386566162
31,1e-05,1e-09,1e-12,SCTAP3,-inf,False,3,1024,2.6224842071533203
31,1e-05,1e-09,1e-12,SHARE1B,76589.31857918575,True,0,456,0.0037426948547363
31,1e-05,1e-09,1e-12,SHARE2B,415.732240741419,True,0,204,0.0011281967163085
31,1e-05,1e-09,1e-12,SHIP04L,-1793324.5379703536,True,0,777,0.0111370086669921
31,1e-05,1e-09,1e-12,SHIP04S,-1798714.7004453933,True,0,606,0.006622314453125
31,1e-05,1e-09,1e-12,SHIP08L,-1909055.211389134,True,0,1518,0.0444412231445312
31,1e-05,1e-09,1e-12,SHIP08S,-1920098.2105346203,True,0,1215,0.0260021686553955
31,1e-05,1e-09,1e-12,SHIP12L,-1470187.919329265,True,0,2060,0.1067197322845459
31,1e-05,1e-09,1e-12,SHIP12S,-1489236.134406127,True,0,1568,0.0552432537078857
31,1e-05,1e-09,1e-12,STOCFOR1,41131.976219436176,True,0,259,0.001854658126831
31,1e-05,1e-09,1e-12,STOCFOR2,39024.40853788116,True,0,4272,14.12587833404541
31,1e-05,1e-09,1e-12,STOCFOR3,-inf,False,1,10000,340.8120038509369
31,1e-05,1e-09,1e-12,TRUSS,-646608.3180666434,False,3,7288,45.71071124076843
31,1e-05,1e-09,1e-12,WOOD1P,-inf,False,3,137,0.0242204666137695
31,1e-05,1e-09,1e-12,WOODW,-inf,False,3,417,0.8252966403961182
32,1e-05,1e-09,1e-13,25FV47,-inf,False,3,1976,1.9441838264465332
32,1e-05,1e-09,1e-13,ADLITTLE,-225494.96316238047,True,0,144,0.0005838871002197
32,1e-05,1e-09,1e-13,AFIRO,464.7531428571428,True,0,30,0.000218391418457
32,1e-05,1e-09,1e-13,AGG,36291233.286576286,True,0,609,0.013035774230957
32,1e-05,1e-09,1e-13,AGG2,20239252.355977103,True,0,571,0.0066437721252441
32,1e-05,1e-09,1e-13,AGG3,-10312115.935089232,True,0,588,0.0096392631530761
32,1e-05,1e-09,1e-13,BANDM,158.62801845024026,True,0,1333,0.0523426532745361
32,1e-05,1e-09,1e-13,BEACONFD,-33592.48580719998,True,0,210,0.0025691986083984
32,1e-05,1e-09,1e-13,BLEND,30.81214984582808,True,0,165,0.0007779598236083
32,1e-05,1e-09,1e-13,BNL1,-inf,False,3,1936,0.5740921497344971
32,1e-05,1e-09,1e-13,BNL2,-inf,False,1,10000,64.24536561965942
32,1e-05,1e-09,1e-13,BRANDY,-1518.509896485441,True,0,780,0.0135762691497802
32,1e-05,1e-09,1e-13,D2Q06C,-inf,False,3,7915,67.10053753852844
32,1e-05,1e-09,1e-13,DEGEN2,1435.1779999999994,True,0,2819,0.3145229816436767
32,1e-05,1e-09,1e-13,DEGEN3,-inf,False,1,10000,41.28452157974243
32,1e-05,1e-09,1e-13,E226,18.75192906637468,True,0,738,0.0171926021575927
32,1e-05,1e-09,1e-13,FFFFF800,-555679.5863305634,True,0,1758,0.2199518680572509
32,1e-05,1e-09,1e-13,ISRAEL,896644.8218630381,True,0,913,0.0177595615386962
32,1e-05,1e-09,1e-13,LOTFI,25.26470606188001,True,0,277,0.0024194717407226
32,1e-05,1e-09,1e-13,MAROS-R7,-1497185.1664796427,True,0,4317,57.150150537490845
32,1e-05,1e-09,1e-13,QAP12,-inf,False,1,10000,318.5518853664398
32,1e-05,1e-09,1e-13,QAP15,-inf,False,1,10000,1204.5380125045776
32,1e-05,1e-09,1e-13,QAP8,-inf,False,1,10000,21.372323989868164
32,1e-05,1e-09,1e-13,SC105,52.20206121170722,True,0,139,0.0011570453643798
32,1e-05,1e-09,1e-13,SC205,52.20206121170649,True,0,322,0.0074620246887207
32,1e-05,1e-09,1e-13,SC50A,64.57507705856449,True,0,59,0.0003104209899902
32,1e-05,1e-09,1e-13,SC50B,70.0,True,0,62,0.0003397464752197
32,1e-05,1e-09,1e-13,SCAGR25,7468360.822388588,False,3,1371,0.131019115447998
32,1e-05,1e-09,1e-13,SCAGR7,2331389.824330985,True,0,270,0.0023162364959716
32,1e-05,1e-09,1e-13,SCFXM1,-18416.759028417593,True,0,847,0.0352756977081298
32,1e-05,1e-09,1e-13,SCFXM2,-36660.26156499842,True,0,1672,0.3142538070678711
32,1e-05,1e-09,1e-13,SCFXM3,-54901.254549747006,True,0,2491,2.043752431869507
32,1e-05,1e-09,1e-13,SCORPION,-1875.8517318290158,True,0,466,0.0092682838439941
32,1e-05,1e-09,1e-13,SCRS8,-449.41749452893407,True,0,1606,0.183741807937622
32,1e-05,1e-09,1e-13,SCSD1,-8.268599959462673,False,3,316,0.0043511390686035
32,1e-05,1e-09,1e-13,SCSD6,-50.50000007826237,True,0,708,0.0273354053497314
32,1e-05,1e-09,1e-13,SCSD8,-inf,False,3,279,0.0139453411102294
32,1e-05,1e-09,1e-13,SCTAP1,-1412.249999999997,True,0,797,0.0313189029693603
32,1e-05,1e-09,1e-13,SCTAP2,-inf,False,3,295,0.1481001377105713
32,1e-05,1e-09,1e-13,SCTAP3,-inf,False,3,281,0.1990864276885986
32,1e-05,1e-09,1e-13,SHARE1B,76589.31857918575,True,0,456,0.0037295818328857
32,1e-05,1e-09,1e-13,SHARE2B,415.732240741419,True,0,204,0.0010294914245605
32,1e-05,1e-09,1e-13,SHIP04L,-1793324.5379703536,True,0,777,0.0109963417053222
32,1e-05,1e-09,1e-13,SHIP04S,-1798714.7004453933,True,0,606,0.0064618587493896
32,1e-05,1e-09,1e-13,SHIP08L,-1909055.211389134,True,0,1518,0.0440244674682617
32,1e-05,1e-09,1e-13,SHIP08S,-1920098.2105346203,True,0,1215,0.0258219242095947
32,1e-05,1e-09,1e-13,SHIP12L,-1470187.919329265,True,0,2060,0.1063253879547119
32,1e-05,1e-09,1e-13,SHIP12S,-1489236.134406127,True,0,1568,0.0548439025878906
32,1e-05,1e-09,1e-13,STOCFOR1,41131.97621943616,True,0,259,0.0018413066864013
32,1e-05,1e-09,1e-13,STOCFOR2,39024.40853788207,True,0,4250,13.928564548492432
32,1e-05,1e-09,1e-13,STOCFOR3,-inf,False,1,10000,340.0797345638275
32,1e-05,1e-09,1e-13,TRUSS,-532188.0225820205,False,1,10000,64.77672696113586
32,1e-05,1e-09,1e-13,WOOD1P,-inf,False,3,139,0.0235421657562255
32,1e-05,1e-09,1e-13,WOODW,-inf,False,3,413,0.7967727184295654
33,1e-05,1e-09,1e-14,25FV47,-inf,False,3,3101,3.6781487464904785
33,1e-05,1e-09,1e-14,ADLITTLE,-225494.96316238047,True,0,144,0.0005853176116943
33,1e-05,1e-09,1e-14,AFIRO,464.7531428571428,True,0,30,0.0002217292785644
33,1e-05,1e-09,1e-14,AGG,36291233.286576286,True,0,609,0.0130596160888671
33,1e-05,1e-09,1e-14,AGG2,20239252.355977103,True,0,571,0.0070602893829345
33,1e-05,1e-09,1e-14,AGG3,-10312115.935089232,True,0,588,0.0097973346710205
33,1e-05,1e-09,1e-14,BANDM,158.6280184499312,True,0,1261,0.0502433776855468
33,1e-05,1e-09,1e-14,BEACONFD,-33592.48580719996,True,0,212,0.0025913715362548
33,1e-05,1e-09,1e-14,BLEND,30.81214984582823,True,0,161,0.0007767677307128
33,1e-05,1e-09,1e-14,BNL1,-inf,False,3,1780,0.4655261039733886
33,1e-05,1e-09,1e-14,BNL2,-inf,False,1,10000,64.69240307807922
33,1e-05,1e-09,1e-14,BRANDY,-1518.5098964881197,True,0,647,0.0106141567230224
33,1e-05,1e-09,1e-14,D2Q06C,-inf,False,3,1461,2.5612716674804688
33,1e-05,1e-09,1e-14,DEGEN2,1435.1779999999806,True,0,3022,0.3034713268280029
33,1e-05,1e-09,1e-14,DEGEN3,-inf,False,1,10000,41.290189027786255
33,1e-05,1e-09,1e-14,E226,18.75192906621691,True,0,840,0.0202317237854003
33,1e-05,1e-09,1e-14,FFFFF800,-inf,False,3,1290,0.1260583400726318
33,1e-05,1e-09,1e-14,ISRAEL,896644.8218630381,True,0,913,0.0176947116851806
33,1e-05,1e-09,1e-14,LOTFI,25.26470606188001,True,0,277,0.0024125576019287
33,1e-05,1e-09,1e-14,MAROS-R7,-1497185.1664796427,True,0,4317,56.73311400413513
33,1e-05,1e-09,1e-14,QAP12,-inf,False,3,7107,244.22406482696533
33,1e-05,1e-09,1e-14,QAP15,-inf,False,3,2780,73.88235211372375
33,1e-05,1e-09,1e-14,QAP8,-inf,False,3,2785,5.174513101577759
33,1e-05,1e-09,1e-14,SC105,52.20206121170724,True,0,134,0.0010638236999511
33,1e-05,1e-09,1e-14,SC205,52.2020612117079,True,0,325,0.0070390701293945
33,1e-05,1e-09,1e-14,SC50A,64.57507705856449,True,0,59,0.0002992153167724
33,1e-05,1e-09,1e-14,SC50B,70.0,True,0,62,0.0003190040588378
33,1e-05,1e-09,1e-14,SCAGR25,14768933.729826925,True,0,1379,0.1308839321136474
33,1e-05,1e-09,1e-14,SCAGR7,2331389.8243309762,True,0,250,0.0019586086273193
33,1e-05,1e-09,1e-14,SCFXM1,-18416.759028346125,True,0,896,0.0365452766418457
33,1e-05,1e-09,1e-14,SCFXM2,-36660.26156506932,True,0,1720,0.3258066177368164
33,1e-05,1e-09,1e-14,SCFXM3,-54901.254549742924,True,0,2510,2.021178722381592
33,1e-05,1e-09,1e-14,SCORPION,-1875.8517318290155,True,0,466,0.008829116821289
33,1e-05,1e-09,1e-14,SCRS8,-536.9613499483563,True,0,1437,0.1333069801330566
33,1e-05,1e-09,1e-14,SCSD1,86.44873014138389,False,3,476,0.0065634250640869
33,1e-05,1e-09,1e-14,SCSD6,-42.67621507068471,False,3,778,0.0308046340942382
33,1e-05,1e-09,1e-14,SCSD8,-inf,False,3,286,0.0147016048431396
33,1e-05,1e-09,1e-14,SCTAP1,-1412.2499999999982,True,0,875,0.0347750186920166
33,1e-05,1e-09,1e-14,SCTAP2,-inf,False,3,137,0.0256783962249755
33,1e-05,1e-09,1e-14,SCTAP3,-inf,False,3,244,0.1414330005645752
33,1e-05,1e-09,1e-14,SHARE1B,76589.31857918575,True,0,456,0.0037856101989746
33,1e-05,1e-09,1e-14,SHARE2B,415.732240741419,True,0,203,0.0010287761688232
33,1e-05,1e-09,1e-14,SHIP04L,-1793324.5379703536,True,0,775,0.0109035968780517
33,1e-05,1e-09,1e-14,SHIP04S,-1798714.7004453933,True,0,606,0.0065486431121826
33,1e-05,1e-09,1e-14,SHIP08L,-1909055.211389134,True,0,1518,0.0440719127655029
33,1e-05,1e-09,1e-14,SHIP08S,-1920098.2105346203,True,0,1215,0.0258269309997558
33,1e-05,1e-09,1e-14,SHIP12L,-1470187.919329265,True,0,2060,0.1063623428344726
33,1e-05,1e-09,1e-14,SHIP12S,-1489236.134406127,True,0,1569,0.0549902915954589
33,1e-05,1e-09,1e-14,STOCFOR1,41131.976219436154,True,0,260,0.0018467903137207
33,1e-05,1e-09,1e-14,STOCFOR2,39024.408537882206,True,0,4225,13.823307752609251
33,1e-05,1e-09,1e-14,STOCFOR3,-inf,False,1,10000,352.40873551368713
33,1e-05,1e-09,1e-14,TRUSS,-483206.8293941396,False,1,10000,65.47499823570251
33,1e-05,1e-09,1e-14,WOOD1P,-inf,False,3,1603,0.2077538967132568
33,1e-05,1e-09,1e-14,WOODW,-inf,False,3,415,0.7904009819030762
34,1e-05,1e-09,1e-15,25FV47,-inf,False,3,3836,3.2534120082855225
34,1e-05,1e-09,1e-15,ADLITTLE,-225494.96316238047,True,0,144,0.0005879402160644
34,1e-05,1e-09,1e-15,AFIRO,464.7531428571428,True,0,30,0.0002212524414062
34,1e-05,1e-09,1e-15,AGG,36291233.286576286,True,0,609,0.0127570629119873
34,1e-05,1e-09,1e-15,AGG2,20239252.355977103,True,0,572,0.0066862106323242
34,1e-05,1e-09,1e-15,AGG3,-10312115.935089232,True,0,588,0.0097806453704833
34,1e-05,1e-09,1e-15,BANDM,-inf,False,1,10000,0.4497263431549072
34,1e-05,1e-09,1e-15,BEACONFD,-33592.48580719996,True,0,212,0.0025920867919921
34,1e-05,1e-09,1e-15,BLEND,30.81214984582805,True,0,180,0.000845193862915
34,1e-05,1e-09,1e-15,BNL1,-inf,False,3,3864,1.983478546142578
34,1e-05,1e-09,1e-15,BNL2,-inf,False,3,9975,63.622374057769775
34,1e-05,1e-09,1e-15,BRANDY,-1518.5098964880663,True,0,704,0.0116486549377441
34,1e-05,1e-09,1e-15,D2Q06C,-inf,False,3,1533,2.93494176864624
34,1e-05,1e-09,1e-15,DEGEN2,1435.1779999999912,True,0,2594,0.2693562507629394
34,1e-05,1e-09,1e-15,DEGEN3,-inf,False,1,10000,41.36471319198608
34,1e-05,1e-09,1e-15,E226,18.751929066345806,True,0,785,0.0186972618103027
34,1e-05,1e-09,1e-15,FFFFF800,-inf,False,3,714,0.060821533203125
34,1e-05,1e-09,1e-15,ISRAEL,896644.8218630381,True,0,913,0.0176870822906494
34,1e-05,1e-09,1e-15,LOTFI,25.26470606188001,True,0,271,0.0023314952850341
34,1e-05,1e-09,1e-15,MAROS-R7,-1497185.1664796427,True,0,4317,56.81568503379822
34,1e-05,1e-09,1e-15,QAP12,-inf,False,3,5716,159.0264949798584
34,1e-05,1e-09,1e-15,QAP15,-inf,False,3,6020,485.8618063926697
34,1e-05,1e-09,1e-15,QAP8,-inf,False,1,10000,21.68688726425171
34,1e-05,1e-09,1e-15,SC105,52.2020612117072,True,0,131,0.0010287761688232
34,1e-05,1e-09,1e-15,SC205,52.20206121167227,True,0,274,0.0056705474853515
34,1e-05,1e-09,1e-15,SC50A,64.57507705856449,True,0,59,0.0002956390380859
34,1e-05,1e-09,1e-15,SC50B,70.0,True,0,62,0.0003125667572021
34,1e-05,1e-09,1e-15,SCAGR25,14932529.834244307,True,0,1518,0.1608626842498779
34,1e-05,1e-09,1e-15,SCAGR7,2331389.8243310177,True,0,267,0.0020840167999267
34,1e-05,1e-09,1e-15,SCFXM1,-18416.759028350636,True,0,749,0.0276176929473876
34,1e-05,1e-09,1e-15,SCFXM2,-36660.26156499773,True,0,1604,0.2704536914825439
34,1e-05,1e-09,1e-15,SCFXM3,-54902.199020255575,True,0,2464,1.978872776031494
34,1e-05,1e-09,1e-15,SCORPION,-1875.8517318290153,True,0,466,0.0087826251983642
34,1e-05,1e-09,1e-15,SCRS8,-39739783.04167014,False,1,10000,1.9355072975158691
34,1e-05,1e-09,1e-15,SCSD1,6535.289842344521,False,3,322,0.004225730895996
34,1e-05,1e-09,1e-15,SCSD6,-50.50000007826234,True,0,630,0.0235443115234375
34,1e-05,1e-09,1e-15,SCSD8,-inf,False,3,286,0.0147130489349365
34,1e-05,1e-09,1e-15,SCTAP1,-1412.2499999999889,True,0,810,0.029691457748413
34,1e-05,1e-09,1e-15,SCTAP2,-inf,False,3,129,0.0222680568695068
34,1e-05,1e-09,1e-15,SCTAP3,-inf,False,3,1840,6.113998889923096
34,1e-05,1e-09,1e-15,SHARE1B,76589.31857918575,True,0,456,0.0038123130798339
34,1e-05,1e-09,1e-15,SHARE2B,415.7322407414188,True,0,210,0.0010781288146972
34,1e-05,1e-09,1e-15,SHIP04L,-1793324.5379703536,True,0,773,0.0112504959106445
34,1e-05,1e-09,1e-15,SHIP04S,-1798714.7004453936,True,0,608,0.0065956115722656
34,1e-05,1e-09,1e-15,SHIP08L,-1909055.2113891335,True,0,1514,0.0460321903228759
34,1e-05,1e-09,1e-15,SHIP08S,-1920098.2105346206,True,0,1214,0.0257625579833984
34,1e-05,1e-09,1e-15,SHIP12L,-1470187.919329265,True,0,2081,0.1088905334472656
34,1e-05,1e-09,1e-15,SHIP12S,-1489236.134406127,True,0,1568,0.0553152561187744
34,1e-05,1e-09,1e-15,STOCFOR1,41131.97621943676,True,0,268,0.0020577907562255
34,1e-05,1e-09,1e-15,STOCFOR2,-inf,False,3,9421,58.082919120788574
34,1e-05,1e-09,1e-15,STOCFOR3,-inf,False,3,9899,440.5200514793396
34,1e-05,1e-09,1e-15,TRUSS,-513677.3472685563,False,1,10000,65.4795618057251
34,1e-05,1e-09,1e-15,WOOD1P,-inf,False,1,10000,1.8504226207733152
34,1e-05,1e-09,1e-15,WOODW,-inf,False,3,1002,3.0792038440704346
35,1e-05,1e-10,1e-11,25FV47,-inf,False,3,332,0.032379150390625
35,1e-05,1e-10,1e-11,ADLITTLE,-225494.96316238047,True,0,144,0.0005874633789062
35,1e-05,1e-10,1e-11,AFIRO,464.7531428571428,True,0,30,0.00022554397583
35,1e-05,1e-10,1e-11,AGG,36291233.286576286,True,0,612,0.0129144191741943
35,1e-05,1e-10,1e-11,AGG2,20239252.355977103,True,0,571,0.0066871643066406
35,1e-05,1e-10,1e-11,AGG3,-10312115.935089232,True,0,588,0.0097632408142089
35,1e-05,1e-10,1e-11,BANDM,-inf,False,3,299,0.009981632232666
35,1e-05,1e-10,1e-11,BEACONFD,-33592.48580719998,True,0,210,0.0026524066925048
35,1e-05,1e-10,1e-11,BLEND,30.81214984582829,True,0,148,0.0007121562957763
35,1e-05,1e-10,1e-11,BNL1,-inf,False,3,1038,0.1611778736114502
35,1e-05,1e-10,1e-11,BNL2,-inf,False,3,8587,50.495184659957886
35,1e-05,1e-10,1e-11,BRANDY,-inf,False,3,107,0.0021004676818847
35,1e-05,1e-10,1e-11,D2Q06C,-inf,False,3,1876,5.325031757354736
35,1e-05,1e-10,1e-11,DEGEN2,1436.4949999999983,True,0,2751,0.2972612380981445
35,1e-05,1e-10,1e-11,DEGEN3,-inf,False,1,10000,41.58140802383423
35,1e-05,1e-10,1e-11,E226,18.75192906637472,True,0,737,0.0170474052429199
35,1e-05,1e-10,1e-11,FFFFF800,-inf,False,3,283,0.0139052867889404
35,1e-05,1e-10,1e-11,ISRAEL,896644.8218630484,True,0,950,0.0184407234191894
35,1e-05,1e-10,1e-11,LOTFI,25.264706061880013,True,0,264,0.0022394657135009
35,1e-05,1e-10,1e-11,MAROS-R7,-1497185.1664796427,True,0,4317,56.87733316421509
35,1e-05,1e-10,1e-11,QAP12,-inf,False,3,3034,59.962069511413574
35,1e-05,1e-10,1e-11,QAP15,-inf,False,3,7017,752.5480153560638
35,1e-05,1e-10,1e-11,QAP8,-inf,False,3,1767,2.960021495819092
35,1e-05,1e-10,1e-11,SC105,52.20206121170722,True,0,138,0.0012052059173583
35,1e-05,1e-10,1e-11,SC205,52.20206121182398,True,0,314,0.0069923400878906
35,1e-05,1e-10,1e-11,SC50A,64.57507705856449,True,0,59,0.0003144741058349
35,1e-05,1e-10,1e-11,SC50B,70.0,True,0,62,0.0003392696380615
35,1e-05,1e-10,1e-11,SCAGR25,-inf,False,3,1109,0.0985605716705322
35,1e-05,1e-10,1e-11,SCAGR7,2331389.824330985,True,0,270,0.0022659301757812
35,1e-05,1e-10,1e-11,SCFXM1,-18416.75902841995,True,0,801,0.0320150852203369
35,1e-05,1e-10,1e-11,SCFXM2,-inf,False,3,544,0.0249941349029541
35,1e-05,1e-10,1e-11,SCFXM3,-inf,False,3,751,0.0514626502990722
35,1e-05,1e-10,1e-11,SCORPION,-1875.8517318290158,True,0,466,0.009087324142456
35,1e-05,1e-10,1e-11,SCRS8,-inf,False,3,932,0.0545732975006103
35,1e-05,1e-10,1e-11,SCSD1,-0.928966462411952,False,3,309,0.0045161247253417
35,1e-05,1e-10,1e-11,SCSD6,-49.09175484469489,False,3,595,0.0226266384124755
35,1e-05,1e-10,1e-11,SCSD8,-inf,False,3,279,0.0141971111297607
35,1e-05,1e-10,1e-11,SCTAP1,-inf,False,3,424,0.0111556053161621
35,1e-05,1e-10,1e-11,SCTAP2,-inf,False,3,163,0.0354483127593994
35,1e-05,1e-10,1e-11,SCTAP3,-inf,False,3,296,0.2095270156860351
35,1e-05,1e-10,1e-11,SHARE1B,76589.31857918575,True,0,456,0.0037274360656738
35,1e-05,1e-10,1e-11,SHARE2B,415.732240741419,True,0,204,0.0010550022125244
35,1e-05,1e-10,1e-11,SHIP04L,-1793324.5379703536,True,0,777,0.011009931564331
35,1e-05,1e-10,1e-11,SHIP04S,-1798714.7004453933,True,0,606,0.0064644813537597
35,1e-05,1e-10,1e-11,SHIP08L,-1909055.211389134,True,0,1518,0.0440196990966796
35,1e-05,1e-10,1e-11,SHIP08S,-1920098.2105346203,True,0,1215,0.0257914066314697
35,1e-05,1e-10,1e-11,SHIP12L,-1470187.919329265,True,0,2060,0.1075251102447509
35,1e-05,1e-10,1e-11,SHIP12S,-1489236.134406127,True,0,1568,0.0568363666534423
35,1e-05,1e-10,1e-11,STOCFOR1,41131.976219436205,True,0,259,0.0019197463989257
35,1e-05,1e-10,1e-11,STOCFOR2,39024.408537882045,True,0,4273,14.132522583007812
35,1e-05,1e-10,1e-11,STOCFOR3,-inf,False,1,10000,341.91807198524475
35,1e-05,1e-10,1e-11,TRUSS,-23431320.70610641,False,3,2511,11.210148811340332
35,1e-05,1e-10,1e-11,WOOD1P,-inf,False,3,114,0.0183026790618896
35,1e-05,1e-10,1e-11,WOODW,-inf,False,3,82,0.0749595165252685
36,1e-05,1e-10,1e-12,25FV47,-inf,False,3,330,0.031689167022705
36,1e-05,1e-10,1e-12,ADLITTLE,-225494.96316238047,True,0,144,0.0005810260772705
36,1e-05,1e-10,1e-12,AFIRO,464.7531428571428,True,0,30,0.0002274513244628
36,1e-05,1e-10,1e-12,AGG,36291233.286576286,True,0,610,0.0128345489501953
36,1e-05,1e-10,1e-12,AGG2,20239252.355977103,True,0,571,0.0066771507263183
36,1e-05,1e-10,1e-12,AGG3,-10312115.935089232,True,0,588,0.0097842216491699
36,1e-05,1e-10,1e-12,BANDM,158.62801845025237,True,0,1363,0.0534687042236328
36,1e-05,1e-10,1e-12,BEACONFD,-33592.48580719998,True,0,210,0.0025980472564697
36,1e-05,1e-10,1e-12,BLEND,30.81214984582829,True,0,148,0.0007200241088867
36,1e-05,1e-10,1e-12,BNL1,-inf,False,3,767,0.0960769653320312
36,1e-05,1e-10,1e-12,BNL2,-inf,False,3,2403,7.446080446243286
36,1e-05,1e-10,1e-12,BRANDY,-inf,False,3,202,0.0039973258972167
36,1e-05,1e-10,1e-12,D2Q06C,-inf,False,3,1397,2.5670557022094727
36,1e-05,1e-10,1e-12,DEGEN2,1436.4949999999976,True,0,3102,0.3442153930664062
36,1e-05,1e-10,1e-12,DEGEN3,-inf,False,1,10000,41.47523522377014
36,1e-05,1e-10,1e-12,E226,18.75192906637468,True,0,738,0.0182666778564453
36,1e-05,1e-10,1e-12,FFFFF800,-inf,False,2,1524,0.1691672801971435
36,1e-05,1e-10,1e-12,ISRAEL,896644.8218630381,True,0,913,0.0176689624786376
36,1e-05,1e-10,1e-12,LOTFI,25.264706061880016,True,0,266,0.0022430419921875
36,1e-05,1e-10,1e-12,MAROS-R7,-1497185.1664796427,True,0,4317,56.849709033966064
36,1e-05,1e-10,1e-12,QAP12,-inf,False,3,1998,26.357475757598877
36,1e-05,1e-10,1e-12,QAP15,-inf,False,3,2686,64.49787902832031
36,1e-05,1e-10,1e-12,QAP8,-inf,False,3,1095,1.5428814888000488
36,1e-05,1e-10,1e-12,SC105,52.20206121170722,True,0,138,0.0010459423065185
36,1e-05,1e-10,1e-12,SC205,52.202061211805145,True,0,304,0.0064537525177001
36,1e-05,1e-10,1e-12,SC50A,64.57507705856449,True,0,59,0.000298261642456
36,1e-05,1e-10,1e-12,SC50B,70.0,True,0,62,0.0003118515014648
36,1e-05,1e-10,1e-12,SCAGR25,-inf,False,3,742,0.0560486316680908
36,1e-05,1e-10,1e-12,SCAGR7,2331389.824330985,True,0,270,0.0021677017211914
36,1e-05,1e-10,1e-12,SCFXM1,-18416.75902841879,True,0,845,0.0337145328521728
36,1e-05,1e-10,1e-12,SCFXM2,-inf,False,3,555,0.0246169567108154
36,1e-05,1e-10,1e-12,SCFXM3,-inf,False,3,794,0.0554544925689697
36,1e-05,1e-10,1e-12,SCORPION,-1875.8517318290158,True,0,466,0.0088734626770019
36,1e-05,1e-10,1e-12,SCRS8,-inf,False,3,927,0.0534100532531738
36,1e-05,1e-10,1e-12,SCSD1,-22.29596178516752,False,3,295,0.0040366649627685
36,1e-05,1e-10,1e-12,SCSD6,-49.09175484469489,False,3,595,0.022346019744873
36,1e-05,1e-10,1e-12,SCSD8,-inf,False,3,279,0.0141167640686035
36,1e-05,1e-10,1e-12,SCTAP1,-inf,False,3,451,0.0117607116699218
36,1e-05,1e-10,1e-12,SCTAP2,-inf,False,3,162,0.0353047847747802
36,1e-05,1e-10,1e-12,SCTAP3,-inf,False,3,304,0.2238798141479492
36,1e-05,1e-10,1e-12,SHARE1B,76589.31857918575,True,0,456,0.0037019252777099
36,1e-05,1e-10,1e-12,SHARE2B,415.732240741419,True,0,204,0.0010428428649902
36,1e-05,1e-10,1e-12,SHIP04L,-1793324.5379703536,True,0,777,0.0111026763916015
36,1e-05,1e-10,1e-12,SHIP04S,-1798714.7004453933,True,0,606,0.0065164566040039
36,1e-05,1e-10,1e-12,SHIP08L,-1909055.211389134,True,0,1518,0.0441770553588867
36,1e-05,1e-10,1e-12,SHIP08S,-1920098.2105346203,True,0,1215,0.0258765220642089
36,1e-05,1e-10,1e-12,SHIP12L,-1470187.919329265,True,0,2060,0.1064810752868652
36,1e-05,1e-10,1e-12,SHIP12S,-1489236.134406127,True,0,1568,0.0551319122314453
36,1e-05,1e-10,1e-12,STOCFOR1,41131.976219436176,True,0,259,0.0018959045410156
36,1e-05,1e-10,1e-12,STOCFOR2,39024.40853788116,True,0,4272,14.163912296295166
36,1e-05,1e-10,1e-12,STOCFOR3,-inf,False,1,10000,340.729177236557
36,1e-05,1e-10,1e-12,TRUSS,-780646398.6013398,False,3,4068,22.26830530166626
36,1e-05,1e-10,1e-12,WOOD1P,-inf,False,3,116,0.0187416076660156
36,1e-05,1e-10,1e-12,WOODW,-inf,False,3,82,0.0754139423370361
37,1e-05,1e-10,1e-13,25FV47,-inf,False,3,330,0.0307495594024658
37,1e-05,1e-10,1e-13,ADLITTLE,-225494.96316238047,True,0,144,0.0005810260772705
37,1e-05,1e-10,1e-13,AFIRO,464.7531428571428,True,0,30,0.0002269744873046
37,1e-05,1e-10,1e-13,AGG,36291233.286576286,True,0,609,0.012730598449707
37,1e-05,1e-10,1e-13,AGG2,20239252.355977103,True,0,571,0.0066447257995605
37,1e-05,1e-10,1e-13,AGG3,-10312115.935089232,True,0,588,0.0097405910491943
37,1e-05,1e-10,1e-13,BANDM,158.62801845024026,True,0,1333,0.0524241924285888
37,1e-05,1e-10,1e-13,BEACONFD,-33592.48580719998,True,0,210,0.0025889873504638
37,1e-05,1e-10,1e-13,BLEND,30.81214984582808,True,0,165,0.000798225402832
37,1e-05,1e-10,1e-13,BNL1,-inf,False,3,1770,0.4760847091674804
37,1e-05,1e-10,1e-13,BNL2,-inf,False,3,2787,9.495325565338137
37,1e-05,1e-10,1e-13,BRANDY,-inf,False,3,214,0.0037040710449218
37,1e-05,1e-10,1e-13,D2Q06C,-inf,False,3,1765,4.838392972946167
37,1e-05,1e-10,1e-13,DEGEN2,1435.1779999999994,True,0,2819,0.290248155593872
37,1e-05,1e-10,1e-13,DEGEN3,-inf,False,1,10000,41.26024794578552
37,1e-05,1e-10,1e-13,E226,18.75192906637468,True,0,738,0.0170574188232421
37,1e-05,1e-10,1e-13,FFFFF800,-inf,False,3,872,0.0838708877563476
37,1e-05,1e-10,1e-13,ISRAEL,896644.8218630381,True,0,913,0.0177416801452636
37,1e-05,1e-10,1e-13,LOTFI,25.26470606188001,True,0,277,0.0024311542510986
37,1e-05,1e-10,1e-13,MAROS-R7,-1497185.1664796427,True,0,4317,56.86734437942505
37,1e-05,1e-10,1e-13,QAP12,-inf,False,3,2747,49.88082504272461
37,1e-05,1e-10,1e-13,QAP15,-inf,False,3,7229,769.5230405330658
37,1e-05,1e-10,1e-13,QAP8,-inf,False,3,1473,2.4664440155029297
37,1e-05,1e-10,1e-13,SC105,52.20206121170722,True,0,139,0.0010731220245361
37,1e-05,1e-10,1e-13,SC205,52.20206121170649,True,0,322,0.0069687366485595
37,1e-05,1e-10,1e-13,SC50A,64.57507705856449,True,0,59,0.0003087520599365
37,1e-05,1e-10,1e-13,SC50B,70.0,True,0,62,0.0003242492675781
37,1e-05,1e-10,1e-13,SCAGR25,7745588.86329705,False,3,1410,0.1278924942016601
37,1e-05,1e-10,1e-13,SCAGR7,2331389.824330985,True,0,270,0.0021619796752929
37,1e-05,1e-10,1e-13,SCFXM1,-18416.759028417593,True,0,847,0.0335774421691894
37,1e-05,1e-10,1e-13,SCFXM2,-36631.03738122762,True,0,1604,0.3135113716125488
37,1e-05,1e-10,1e-13,SCFXM3,-inf,False,2,1918,0.9917938709259032
37,1e-05,1e-10,1e-13,SCORPION,-1875.8517318290158,True,0,466,0.0088105201721191
37,1e-05,1e-10,1e-13,SCRS8,-inf,False,3,716,0.0321331024169921
37,1e-05,1e-10,1e-13,SCSD1,-8.21757299260629,False,3,316,0.0043537616729736
37,1e-05,1e-10,1e-13,SCSD6,-50.50000007826237,True,0,708,0.0273213386535644
37,1e-05,1e-10,1e-13,SCSD8,-inf,False,3,279,0.0139641761779785
37,1e-05,1e-10,1e-13,SCTAP1,-1412.249999999997,True,0,797,0.0312604904174804
37,1e-05,1e-10,1e-13,SCTAP2,-inf,False,3,171,0.0407183170318603
37,1e-05,1e-10,1e-13,SCTAP3,-inf,False,3,266,0.173342227935791
37,1e-05,1e-10,1e-13,SHARE1B,76589.31857918575,True,0,456,0.003796100616455
37,1e-05,1e-10,1e-13,SHARE2B,415.732240741419,True,0,204,0.0010452270507812
37,1e-05,1e-10,1e-13,SHIP04L,-1793324.5379703536,True,0,777,0.0110909938812255
37,1e-05,1e-10,1e-13,SHIP04S,-1798714.7004453933,True,0,606,0.0065014362335205
37,1e-05,1e-10,1e-13,SHIP08L,-1909055.211389134,True,0,1518,0.044288158416748
37,1e-05,1e-10,1e-13,SHIP08S,-1920098.2105346203,True,0,1215,0.0256690979003906
37,1e-05,1e-10,1e-13,SHIP12L,-1470187.919329265,True,0,2060,0.1061453819274902
37,1e-05,1e-10,1e-13,SHIP12S,-1489236.134406127,True,0,1568,0.0549256801605224
37,1e-05,1e-10,1e-13,STOCFOR1,41131.97621943616,True,0,259,0.0019435882568359
37,1e-05,1e-10,1e-13,STOCFOR2,39024.40853788207,True,0,4250,13.90035629272461
37,1e-05,1e-10,1e-13,STOCFOR3,-inf,False,1,10000,340.46172404289246
37,1e-05,1e-10,1e-13,TRUSS,-14773125.092391543,False,3,5908,35.09228205680847
37,1e-05,1e-10,1e-13,WOOD1P,-inf,False,3,139,0.0221757888793945
37,1e-05,1e-10,1e-13,WOODW,-inf,False,3,82,0.0749492645263671
38,1e-05,1e-10,1e-14,25FV47,-inf,False,3,398,0.0464210510253906
38,1e-05,1e-10,1e-14,ADLITTLE,-225494.96316238047,True,0,144,0.0005927085876464
38,1e-05,1e-10,1e-14,AFIRO,464.7531428571428,True,0,30,0.0002286434173583
38,1e-05,1e-10,1e-14,AGG,36291233.286576286,True,0,609,0.0132298469543457
38,1e-05,1e-10,1e-14,AGG2,20239252.355977103,True,0,571,0.0067250728607177
38,1e-05,1e-10,1e-14,AGG3,-10312115.935089232,True,0,588,0.0097107887268066
38,1e-05,1e-10,1e-14,BANDM,-inf,False,3,212,0.0075554847717285
38,1e-05,1e-10,1e-14,BEACONFD,-33592.48580719996,True,0,212,0.0026133060455322
38,1e-05,1e-10,1e-14,BLEND,30.81214984582823,True,0,161,0.0007696151733398
38,1e-05,1e-10,1e-14,BNL1,-inf,False,3,1436,0.3233842849731445
38,1e-05,1e-10,1e-14,BNL2,-inf,False,3,7570,44.79761838912964
38,1e-05,1e-10,1e-14,BRANDY,-1518.5098964881197,True,0,647,0.010495901107788
38,1e-05,1e-10,1e-14,D2Q06C,-inf,False,3,1751,4.18785834312439
38,1e-05,1e-10,1e-14,DEGEN2,1435.1779999999806,True,0,3022,0.3035101890563965
38,1e-05,1e-10,1e-14,DEGEN3,-inf,False,1,10000,41.39348077774048
38,1e-05,1e-10,1e-14,E226,18.75192906621691,True,0,840,0.0202064514160156
38,1e-05,1e-10,1e-14,FFFFF800,-inf,False,3,896,0.0796737670898437
38,1e-05,1e-10,1e-14,ISRAEL,896644.8218630381,True,0,913,0.0177371501922607
38,1e-05,1e-10,1e-14,LOTFI,25.26470606188001,True,0,277,0.0024421215057373
38,1e-05,1e-10,1e-14,MAROS-R7,-1497185.1664796427,True,0,4317,56.98748993873596
38,1e-05,1e-10,1e-14,QAP12,-inf,False,3,3393,75.59502243995667
38,1e-05,1e-10,1e-14,QAP15,-inf,False,3,2767,72.78040957450867
38,1e-05,1e-10,1e-14,QAP8,-inf,False,3,2104,3.716088771820069
38,1e-05,1e-10,1e-14,SC105,52.20206121170724,True,0,134,0.0010223388671875
38,1e-05,1e-10,1e-14,SC205,52.2020612117079,True,0,325,0.0070302486419677
38,1e-05,1e-10,1e-14,SC50A,64.57507705856449,True,0,59,0.0003008842468261
38,1e-05,1e-10,1e-14,SC50B,70.0,True,0,62,0.0003142356872558
38,1e-05,1e-10,1e-14,SCAGR25,-inf,False,3,1197,0.1062257289886474
38,1e-05,1e-10,1e-14,SCAGR7,2331389.8243309762,True,0,250,0.0019502639770507
38,1e-05,1e-10,1e-14,SCFXM1,-19102.311992785995,False,3,807,0.0306153297424316
38,1e-05,1e-10,1e-14,SCFXM2,-36848.738522119354,True,0,1674,0.3095557689666748
38,1e-05,1e-10,1e-14,SCFXM3,-inf,False,2,1930,0.9807581901550292
38,1e-05,1e-10,1e-14,SCORPION,-1875.8517318290155,True,0,466,0.0088217258453369
38,1e-05,1e-10,1e-14,SCRS8,-inf,False,3,728,0.0326893329620361
38,1e-05,1e-10,1e-14,SCSD1,53935.43531019026,False,3,452,0.0061240196228027
38,1e-05,1e-10,1e-14,SCSD6,-42.67621507068471,False,3,778,0.0307800769805908
38,1e-05,1e-10,1e-14,SCSD8,-inf,False,3,286,0.014747142791748
38,1e-05,1e-10,1e-14,SCTAP1,-1412.2499999999982,True,0,875,0.0347590446472168
38,1e-05,1e-10,1e-14,SCTAP2,-inf,False,3,136,0.0258407592773437
38,1e-05,1e-10,1e-14,SCTAP3,-inf,False,3,232,0.1237022876739502
38,1e-05,1e-10,1e-14,SHARE1B,76589.31857918575,True,0,456,0.0037157535552978
38,1e-05,1e-10,1e-14,SHARE2B,415.732240741419,True,0,203,0.0010223388671875
38,1e-05,1e-10,1e-14,SHIP04L,-1793324.5379703536,True,0,775,0.0110435485839843
38,1e-05,1e-10,1e-14,SHIP04S,-1798714.7004453933,True,0,606,0.006493330001831
38,1e-05,1e-10,1e-14,SHIP08L,-1909055.211389134,True,0,1518,0.0441913604736328
38,1e-05,1e-10,1e-14,SHIP08S,-1920098.2105346203,True,0,1215,0.0256657600402832
38,1e-05,1e-10,1e-14,SHIP12L,-1470187.919329265,True,0,2060,0.1061558723449707
38,1e-05,1e-10,1e-14,SHIP12S,-1489236.134406127,True,0,1569,0.0548217296600341
38,1e-05,1e-10,1e-14,STOCFOR1,41131.976219436154,True,0,260,0.0018575191497802
38,1e-05,1e-10,1e-14,STOCFOR2,39024.408537882206,True,0,4225,13.779035806655884
38,1e-05,1e-10,1e-14,STOCFOR3,-inf,False,1,10000,353.6748766899109
38,1e-05,1e-10,1e-14,TRUSS,-700687.1654856183,False,3,2353,10.377707958221436
38,1e-05,1e-10,1e-14,WOOD1P,-inf,False,3,424,0.0696098804473877
38,1e-05,1e-10,1e-14,WOODW,-inf,False,3,82,0.0751383304595947
39,1e-05,1e-10,1e-15,25FV47,-inf,False,3,822,0.1597914695739746
39,1e-05,1e-10,1e-15,ADLITTLE,-225494.96316238047,True,0,144,0.0005953311920166
39,1e-05,1e-10,1e-15,AFIRO,464.7531428571428,True,0,30,0.0002315044403076
39,1e-05,1e-10,1e-15,AGG,36291233.286576286,True,0,609,0.0131318569183349
39,1e-05,1e-10,1e-15,AGG2,20239252.355977103,True,0,572,0.0067369937896728
39,1e-05,1e-10,1e-15,AGG3,-10312115.935089232,True,0,588,0.0098605155944824
39,1e-05,1e-10,1e-15,BANDM,-inf,False,3,92,0.0027720928192138
39,1e-05,1e-10,1e-15,BEACONFD,-33592.48580719996,True,0,212,0.0026781558990478
39,1e-05,1e-10,1e-15,BLEND,30.81214984582805,True,0,180,0.000849962234497
39,1e-05,1e-10,1e-15,BNL1,-inf,False,3,3730,1.8358511924743652
39,1e-05,1e-10,1e-15,BNL2,-inf,False,3,2836,10.10108733177185
39,1e-05,1e-10,1e-15,BRANDY,-1518.5098964880663,True,0,704,0.0114526748657226
39,1e-05,1e-10,1e-15,D2Q06C,-inf,False,1,10000,82.17299365997314
39,1e-05,1e-10,1e-15,DEGEN2,1435.1779999999912,True,0,2594,0.2589254379272461
39,1e-05,1e-10,1e-15,DEGEN3,-inf,False,1,10000,41.48030495643616
39,1e-05,1e-10,1e-15,E226,-inf,False,3,335,0.0061495304107666
39,1e-05,1e-10,1e-15,FFFFF800,-inf,False,3,895,0.0794603824615478
39,1e-05,1e-10,1e-15,ISRAEL,896644.8218630381,True,0,913,0.0177419185638427
39,1e-05,1e-10,1e-15,LOTFI,25.26470606188001,True,0,271,0.0023431777954101
39,1e-05,1e-10,1e-15,MAROS-R7,-1497185.1664796427,True,0,4317,56.86017918586731
39,1e-05,1e-10,1e-15,QAP12,-inf,False,3,4900,140.4932301044464
39,1e-05,1e-10,1e-15,QAP15,-inf,False,3,3419,157.1978566646576
39,1e-05,1e-10,1e-15,QAP8,-inf,False,3,871,1.125028371810913
39,1e-05,1e-10,1e-15,SC105,52.2020612117072,True,0,131,0.0010294914245605
39,1e-05,1e-10,1e-15,SC205,52.20206121167227,True,0,274,0.0056629180908203
39,1e-05,1e-10,1e-15,SC50A,64.57507705856449,True,0,59,0.0003015995025634
39,1e-05,1e-10,1e-15,SC50B,70.0,True,0,62,0.0003173351287841
39,1e-05,1e-10,1e-15,SCAGR25,-inf,False,3,615,0.048586368560791
39,1e-05,1e-10,1e-15,SCAGR7,2331389.8243310177,True,0,267,0.0020997524261474
39,1e-05,1e-10,1e-15,SCFXM1,-18416.759028350636,True,0,749,0.0276942253112792
39,1e-05,1e-10,1e-15,SCFXM2,-36937.47215647803,True,0,1606,0.2975866794586181
39,1e-05,1e-10,1e-15,SCFXM3,-inf,False,2,1863,0.7642064094543457
39,1e-05,1e-10,1e-15,SCORPION,-1875.8517318290153,True,0,466,0.0097415447235107
39,1e-05,1e-10,1e-15,SCRS8,-inf,False,3,938,0.0558907985687255
39,1e-05,1e-10,1e-15,SCSD1,6535.289842344521,False,3,322,0.0045032501220703
39,1e-05,1e-10,1e-15,SCSD6,-50.50000007826234,True,0,630,0.024632453918457
39,1e-05,1e-10,1e-15,SCSD8,-inf,False,3,286,0.015465497970581
39,1e-05,1e-10,1e-15,SCTAP1,-inf,False,3,157,0.0046145915985107
39,1e-05,1e-10,1e-15,SCTAP2,-inf,False,3,129,0.0233678817749023
39,1e-05,1e-10,1e-15,SCTAP3,-inf,False,3,524,0.7781109809875488
39,1e-05,1e-10,1e-15,SHARE1B,76589.31857918575,True,0,456,0.003962755203247
39,1e-05,1e-10,1e-15,SHARE2B,415.7322407414188,True,0,210,0.0011422634124755
39,1e-05,1e-10,1e-15,SHIP04L,-1793324.5379703536,True,0,773,0.0111749172210693
39,1e-05,1e-10,1e-15,SHIP04S,-1798714.7004453936,True,0,608,0.006882905960083
39,1e-05,1e-10,1e-15,SHIP08L,-1909055.2113891335,True,0,1514,0.0459120273590087
39,1e-05,1e-10,1e-15,SHIP08S,-1920098.2105346206,True,0,1214,0.0266363620758056
39,1e-05,1e-10,1e-15,SHIP12L,-1470187.919329265,True,0,2081,0.1125276088714599
39,1e-05,1e-10,1e-15,SHIP12S,-1489236.134406127,True,0,1568,0.0569756031036376
39,1e-05,1e-10,1e-15,STOCFOR1,41131.97621943676,True,0,268,0.0020928382873535
39,1e-05,1e-10,1e-15,STOCFOR2,-inf,False,3,3891,11.119503498077393
39,1e-05,1e-10,1e-15,STOCFOR3,-inf,False,3,6413,373.4098310470581
39,1e-05,1e-10,1e-15,TRUSS,4726452407.594585,False,3,6250,38.541085720062256
39,1e-05,1e-10,1e-15,WOOD1P,-inf,False,3,99,0.015989065170288
39,1e-05,1e-10,1e-15,WOODW,-inf,False,3,82,0.0748217105865478
40,1e-05,1e-11,1e-11,25FV47,-inf,False,3,140,0.010554552078247
40,1e-05,1e-11,1e-11,ADLITTLE,-225494.96316238047,True,0,144,0.0005915164947509
40,1e-05,1e-11,1e-11,AFIRO,464.7531428571428,True,0,30,0.0002291202545166
40,1e-05,1e-11,1e-11,AGG,10848424.378848176,True,0,595,0.0117950439453125
40,1e-05,1e-11,1e-11,AGG2,20239252.355977103,True,0,571,0.0070888996124267
40,1e-05,1e-11,1e-11,AGG3,-10312115.935089232,True,0,588,0.0098171234130859
40,1e-05,1e-11,1e-11,BANDM,-inf,False,3,373,0.0133657455444335
40,1e-05,1e-11,1e-11,BEACONFD,-33592.48580719998,True,0,210,0.002591848373413
40,1e-05,1e-11,1e-11,BLEND,30.81214984582829,True,0,148,0.0007214546203613
40,1e-05,1e-11,1e-11,BNL1,-inf,False,3,506,0.0469744205474853
40,1e-05,1e-11,1e-11,BNL2,-inf,False,3,1529,3.0608463287353516
40,1e-05,1e-11,1e-11,BRANDY,-inf,False,3,91,0.0016238689422607
40,1e-05,1e-11,1e-11,D2Q06C,-inf,False,3,671,0.1897096633911132
40,1e-05,1e-11,1e-11,DEGEN2,1436.4949999999983,True,0,2751,0.2818491458892822
40,1e-05,1e-11,1e-11,DEGEN3,-inf,False,1,10000,41.61252474784851
40,1e-05,1e-11,1e-11,E226,18.75192906637472,True,0,737,0.0170285701751709
40,1e-05,1e-11,1e-11,FFFFF800,-inf,False,3,283,0.0138673782348632
40,1e-05,1e-11,1e-11,ISRAEL,896644.8218630484,True,0,950,0.0185720920562744
40,1e-05,1e-11,1e-11,LOTFI,25.264706061880013,True,0,264,0.0022459030151367
40,1e-05,1e-11,1e-11,MAROS-R7,-1497185.1664796427,True,0,4317,56.77067255973816
40,1e-05,1e-11,1e-11,QAP12,-inf,False,3,1778,20.292906045913696
40,1e-05,1e-11,1e-11,QAP15,-inf,False,3,2413,41.41366171836853
40,1e-05,1e-11,1e-11,QAP8,-inf,False,3,813,0.949941635131836
40,1e-05,1e-11,1e-11,SC105,52.20206121170722,True,0,138,0.0010626316070556
40,1e-05,1e-11,1e-11,SC205,52.20206121182398,True,0,314,0.0067074298858642
40,1e-05,1e-11,1e-11,SC50A,64.57507705856449,True,0,59,0.00030517578125
40,1e-05,1e-11,1e-11,SC50B,70.0,True,0,62,0.000319480895996
40,1e-05,1e-11,1e-11,SCAGR25,-inf,False,3,440,0.0304667949676513
40,1e-05,1e-11,1e-11,SCAGR7,2331389.824330985,True,0,270,0.0022158622741699
40,1e-05,1e-11,1e-11,SCFXM1,-inf,False,3,233,0.0047621726989746
40,1e-05,1e-11,1e-11,SCFXM2,-inf,False,3,217,0.0079309940338134
40,1e-05,1e-11,1e-11,SCFXM3,-inf,False,3,489,0.0285825729370117
40,1e-05,1e-11,1e-11,SCORPION,-1875.8517318290158,True,0,466,0.0088672637939453
40,1e-05,1e-11,1e-11,SCRS8,-inf,False,3,760,0.0349438190460205
40,1e-05,1e-11,1e-11,SCSD1,-0.928966462411952,False,3,309,0.00437593460083
40,1e-05,1e-11,1e-11,SCSD6,-49.09175484469489,False,3,595,0.0220551490783691
40,1e-05,1e-11,1e-11,SCSD8,-inf,False,3,279,0.0140521526336669
40,1e-05,1e-11,1e-11,SCTAP1,-inf,False,3,422,0.0108580589294433
40,1e-05,1e-11,1e-11,SCTAP2,-inf,False,3,152,0.02944016456604
40,1e-05,1e-11,1e-11,SCTAP3,-inf,False,3,41,0.0234811305999755
40,1e-05,1e-11,1e-11,SHARE1B,76589.31857918575,True,0,456,0.003763198852539
40,1e-05,1e-11,1e-11,SHARE2B,415.732240741419,True,0,204,0.0010371208190917
40,1e-05,1e-11,1e-11,SHIP04L,-1793324.5379703536,True,0,777,0.0109889507293701
40,1e-05,1e-11,1e-11,SHIP04S,-1798714.7004453933,True,0,606,0.0066456794738769
40,1e-05,1e-11,1e-11,SHIP08L,-1909055.211389134,True,0,1518,0.0442719459533691
40,1e-05,1e-11,1e-11,SHIP08S,-1920098.2105346203,True,0,1215,0.0256793498992919
40,1e-05,1e-11,1e-11,SHIP12L,-1470187.919329265,True,0,2060,0.1061000823974609
40,1e-05,1e-11,1e-11,SHIP12S,-1489236.134406127,True,0,1568,0.0549147129058837
40,1e-05,1e-11,1e-11,STOCFOR1,41131.976219436205,True,0,259,0.0018863677978515
40,1e-05,1e-11,1e-11,STOCFOR2,39024.408537882045,True,0,4273,14.09230661392212
40,1e-05,1e-11,1e-11,STOCFOR3,-inf,False,1,10000,341.33970975875854
40,1e-05,1e-11,1e-11,TRUSS,-688258.1090429984,False,3,1911,7.334414958953857
40,1e-05,1e-11,1e-11,WOOD1P,-inf,False,3,114,0.0204262733459472
40,1e-05,1e-11,1e-11,WOODW,-inf,False,3,39,0.0386338233947753
41,1e-05,1e-11,1e-12,25FV47,-inf,False,3,140,0.0106317996978759
41,1e-05,1e-11,1e-12,ADLITTLE,-225494.96316238047,True,0,144,0.0005974769592285
41,1e-05,1e-11,1e-12,AFIRO,464.7531428571428,True,0,30,0.000234842300415
41,1e-05,1e-11,1e-12,AGG,10439165.6080729,True,0,595,0.0117170810699462
41,1e-05,1e-11,1e-12,AGG2,20239252.355977103,True,0,571,0.0067465305328369
41,1e-05,1e-11,1e-12,AGG3,-10312115.935089232,True,0,588,0.0098462104797363
41,1e-05,1e-11,1e-12,BANDM,-inf,False,3,201,0.0072348117828369
41,1e-05,1e-11,1e-12,BEACONFD,-33592.48580719998,True,0,210,0.0025944709777832
41,1e-05,1e-11,1e-12,BLEND,30.81214984582829,True,0,148,0.0007357597351074
41,1e-05,1e-11,1e-12,BNL1,-inf,False,3,506,0.0472500324249267
41,1e-05,1e-11,1e-12,BNL2,-inf,False,3,2409,7.47727108001709
41,1e-05,1e-11,1e-12,BRANDY,-inf,False,3,96,0.0016765594482421
41,1e-05,1e-11,1e-12,D2Q06C,-inf,False,3,671,0.1900248527526855
41,1e-05,1e-11,1e-12,DEGEN2,1436.4949999999976,True,0,3102,0.3255949020385742
41,1e-05,1e-11,1e-12,DEGEN3,-inf,False,3,9318,38.243027448654175
41,1e-05,1e-11,1e-12,E226,18.75192906637468,True,0,738,0.0172426700592041
41,1e-05,1e-11,1e-12,FFFFF800,-inf,False,2,1524,0.1699097156524658
41,1e-05,1e-11,1e-12,ISRAEL,896644.8218630381,True,0,913,0.0177435874938964
41,1e-05,1e-11,1e-12,LOTFI,25.264706061880016,True,0,266,0.0022478103637695
41,1e-05,1e-11,1e-12,MAROS-R7,-1497185.1664796427,True,0,4317,56.98068857192993
41,1e-05,1e-11,1e-12,QAP12,-inf,False,3,1995,26.2732675075531
41,1e-05,1e-11,1e-12,QAP15,-inf,False,3,2415,41.523534297943115
41,1e-05,1e-11,1e-12,QAP8,-inf,False,3,807,0.932924509048462
41,1e-05,1e-11,1e-12,SC105,52.20206121170722,True,0,138,0.0010616779327392
41,1e-05,1e-11,1e-12,SC205,52.202061211805145,True,0,304,0.0065035820007324
41,1e-05,1e-11,1e-12,SC50A,64.57507705856449,True,0,59,0.0003118515014648
41,1e-05,1e-11,1e-12,SC50B,70.0,True,0,62,0.0003204345703125
41,1e-05,1e-11,1e-12,SCAGR25,-inf,False,3,742,0.0561280250549316
41,1e-05,1e-11,1e-12,SCAGR7,2331389.824330985,True,0,270,0.0022060871124267
41,1e-05,1e-11,1e-12,SCFXM1,-inf,False,3,233,0.0048398971557617
41,1e-05,1e-11,1e-12,SCFXM2,-inf,False,3,217,0.0079395771026611
41,1e-05,1e-11,1e-12,SCFXM3,-inf,False,3,464,0.0275893211364746
41,1e-05,1e-11,1e-12,SCORPION,-1875.8517318290158,True,0,466,0.0089013576507568
41,1e-05,1e-11,1e-12,SCRS8,-inf,False,3,760,0.0345780849456787
41,1e-05,1e-11,1e-12,SCSD1,-22.29596178516752,False,3,295,0.0040457248687744
41,1e-05,1e-11,1e-12,SCSD6,-49.09175484469489,False,3,595,0.0220050811767578
41,1e-05,1e-11,1e-12,SCSD8,-inf,False,3,279,0.0140051841735839
41,1e-05,1e-11,1e-12,SCTAP1,-inf,False,3,420,0.0106909275054931
41,1e-05,1e-11,1e-12,SCTAP2,-inf,False,3,152,0.0294101238250732
41,1e-05,1e-11,1e-12,SCTAP3,-inf,False,3,41,0.023526906967163
41,1e-05,1e-11,1e-12,SHARE1B,76589.31857918575,True,0,456,0.0037703514099121
41,1e-05,1e-11,1e-12,SHARE2B,415.732240741419,True,0,204,0.0010576248168945
41,1e-05,1e-11,1e-12,SHIP04L,-1793324.5379703536,True,0,777,0.010981798171997
41,1e-05,1e-11,1e-12,SHIP04S,-1798714.7004453933,True,0,606,0.0066199302673339
41,1e-05,1e-11,1e-12,SHIP08L,-1909055.211389134,True,0,1518,0.0441000461578369
41,1e-05,1e-11,1e-12,SHIP08S,-1920098.2105346203,True,0,1215,0.0256094932556152
41,1e-05,1e-11,1e-12,SHIP12L,-1470187.919329265,True,0,2060,0.1065845489501953
41,1e-05,1e-11,1e-12,SHIP12S,-1489236.134406127,True,0,1568,0.054995059967041
41,1e-05,1e-11,1e-12,STOCFOR1,41131.976219436176,True,0,259,0.0018467903137207
41,1e-05,1e-11,1e-12,STOCFOR2,-inf,False,3,2800,2.047128915786743
41,1e-05,1e-11,1e-12,STOCFOR3,-inf,False,1,10000,340.3801968097687
41,1e-05,1e-11,1e-12,TRUSS,-5.553008481644013e+18,False,3,2102,8.562914371490479
41,1e-05,1e-11,1e-12,WOOD1P,-inf,False,3,190,0.0284640789031982
41,1e-05,1e-11,1e-12,WOODW,-inf,False,3,39,0.0383908748626709
42,1e-05,1e-11,1e-13,25FV47,-inf,False,3,142,0.0106995105743408
42,1e-05,1e-11,1e-13,ADLITTLE,-225494.96316238047,True,0,144,0.000594139099121
42,1e-05,1e-11,1e-13,AFIRO,464.7531428571428,True,0,30,0.0002319812774658
42,1e-05,1e-11,1e-13,AGG,10410622.637922712,True,0,596,0.0117135047912597
42,1e-05,1e-11,1e-13,AGG2,20239252.355977103,True,0,571,0.0066957473754882
42,1e-05,1e-11,1e-13,AGG3,-10312115.935089232,True,0,588,0.0097725391387939
42,1e-05,1e-11,1e-13,BANDM,-inf,False,3,201,0.0071823596954345
42,1e-05,1e-11,1e-13,BEACONFD,-33592.48580719998,True,0,210,0.0025691986083984
42,1e-05,1e-11,1e-13,BLEND,30.81214984582808,True,0,165,0.0007846355438232
42,1e-05,1e-11,1e-13,BNL1,-inf,False,3,507,0.0471136569976806
42,1e-05,1e-11,1e-13,BNL2,-inf,False,3,840,1.137420892715454
42,1e-05,1e-11,1e-13,BRANDY,-inf,False,3,110,0.0018982887268066
42,1e-05,1e-11,1e-13,D2Q06C,-inf,False,3,671,0.1895380020141601
42,1e-05,1e-11,1e-13,DEGEN2,1435.1779999999994,True,0,2819,0.292607307434082
42,1e-05,1e-11,1e-13,DEGEN3,-inf,False,3,8116,32.355730295181274
42,1e-05,1e-11,1e-13,E226,18.75192906637468,True,0,738,0.0175693035125732
42,1e-05,1e-11,1e-13,FFFFF800,-inf,False,3,666,0.0576345920562744
42,1e-05,1e-11,1e-13,ISRAEL,896644.8218630381,True,0,913,0.018193244934082
42,1e-05,1e-11,1e-13,LOTFI,25.26470606188001,True,0,277,0.002488374710083
42,1e-05,1e-11,1e-13,MAROS-R7,-1497185.1664796427,True,0,4317,56.91591119766235
42,1e-05,1e-11,1e-13,QAP12,-inf,False,3,2055,27.832248210906982
42,1e-05,1e-11,1e-13,QAP15,-inf,False,3,5063,422.1906969547272
42,1e-05,1e-11,1e-13,QAP8,-inf,False,3,929,1.2141530513763428
42,1e-05,1e-11,1e-13,SC105,52.20206121170722,True,0,139,0.0010836124420166
42,1e-05,1e-11,1e-13,SC205,52.20206121170649,True,0,322,0.0069713592529296
42,1e-05,1e-11,1e-13,SC50A,64.57507705856449,True,0,59,0.0003068447113037
42,1e-05,1e-11,1e-13,SC50B,70.0,True,0,62,0.0003225803375244
42,1e-05,1e-11,1e-13,SCAGR25,-inf,False,3,1142,0.100048542022705
42,1e-05,1e-11,1e-13,SCAGR7,2331389.824330985,True,0,270,0.002209186553955
42,1e-05,1e-11,1e-13,SCFXM1,-inf,False,3,275,0.0059244632720947
42,1e-05,1e-11,1e-13,SCFXM2,-inf,False,3,217,0.0078089237213134
42,1e-05,1e-11,1e-13,SCFXM3,-inf,False,3,447,0.0267810821533203
42,1e-05,1e-11,1e-13,SCORPION,-1875.8517318290158,True,0,466,0.0088934898376464
42,1e-05,1e-11,1e-13,SCRS8,-inf,False,3,1048,0.0813889503479003
42,1e-05,1e-11,1e-13,SCSD1,-8.21757299260629,False,3,316,0.0044057369232177
42,1e-05,1e-11,1e-13,SCSD6,-50.50000007826237,True,0,708,0.0275290012359619
42,1e-05,1e-11,1e-13,SCSD8,-inf,False,3,279,0.0140671730041503
42,1e-05,1e-11,1e-13,SCTAP1,-inf,False,3,421,0.0108096599578857
42,1e-05,1e-11,1e-13,SCTAP2,-inf,False,3,128,0.0217916965484619
42,1e-05,1e-11,1e-13,SCTAP3,-inf,False,3,41,0.0235185623168945
42,1e-05,1e-11,1e-13,SHARE1B,76589.31857918575,True,0,456,0.0037884712219238
42,1e-05,1e-11,1e-13,SHARE2B,415.732240741419,True,0,204,0.0011827945709228
42,1e-05,1e-11,1e-13,SHIP04L,-1793324.5379703536,True,0,777,0.0110809803009033
42,1e-05,1e-11,1e-13,SHIP04S,-1798714.7004453933,True,0,606,0.0068328380584716
42,1e-05,1e-11,1e-13,SHIP08L,-1909055.211389134,True,0,1518,0.0441601276397705
42,1e-05,1e-11,1e-13,SHIP08S,-1920098.2105346203,True,0,1215,0.0256850719451904
42,1e-05,1e-11,1e-13,SHIP12L,-1470187.919329265,True,0,2060,0.1064643859863281
42,1e-05,1e-11,1e-13,SHIP12S,-1489236.134406127,True,0,1568,0.0552279949188232
42,1e-05,1e-11,1e-13,STOCFOR1,41131.97621943616,True,0,259,0.0018956661224365
42,1e-05,1e-11,1e-13,STOCFOR2,-inf,False,3,2808,2.128950595855713
42,1e-05,1e-11,1e-13,STOCFOR3,-inf,False,1,10000,342.04624938964844
42,1e-05,1e-11,1e-13,TRUSS,9.256764452036821e+23,False,3,7133,44.43070721626282
42,1e-05,1e-11,1e-13,WOOD1P,-inf,False,3,184,0.0294523239135742
42,1e-05,1e-11,1e-13,WOODW,-inf,False,3,40,0.041666030883789
43,1e-05,1e-11,1e-14,25FV47,-inf,False,3,284,0.0252819061279296
43,1e-05,1e-11,1e-14,ADLITTLE,-225494.96316238047,True,0,144,0.0006618499755859
43,1e-05,1e-11,1e-14,AFIRO,464.7531428571428,True,0,30,0.0002593994140625
43,1e-05,1e-11,1e-14,AGG,10410622.637922712,True,0,596,0.0128448009490966
43,1e-05,1e-11,1e-14,AGG2,20239252.355977103,True,0,571,0.0073075294494628
43,1e-05,1e-11,1e-14,AGG3,-10312115.935089232,True,0,588,0.0106353759765625
43,1e-05,1e-11,1e-14,BANDM,-inf,False,3,458,0.0180356502532959
43,1e-05,1e-11,1e-14,BEACONFD,-33592.48580719996,True,0,212,0.0028519630432128
43,1e-05,1e-11,1e-14,BLEND,30.81214984582823,True,0,161,0.0008504390716552
43,1e-05,1e-11,1e-14,BNL1,-inf,False,3,551,0.0587801933288574
43,1e-05,1e-11,1e-14,BNL2,-inf,False,3,1534,3.313803195953369
43,1e-05,1e-11,1e-14,BRANDY,-inf,False,3,99,0.0016405582427978
43,1e-05,1e-11,1e-14,D2Q06C,-inf,False,3,671,0.1907541751861572
43,1e-05,1e-11,1e-14,DEGEN2,1435.1779999999806,True,0,3022,0.3057048320770263
43,1e-05,1e-11,1e-14,DEGEN3,-inf,False,1,10000,41.52308511734009
43,1e-05,1e-11,1e-14,E226,18.93821307653316,True,0,920,0.0224535465240478
43,1e-05,1e-11,1e-14,FFFFF800,-inf,False,3,675,0.0561280250549316
43,1e-05,1e-11,1e-14,ISRAEL,896644.8218630381,True,0,913,0.0176508426666259
43,1e-05,1e-11,1e-14,LOTFI,25.26470606188001,True,0,277,0.0024309158325195
43,1e-05,1e-11,1e-14,MAROS-R7,-1497185.1664796427,True,0,4317,56.78809595108032
43,1e-05,1e-11,1e-14,QAP12,-inf,False,3,1924,27.38317894935608
43,1e-05,1e-11,1e-14,QAP15,-inf,False,3,2770,72.4378411769867
43,1e-05,1e-11,1e-14,QAP8,-inf,False,3,971,1.3019466400146484
43,1e-05,1e-11,1e-14,SC105,52.20206121170724,True,0,134,0.0010333061218261
43,1e-05,1e-11,1e-14,SC205,52.2020612117079,True,0,325,0.0070235729217529
43,1e-05,1e-11,1e-14,SC50A,64.57507705856449,True,0,59,0.0003073215484619
43,1e-05,1e-11,1e-14,SC50B,70.0,True,0,62,0.000319480895996
43,1e-05,1e-11,1e-14,SCAGR25,-inf,False,3,1234,0.109612226486206
43,1e-05,1e-11,1e-14,SCAGR7,2331389.8243309762,True,0,250,0.001936912536621
43,1e-05,1e-11,1e-14,SCFXM1,-1583525859.5080142,False,1,10000,0.6715831756591797
43,1e-05,1e-11,1e-14,SCFXM2,-inf,False,3,217,0.007749319076538
43,1e-05,1e-11,1e-14,SCFXM3,-inf,False,2,1938,1.012462139129639
43,1e-05,1e-11,1e-14,SCORPION,-1875.8517318290155,True,0,466,0.0088047981262207
43,1e-05,1e-11,1e-14,SCRS8,-inf,False,3,712,0.0310266017913818
43,1e-05,1e-11,1e-14,SCSD1,53935.435310191926,False,3,452,0.0061349868774414
43,1e-05,1e-11,1e-14,SCSD6,-42.67621507068471,False,3,778,0.0306775569915771
43,1e-05,1e-11,1e-14,SCSD8,-inf,False,3,286,0.0147123336791992
43,1e-05,1e-11,1e-14,SCTAP1,-1412.2499999999982,True,0,875,0.034714937210083
43,1e-05,1e-11,1e-14,SCTAP2,-inf,False,3,131,0.024148941040039
43,1e-05,1e-11,1e-14,SCTAP3,-inf,False,3,44,0.0240204334259033
43,1e-05,1e-11,1e-14,SHARE1B,76589.31857918575,True,0,456,0.0037455558776855
43,1e-05,1e-11,1e-14,SHARE2B,415.732240741419,True,0,203,0.0010502338409423
43,1e-05,1e-11,1e-14,SHIP04L,-1793324.5379703536,True,0,775,0.0110900402069091
43,1e-05,1e-11,1e-14,SHIP04S,-1798714.7004453933,True,0,606,0.0069131851196289
43,1e-05,1e-11,1e-14,SHIP08L,-1909055.211389134,True,0,1518,0.0441892147064209
43,1e-05,1e-11,1e-14,SHIP08S,-1920098.2105346203,True,0,1215,0.0256390571594238
43,1e-05,1e-11,1e-14,SHIP12L,-1470187.919329265,True,0,2060,0.1062319278717041
43,1e-05,1e-11,1e-14,SHIP12S,-1489236.134406127,True,0,1569,0.0550906658172607
43,1e-05,1e-11,1e-14,STOCFOR1,41131.976219436154,True,0,260,0.0018601417541503
43,1e-05,1e-11,1e-14,STOCFOR2,-inf,False,3,2830,2.268781900405884
43,1e-05,1e-11,1e-14,STOCFOR3,-inf,False,1,10000,353.35262060165405
43,1e-05,1e-11,1e-14,TRUSS,-53257055.56533814,False,3,2259,9.777748584747314
43,1e-05,1e-11,1e-14,WOOD1P,-inf,False,3,2312,0.3126473426818847
43,1e-05,1e-11,1e-14,WOODW,-inf,False,3,40,0.0412604808807373
44,1e-05,1e-11,1e-15,25FV47,-inf,False,3,301,0.0268952846527099
44,1e-05,1e-11,1e-15,ADLITTLE,-225494.96316238047,True,0,144,0.0006296634674072
44,1e-05,1e-11,1e-15,AFIRO,464.7531428571428,True,0,30,0.0002467632293701
44,1e-05,1e-11,1e-15,AGG,10410622.637922712,True,0,596,0.0122442245483398
44,1e-05,1e-11,1e-15,AGG2,20239252.355977103,True,0,572,0.0069680213928222
44,1e-05,1e-11,1e-15,AGG3,-10312115.935089232,True,0,588,0.0101618766784667
44,1e-05,1e-11,1e-15,BANDM,-inf,False,3,151,0.005338430404663
44,1e-05,1e-11,1e-15,BEACONFD,-33592.48580719996,True,0,212,0.0027937889099121
44,1e-05,1e-11,1e-15,BLEND,30.81214984582805,True,0,180,0.0008962154388427
44,1e-05,1e-11,1e-15,BNL1,-inf,False,3,1405,0.2740533351898193
44,1e-05,1e-11,1e-15,BNL2,-inf,False,3,1136,2.0443687438964844
44,1e-05,1e-11,1e-15,BRANDY,-inf,False,3,675,0.0110068321228027
44,1e-05,1e-11,1e-15,D2Q06C,-inf,False,3,546,0.3099970817565918
44,1e-05,1e-11,1e-15,DEGEN2,1435.1779999999912,True,0,2594,0.2665238380432129
44,1e-05,1e-11,1e-15,DEGEN3,-inf,False,1,10000,41.30919790267944
44,1e-05,1e-11,1e-15,E226,-inf,False,3,335,0.0061490535736083
44,1e-05,1e-11,1e-15,FFFFF800,-inf,False,3,679,0.0556170940399169
44,1e-05,1e-11,1e-15,ISRAEL,896644.8218630381,True,0,913,0.0176911354064941
44,1e-05,1e-11,1e-15,LOTFI,25.26470606188001,True,0,271,0.002429723739624
44,1e-05,1e-11,1e-15,MAROS-R7,-1497185.1664796427,True,0,4317,56.94789099693298
44,1e-05,1e-11,1e-15,QAP12,-inf,False,3,2104,29.46902656555176
44,1e-05,1e-11,1e-15,QAP15,-inf,False,3,3337,132.64060163497925
44,1e-05,1e-11,1e-15,QAP8,-inf,False,1,10000,23.366661071777344
44,1e-05,1e-11,1e-15,SC105,52.2020612117072,True,0,131,0.0010251998901367
44,1e-05,1e-11,1e-15,SC205,52.20206121167227,True,0,274,0.0056202411651611
44,1e-05,1e-11,1e-15,SC50A,64.57507705856449,True,0,59,0.0003192424774169
44,1e-05,1e-11,1e-15,SC50B,70.0,True,0,62,0.0003261566162109
44,1e-05,1e-11,1e-15,SCAGR25,-inf,False,3,615,0.0483717918395996
44,1e-05,1e-11,1e-15,SCAGR7,2331389.8243310177,True,0,267,0.0020761489868164
44,1e-05,1e-11,1e-15,SCFXM1,-18416.759028350643,True,0,753,0.0277895927429199
44,1e-05,1e-11,1e-15,SCFXM2,-inf,False,1,10000,4.716344118118286
44,1e-05,1e-11,1e-15,SCFXM3,-inf,False,3,2645,1.3638403415679932
44,1e-05,1e-11,1e-15,SCORPION,-1875.8517318290153,True,0,466,0.009059190750122
44,1e-05,1e-11,1e-15,SCRS8,-inf,False,3,1010,0.0662095546722412
44,1e-05,1e-11,1e-15,SCSD1,6535.289842344521,False,3,322,0.0042791366577148
44,1e-05,1e-11,1e-15,SCSD6,-50.50000007826234,True,0,630,0.0232131481170654
44,1e-05,1e-11,1e-15,SCSD8,-inf,False,3,286,0.0147368907928466
44,1e-05,1e-11,1e-15,SCTAP1,-inf,False,3,177,0.0050463676452636
44,1e-05,1e-11,1e-15,SCTAP2,-inf,False,3,129,0.0226814746856689
44,1e-05,1e-11,1e-15,SCTAP3,-inf,False,3,38,0.0231759548187255
44,1e-05,1e-11,1e-15,SHARE1B,76589.31857918575,True,0,456,0.0037713050842285
44,1e-05,1e-11,1e-15,SHARE2B,415.7322407414188,True,0,210,0.0010747909545898
44,1e-05,1e-11,1e-15,SHIP04L,-1793324.5379703536,True,0,773,0.0105783939361572
44,1e-05,1e-11,1e-15,SHIP04S,-1798714.7004453936,True,0,608,0.0065686702728271
44,1e-05,1e-11,1e-15,SHIP08L,-1909055.2113891335,True,0,1514,0.0440552234649658
44,1e-05,1e-11,1e-15,SHIP08S,-1920098.2105346206,True,0,1214,0.0254318714141845
44,1e-05,1e-11,1e-15,SHIP12L,-1470187.919329265,True,0,2081,0.1084578037261962
44,1e-05,1e-11,1e-15,SHIP12S,-1489236.134406127,True,0,1568,0.0550305843353271
44,1e-05,1e-11,1e-15,STOCFOR1,41131.97621943676,True,0,268,0.0019986629486083
44,1e-05,1e-11,1e-15,STOCFOR2,-inf,False,3,5016,20.212485313415527
44,1e-05,1e-11,1e-15,STOCFOR3,-inf,False,3,6112,330.8480472564697
44,1e-05,1e-11,1e-15,TRUSS,-720836.4359250888,False,3,3053,15.337218761444092
44,1e-05,1e-11,1e-15,WOOD1P,-inf,False,3,113,0.0186657905578613
44,1e-05,1e-11,1e-15,WOODW,-inf,False,3,39,0.0395636558532714
45,1e-05,1e-12,1e-11,25FV47,-inf,False,3,138,0.0103557109832763
45,1e-05,1e-12,1e-11,ADLITTLE,-225494.96316238047,True,0,144,0.0006272792816162
45,1e-05,1e-12,1e-11,AFIRO,464.7531428571428,True,0,30,0.0002505779266357
45,1e-05,1e-12,1e-11,AGG,9884050.397971194,False,3,583,0.0120036602020263
45,1e-05,1e-12,1e-11,AGG2,20239252.355977103,True,0,571,0.0070984363555908
45,1e-05,1e-12,1e-11,AGG3,-10312115.935089232,True,0,588,0.0102324485778808
45,1e-05,1e-12,1e-11,BANDM,-inf,False,3,92,0.0026583671569824
45,1e-05,1e-12,1e-11,BEACONFD,-inf,False,3,33,0.0009160041809082
45,1e-05,1e-12,1e-11,BLEND,30.81214984582829,True,0,148,0.0007555484771728
45,1e-05,1e-12,1e-11,BNL1,-inf,False,3,443,0.0392310619354248
45,1e-05,1e-12,1e-11,BNL2,-inf,False,3,425,0.2030777931213379
45,1e-05,1e-12,1e-11,BRANDY,-inf,False,3,16,0.0005991458892822
45,1e-05,1e-12,1e-11,D2Q06C,-inf,False,3,462,0.1330561637878418
45,1e-05,1e-12,1e-11,DEGEN2,1436.4949999999983,True,0,2751,0.2893009185791015
45,1e-05,1e-12,1e-11,DEGEN3,-inf,False,3,3779,12.602105140686035
45,1e-05,1e-12,1e-11,E226,-6.443690524131252,False,3,426,0.0078725814819335
45,1e-05,1e-12,1e-11,FFFFF800,-inf,False,3,283,0.0138390064239501
45,1e-05,1e-12,1e-11,ISRAEL,896644.8218630484,True,0,950,0.0183813571929931
45,1e-05,1e-12,1e-11,LOTFI,25.264706061880013,True,0,264,0.0022215843200683
45,1e-05,1e-12,1e-11,MAROS-R7,-1497185.1664796427,True,0,4317,56.9770884513855
45,1e-05,1e-12,1e-11,QAP12,-inf,False,3,1687,17.637394666671753
45,1e-05,1e-12,1e-11,QAP15,-inf,False,3,2401,41.05516982078552
45,1e-05,1e-12,1e-11,QAP8,-inf,False,3,604,0.5035088062286377
45,1e-05,1e-12,1e-11,SC105,52.20206121170722,True,0,138,0.0010926723480224
45,1e-05,1e-12,1e-11,SC205,52.20206121182398,True,0,314,0.0066938400268554
45,1e-05,1e-12,1e-11,SC50A,64.57507705856449,True,0,59,0.0003108978271484
45,1e-05,1e-12,1e-11,SC50B,70.0,True,0,62,0.0003228187561035
45,1e-05,1e-12,1e-11,SCAGR25,-inf,False,3,296,0.0168170928955078
45,1e-05,1e-12,1e-11,SCAGR7,2331389.824330985,True,0,270,0.0021979808807373
45,1e-05,1e-12,1e-11,SCFXM1,-inf,False,3,172,0.003350019454956
45,1e-05,1e-12,1e-11,SCFXM2,-inf,False,3,205,0.0072078704833984
45,1e-05,1e-12,1e-11,SCFXM3,-inf,False,3,488,0.0284504890441894
45,1e-05,1e-12,1e-11,SCORPION,-1875.8517318290158,True,0,466,0.0088982582092285
45,1e-05,1e-12,1e-11,SCRS8,-inf,False,3,751,0.0337030887603759
45,1e-05,1e-12,1e-11,SCSD1,-0.928966462411952,False,3,309,0.0043401718139648
45,1e-05,1e-12,1e-11,SCSD6,-49.09175484469489,False,3,595,0.0220885276794433
45,1e-05,1e-12,1e-11,SCSD8,-inf,False,3,279,0.0139746665954589
45,1e-05,1e-12,1e-11,SCTAP1,-inf,False,3,257,0.006258487701416
45,1e-05,1e-12,1e-11,SCTAP2,-inf,False,3,94,0.0145823955535888
45,1e-05,1e-12,1e-11,SCTAP3,-inf,False,3,41,0.023388385772705
45,1e-05,1e-12,1e-11,SHARE1B,76589.31857918575,True,0,456,0.0038051605224609
45,1e-05,1e-12,1e-11,SHARE2B,415.732240741419,True,0,204,0.0010683536529541
45,1e-05,1e-12,1e-11,SHIP04L,-1793324.5379703536,True,0,777,0.0111055374145507
45,1e-05,1e-12,1e-11,SHIP04S,-1798714.7004453933,True,0,606,0.0065083503723144
45,1e-05,1e-12,1e-11,SHIP08L,-1909055.211389134,True,0,1518,0.0440974235534668
45,1e-05,1e-12,1e-11,SHIP08S,-1920098.2105346203,True,0,1215,0.0257275104522705
45,1e-05,1e-12,1e-11,SHIP12L,-1470187.919329265,True,0,2060,0.1066999435424804
45,1e-05,1e-12,1e-11,SHIP12S,-1489236.134406127,True,0,1568,0.0551536083221435
45,1e-05,1e-12,1e-11,STOCFOR1,27179.942256093906,False,3,232,0.00211763381958
45,1e-05,1e-12,1e-11,STOCFOR2,39024.408537882045,True,0,4273,14.146911859512327
45,1e-05,1e-12,1e-11,STOCFOR3,-inf,False,3,9893,330.58143520355225
45,1e-05,1e-12,1e-11,TRUSS,-3739355.8835814386,False,3,1791,6.666829824447632
45,1e-05,1e-12,1e-11,WOOD1P,-inf,False,3,180,0.0283131599426269
45,1e-05,1e-12,1e-11,WOODW,-inf,False,3,34,0.0358033180236816
46,1e-05,1e-12,1e-12,25FV47,-inf,False,3,138,0.0127220153808593
46,1e-05,1e-12,1e-12,ADLITTLE,-225494.96316238047,True,0,144,0.0006003379821777
46,1e-05,1e-12,1e-12,AFIRO,464.7531428571428,True,0,30,0.0002346038818359
46,1e-05,1e-12,1e-12,AGG,10439165.6080729,True,0,595,0.0114843845367431
46,1e-05,1e-12,1e-12,AGG2,20239252.355977103,True,0,571,0.0066213607788085
46,1e-05,1e-12,1e-12,AGG3,-10312115.935089232,True,0,588,0.0097203254699707
46,1e-05,1e-12,1e-12,BANDM,-inf,False,3,90,0.0027217864990234
46,1e-05,1e-12,1e-12,BEACONFD,-inf,False,3,33,0.0008778572082519
46,1e-05,1e-12,1e-12,BLEND,30.81214984582829,True,0,148,0.0007474422454833
46,1e-05,1e-12,1e-12,BNL1,-inf,False,3,443,0.0373544692993164
46,1e-05,1e-12,1e-12,BNL2,-inf,False,3,425,0.2000858783721923
46,1e-05,1e-12,1e-12,BRANDY,-inf,False,3,16,0.0004761219024658
46,1e-05,1e-12,1e-12,D2Q06C,-inf,False,3,462,0.1302587985992431
46,1e-05,1e-12,1e-12,DEGEN2,1436.4949999999976,True,0,3102,0.3205151557922363
46,1e-05,1e-12,1e-12,DEGEN3,-inf,False,3,3434,11.096435546875
46,1e-05,1e-12,1e-12,E226,-6.443690524131252,False,3,426,0.0083355903625488
46,1e-05,1e-12,1e-12,FFFFF800,-inf,False,3,931,0.0950424671173095
46,1e-05,1e-12,1e-12,ISRAEL,896644.8218630381,True,0,913,0.0186991691589355
46,1e-05,1e-12,1e-12,LOTFI,25.264706061880016,True,0,266,0.0023608207702636
46,1e-05,1e-12,1e-12,MAROS-R7,-1497185.1664796427,True,0,4317,56.95628023147583
46,1e-05,1e-12,1e-12,QAP12,-inf,False,3,1692,18.396106719970703
46,1e-05,1e-12,1e-12,QAP15,-inf,False,3,2407,41.60367941856384
46,1e-05,1e-12,1e-12,QAP8,-inf,False,3,605,0.5081324577331543
46,1e-05,1e-12,1e-12,SC105,52.20206121170722,True,0,138,0.0011744499206542
46,1e-05,1e-12,1e-12,SC205,52.202061211805145,True,0,304,0.0065658092498779
46,1e-05,1e-12,1e-12,SC50A,64.57507705856449,True,0,59,0.0003113746643066
46,1e-05,1e-12,1e-12,SC50B,70.0,True,0,62,0.0003242492675781
46,1e-05,1e-12,1e-12,SCAGR25,-inf,False,3,725,0.0539858341217041
46,1e-05,1e-12,1e-12,SCAGR7,2331389.824330985,True,0,270,0.0022017955780029
46,1e-05,1e-12,1e-12,SCFXM1,-inf,False,3,172,0.0036337375640869
46,1e-05,1e-12,1e-12,SCFXM2,-inf,False,3,205,0.0072028636932373
46,1e-05,1e-12,1e-12,SCFXM3,-inf,False,3,463,0.0273950099945068
46,1e-05,1e-12,1e-12,SCORPION,-1875.8517318290158,True,0,466,0.0089449882507324
46,1e-05,1e-12,1e-12,SCRS8,-inf,False,3,762,0.0350804328918457
46,1e-05,1e-12,1e-12,SCSD1,-8.956707573591238,False,3,283,0.0039920806884765
46,1e-05,1e-12,1e-12,SCSD6,-49.09175484469489,False,3,595,0.0222048759460449
46,1e-05,1e-12,1e-12,SCSD8,-inf,False,3,279,0.0139973163604736
46,1e-05,1e-12,1e-12,SCTAP1,-inf,False,3,257,0.0062663555145263
46,1e-05,1e-12,1e-12,SCTAP2,-inf,False,3,94,0.0145769119262695
46,1e-05,1e-12,1e-12,SCTAP3,-inf,False,3,41,0.0234084129333496
46,1e-05,1e-12,1e-12,SHARE1B,76589.31857918575,True,0,456,0.0037441253662109
46,1e-05,1e-12,1e-12,SHARE2B,415.732240741419,True,0,204,0.0010855197906494
46,1e-05,1e-12,1e-12,SHIP04L,-1793324.5379703536,True,0,777,0.0110461711883544
46,1e-05,1e-12,1e-12,SHIP04S,-1798714.7004453933,True,0,606,0.0064876079559326
46,1e-05,1e-12,1e-12,SHIP08L,-1909055.211389134,True,0,1518,0.0441260337829589
46,1e-05,1e-12,1e-12,SHIP08S,-1920098.2105346203,True,0,1215,0.0257604122161865
46,1e-05,1e-12,1e-12,SHIP12L,-1470187.919329265,True,0,2060,0.1065926551818847
46,1e-05,1e-12,1e-12,SHIP12S,-1489236.134406127,True,0,1568,0.0551149845123291
46,1e-05,1e-12,1e-12,STOCFOR1,24967.271820022102,False,3,231,0.0016543865203857
46,1e-05,1e-12,1e-12,STOCFOR2,-inf,False,3,2803,2.066842794418335
46,1e-05,1e-12,1e-12,STOCFOR3,-inf,False,3,9891,330.45820689201355
46,1e-05,1e-12,1e-12,TRUSS,-9602207.1364623,False,3,1695,6.0239622592926025
46,1e-05,1e-12,1e-12,WOOD1P,-inf,False,3,98,0.0162699222564697
46,1e-05,1e-12,1e-12,WOODW,-inf,False,3,34,0.0358970165252685
47,1e-05,1e-12,1e-13,25FV47,-inf,False,3,140,0.0100641250610351
47,1e-05,1e-12,1e-13,ADLITTLE,-225494.96316238047,True,0,144,0.0006144046783447
47,1e-05,1e-12,1e-13,AFIRO,464.7531428571428,True,0,30,0.0002369880676269
47,1e-05,1e-12,1e-13,AGG,10410622.637922712,True,0,596,0.0116815567016601
47,1e-05,1e-12,1e-13,AGG2,20239252.355977103,True,0,571,0.0066335201263427
47,1e-05,1e-12,1e-13,AGG3,-10312115.935089232,True,0,588,0.0097107887268066
47,1e-05,1e-12,1e-13,BANDM,-inf,False,3,93,0.0028321743011474
47,1e-05,1e-12,1e-13,BEACONFD,-inf,False,3,33,0.0008711814880371
47,1e-05,1e-12,1e-13,BLEND,30.81214984582808,True,0,165,0.0007901191711425
47,1e-05,1e-12,1e-13,BNL1,-inf,False,3,443,0.0376033782958984
47,1e-05,1e-12,1e-13,BNL2,-inf,False,3,425,0.1994433403015136
47,1e-05,1e-12,1e-13,BRANDY,-inf,False,3,16,0.0005228519439697
47,1e-05,1e-12,1e-13,D2Q06C,-inf,False,3,463,0.1328251361846923
47,1e-05,1e-12,1e-13,DEGEN2,1435.1779999999994,True,0,2819,0.2914440631866455
47,1e-05,1e-12,1e-13,DEGEN3,-inf,False,3,2232,5.874163627624512
47,1e-05,1e-12,1e-13,E226,18.71822377387704,True,0,774,0.0181136131286621
47,1e-05,1e-12,1e-13,FFFFF800,-inf,False,3,644,0.0527539253234863
47,1e-05,1e-12,1e-13,ISRAEL,896644.8218630381,True,0,913,0.0177004337310791
47,1e-05,1e-12,1e-13,LOTFI,25.26470606188001,True,0,277,0.002418041229248
47,1e-05,1e-12,1e-13,MAROS-R7,-1497185.1664796427,True,0,4317,56.96516156196594
47,1e-05,1e-12,1e-13,QAP12,-inf,False,3,1683,18.18479084968567
47,1e-05,1e-12,1e-13,QAP15,-inf,False,3,2392,40.295398235321045
47,1e-05,1e-12,1e-13,QAP8,-inf,False,3,753,0.8787992000579834
47,1e-05,1e-12,1e-13,SC105,52.20206121170722,True,0,139,0.0011968612670898
47,1e-05,1e-12,1e-13,SC205,52.20206121170649,True,0,322,0.0076818466186523
47,1e-05,1e-12,1e-13,SC50A,64.57507705856449,True,0,59,0.0003423690795898
47,1e-05,1e-12,1e-13,SC50B,70.0,True,0,62,0.0003564357757568
47,1e-05,1e-12,1e-13,SCAGR25,-inf,False,3,495,0.0376269817352294
47,1e-05,1e-12,1e-13,SCAGR7,2331389.824330985,True,0,270,0.002399206161499
47,1e-05,1e-12,1e-13,SCFXM1,-inf,False,3,172,0.0036320686340332
47,1e-05,1e-12,1e-13,SCFXM2,-inf,False,3,205,0.0074689388275146
47,1e-05,1e-12,1e-13,SCFXM3,-inf,False,3,446,0.0284094810485839
47,1e-05,1e-12,1e-13,SCORPION,-1875.8517318290158,True,0,466,0.0096292495727539
47,1e-05,1e-12,1e-13,SCRS8,-inf,False,3,635,0.024390697479248
47,1e-05,1e-12,1e-13,SCSD1,-9.073684760453137,False,3,268,0.0039296150207519
47,1e-05,1e-12,1e-13,SCSD6,-50.50000007826237,True,0,708,0.0298306941986084
47,1e-05,1e-12,1e-13,SCSD8,-inf,False,3,279,0.0149099826812744
47,1e-05,1e-12,1e-13,SCTAP1,-inf,False,3,257,0.0066497325897216
47,1e-05,1e-12,1e-13,SCTAP2,-inf,False,3,94,0.015221357345581
47,1e-05,1e-12,1e-13,SCTAP3,-inf,False,3,41,0.0248267650604248
47,1e-05,1e-12,1e-13,SHARE1B,76589.31857918575,True,0,456,0.0041022300720214
47,1e-05,1e-12,1e-13,SHARE2B,415.732240741419,True,0,204,0.0011420249938964
47,1e-05,1e-12,1e-13,SHIP04L,-1793324.5379703536,True,0,777,0.0119531154632568
47,1e-05,1e-12,1e-13,SHIP04S,-1798714.7004453933,True,0,606,0.0069954395294189
47,1e-05,1e-12,1e-13,SHIP08L,-1909055.211389134,True,0,1518,0.046933889389038
47,1e-05,1e-12,1e-13,SHIP08S,-1920098.2105346203,True,0,1215,0.0272974967956542
47,1e-05,1e-12,1e-13,SHIP12L,-1470187.919329265,True,0,2060,0.1133441925048828
47,1e-05,1e-12,1e-13,SHIP12S,-1489236.134406127,True,0,1568,0.058643102645874
47,1e-05,1e-12,1e-13,STOCFOR1,27242.743153462925,True,0,239,0.0018649101257324
47,1e-05,1e-12,1e-13,STOCFOR2,-inf,False,3,2832,2.421945333480835
47,1e-05,1e-12,1e-13,STOCFOR3,-inf,False,3,9936,342.2179825305939
47,1e-05,1e-12,1e-13,TRUSS,-1157346.3024347746,False,3,1701,6.025998115539551
47,1e-05,1e-12,1e-13,WOOD1P,-inf,False,3,98,0.0173814296722412
47,1e-05,1e-12,1e-13,WOODW,-inf,False,3,34,0.0371477603912353
48,1e-05,1e-12,1e-14,25FV47,-inf,False,3,236,0.0175027847290039
48,1e-05,1e-12,1e-14,ADLITTLE,-225494.96316238047,True,0,144,0.0006239414215087
48,1e-05,1e-12,1e-14,AFIRO,464.7531428571428,True,0,30,0.0002522468566894
48,1e-05,1e-12,1e-14,AGG,10410622.637922712,True,0,596,0.0123510360717773
48,1e-05,1e-12,1e-14,AGG2,20239252.355977103,True,0,571,0.0070078372955322
48,1e-05,1e-12,1e-14,AGG3,-10312115.935089232,True,0,588,0.0102546215057373
48,1e-05,1e-12,1e-14,BANDM,-inf,False,3,86,0.0025277137756347
48,1e-05,1e-12,1e-14,BEACONFD,-inf,False,3,34,0.0010552406311035
48,1e-05,1e-12,1e-14,BLEND,30.81214984582823,True,0,161,0.0008273124694824
48,1e-05,1e-12,1e-14,BNL1,-inf,False,3,445,0.0395562648773193
48,1e-05,1e-12,1e-14,BNL2,-inf,False,3,425,0.2178654670715332
48,1e-05,1e-12,1e-14,BRANDY,-inf,False,3,16,0.0006046295166015
48,1e-05,1e-12,1e-14,D2Q06C,-inf,False,3,471,0.1508033275604248
48,1e-05,1e-12,1e-14,DEGEN2,-inf,False,3,660,0.0509402751922607
48,1e-05,1e-12,1e-14,DEGEN3,-inf,False,3,3296,10.491097927093506
48,1e-05,1e-12,1e-14,E226,15.692139219095,False,3,777,0.0195083618164062
48,1e-05,1e-12,1e-14,FFFFF800,-inf,False,3,654,0.0563371181488037
48,1e-05,1e-12,1e-14,ISRAEL,896644.8218630381,True,0,913,0.0188426971435546
48,1e-05,1e-12,1e-14,LOTFI,25.26470606188001,True,0,277,0.0026812553405761
48,1e-05,1e-12,1e-14,MAROS-R7,-1497185.1664796427,True,0,4317,57.06144738197327
48,1e-05,1e-12,1e-14,QAP12,-inf,False,3,1342,8.765000343322754
48,1e-05,1e-12,1e-14,QAP15,-inf,False,3,2728,68.94177103042603
48,1e-05,1e-12,1e-14,QAP8,-inf,False,3,492,0.2989063262939453
48,1e-05,1e-12,1e-14,SC105,52.20206121170724,True,0,134,0.0010480880737304
48,1e-05,1e-12,1e-14,SC205,52.2020612117079,True,0,325,0.0069611072540283
48,1e-05,1e-12,1e-14,SC50A,64.57507705856449,True,0,59,0.000340461730957
48,1e-05,1e-12,1e-14,SC50B,70.0,True,0,62,0.0003254413604736
48,1e-05,1e-12,1e-14,SCAGR25,11321452.671406562,False,3,1409,0.1312251091003418
48,1e-05,1e-12,1e-14,SCAGR7,2331389.8243309762,True,0,250,0.0019533634185791
48,1e-05,1e-12,1e-14,SCFXM1,-inf,False,3,174,0.0033822059631347
48,1e-05,1e-12,1e-14,SCFXM2,-inf,False,3,223,0.0079982280731201
48,1e-05,1e-12,1e-14,SCFXM3,-inf,False,3,452,0.027259349822998
48,1e-05,1e-12,1e-14,SCORPION,-1875.8517318290155,True,0,466,0.0088438987731933
48,1e-05,1e-12,1e-14,SCRS8,-inf,False,3,635,0.0227713584899902
48,1e-05,1e-12,1e-14,SCSD1,803709.0095320226,False,3,464,0.0063178539276123
48,1e-05,1e-12,1e-14,SCSD6,-42.67621507068471,False,3,778,0.0307404994964599
48,1e-05,1e-12,1e-14,SCSD8,-inf,False,3,286,0.0146877765655517
48,1e-05,1e-12,1e-14,SCTAP1,-inf,False,3,114,0.0027329921722412
48,1e-05,1e-12,1e-14,SCTAP2,-inf,False,3,94,0.0142955780029296
48,1e-05,1e-12,1e-14,SCTAP3,-inf,False,3,44,0.0240693092346191
48,1e-05,1e-12,1e-14,SHARE1B,76589.31857918575,True,0,456,0.0037753582000732
48,1e-05,1e-12,1e-14,SHARE2B,415.732240741419,True,0,203,0.0010554790496826
48,1e-05,1e-12,1e-14,SHIP04L,-1793324.5379703536,True,0,775,0.0108296871185302
48,1e-05,1e-12,1e-14,SHIP04S,-1798714.7004453933,True,0,606,0.0065348148345947
48,1e-05,1e-12,1e-14,SHIP08L,-1909055.211389134,True,0,1518,0.0443606376647949
48,1e-05,1e-12,1e-14,SHIP08S,-1920098.2105346203,True,0,1215,0.0257103443145751
48,1e-05,1e-12,1e-14,SHIP12L,-1470187.919329265,True,0,2060,0.1066462993621826
48,1e-05,1e-12,1e-14,SHIP12S,-1489236.134406127,True,0,1569,0.0554113388061523
48,1e-05,1e-12,1e-14,STOCFOR1,27242.743153462925,True,0,239,0.0017812252044677
48,1e-05,1e-12,1e-14,STOCFOR2,-inf,False,3,2938,3.1436731815338135
48,1e-05,1e-12,1e-14,STOCFOR3,-inf,False,3,7073,310.07493782043457
48,1e-05,1e-12,1e-14,TRUSS,5620975308.28125,False,3,1954,7.847883939743042
48,1e-05,1e-12,1e-14,WOOD1P,-inf,False,1,10000,1.4251413345336914
48,1e-05,1e-12,1e-14,WOODW,-inf,False,3,34,0.0362868309020996
49,1e-05,1e-12,1e-15,25FV47,-inf,False,3,1300,0.2909631729125976
49,1e-05,1e-12,1e-15,ADLITTLE,-225494.96316238047,True,0,144,0.0005912780761718
49,1e-05,1e-12,1e-15,AFIRO,464.7531428571428,True,0,30,0.0002398490905761
49,1e-05,1e-12,1e-15,AGG,10410622.637922712,True,0,596,0.0116739273071289
49,1e-05,1e-12,1e-15,AGG2,20239252.355977103,True,0,572,0.006608247756958
49,1e-05,1e-12,1e-15,AGG3,-10312115.935089232,True,0,588,0.0097019672393798
49,1e-05,1e-12,1e-15,BANDM,-inf,False,3,205,0.0073246955871582
49,1e-05,1e-12,1e-15,BEACONFD,-inf,False,3,34,0.0008933544158935
49,1e-05,1e-12,1e-15,BLEND,30.81214984582805,True,0,180,0.000859260559082
49,1e-05,1e-12,1e-15,BNL1,-inf,False,3,557,0.056412935256958
49,1e-05,1e-12,1e-15,BNL2,-inf,False,3,675,0.6518785953521729
49,1e-05,1e-12,1e-15,BRANDY,-inf,False,3,16,0.0004827976226806
49,1e-05,1e-12,1e-15,D2Q06C,-inf,False,3,504,0.2083477973937988
49,1e-05,1e-12,1e-15,DEGEN2,1435.1779999999912,True,0,2594,0.256105899810791
49,1e-05,1e-12,1e-15,DEGEN3,-inf,False,3,8608,34.732250452041626
49,1e-05,1e-12,1e-15,E226,-inf,False,3,335,0.006178855895996
49,1e-05,1e-12,1e-15,FFFFF800,-inf,False,3,929,0.0920157432556152
49,1e-05,1e-12,1e-15,ISRAEL,896644.8218630381,True,0,913,0.0177485942840576
49,1e-05,1e-12,1e-15,LOTFI,25.26470606188001,True,0,271,0.0023376941680908
49,1e-05,1e-12,1e-15,MAROS-R7,-1497185.1664796427,True,0,4317,56.93670439720154
49,1e-05,1e-12,1e-15,QAP12,-inf,False,3,1815,20.376373767852783
49,1e-05,1e-12,1e-15,QAP15,-inf,False,3,2610,57.44908118247986
49,1e-05,1e-12,1e-15,QAP8,-inf,False,3,697,0.7228751182556152
49,1e-05,1e-12,1e-15,SC105,52.2020612117072,True,0,131,0.0011055469512939
49,1e-05,1e-12,1e-15,SC205,52.20206121167227,True,0,274,0.0061464309692382
49,1e-05,1e-12,1e-15,SC50A,64.57507705856449,True,0,59,0.0003445148468017
49,1e-05,1e-12,1e-15,SC50B,70.0,True,0,62,0.0003602504730224
49,1e-05,1e-12,1e-15,SCAGR25,-inf,False,3,615,0.0528147220611572
49,1e-05,1e-12,1e-15,SCAGR7,2331389.8243310177,True,0,267,0.0022807121276855
49,1e-05,1e-12,1e-15,SCFXM1,-inf,False,3,192,0.0042619705200195
49,1e-05,1e-12,1e-15,SCFXM2,-inf,False,3,363,0.0166873931884765
49,1e-05,1e-12,1e-15,SCFXM3,-inf,False,3,453,0.032219648361206
49,1e-05,1e-12,1e-15,SCORPION,-1875.8517318290153,True,0,466,0.0095932483673095
49,1e-05,1e-12,1e-15,SCRS8,-inf,False,3,789,0.0390970706939697
49,1e-05,1e-12,1e-15,SCSD1,49.90948695246061,False,3,323,0.00457763671875
49,1e-05,1e-12,1e-15,SCSD6,-50.50000007826234,True,0,630,0.0251510143280029
49,1e-05,1e-12,1e-15,SCSD8,-inf,False,3,286,0.0157065391540527
49,1e-05,1e-12,1e-15,SCTAP1,-inf,False,3,58,0.001676321029663
49,1e-05,1e-12,1e-15,SCTAP2,-inf,False,3,96,0.0162992477416992
49,1e-05,1e-12,1e-15,SCTAP3,-inf,False,3,38,0.0237519741058349
49,1e-05,1e-12,1e-15,SHARE1B,76589.31857918575,True,0,456,0.0040881633758544
49,1e-05,1e-12,1e-15,SHARE2B,415.7322407414188,True,0,210,0.0011744499206542
49,1e-05,1e-12,1e-15,SHIP04L,-1793324.5379703536,True,0,773,0.0112411975860595
49,1e-05,1e-12,1e-15,SHIP04S,-1798714.7004453936,True,0,608,0.0073223114013671
49,1e-05,1e-12,1e-15,SHIP08L,-1909055.2113891335,True,0,1514,0.0469753742218017
49,1e-05,1e-12,1e-15,SHIP08S,-1920098.2105346206,True,0,1214,0.027191162109375
49,1e-05,1e-12,1e-15,SHIP12L,-1470187.919329265,True,0,2081,0.114628791809082
49,1e-05,1e-12,1e-15,SHIP12S,-1489236.134406127,True,0,1568,0.0576541423797607
49,1e-05,1e-12,1e-15,STOCFOR1,27393.472718621397,True,0,258,0.0021007061004638
49,1e-05,1e-12,1e-15,STOCFOR2,-inf,False,3,2818,2.2001724243164062
49,1e-05,1e-12,1e-15,STOCFOR3,-inf,False,3,5922,277.967812538147
49,1e-05,1e-12,1e-15,TRUSS,359489.9419150482,False,3,2225,9.644948482513428
49,1e-05,1e-12,1e-15,WOOD1P,-inf,False,1,10000,1.2927186489105225
49,1e-05,1e-12,1e-15,WOODW,-inf,False,3,34,0.0352935791015625
50,1e-06,1e-08,1e-11,25FV47,-9091.89177764894,False,1,10000,15.147831439971924
50,1e-06,1e-08,1e-11,ADLITTLE,-225494.96316238047,True,0,144,0.0006141662597656
50,1e-06,1e-08,1e-11,AFIRO,464.7531428571428,True,0,30,0.0002434253692626
50,1e-06,1e-08,1e-11,AGG,36291233.286576286,True,0,612,0.0131919384002685
50,1e-06,1e-08,1e-11,AGG2,20239252.355977103,True,0,571,0.0066816806793212
50,1e-06,1e-08,1e-11,AGG3,-10312115.935089232,True,0,588,0.0097675323486328
50,1e-06,1e-08,1e-11,BANDM,158.62801845002156,True,0,1253,0.0483732223510742
50,1e-06,1e-08,1e-11,BEACONFD,-33592.48580719998,True,0,210,0.0026056766510009
50,1e-06,1e-08,1e-11,BLEND,30.81214984582829,True,0,148,0.0007474422454833
50,1e-06,1e-08,1e-11,BNL1,-inf,False,3,2551,0.8519275188446045
50,1e-06,1e-08,1e-11,BNL2,-inf,False,1,10000,64.08407711982727
50,1e-06,1e-08,1e-11,BRANDY,-1518.5325854360578,True,0,805,0.013747215270996
50,1e-06,1e-08,1e-11,D2Q06C,-inf,False,1,10000,92.4384582042694
50,1e-06,1e-08,1e-11,DEGEN2,1436.4949999999983,True,0,2751,0.2923629283905029
50,1e-06,1e-08,1e-11,DEGEN3,-inf,False,1,10000,41.643396854400635
50,1e-06,1e-08,1e-11,E226,18.75192906637472,True,0,737,0.0179030895233154
50,1e-06,1e-08,1e-11,FFFFF800,-inf,False,3,285,0.0144636631011962
50,1e-06,1e-08,1e-11,ISRAEL,896644.8218630484,True,0,950,0.0191590785980224
50,1e-06,1e-08,1e-11,LOTFI,25.264706061880013,True,0,264,0.0023040771484375
50,1e-06,1e-08,1e-11,MAROS-R7,-1497185.1664796427,True,0,4317,56.82165265083313
50,1e-06,1e-08,1e-11,QAP12,-inf,False,3,2914,55.45000696182251
50,1e-06,1e-08,1e-11,QAP15,-inf,False,1,10000,1265.5628232955933
50,1e-06,1e-08,1e-11,QAP8,-inf,False,3,2919,5.327985525131226
50,1e-06,1e-08,1e-11,SC105,52.20206121170722,True,0,138,0.0011303424835205
50,1e-06,1e-08,1e-11,SC205,52.20206121182398,True,0,314,0.0066964626312255
50,1e-06,1e-08,1e-11,SC50A,64.57507705856449,True,0,59,0.0003137588500976
50,1e-06,1e-08,1e-11,SC50B,70.0,True,0,62,0.000331163406372
50,1e-06,1e-08,1e-11,SCAGR25,14753433.060785834,True,0,1646,0.1610279083251953
50,1e-06,1e-08,1e-11,SCAGR7,2331389.824330985,True,0,270,0.0022320747375488
50,1e-06,1e-08,1e-11,SCFXM1,-18416.75902841995,True,0,801,0.031261920928955
50,1e-06,1e-08,1e-11,SCFXM2,-36660.26156500209,True,0,1629,0.3570814132690429
50,1e-06,1e-08,1e-11,SCFXM3,-54901.25454975151,True,0,2499,2.0585343837738037
50,1e-06,1e-08,1e-11,SCORPION,-1875.8517318290158,True,0,466,0.008897066116333
50,1e-06,1e-08,1e-11,SCRS8,-449.41749452873216,True,0,1507,0.1385414600372314
50,1e-06,1e-08,1e-11,SCSD1,-7.334363713061227,False,3,319,0.0045168399810791
50,1e-06,1e-08,1e-11,SCSD6,-50.500000078262346,True,0,663,0.0253522396087646
50,1e-06,1e-08,1e-11,SCSD8,-inf,False,3,607,0.1260657310485839
50,1e-06,1e-08,1e-11,SCTAP1,-1412.2500000000616,True,0,862,0.0354893207550048
50,1e-06,1e-08,1e-11,SCTAP2,-inf,False,3,321,0.194427490234375
50,1e-06,1e-08,1e-11,SCTAP3,-inf,False,3,301,0.2198383808135986
50,1e-06,1e-08,1e-11,SHARE1B,76589.31857918575,True,0,456,0.0040357112884521
50,1e-06,1e-08,1e-11,SHARE2B,415.732240741419,True,0,204,0.0011444091796875
50,1e-06,1e-08,1e-11,SHIP04L,-1793324.5379703536,True,0,777,0.0116446018218994
50,1e-06,1e-08,1e-11,SHIP04S,-1798714.7004453933,True,0,606,0.0071723461151123
50,1e-06,1e-08,1e-11,SHIP08L,-1909055.211389134,True,0,1518,0.046100378036499
50,1e-06,1e-08,1e-11,SHIP08S,-1920098.2105346203,True,0,1215,0.0269484519958496
50,1e-06,1e-08,1e-11,SHIP12L,-1470187.919329265,True,0,2060,0.1106777191162109
50,1e-06,1e-08,1e-11,SHIP12S,-1489236.134406127,True,0,1568,0.0569069385528564
50,1e-06,1e-08,1e-11,STOCFOR1,41131.976219436205,True,0,259,0.0020039081573486
50,1e-06,1e-08,1e-11,STOCFOR2,39024.408537882045,True,0,4273,14.16749095916748
50,1e-06,1e-08,1e-11,STOCFOR3,-inf,False,1,10000,341.1938970088959
50,1e-06,1e-08,1e-11,TRUSS,-603838.5434547605,False,3,4899,28.104446411132812
50,1e-06,1e-08,1e-11,WOOD1P,-inf,False,3,299,0.0514791011810302
50,1e-06,1e-08,1e-11,WOODW,-inf,False,3,412,0.7911503314971924
51,1e-06,1e-08,1e-12,25FV47,-inf,False,3,6785,9.680187463760376
51,1e-06,1e-08,1e-12,ADLITTLE,-225494.96316238047,True,0,144,0.0006377696990966
51,1e-06,1e-08,1e-12,AFIRO,464.7531428571428,True,0,30,0.0002439022064208
51,1e-06,1e-08,1e-12,AGG,36291233.286576286,True,0,610,0.0130760669708251
51,1e-06,1e-08,1e-12,AGG2,20239252.355977103,True,0,571,0.0066845417022705
51,1e-06,1e-08,1e-12,AGG3,-10312115.935089232,True,0,588,0.0096535682678222
51,1e-06,1e-08,1e-12,BANDM,158.62801845025237,True,0,1363,0.0534586906433105
51,1e-06,1e-08,1e-12,BEACONFD,-33592.48580719998,True,0,210,0.0027132034301757
51,1e-06,1e-08,1e-12,BLEND,30.81214984582829,True,0,148,0.0007472038269042
51,1e-06,1e-08,1e-12,BNL1,-1977.6295615229444,True,0,3872,2.0417685508728027
51,1e-06,1e-08,1e-12,BNL2,-13296.25560756109,False,1,10000,63.87654376029968
51,1e-06,1e-08,1e-12,BRANDY,-inf,False,3,328,0.0066344738006591
51,1e-06,1e-08,1e-12,D2Q06C,-inf,False,3,925,0.7238571643829346
51,1e-06,1e-08,1e-12,DEGEN2,1436.4949999999976,True,0,3102,0.3213264942169189
51,1e-06,1e-08,1e-12,DEGEN3,-inf,False,1,10000,41.445576906204224
51,1e-06,1e-08,1e-12,E226,18.75192906637468,True,0,738,0.0170223712921142
51,1e-06,1e-08,1e-12,FFFFF800,-555679.5733116927,True,0,2055,0.2684614658355713
51,1e-06,1e-08,1e-12,ISRAEL,896644.8218630381,True,0,913,0.0178008079528808
51,1e-06,1e-08,1e-12,LOTFI,25.264706061880016,True,0,266,0.0022988319396972
51,1e-06,1e-08,1e-12,MAROS-R7,-1497185.1664796427,True,0,4317,56.86117172241211
51,1e-06,1e-08,1e-12,QAP12,-inf,False,1,10000,352.2641746997833
51,1e-06,1e-08,1e-12,QAP15,-inf,False,1,10000,1299.932116985321
51,1e-06,1e-08,1e-12,QAP8,-inf,False,3,3505,6.461500406265259
51,1e-06,1e-08,1e-12,SC105,52.20206121170722,True,0,138,0.0010817050933837
51,1e-06,1e-08,1e-12,SC205,52.202061211805145,True,0,304,0.0065200328826904
51,1e-06,1e-08,1e-12,SC50A,64.57507705856449,True,0,59,0.0003135204315185
51,1e-06,1e-08,1e-12,SC50B,70.0,True,0,62,0.000328779220581
51,1e-06,1e-08,1e-12,SCAGR25,14753671.109041376,True,0,1643,0.1577317714691162
51,1e-06,1e-08,1e-12,SCAGR7,2331389.824330985,True,0,270,0.0021815299987792
51,1e-06,1e-08,1e-12,SCFXM1,-18416.75902841879,True,0,845,0.0336384773254394
51,1e-06,1e-08,1e-12,SCFXM2,-36660.26156499724,True,0,1649,0.3055410385131836
51,1e-06,1e-08,1e-12,SCFXM3,-54901.25454975134,True,0,2481,1.8431153297424316
51,1e-06,1e-08,1e-12,SCORPION,-1875.8517318290158,True,0,466,0.0088198184967041
51,1e-06,1e-08,1e-12,SCRS8,-531.119254753136,True,0,1537,0.1406807899475097
51,1e-06,1e-08,1e-12,SCSD1,-8.30139993795192,False,3,313,0.0043303966522216
51,1e-06,1e-08,1e-12,SCSD6,-50.500000078262346,True,0,663,0.0251858234405517
51,1e-06,1e-08,1e-12,SCSD8,-inf,False,3,609,0.1272408962249755
51,1e-06,1e-08,1e-12,SCTAP1,-1412.2500000000002,True,0,813,0.0321528911590576
51,1e-06,1e-08,1e-12,SCTAP2,-inf,False,3,302,0.1623787879943847
51,1e-06,1e-08,1e-12,SCTAP3,-inf,False,3,301,0.2253785133361816
51,1e-06,1e-08,1e-12,SHARE1B,76589.31857918575,True,0,456,0.0037653446197509
51,1e-06,1e-08,1e-12,SHARE2B,415.732240741419,True,0,204,0.0010542869567871
51,1e-06,1e-08,1e-12,SHIP04L,-1793324.5379703536,True,0,777,0.0116991996765136
51,1e-06,1e-08,1e-12,SHIP04S,-1798714.7004453933,True,0,606,0.0071578025817871
51,1e-06,1e-08,1e-12,SHIP08L,-1909055.211389134,True,0,1518,0.0465621948242187
51,1e-06,1e-08,1e-12,SHIP08S,-1920098.2105346203,True,0,1215,0.0268657207489013
51,1e-06,1e-08,1e-12,SHIP12L,-1470187.919329265,True,0,2060,0.1060333251953125
51,1e-06,1e-08,1e-12,SHIP12S,-1489236.134406127,True,0,1568,0.0547170639038085
51,1e-06,1e-08,1e-12,STOCFOR1,41131.976219436176,True,0,259,0.0018770694732666
51,1e-06,1e-08,1e-12,STOCFOR2,39024.40853788116,True,0,4272,14.109561204910278
51,1e-06,1e-08,1e-12,STOCFOR3,-inf,False,1,10000,340.76729822158813
51,1e-06,1e-08,1e-12,TRUSS,-527765.2860528495,False,1,10000,65.74108791351318
51,1e-06,1e-08,1e-12,WOOD1P,-inf,False,3,126,0.0198876857757568
51,1e-06,1e-08,1e-12,WOODW,-inf,False,3,419,0.8228137493133545
52,1e-06,1e-08,1e-13,25FV47,-inf,False,3,1976,1.9511854648590088
52,1e-06,1e-08,1e-13,ADLITTLE,-225494.96316238047,True,0,144,0.0006685256958007
52,1e-06,1e-08,1e-13,AFIRO,464.7531428571428,True,0,30,0.0002586841583251
52,1e-06,1e-08,1e-13,AGG,36291233.286576286,True,0,609,0.0137856006622314
52,1e-06,1e-08,1e-13,AGG2,20239252.355977103,True,0,571,0.0070672035217285
52,1e-06,1e-08,1e-13,AGG3,-10312115.935089232,True,0,588,0.0102217197418212
52,1e-06,1e-08,1e-13,BANDM,158.62801845024026,True,0,1333,0.0552632808685302
52,1e-06,1e-08,1e-13,BEACONFD,-33592.48580719998,True,0,210,0.0027275085449218
52,1e-06,1e-08,1e-13,BLEND,30.81214984582808,True,0,165,0.0008623600006103
52,1e-06,1e-08,1e-13,BNL1,-inf,False,3,4823,2.7179441452026367
52,1e-06,1e-08,1e-13,BNL2,-inf,False,1,10000,64.14993929862976
52,1e-06,1e-08,1e-13,BRANDY,-1518.509896485441,True,0,780,0.0132219791412353
52,1e-06,1e-08,1e-13,D2Q06C,-inf,False,1,10000,91.6038281917572
52,1e-06,1e-08,1e-13,DEGEN2,1435.1779999999994,True,0,2819,0.2893965244293213
52,1e-06,1e-08,1e-13,DEGEN3,-inf,False,1,10000,41.25438380241394
52,1e-06,1e-08,1e-13,E226,18.75192906637468,True,0,738,0.0171220302581787
52,1e-06,1e-08,1e-13,FFFFF800,-555679.5733120922,True,0,2024,0.270120620727539
52,1e-06,1e-08,1e-13,ISRAEL,896644.8218630381,True,0,913,0.0187819004058837
52,1e-06,1e-08,1e-13,LOTFI,25.26470606188001,True,0,277,0.002558946609497
52,1e-06,1e-08,1e-13,MAROS-R7,-1497185.1664796427,True,0,4317,56.89671778678894
52,1e-06,1e-08,1e-13,QAP12,-inf,False,3,6897,221.3070132732391
52,1e-06,1e-08,1e-13,QAP15,-inf,False,1,10000,1212.6222932338717
52,1e-06,1e-08,1e-13,QAP8,-inf,False,1,10000,21.099353075027462
52,1e-06,1e-08,1e-13,SC105,52.20206121170722,True,0,139,0.0011053085327148
52,1e-06,1e-08,1e-13,SC205,52.20206121170649,True,0,322,0.0069925785064697
52,1e-06,1e-08,1e-13,SC50A,64.57507705856449,True,0,59,0.0003190040588378
52,1e-06,1e-08,1e-13,SC50B,70.0,True,0,62,0.0003321170806884
52,1e-06,1e-08,1e-13,SCAGR25,7581987.768915891,False,3,1361,0.1223196983337402
52,1e-06,1e-08,1e-13,SCAGR7,2331389.824330985,True,0,270,0.0022041797637939
52,1e-06,1e-08,1e-13,SCFXM1,-18416.759028417593,True,0,847,0.03387451171875
52,1e-06,1e-08,1e-13,SCFXM2,-36658.66650838561,True,0,1698,0.3460180759429931
52,1e-06,1e-08,1e-13,SCFXM3,-54901.254549747006,True,0,2491,2.022759199142456
52,1e-06,1e-08,1e-13,SCORPION,-1875.8517318290158,True,0,466,0.0088791847229003
52,1e-06,1e-08,1e-13,SCRS8,-449.41749452893407,True,0,1606,0.1829018592834472
52,1e-06,1e-08,1e-13,SCSD1,-10.002010015633264,False,3,315,0.00443696975708
52,1e-06,1e-08,1e-13,SCSD6,-50.50000007826237,True,0,708,0.0275030136108398
52,1e-06,1e-08,1e-13,SCSD8,-inf,False,3,747,0.1965243816375732
52,1e-06,1e-08,1e-13,SCTAP1,-1412.249999999997,True,0,797,0.0313270092010498
52,1e-06,1e-08,1e-13,SCTAP2,-inf,False,3,394,0.3104746341705322
52,1e-06,1e-08,1e-13,SCTAP3,-inf,False,3,329,0.2701888084411621
52,1e-06,1e-08,1e-13,SHARE1B,76589.31857918575,True,0,456,0.0037639141082763
52,1e-06,1e-08,1e-13,SHARE2B,415.732240741419,True,0,204,0.0010607242584228
52,1e-06,1e-08,1e-13,SHIP04L,-1793324.5379703536,True,0,777,0.0110969543457031
52,1e-06,1e-08,1e-13,SHIP04S,-1798714.7004453933,True,0,606,0.0065467357635498
52,1e-06,1e-08,1e-13,SHIP08L,-1909055.211389134,True,0,1518,0.04425048828125
52,1e-06,1e-08,1e-13,SHIP08S,-1920098.2105346203,True,0,1215,0.0258827209472656
52,1e-06,1e-08,1e-13,SHIP12L,-1470187.919329265,True,0,2060,0.1074049472808837
52,1e-06,1e-08,1e-13,SHIP12S,-1489236.134406127,True,0,1568,0.0606946945190429
52,1e-06,1e-08,1e-13,STOCFOR1,41131.97621943616,True,0,259,0.0018792152404785
52,1e-06,1e-08,1e-13,STOCFOR2,39024.40853788207,True,0,4250,13.940917491912842
52,1e-06,1e-08,1e-13,STOCFOR3,-inf,False,1,10000,340.86622619628906
52,1e-06,1e-08,1e-13,TRUSS,-549209.9425360082,False,3,7263,45.11517119407654
52,1e-06,1e-08,1e-13,WOOD1P,-inf,False,3,130,0.0204391479492187
52,1e-06,1e-08,1e-13,WOODW,-inf,False,3,452,0.9115827083587646
53,1e-06,1e-08,1e-14,25FV47,-inf,False,1,10000,15.055725574493408
53,1e-06,1e-08,1e-14,ADLITTLE,-225494.96316238047,True,0,144,0.0006501674652099
53,1e-06,1e-08,1e-14,AFIRO,464.7531428571428,True,0,30,0.0002593994140625
53,1e-06,1e-08,1e-14,AGG,36291233.286576286,True,0,609,0.013622760772705
53,1e-06,1e-08,1e-14,AGG2,20239252.355977103,True,0,571,0.0071697235107421
53,1e-06,1e-08,1e-14,AGG3,-10312115.935089232,True,0,588,0.0100932121276855
53,1e-06,1e-08,1e-14,BANDM,158.6280184499312,True,0,1261,0.0509660243988037
53,1e-06,1e-08,1e-14,BEACONFD,-33592.48580719996,True,0,212,0.0026242733001708
53,1e-06,1e-08,1e-14,BLEND,30.81214984582823,True,0,161,0.0007903575897216
53,1e-06,1e-08,1e-14,BNL1,-inf,False,3,1305,0.2573826313018799
53,1e-06,1e-08,1e-14,BNL2,-7058.577107619767,False,1,10000,63.61895680427551
53,1e-06,1e-08,1e-14,BRANDY,-1518.5098964881197,True,0,647,0.0106287002563476
53,1e-06,1e-08,1e-14,D2Q06C,-inf,False,1,10000,89.56198048591614
53,1e-06,1e-08,1e-14,DEGEN2,1435.1779999999806,True,0,3022,0.3031244277954101
53,1e-06,1e-08,1e-14,DEGEN3,-inf,False,1,10000,41.2735857963562
53,1e-06,1e-08,1e-14,E226,18.75192906621691,True,0,840,0.0200951099395751
53,1e-06,1e-08,1e-14,FFFFF800,-555679.573310675,True,0,1966,0.2485659122467041
53,1e-06,1e-08,1e-14,ISRAEL,896644.8218630381,True,0,913,0.0177919864654541
53,1e-06,1e-08,1e-14,LOTFI,25.26470606188001,True,0,277,0.0024666786193847
53,1e-06,1e-08,1e-14,MAROS-R7,-1497185.1664796427,True,0,4317,56.870099782943726
53,1e-06,1e-08,1e-14,QAP12,-inf,False,1,10000,338.23154282569885
53,1e-06,1e-08,1e-14,QAP15,-inf,False,3,7765,902.247306585312
53,1e-06,1e-08,1e-14,QAP8,-inf,False,3,2785,5.187577486038208
53,1e-06,1e-08,1e-14,SC105,52.20206121170724,True,0,134,0.0010991096496582
53,1e-06,1e-08,1e-14,SC205,52.2020612117079,True,0,325,0.0070281028747558
53,1e-06,1e-08,1e-14,SC50A,64.57507705856449,True,0,59,0.0003247261047363
53,1e-06,1e-08,1e-14,SC50B,70.0,True,0,62,0.0003302097320556
53,1e-06,1e-08,1e-14,SCAGR25,14768933.729826925,True,0,1379,0.1283655166625976
53,1e-06,1e-08,1e-14,SCAGR7,2331389.8243309762,True,0,250,0.0019750595092773
53,1e-06,1e-08,1e-14,SCFXM1,-18416.759028346125,True,0,896,0.0362105369567871
53,1e-06,1e-08,1e-14,SCFXM2,-36660.26156499932,True,0,1747,0.3473901748657226
53,1e-06,1e-08,1e-14,SCFXM3,-54901.254549742924,True,0,2510,2.017557144165039
53,1e-06,1e-08,1e-14,SCORPION,-1875.8517318290155,True,0,466,0.0088253021240234
53,1e-06,1e-08,1e-14,SCRS8,-536.9613499483563,True,0,1437,0.1344592571258545
53,1e-06,1e-08,1e-14,SCSD1,-34.45019632727147,False,3,314,0.0042657852172851
53,1e-06,1e-08,1e-14,SCSD6,-50.500000078262325,True,0,809,0.0322957038879394
53,1e-06,1e-08,1e-14,SCSD8,-inf,False,3,1843,0.9437463283538818
53,1e-06,1e-08,1e-14,SCTAP1,-1412.2499999999982,True,0,875,0.034858226776123
53,1e-06,1e-08,1e-14,SCTAP2,-inf,False,1,10000,26.299567699432373
53,1e-06,1e-08,1e-14,SCTAP3,-inf,False,3,244,0.1431891918182373
53,1e-06,1e-08,1e-14,SHARE1B,76589.31857918575,True,0,456,0.0038161277770996
53,1e-06,1e-08,1e-14,SHARE2B,415.732240741419,True,0,203,0.0011622905731201
53,1e-06,1e-08,1e-14,SHIP04L,-1793324.5379703536,True,0,775,0.0115549564361572
53,1e-06,1e-08,1e-14,SHIP04S,-1798714.7004453933,True,0,606,0.0065135955810546
53,1e-06,1e-08,1e-14,SHIP08L,-1909055.211389134,True,0,1518,0.0443086624145507
53,1e-06,1e-08,1e-14,SHIP08S,-1920098.2105346203,True,0,1215,0.0258517265319824
53,1e-06,1e-08,1e-14,SHIP12L,-1470187.919329265,True,0,2060,0.1074662208557128
53,1e-06,1e-08,1e-14,SHIP12S,-1489236.134406127,True,0,1569,0.0571136474609375
53,1e-06,1e-08,1e-14,STOCFOR1,41131.976219436154,True,0,260,0.0019216537475585
53,1e-06,1e-08,1e-14,STOCFOR2,39024.408537882206,True,0,4225,13.721399784088137
53,1e-06,1e-08,1e-14,STOCFOR3,-inf,False,1,10000,353.60905480384827
53,1e-06,1e-08,1e-14,TRUSS,-483206.8293941396,False,1,10000,65.22420144081116
53,1e-06,1e-08,1e-14,WOOD1P,-inf,False,1,10000,1.7178404331207275
53,1e-06,1e-08,1e-14,WOODW,-inf,False,3,460,0.9398012161254884
54,1e-06,1e-08,1e-15,25FV47,-inf,False,1,10000,14.0894296169281
54,1e-06,1e-08,1e-15,ADLITTLE,-225494.96316238047,True,0,144,0.0006399154663085
54,1e-06,1e-08,1e-15,AFIRO,464.7531428571428,True,0,30,0.0002477169036865
54,1e-06,1e-08,1e-15,AGG,36291233.286576286,True,0,609,0.0131061077117919
54,1e-06,1e-08,1e-15,AGG2,20239252.355977103,True,0,572,0.0070903301239013
54,1e-06,1e-08,1e-15,AGG3,-10312115.935089232,True,0,588,0.009833812713623
54,1e-06,1e-08,1e-15,BANDM,-inf,False,1,10000,0.47259521484375
54,1e-06,1e-08,1e-15,BEACONFD,-33592.48580719996,True,0,212,0.0027236938476562
54,1e-06,1e-08,1e-15,BLEND,30.81214984582805,True,0,180,0.0008718967437744
54,1e-06,1e-08,1e-15,BNL1,-inf,False,1,10000,7.794840097427368
54,1e-06,1e-08,1e-15,BNL2,-14709.029239367563,False,1,10000,63.83283805847168
54,1e-06,1e-08,1e-15,BRANDY,-1518.5098964880663,True,0,704,0.0115387439727783
54,1e-06,1e-08,1e-15,D2Q06C,-inf,False,3,1548,3.0254151821136475
54,1e-06,1e-08,1e-15,DEGEN2,1435.1779999999912,True,0,2594,0.2630078792572021
54,1e-06,1e-08,1e-15,DEGEN3,-inf,False,1,10000,41.272759199142456
54,1e-06,1e-08,1e-15,E226,18.751929066345806,True,0,785,0.0186264514923095
54,1e-06,1e-08,1e-15,FFFFF800,-inf,False,3,714,0.0603325366973876
54,1e-06,1e-08,1e-15,ISRAEL,896644.8218630381,True,0,913,0.017859935760498
54,1e-06,1e-08,1e-15,LOTFI,25.26470606188001,True,0,271,0.0023608207702636
54,1e-06,1e-08,1e-15,MAROS-R7,-1497185.1664796427,True,0,4317,56.79109096527099
54,1e-06,1e-08,1e-15,QAP12,-inf,False,3,6902,220.99377584457395
54,1e-06,1e-08,1e-15,QAP15,-inf,False,3,4559,331.3147654533386
54,1e-06,1e-08,1e-15,QAP8,-inf,False,1,10000,18.763137340545654
54,1e-06,1e-08,1e-15,SC105,52.2020612117072,True,0,131,0.0011098384857177
54,1e-06,1e-08,1e-15,SC205,52.20206121167227,True,0,274,0.0061135292053222
54,1e-06,1e-08,1e-15,SC50A,64.57507705856449,True,0,59,0.0003693103790283
54,1e-06,1e-08,1e-15,SC50B,70.0,True,0,62,0.0003607273101806
54,1e-06,1e-08,1e-15,SCAGR25,14753503.684784837,True,0,1613,0.1782705783843994
54,1e-06,1e-08,1e-15,SCAGR7,2331389.8243310177,True,0,267,0.0022797584533691
54,1e-06,1e-08,1e-15,SCFXM1,-18416.759028350636,True,0,749,0.0296306610107421
54,1e-06,1e-08,1e-15,SCFXM2,-36660.26156499945,True,0,1567,0.2771306037902832
54,1e-06,1e-08,1e-15,SCFXM3,-54901.253049592815,True,0,2406,1.888334035873413
54,1e-06,1e-08,1e-15,SCORPION,-1875.8517318290153,True,0,466,0.0087916851043701
54,1e-06,1e-08,1e-15,SCRS8,-391.6472105614773,True,0,1473,0.1425023078918457
54,1e-06,1e-08,1e-15,SCSD1,-8.666666761733735,True,0,1525,0.0211479663848876
54,1e-06,1e-08,1e-15,SCSD6,-50.50000007826234,True,0,630,0.0232501029968261
54,1e-06,1e-08,1e-15,SCSD8,-inf,False,3,1171,0.4701037406921386
54,1e-06,1e-08,1e-15,SCTAP1,-1412.2499999999889,True,0,810,0.0295755863189697
54,1e-06,1e-08,1e-15,SCTAP2,-inf,False,1,10000,26.928767919540405
54,1e-06,1e-08,1e-15,SCTAP3,-inf,False,3,1131,3.1644318103790283
54,1e-06,1e-08,1e-15,SHARE1B,76589.31857918575,True,0,456,0.003835916519165
54,1e-06,1e-08,1e-15,SHARE2B,415.7322407414188,True,0,210,0.0010948181152343
54,1e-06,1e-08,1e-15,SHIP04L,-1793324.5379703536,True,0,773,0.0112183094024658
54,1e-06,1e-08,1e-15,SHIP04S,-1798714.7004453936,True,0,608,0.0065665245056152
54,1e-06,1e-08,1e-15,SHIP08L,-1909055.2113891335,True,0,1514,0.0467073917388916
54,1e-06,1e-08,1e-15,SHIP08S,-1920098.2105346206,True,0,1214,0.0257117748260498
54,1e-06,1e-08,1e-15,SHIP12L,-1470187.919329265,True,0,2081,0.1101400852203369
54,1e-06,1e-08,1e-15,SHIP12S,-1489236.134406127,True,0,1568,0.0559167861938476
54,1e-06,1e-08,1e-15,STOCFOR1,41131.97621943676,True,0,268,0.0020301342010498
54,1e-06,1e-08,1e-15,STOCFOR2,39024.40853785458,True,0,4240,14.050851345062256
54,1e-06,1e-08,1e-15,STOCFOR3,-inf,False,3,9980,453.2597692012787
54,1e-06,1e-08,1e-15,TRUSS,-569170.4028077268,False,1,10000,65.53459310531616
54,1e-06,1e-08,1e-15,WOOD1P,-inf,False,3,451,0.0702598094940185
54,1e-06,1e-08,1e-15,WOODW,-inf,False,1,10000,56.49438190460205
55,1e-06,1e-09,1e-11,25FV47,-inf,False,3,1953,1.87868332862854
55,1e-06,1e-09,1e-11,ADLITTLE,-225494.96316238047,True,0,144,0.0006110668182373
55,1e-06,1e-09,1e-11,AFIRO,464.7531428571428,True,0,30,0.0002496242523193
55,1e-06,1e-09,1e-11,AGG,36291233.286576286,True,0,612,0.0132143497467041
55,1e-06,1e-09,1e-11,AGG2,20239252.355977103,True,0,571,0.0070445537567138
55,1e-06,1e-09,1e-11,AGG3,-10312115.935089232,True,0,588,0.0097742080688476
55,1e-06,1e-09,1e-11,BANDM,158.62801845002156,True,0,1253,0.0483675003051757
55,1e-06,1e-09,1e-11,BEACONFD,-33592.48580719998,True,0,210,0.0026073455810546
55,1e-06,1e-09,1e-11,BLEND,30.81214984582829,True,0,148,0.0007414817810058
55,1e-06,1e-09,1e-11,BNL1,-inf,False,3,2454,0.7714080810546875
55,1e-06,1e-09,1e-11,BNL2,-inf,False,3,9798,61.9363272190094
55,1e-06,1e-09,1e-11,BRANDY,-inf,False,3,125,0.0025761127471923
55,1e-06,1e-09,1e-11,D2Q06C,-inf,False,3,1590,4.024573087692261
55,1e-06,1e-09,1e-11,DEGEN2,1436.4949999999983,True,0,2751,0.2805294990539551
55,1e-06,1e-09,1e-11,DEGEN3,-inf,False,1,10000,41.60833954811096
55,1e-06,1e-09,1e-11,E226,18.75192906637472,True,0,737,0.0170416831970214
55,1e-06,1e-09,1e-11,FFFFF800,-inf,False,3,285,0.014064073562622
55,1e-06,1e-09,1e-11,ISRAEL,896644.8218630484,True,0,950,0.0184385776519775
55,1e-06,1e-09,1e-11,LOTFI,25.264706061880013,True,0,264,0.0022339820861816
55,1e-06,1e-09,1e-11,MAROS-R7,-1497185.1664796427,True,0,4317,56.81009149551392
55,1e-06,1e-09,1e-11,QAP12,-inf,False,3,2914,54.7945294380188
55,1e-06,1e-09,1e-11,QAP15,-inf,False,3,9144,1127.8415040969849
55,1e-06,1e-09,1e-11,QAP8,-inf,False,3,1895,3.219468593597412
55,1e-06,1e-09,1e-11,SC105,52.20206121170722,True,0,138,0.00108003616333
55,1e-06,1e-09,1e-11,SC205,52.20206121182398,True,0,314,0.0067195892333984
55,1e-06,1e-09,1e-11,SC50A,64.57507705856449,True,0,59,0.0003218650817871
55,1e-06,1e-09,1e-11,SC50B,70.0,True,0,62,0.0003366470336914
55,1e-06,1e-09,1e-11,SCAGR25,14753433.060785834,True,0,1646,0.1601784229278564
55,1e-06,1e-09,1e-11,SCAGR7,2331389.824330985,True,0,270,0.0022189617156982
55,1e-06,1e-09,1e-11,SCFXM1,-18416.75902841995,True,0,801,0.0311648845672607
55,1e-06,1e-09,1e-11,SCFXM2,-36660.26156500209,True,0,1629,0.3583455085754394
55,1e-06,1e-09,1e-11,SCFXM3,-inf,False,3,791,0.053314208984375
55,1e-06,1e-09,1e-11,SCORPION,-1875.8517318290158,True,0,466,0.0088768005371093
55,1e-06,1e-09,1e-11,SCRS8,-449.41749452873216,True,0,1507,0.1376492977142334
55,1e-06,1e-09,1e-11,SCSD1,-0.928966462411952,False,3,309,0.0043349266052246
55,1e-06,1e-09,1e-11,SCSD6,-49.09175484469489,False,3,595,0.0220897197723388
55,1e-06,1e-09,1e-11,SCSD8,-inf,False,3,279,0.0141294002532958
55,1e-06,1e-09,1e-11,SCTAP1,-1412.2500000000616,True,0,862,0.0352170467376709
55,1e-06,1e-09,1e-11,SCTAP2,-inf,False,3,299,0.1590347290039062
55,1e-06,1e-09,1e-11,SCTAP3,-inf,False,3,296,0.2090809345245361
55,1e-06,1e-09,1e-11,SHARE1B,76589.31857918575,True,0,456,0.0037815570831298
55,1e-06,1e-09,1e-11,SHARE2B,415.732240741419,True,0,204,0.0010633468627929
55,1e-06,1e-09,1e-11,SHIP04L,-1793324.5379703536,True,0,777,0.011042833328247
55,1e-06,1e-09,1e-11,SHIP04S,-1798714.7004453933,True,0,606,0.0065124034881591
55,1e-06,1e-09,1e-11,SHIP08L,-1909055.211389134,True,0,1518,0.0442395210266113
55,1e-06,1e-09,1e-11,SHIP08S,-1920098.2105346203,True,0,1215,0.0259449481964111
55,1e-06,1e-09,1e-11,SHIP12L,-1470187.919329265,True,0,2060,0.1073315143585205
55,1e-06,1e-09,1e-11,SHIP12S,-1489236.134406127,True,0,1568,0.05580735206604
55,1e-06,1e-09,1e-11,STOCFOR1,41131.976219436205,True,0,259,0.0018703937530517
55,1e-06,1e-09,1e-11,STOCFOR2,39024.408537882045,True,0,4273,14.072065591812134
55,1e-06,1e-09,1e-11,STOCFOR3,-inf,False,1,10000,340.3875460624695
55,1e-06,1e-09,1e-11,TRUSS,-667469.4557641365,False,3,3406,17.444138050079346
55,1e-06,1e-09,1e-11,WOOD1P,-inf,False,3,115,0.0185272693634033
55,1e-06,1e-09,1e-11,WOODW,-inf,False,3,415,0.8030679225921631
56,1e-06,1e-09,1e-12,25FV47,-inf,False,3,9419,14.011425256729126
56,1e-06,1e-09,1e-12,ADLITTLE,-225494.96316238047,True,0,144,0.0006244182586669
56,1e-06,1e-09,1e-12,AFIRO,464.7531428571428,True,0,30,0.0002508163452148
56,1e-06,1e-09,1e-12,AGG,36291233.286576286,True,0,610,0.0128180980682373
56,1e-06,1e-09,1e-12,AGG2,20239252.355977103,True,0,571,0.0067925453186035
56,1e-06,1e-09,1e-12,AGG3,-10312115.935089232,True,0,588,0.0098812580108642
56,1e-06,1e-09,1e-12,BANDM,158.62801845025237,True,0,1363,0.0537519454956054
56,1e-06,1e-09,1e-12,BEACONFD,-33592.48580719998,True,0,210,0.0026190280914306
56,1e-06,1e-09,1e-12,BLEND,30.81214984582829,True,0,148,0.0007402896881103
56,1e-06,1e-09,1e-12,BNL1,-inf,False,3,1463,0.3240811824798584
56,1e-06,1e-09,1e-12,BNL2,-13296.25560756109,False,1,10000,63.54734945297241
56,1e-06,1e-09,1e-12,BRANDY,-1534.358932919214,True,0,992,0.0177047252655029
56,1e-06,1e-09,1e-12,D2Q06C,-inf,False,3,924,0.7138285636901855
56,1e-06,1e-09,1e-12,DEGEN2,1436.4949999999976,True,0,3102,0.321962833404541
56,1e-06,1e-09,1e-12,DEGEN3,-inf,False,1,10000,41.51878809928894
56,1e-06,1e-09,1e-12,E226,18.75192906637468,True,0,738,0.0171236991882324
56,1e-06,1e-09,1e-12,FFFFF800,-555679.5698012363,True,0,2150,0.2878141403198242
56,1e-06,1e-09,1e-12,ISRAEL,896644.8218630381,True,0,913,0.0178320407867431
56,1e-06,1e-09,1e-12,LOTFI,25.264706061880016,True,0,266,0.0022857189178466
56,1e-06,1e-09,1e-12,MAROS-R7,-1497185.1664796427,True,0,4317,56.82180142402649
56,1e-06,1e-09,1e-12,QAP12,-inf,False,3,3191,66.176340341568
56,1e-06,1e-09,1e-12,QAP15,-inf,False,1,10000,1479.9418907165527
56,1e-06,1e-09,1e-12,QAP8,-inf,False,3,2961,5.406874656677246
56,1e-06,1e-09,1e-12,SC105,52.20206121170722,True,0,138,0.0011353492736816
56,1e-06,1e-09,1e-12,SC205,52.202061211805145,True,0,304,0.0064876079559326
56,1e-06,1e-09,1e-12,SC50A,64.57507705856449,True,0,59,0.000321626663208
56,1e-06,1e-09,1e-12,SC50B,70.0,True,0,62,0.0003402233123779
56,1e-06,1e-09,1e-12,SCAGR25,-inf,False,3,1308,0.1162202358245849
56,1e-06,1e-09,1e-12,SCAGR7,2331389.824330985,True,0,270,0.0022056102752685
56,1e-06,1e-09,1e-12,SCFXM1,-18416.75902841879,True,0,845,0.0337255001068115
56,1e-06,1e-09,1e-12,SCFXM2,-36660.26156499734,True,0,1665,0.3072013854980469
56,1e-06,1e-09,1e-12,SCFXM3,-inf,False,3,850,0.0587899684906005
56,1e-06,1e-09,1e-12,SCORPION,-1875.8517318290158,True,0,466,0.0088801383972167
56,1e-06,1e-09,1e-12,SCRS8,-531.119254753136,True,0,1537,0.1409385204315185
56,1e-06,1e-09,1e-12,SCSD1,-22.29596177881853,False,3,295,0.0040919780731201
56,1e-06,1e-09,1e-12,SCSD6,-49.09175484469489,False,3,595,0.0220460891723632
56,1e-06,1e-09,1e-12,SCSD8,-inf,False,3,279,0.0139915943145751
56,1e-06,1e-09,1e-12,SCTAP1,-1412.2500000000002,True,0,813,0.0323302745819091
56,1e-06,1e-09,1e-12,SCTAP2,-inf,False,3,363,0.266946792602539
56,1e-06,1e-09,1e-12,SCTAP3,-inf,False,3,1024,2.622338056564331
56,1e-06,1e-09,1e-12,SHARE1B,76589.31857918575,True,0,456,0.0037426948547363
56,1e-06,1e-09,1e-12,SHARE2B,415.732240741419,True,0,204,0.0010685920715332
56,1e-06,1e-09,1e-12,SHIP04L,-1793324.5379703536,True,0,777,0.0111074447631835
56,1e-06,1e-09,1e-12,SHIP04S,-1798714.7004453933,True,0,606,0.0065453052520751
56,1e-06,1e-09,1e-12,SHIP08L,-1909055.211389134,True,0,1518,0.0442678928375244
56,1e-06,1e-09,1e-12,SHIP08S,-1920098.2105346203,True,0,1215,0.0259099006652832
56,1e-06,1e-09,1e-12,SHIP12L,-1470187.919329265,True,0,2060,0.1072924137115478
56,1e-06,1e-09,1e-12,SHIP12S,-1489236.134406127,True,0,1568,0.0559606552124023
56,1e-06,1e-09,1e-12,STOCFOR1,41131.976219436176,True,0,259,0.0018908977508544
56,1e-06,1e-09,1e-12,STOCFOR2,39024.40853788116,True,0,4272,14.15914273262024
56,1e-06,1e-09,1e-12,STOCFOR3,-inf,False,1,10000,341.70514154434204
56,1e-06,1e-09,1e-12,TRUSS,-646608.3180666434,False,3,7288,45.535845041275024
56,1e-06,1e-09,1e-12,WOOD1P,-inf,False,3,137,0.0225570201873779
56,1e-06,1e-09,1e-12,WOODW,-inf,False,3,417,0.8105106353759766
57,1e-06,1e-09,1e-13,25FV47,-inf,False,3,1976,1.9274663925170896
57,1e-06,1e-09,1e-13,ADLITTLE,-225494.96316238047,True,0,144,0.0006120204925537
57,1e-06,1e-09,1e-13,AFIRO,464.7531428571428,True,0,30,0.0002517700195312
57,1e-06,1e-09,1e-13,AGG,36291233.286576286,True,0,609,0.0127496719360351
57,1e-06,1e-09,1e-13,AGG2,20239252.355977103,True,0,571,0.0067386627197265
57,1e-06,1e-09,1e-13,AGG3,-10312115.935089232,True,0,588,0.0098075866699218
57,1e-06,1e-09,1e-13,BANDM,158.62801845024026,True,0,1333,0.052466869354248
57,1e-06,1e-09,1e-13,BEACONFD,-33592.48580719998,True,0,210,0.0026893615722656
57,1e-06,1e-09,1e-13,BLEND,30.81214984582808,True,0,165,0.0008175373077392
57,1e-06,1e-09,1e-13,BNL1,-inf,False,3,1936,0.569756031036377
57,1e-06,1e-09,1e-13,BNL2,-inf,False,1,10000,64.06098675727844
57,1e-06,1e-09,1e-13,BRANDY,-1518.509896485441,True,0,780,0.0133347511291503
57,1e-06,1e-09,1e-13,D2Q06C,-inf,False,3,7915,66.98295068740845
57,1e-06,1e-09,1e-13,DEGEN2,1435.1779999999994,True,0,2819,0.3035433292388916
57,1e-06,1e-09,1e-13,DEGEN3,-inf,False,1,10000,41.27079963684082
57,1e-06,1e-09,1e-13,E226,18.75192906637468,True,0,738,0.0174262523651123
57,1e-06,1e-09,1e-13,FFFFF800,-555679.5733120922,True,0,2024,0.2701246738433838
57,1e-06,1e-09,1e-13,ISRAEL,896644.8218630381,True,0,913,0.0181431770324707
57,1e-06,1e-09,1e-13,LOTFI,25.26470606188001,True,0,277,0.0024771690368652
57,1e-06,1e-09,1e-13,MAROS-R7,-1497185.1664796427,True,0,4317,56.73855519294739
57,1e-06,1e-09,1e-13,QAP12,-inf,False,1,10000,316.78705620765686
57,1e-06,1e-09,1e-13,QAP15,-inf,False,1,10000,1208.2142491340635
57,1e-06,1e-09,1e-13,QAP8,-inf,False,1,10000,21.978522300720215
57,1e-06,1e-09,1e-13,SC105,52.20206121170722,True,0,139,0.0011909008026123
57,1e-06,1e-09,1e-13,SC205,52.20206121170649,True,0,322,0.0071260929107666
57,1e-06,1e-09,1e-13,SC50A,64.57507705856449,True,0,59,0.0003256797790527
57,1e-06,1e-09,1e-13,SC50B,70.0,True,0,62,0.0003457069396972
57,1e-06,1e-09,1e-13,SCAGR25,7468360.822388588,False,3,1371,0.1235876083374023
57,1e-06,1e-09,1e-13,SCAGR7,2331389.824330985,True,0,270,0.0022168159484863
57,1e-06,1e-09,1e-13,SCFXM1,-18416.759028417593,True,0,847,0.0336334705352783
57,1e-06,1e-09,1e-13,SCFXM2,-36660.26156499842,True,0,1672,0.3120176792144775
57,1e-06,1e-09,1e-13,SCFXM3,-54901.254549747006,True,0,2491,2.0211029052734375
57,1e-06,1e-09,1e-13,SCORPION,-1875.8517318290158,True,0,466,0.008866548538208
57,1e-06,1e-09,1e-13,SCRS8,-449.41749452893407,True,0,1606,0.1825995445251464
57,1e-06,1e-09,1e-13,SCSD1,-8.268599959462673,False,3,316,0.0043823719024658
57,1e-06,1e-09,1e-13,SCSD6,-50.50000007826237,True,0,708,0.027362585067749
57,1e-06,1e-09,1e-13,SCSD8,-inf,False,3,279,0.0139980316162109
57,1e-06,1e-09,1e-13,SCTAP1,-1412.249999999997,True,0,797,0.0312199592590332
57,1e-06,1e-09,1e-13,SCTAP2,-inf,False,3,295,0.1492199897766113
57,1e-06,1e-09,1e-13,SCTAP3,-inf,False,3,281,0.2008218765258789
57,1e-06,1e-09,1e-13,SHARE1B,76589.31857918575,True,0,456,0.0037236213684082
57,1e-06,1e-09,1e-13,SHARE2B,415.732240741419,True,0,204,0.0010585784912109
57,1e-06,1e-09,1e-13,SHIP04L,-1793324.5379703536,True,0,777,0.0110809803009033
57,1e-06,1e-09,1e-13,SHIP04S,-1798714.7004453933,True,0,606,0.0065469741821289
57,1e-06,1e-09,1e-13,SHIP08L,-1909055.211389134,True,0,1518,0.0441937446594238
57,1e-06,1e-09,1e-13,SHIP08S,-1920098.2105346203,True,0,1215,0.0258169174194335
57,1e-06,1e-09,1e-13,SHIP12L,-1470187.919329265,True,0,2060,0.1084036827087402
57,1e-06,1e-09,1e-13,SHIP12S,-1489236.134406127,True,0,1568,0.0561428070068359
57,1e-06,1e-09,1e-13,STOCFOR1,41131.97621943616,True,0,259,0.0019197463989257
57,1e-06,1e-09,1e-13,STOCFOR2,39024.40853788207,True,0,4250,13.932430744171144
57,1e-06,1e-09,1e-13,STOCFOR3,-inf,False,1,10000,340.31546926498413
57,1e-06,1e-09,1e-13,TRUSS,-532188.0225820205,False,1,10000,64.8876302242279
57,1e-06,1e-09,1e-13,WOOD1P,-inf,False,3,139,0.0222413539886474
57,1e-06,1e-09,1e-13,WOODW,-inf,False,3,413,0.7994425296783447
58,1e-06,1e-09,1e-14,25FV47,-inf,False,3,3101,3.688720941543579
58,1e-06,1e-09,1e-14,ADLITTLE,-225494.96316238047,True,0,144,0.0006186962127685
58,1e-06,1e-09,1e-14,AFIRO,464.7531428571428,True,0,30,0.0002601146697998
58,1e-06,1e-09,1e-14,AGG,36291233.286576286,True,0,609,0.0131223201751708
58,1e-06,1e-09,1e-14,AGG2,20239252.355977103,True,0,571,0.0067903995513916
58,1e-06,1e-09,1e-14,AGG3,-10312115.935089232,True,0,588,0.0099685192108154
58,1e-06,1e-09,1e-14,BANDM,158.6280184499312,True,0,1261,0.0508275032043457
58,1e-06,1e-09,1e-14,BEACONFD,-33592.48580719996,True,0,212,0.0026607513427734
58,1e-06,1e-09,1e-14,BLEND,30.81214984582823,True,0,161,0.0008072853088378
58,1e-06,1e-09,1e-14,BNL1,-inf,False,3,1780,0.4739017486572265
58,1e-06,1e-09,1e-14,BNL2,-inf,False,1,10000,64.85858631134033
58,1e-06,1e-09,1e-14,BRANDY,-1518.5098964881197,True,0,647,0.0103781223297119
58,1e-06,1e-09,1e-14,D2Q06C,-inf,False,3,1461,2.5543463230133057
58,1e-06,1e-09,1e-14,DEGEN2,1435.1779999999806,True,0,3022,0.3029124736785888
58,1e-06,1e-09,1e-14,DEGEN3,-inf,False,1,10000,41.453892946243286
58,1e-06,1e-09,1e-14,E226,18.75192906621691,True,0,840,0.0211317539215087
58,1e-06,1e-09,1e-14,FFFFF800,-inf,False,3,1290,0.121448278427124
58,1e-06,1e-09,1e-14,ISRAEL,896644.8218630381,True,0,913,0.0176224708557128
58,1e-06,1e-09,1e-14,LOTFI,25.26470606188001,True,0,277,0.0024399757385253
58,1e-06,1e-09,1e-14,MAROS-R7,-1497185.1664796427,True,0,4317,56.89553260803223
58,1e-06,1e-09,1e-14,QAP12,-inf,False,3,7107,244.18174576759336
58,1e-06,1e-09,1e-14,QAP15,-inf,False,3,2780,73.49012446403503
58,1e-06,1e-09,1e-14,QAP8,-inf,False,3,2785,5.183043718338013
58,1e-06,1e-09,1e-14,SC105,52.20206121170724,True,0,134,0.0011196136474609
58,1e-06,1e-09,1e-14,SC205,52.2020612117079,True,0,325,0.0076489448547363
58,1e-06,1e-09,1e-14,SC50A,64.57507705856449,True,0,59,0.0003542900085449
58,1e-06,1e-09,1e-14,SC50B,70.0,True,0,62,0.0003664493560791
58,1e-06,1e-09,1e-14,SCAGR25,14768933.729826925,True,0,1379,0.1345167160034179
58,1e-06,1e-09,1e-14,SCAGR7,2331389.8243309762,True,0,250,0.0019407272338867
58,1e-06,1e-09,1e-14,SCFXM1,-18416.759028346125,True,0,896,0.0361034870147705
58,1e-06,1e-09,1e-14,SCFXM2,-36660.26156506932,True,0,1720,0.3322231769561767
58,1e-06,1e-09,1e-14,SCFXM3,-54901.254549742924,True,0,2510,2.017035961151123
58,1e-06,1e-09,1e-14,SCORPION,-1875.8517318290155,True,0,466,0.008796215057373
58,1e-06,1e-09,1e-14,SCRS8,-536.9613499483563,True,0,1437,0.1303114891052246
58,1e-06,1e-09,1e-14,SCSD1,86.44873014138389,False,3,476,0.0065090656280517
58,1e-06,1e-09,1e-14,SCSD6,-42.67621507068471,False,3,778,0.0307669639587402
58,1e-06,1e-09,1e-14,SCSD8,-inf,False,3,286,0.0148360729217529
58,1e-06,1e-09,1e-14,SCTAP1,-1412.2499999999982,True,0,875,0.034844160079956
58,1e-06,1e-09,1e-14,SCTAP2,-inf,False,3,137,0.0259909629821777
58,1e-06,1e-09,1e-14,SCTAP3,-inf,False,3,244,0.1445841789245605
58,1e-06,1e-09,1e-14,SHARE1B,76589.31857918575,True,0,456,0.0037295818328857
58,1e-06,1e-09,1e-14,SHARE2B,415.732240741419,True,0,203,0.0010499954223632
58,1e-06,1e-09,1e-14,SHIP04L,-1793324.5379703536,True,0,775,0.010854959487915
58,1e-06,1e-09,1e-14,SHIP04S,-1798714.7004453933,True,0,606,0.0065336227416992
58,1e-06,1e-09,1e-14,SHIP08L,-1909055.211389134,True,0,1518,0.0442652702331543
58,1e-06,1e-09,1e-14,SHIP08S,-1920098.2105346203,True,0,1215,0.0257651805877685
58,1e-06,1e-09,1e-14,SHIP12L,-1470187.919329265,True,0,2060,0.1087150573730468
58,1e-06,1e-09,1e-14,SHIP12S,-1489236.134406127,True,0,1569,0.0560569763183593
58,1e-06,1e-09,1e-14,STOCFOR1,41131.976219436154,True,0,260,0.0018837451934814
58,1e-06,1e-09,1e-14,STOCFOR2,39024.408537882206,True,0,4225,13.837376356124878
58,1e-06,1e-09,1e-14,STOCFOR3,-inf,False,1,10000,352.3842031955719
58,1e-06,1e-09,1e-14,TRUSS,-483206.8293941396,False,1,10000,65.47701287269592
58,1e-06,1e-09,1e-14,WOOD1P,-inf,False,3,1603,0.2023589611053466
58,1e-06,1e-09,1e-14,WOODW,-inf,False,3,415,0.7950444221496582
59,1e-06,1e-09,1e-15,25FV47,-inf,False,3,3836,3.2551839351654053
59,1e-06,1e-09,1e-15,ADLITTLE,-225494.96316238047,True,0,144,0.00065279006958
59,1e-06,1e-09,1e-15,AFIRO,464.7531428571428,True,0,30,0.0002522468566894
59,1e-06,1e-09,1e-15,AGG,36291233.286576286,True,0,609,0.0130350589752197
59,1e-06,1e-09,1e-15,AGG2,20239252.355977103,True,0,572,0.007045030593872
59,1e-06,1e-09,1e-15,AGG3,-10312115.935089232,True,0,588,0.009819746017456
59,1e-06,1e-09,1e-15,BANDM,-inf,False,1,10000,0.4491651058197021
59,1e-06,1e-09,1e-15,BEACONFD,-33592.48580719996,True,0,212,0.0026164054870605
59,1e-06,1e-09,1e-15,BLEND,30.81214984582805,True,0,180,0.0008742809295654
59,1e-06,1e-09,1e-15,BNL1,-inf,False,3,3864,2.007635593414306
59,1e-06,1e-09,1e-15,BNL2,-inf,False,3,9975,63.72687864303589
59,1e-06,1e-09,1e-15,BRANDY,-1518.5098964880663,True,0,704,0.011500597000122
59,1e-06,1e-09,1e-15,D2Q06C,-inf,False,3,1533,2.940257787704468
59,1e-06,1e-09,1e-15,DEGEN2,1435.1779999999912,True,0,2594,0.2562253475189209
59,1e-06,1e-09,1e-15,DEGEN3,-inf,False,1,10000,41.34270787239075
59,1e-06,1e-09,1e-15,E226,18.751929066345806,True,0,785,0.0185134410858154
59,1e-06,1e-09,1e-15,FFFFF800,-inf,False,3,714,0.0593876838684082
59,1e-06,1e-09,1e-15,ISRAEL,896644.8218630381,True,0,913,0.0176405906677246
59,1e-06,1e-09,1e-15,LOTFI,25.26470606188001,True,0,271,0.0023577213287353
59,1e-06,1e-09,1e-15,MAROS-R7,-1497185.1664796427,True,0,4317,56.98636031150818
59,1e-06,1e-09,1e-15,QAP12,-inf,False,3,5716,157.79047179222107
59,1e-06,1e-09,1e-15,QAP15,-inf,False,3,6020,485.733243227005
59,1e-06,1e-09,1e-15,QAP8,-inf,False,1,10000,21.803310871124268
59,1e-06,1e-09,1e-15,SC105,52.2020612117072,True,0,131,0.0011215209960937
59,1e-06,1e-09,1e-15,SC205,52.20206121167227,True,0,274,0.0059952735900878
59,1e-06,1e-09,1e-15,SC50A,64.57507705856449,True,0,59,0.0003459453582763
59,1e-06,1e-09,1e-15,SC50B,70.0,True,0,62,0.0003588199615478
59,1e-06,1e-09,1e-15,SCAGR25,7517423.939060318,False,3,1232,0.1246533393859863
59,1e-06,1e-09,1e-15,SCAGR7,2331389.8243310177,True,0,267,0.0022056102752685
59,1e-06,1e-09,1e-15,SCFXM1,-18416.759028350636,True,0,749,0.0290806293487548
59,1e-06,1e-09,1e-15,SCFXM2,-36660.26156499773,True,0,1604,0.2833895683288574
59,1e-06,1e-09,1e-15,SCFXM3,-54902.199020255575,True,0,2464,1.992359399795532
59,1e-06,1e-09,1e-15,SCORPION,-1875.8517318290153,True,0,466,0.009291648864746
59,1e-06,1e-09,1e-15,SCRS8,-39739783.04167014,False,1,10000,1.9603958129882812
59,1e-06,1e-09,1e-15,SCSD1,6535.289842344521,False,3,322,0.0042665004730224
59,1e-06,1e-09,1e-15,SCSD6,-50.50000007826234,True,0,630,0.0232541561126709
59,1e-06,1e-09,1e-15,SCSD8,-inf,False,3,286,0.0148012638092041
59,1e-06,1e-09,1e-15,SCTAP1,-1412.2499999999889,True,0,810,0.029693603515625
59,1e-06,1e-09,1e-15,SCTAP2,-inf,False,3,129,0.0225861072540283
59,1e-06,1e-09,1e-15,SCTAP3,-inf,False,3,1840,6.131411552429199
59,1e-06,1e-09,1e-15,SHARE1B,76589.31857918575,True,0,456,0.0037662982940673
59,1e-06,1e-09,1e-15,SHARE2B,415.7322407414188,True,0,210,0.0010871887207031
59,1e-06,1e-09,1e-15,SHIP04L,-1793324.5379703536,True,0,773,0.011181354522705
59,1e-06,1e-09,1e-15,SHIP04S,-1798714.7004453936,True,0,608,0.007232666015625
59,1e-06,1e-09,1e-15,SHIP08L,-1909055.2113891335,True,0,1514,0.0458295345306396
59,1e-06,1e-09,1e-15,SHIP08S,-1920098.2105346206,True,0,1214,0.0256733894348144
59,1e-06,1e-09,1e-15,SHIP12L,-1470187.919329265,True,0,2081,0.110391616821289
59,1e-06,1e-09,1e-15,SHIP12S,-1489236.134406127,True,0,1568,0.0561504364013671
59,1e-06,1e-09,1e-15,STOCFOR1,41131.97621943676,True,0,268,0.0021064281463623
59,1e-06,1e-09,1e-15,STOCFOR2,-inf,False,3,9421,57.91514563560486
59,1e-06,1e-09,1e-15,STOCFOR3,-inf,False,3,9899,438.9771091938019
59,1e-06,1e-09,1e-15,TRUSS,-513677.3472685563,False,1,10000,65.73188090324402
59,1e-06,1e-09,1e-15,WOOD1P,-inf,False,1,10000,1.6838099956512451
59,1e-06,1e-09,1e-15,WOODW,-inf,False,3,1002,3.0888590812683105
60,1e-06,1e-10,1e-11,25FV47,-inf,False,3,332,0.031883955001831
60,1e-06,1e-10,1e-11,ADLITTLE,-225494.96316238047,True,0,144,0.0006577968597412
60,1e-06,1e-10,1e-11,AFIRO,464.7531428571428,True,0,30,0.0002551078796386
60,1e-06,1e-10,1e-11,AGG,36291233.286576286,True,0,612,0.0132904052734375
60,1e-06,1e-10,1e-11,AGG2,20239252.355977103,True,0,571,0.0070319175720214
60,1e-06,1e-10,1e-11,AGG3,-10312115.935089232,True,0,588,0.0097687244415283
60,1e-06,1e-10,1e-11,BANDM,-inf,False,3,299,0.0103273391723632
60,1e-06,1e-10,1e-11,BEACONFD,-33592.48580719998,True,0,210,0.0026040077209472
60,1e-06,1e-10,1e-11,BLEND,30.81214984582829,True,0,148,0.0007393360137939
60,1e-06,1e-10,1e-11,BNL1,-inf,False,3,1038,0.1624140739440918
60,1e-06,1e-10,1e-11,BNL2,-inf,False,3,8587,50.66518259048462
60,1e-06,1e-10,1e-11,BRANDY,-inf,False,3,107,0.0021038055419921
60,1e-06,1e-10,1e-11,D2Q06C,-inf,False,3,1876,5.354447364807129
60,1e-06,1e-10,1e-11,DEGEN2,1436.4949999999983,True,0,2751,0.2828893661499023
60,1e-06,1e-10,1e-11,DEGEN3,-inf,False,1,10000,41.64360809326172
60,1e-06,1e-10,1e-11,E226,18.75192906637472,True,0,737,0.0169844627380371
60,1e-06,1e-10,1e-11,FFFFF800,-inf,False,3,283,0.0137507915496826
60,1e-06,1e-10,1e-11,ISRAEL,896644.8218630484,True,0,950,0.0183765888214111
60,1e-06,1e-10,1e-11,LOTFI,25.264706061880013,True,0,264,0.0022559165954589
60,1e-06,1e-10,1e-11,MAROS-R7,-1497185.1664796427,True,0,4317,56.84921193122864
60,1e-06,1e-10,1e-11,QAP12,-inf,False,3,3034,59.915241956710815
60,1e-06,1e-10,1e-11,QAP15,-inf,False,3,7017,757.9195411205292
60,1e-06,1e-10,1e-11,QAP8,-inf,False,3,1767,2.947783946990967
60,1e-06,1e-10,1e-11,SC105,52.20206121170722,True,0,138,0.0011017322540283
60,1e-06,1e-10,1e-11,SC205,52.20206121182398,True,0,314,0.0067534446716308
60,1e-06,1e-10,1e-11,SC50A,64.57507705856449,True,0,59,0.0003302097320556
60,1e-06,1e-10,1e-11,SC50B,70.0,True,0,62,0.0003402233123779
60,1e-06,1e-10,1e-11,SCAGR25,-inf,False,3,1109,0.0943629741668701
60,1e-06,1e-10,1e-11,SCAGR7,2331389.824330985,True,0,270,0.0022468566894531
60,1e-06,1e-10,1e-11,SCFXM1,-18416.75902841995,True,0,801,0.0309762954711914
60,1e-06,1e-10,1e-11,SCFXM2,-inf,False,3,544,0.024552583694458
60,1e-06,1e-10,1e-11,SCFXM3,-inf,False,3,751,0.0500712394714355
60,1e-06,1e-10,1e-11,SCORPION,-1875.8517318290158,True,0,466,0.0089385509490966
60,1e-06,1e-10,1e-11,SCRS8,-inf,False,3,932,0.0535042285919189
60,1e-06,1e-10,1e-11,SCSD1,-0.928966462411952,False,3,309,0.0043389797210693
60,1e-06,1e-10,1e-11,SCSD6,-49.09175484469489,False,3,595,0.0223150253295898
60,1e-06,1e-10,1e-11,SCSD8,-inf,False,3,279,0.0141313076019287
60,1e-06,1e-10,1e-11,SCTAP1,-inf,False,3,424,0.010998249053955
60,1e-06,1e-10,1e-11,SCTAP2,-inf,False,3,163,0.0352945327758789
60,1e-06,1e-10,1e-11,SCTAP3,-inf,False,3,296,0.211221694946289
60,1e-06,1e-10,1e-11,SHARE1B,76589.31857918575,True,0,456,0.003807783126831
60,1e-06,1e-10,1e-11,SHARE2B,415.732240741419,True,0,204,0.0010809898376464
60,1e-06,1e-10,1e-11,SHIP04L,-1793324.5379703536,True,0,777,0.0110588073730468
60,1e-06,1e-10,1e-11,SHIP04S,-1798714.7004453933,True,0,606,0.0066685676574707
60,1e-06,1e-10,1e-11,SHIP08L,-1909055.211389134,True,0,1518,0.0443122386932373
60,1e-06,1e-10,1e-11,SHIP08S,-1920098.2105346203,True,0,1215,0.0259103775024414
60,1e-06,1e-10,1e-11,SHIP12L,-1470187.919329265,True,0,2060,0.1088216304779052
60,1e-06,1e-10,1e-11,SHIP12S,-1489236.134406127,True,0,1568,0.0561223030090332
60,1e-06,1e-10,1e-11,STOCFOR1,41131.976219436205,True,0,259,0.0019280910491943
60,1e-06,1e-10,1e-11,STOCFOR2,39024.408537882045,True,0,4273,14.11082148551941
60,1e-06,1e-10,1e-11,STOCFOR3,-inf,False,1,10000,339.2748613357544
60,1e-06,1e-10,1e-11,TRUSS,-23431320.70610641,False,3,2511,11.286336898803713
60,1e-06,1e-10,1e-11,WOOD1P,-inf,False,3,114,0.018669843673706
60,1e-06,1e-10,1e-11,WOODW,-inf,False,3,82,0.0796127319335937
61,1e-06,1e-10,1e-12,25FV47,-inf,False,3,330,0.0331757068634033
61,1e-06,1e-10,1e-12,ADLITTLE,-225494.96316238047,True,0,144,0.0006420612335205
61,1e-06,1e-10,1e-12,AFIRO,464.7531428571428,True,0,30,0.0002658367156982
61,1e-06,1e-10,1e-12,AGG,36291233.286576286,True,0,610,0.0139744281768798
61,1e-06,1e-10,1e-12,AGG2,20239252.355977103,True,0,571,0.007434606552124
61,1e-06,1e-10,1e-12,AGG3,-10312115.935089232,True,0,588,0.0103108882904052
61,1e-06,1e-10,1e-12,BANDM,158.62801845025237,True,0,1363,0.0557587146759033
61,1e-06,1e-10,1e-12,BEACONFD,-33592.48580719998,True,0,210,0.0028090476989746
61,1e-06,1e-10,1e-12,BLEND,30.81214984582829,True,0,148,0.0007729530334472
61,1e-06,1e-10,1e-12,BNL1,-inf,False,3,767,0.0993030071258544
61,1e-06,1e-10,1e-12,BNL2,-inf,False,3,2403,7.486811637878418
61,1e-06,1e-10,1e-12,BRANDY,-inf,False,3,202,0.0038888454437255
61,1e-06,1e-10,1e-12,D2Q06C,-inf,False,3,1397,2.568808317184448
61,1e-06,1e-10,1e-12,DEGEN2,1436.4949999999976,True,0,3102,0.3210744857788086
61,1e-06,1e-10,1e-12,DEGEN3,-inf,False,1,10000,41.809874057769775
61,1e-06,1e-10,1e-12,E226,18.75192906637468,True,0,738,0.0176825523376464
61,1e-06,1e-10,1e-12,FFFFF800,-555679.5715324666,True,0,1844,0.2256138324737548
61,1e-06,1e-10,1e-12,ISRAEL,896644.8218630381,True,0,913,0.0181384086608886
61,1e-06,1e-10,1e-12,LOTFI,25.264706061880016,True,0,266,0.0023150444030761
61,1e-06,1e-10,1e-12,MAROS-R7,-1497185.1664796427,True,0,4317,56.95990824699402
61,1e-06,1e-10,1e-12,QAP12,-inf,False,3,1998,26.834606647491455
61,1e-06,1e-10,1e-12,QAP15,-inf,False,3,2686,63.81037712097168
61,1e-06,1e-10,1e-12,QAP8,-inf,False,3,1095,1.54010272026062
61,1e-06,1e-10,1e-12,SC105,52.20206121170722,True,0,138,0.001103401184082
61,1e-06,1e-10,1e-12,SC205,52.202061211805145,True,0,304,0.0065257549285888
61,1e-06,1e-10,1e-12,SC50A,64.57507705856449,True,0,59,0.0003306865692138
61,1e-06,1e-10,1e-12,SC50B,70.0,True,0,62,0.0003421306610107
61,1e-06,1e-10,1e-12,SCAGR25,-inf,False,3,742,0.0560383796691894
61,1e-06,1e-10,1e-12,SCAGR7,2331389.824330985,True,0,270,0.0022182464599609
61,1e-06,1e-10,1e-12,SCFXM1,-18416.75902841879,True,0,845,0.0336554050445556
61,1e-06,1e-10,1e-12,SCFXM2,-inf,False,3,555,0.024775743484497
61,1e-06,1e-10,1e-12,SCFXM3,-inf,False,3,794,0.055042028427124
61,1e-06,1e-10,1e-12,SCORPION,-1875.8517318290158,True,0,466,0.0090944766998291
61,1e-06,1e-10,1e-12,SCRS8,-inf,False,3,927,0.0605778694152832
61,1e-06,1e-10,1e-12,SCSD1,-22.29596178516752,False,3,295,0.0044763088226318
61,1e-06,1e-10,1e-12,SCSD6,-49.09175484469489,False,3,595,0.0242114067077636
61,1e-06,1e-10,1e-12,SCSD8,-inf,False,3,279,0.0152699947357177
61,1e-06,1e-10,1e-12,SCTAP1,-inf,False,3,451,0.012786865234375
61,1e-06,1e-10,1e-12,SCTAP2,-inf,False,3,162,0.0378432273864746
61,1e-06,1e-10,1e-12,SCTAP3,-inf,False,3,304,0.2314598560333252
61,1e-06,1e-10,1e-12,SHARE1B,76589.31857918575,True,0,456,0.0040271282196044
61,1e-06,1e-10,1e-12,SHARE2B,415.732240741419,True,0,204,0.0011496543884277
61,1e-06,1e-10,1e-12,SHIP04L,-1793324.5379703536,True,0,777,0.011688232421875
61,1e-06,1e-10,1e-12,SHIP04S,-1798714.7004453933,True,0,606,0.0076222419738769
61,1e-06,1e-10,1e-12,SHIP08L,-1909055.211389134,True,0,1518,0.0465304851531982
61,1e-06,1e-10,1e-12,SHIP08S,-1920098.2105346203,True,0,1215,0.0270254611968994
61,1e-06,1e-10,1e-12,SHIP12L,-1470187.919329265,True,0,2060,0.1134827136993408
61,1e-06,1e-10,1e-12,SHIP12S,-1489236.134406127,True,0,1568,0.058445930480957
61,1e-06,1e-10,1e-12,STOCFOR1,41131.976219436176,True,0,259,0.0020079612731933
61,1e-06,1e-10,1e-12,STOCFOR2,39024.40853788116,True,0,4272,14.13513445854187
61,1e-06,1e-10,1e-12,STOCFOR3,-inf,False,1,10000,339.89169335365295
61,1e-06,1e-10,1e-12,TRUSS,-780646398.6013398,False,3,4068,22.384867191314697
61,1e-06,1e-10,1e-12,WOOD1P,-inf,False,3,116,0.0204608440399169
61,1e-06,1e-10,1e-12,WOODW,-inf,False,3,82,0.0829534530639648
62,1e-06,1e-10,1e-13,25FV47,-inf,False,3,330,0.0335545539855957
62,1e-06,1e-10,1e-13,ADLITTLE,-225494.96316238047,True,0,144,0.0006752014160156
62,1e-06,1e-10,1e-13,AFIRO,464.7531428571428,True,0,30,0.000279426574707
62,1e-06,1e-10,1e-13,AGG,36291233.286576286,True,0,609,0.0143356323242187
62,1e-06,1e-10,1e-13,AGG2,20239252.355977103,True,0,571,0.0075709819793701
62,1e-06,1e-10,1e-13,AGG3,-10312115.935089232,True,0,588,0.0106468200683593
62,1e-06,1e-10,1e-13,BANDM,158.62801845024026,True,0,1333,0.057204246520996
62,1e-06,1e-10,1e-13,BEACONFD,-33592.48580719998,True,0,210,0.0029425621032714
62,1e-06,1e-10,1e-13,BLEND,30.81214984582808,True,0,165,0.0008876323699951
62,1e-06,1e-10,1e-13,BNL1,-inf,False,3,1770,0.5017945766448975
62,1e-06,1e-10,1e-13,BNL2,-inf,False,3,2787,9.55164647102356
62,1e-06,1e-10,1e-13,BRANDY,-inf,False,3,214,0.0037386417388916
62,1e-06,1e-10,1e-13,D2Q06C,-inf,False,3,1765,4.872074842453003
62,1e-06,1e-10,1e-13,DEGEN2,1435.1779999999994,True,0,2819,0.2905600070953369
62,1e-06,1e-10,1e-13,DEGEN3,-inf,False,1,10000,41.15691542625427
62,1e-06,1e-10,1e-13,E226,18.75192906637468,True,0,738,0.0186619758605957
62,1e-06,1e-10,1e-13,FFFFF800,-inf,False,3,872,0.0906813144683837
62,1e-06,1e-10,1e-13,ISRAEL,896644.8218630381,True,0,913,0.0197498798370361
62,1e-06,1e-10,1e-13,LOTFI,25.26470606188001,True,0,277,0.0026807785034179
62,1e-06,1e-10,1e-13,MAROS-R7,-1497185.1664796427,True,0,4317,57.0397253036499
62,1e-06,1e-10,1e-13,QAP12,-inf,False,3,2747,50.060235261917114
62,1e-06,1e-10,1e-13,QAP15,-inf,False,3,7229,775.743629693985
62,1e-06,1e-10,1e-13,QAP8,-inf,False,3,1473,2.4366865158081055
62,1e-06,1e-10,1e-13,SC105,52.20206121170722,True,0,139,0.0011162757873535
62,1e-06,1e-10,1e-13,SC205,52.20206121170649,True,0,322,0.0070011615753173
62,1e-06,1e-10,1e-13,SC50A,64.57507705856449,True,0,59,0.0003316402435302
62,1e-06,1e-10,1e-13,SC50B,70.0,True,0,62,0.0003383159637451
62,1e-06,1e-10,1e-13,SCAGR25,7745588.86329705,False,3,1410,0.127866506576538
62,1e-06,1e-10,1e-13,SCAGR7,2331389.824330985,True,0,270,0.0021882057189941
62,1e-06,1e-10,1e-13,SCFXM1,-18416.759028417593,True,0,847,0.0336239337921142
62,1e-06,1e-10,1e-13,SCFXM2,-36631.03738122762,True,0,1604,0.308147668838501
62,1e-06,1e-10,1e-13,SCFXM3,-inf,False,2,1918,0.9950096607208252
62,1e-06,1e-10,1e-13,SCORPION,-1875.8517318290158,True,0,466,0.0088152885437011
62,1e-06,1e-10,1e-13,SCRS8,-inf,False,3,716,0.0321352481842041
62,1e-06,1e-10,1e-13,SCSD1,-8.21757299260629,False,3,316,0.0043799877166748
62,1e-06,1e-10,1e-13,SCSD6,-50.50000007826237,True,0,708,0.0273058414459228
62,1e-06,1e-10,1e-13,SCSD8,-inf,False,3,279,0.0140209197998046
62,1e-06,1e-10,1e-13,SCTAP1,-1412.249999999997,True,0,797,0.0312128067016601
62,1e-06,1e-10,1e-13,SCTAP2,-inf,False,3,171,0.039985179901123
62,1e-06,1e-10,1e-13,SCTAP3,-inf,False,3,266,0.1758747100830078
62,1e-06,1e-10,1e-13,SHARE1B,76589.31857918575,True,0,456,0.0037469863891601
62,1e-06,1e-10,1e-13,SHARE2B,415.732240741419,True,0,204,0.0010676383972167
62,1e-06,1e-10,1e-13,SHIP04L,-1793324.5379703536,True,0,777,0.0110242366790771
62,1e-06,1e-10,1e-13,SHIP04S,-1798714.7004453933,True,0,606,0.0072124004364013
62,1e-06,1e-10,1e-13,SHIP08L,-1909055.211389134,True,0,1518,0.0443062782287597
62,1e-06,1e-10,1e-13,SHIP08S,-1920098.2105346203,True,0,1215,0.0257763862609863
62,1e-06,1e-10,1e-13,SHIP12L,-1470187.919329265,True,0,2060,0.1084671020507812
62,1e-06,1e-10,1e-13,SHIP12S,-1489236.134406127,True,0,1568,0.0560107231140136
62,1e-06,1e-10,1e-13,STOCFOR1,41131.97621943616,True,0,259,0.0019285678863525
62,1e-06,1e-10,1e-13,STOCFOR2,39024.40853788207,True,0,4250,14.051919937133787
62,1e-06,1e-10,1e-13,STOCFOR3,-inf,False,1,10000,340.34608340263367
62,1e-06,1e-10,1e-13,TRUSS,-14773125.092391543,False,3,5908,35.36455583572388
62,1e-06,1e-10,1e-13,WOOD1P,-inf,False,3,139,0.0252914428710937
62,1e-06,1e-10,1e-13,WOODW,-inf,False,3,82,0.0806891918182373
63,1e-06,1e-10,1e-14,25FV47,-inf,False,3,398,0.0468268394470214
63,1e-06,1e-10,1e-14,ADLITTLE,-225494.96316238047,True,0,144,0.0006380081176757
63,1e-06,1e-10,1e-14,AFIRO,464.7531428571428,True,0,30,0.0002660751342773
63,1e-06,1e-10,1e-14,AGG,36291233.286576286,True,0,609,0.0133583545684814
63,1e-06,1e-10,1e-14,AGG2,20239252.355977103,True,0,571,0.0069375038146972
63,1e-06,1e-10,1e-14,AGG3,-10312115.935089232,True,0,588,0.0100252628326416
63,1e-06,1e-10,1e-14,BANDM,-inf,False,3,212,0.0076563358306884
63,1e-06,1e-10,1e-14,BEACONFD,-33592.48580719996,True,0,212,0.0026924610137939
63,1e-06,1e-10,1e-14,BLEND,30.81214984582823,True,0,161,0.0008442401885986
63,1e-06,1e-10,1e-14,BNL1,-inf,False,3,1436,0.3234086036682129
63,1e-06,1e-10,1e-14,BNL2,-inf,False,3,7570,44.94851994514465
63,1e-06,1e-10,1e-14,BRANDY,-1518.5098964881197,True,0,647,0.0109214782714843
63,1e-06,1e-10,1e-14,D2Q06C,-inf,False,3,1751,4.209887266159058
63,1e-06,1e-10,1e-14,DEGEN2,1435.1779999999806,True,0,3022,0.313258409500122
63,1e-06,1e-10,1e-14,DEGEN3,-inf,False,1,10000,41.559659481048584
63,1e-06,1e-10,1e-14,E226,18.75192906621691,True,0,840,0.0200257301330566
63,1e-06,1e-10,1e-14,FFFFF800,-inf,False,3,896,0.0787301063537597
63,1e-06,1e-10,1e-14,ISRAEL,896644.8218630381,True,0,913,0.0177400112152099
63,1e-06,1e-10,1e-14,LOTFI,25.26470606188001,True,0,277,0.0024456977844238
63,1e-06,1e-10,1e-14,MAROS-R7,-1497185.1664796427,True,0,4317,57.002175092697144
63,1e-06,1e-10,1e-14,QAP12,-inf,False,3,3393,76.87980103492737
63,1e-06,1e-10,1e-14,QAP15,-inf,False,3,2767,72.88411021232605
63,1e-06,1e-10,1e-14,QAP8,-inf,False,3,2104,3.7060000896453857
63,1e-06,1e-10,1e-14,SC105,52.20206121170724,True,0,134,0.0010745525360107
63,1e-06,1e-10,1e-14,SC205,52.2020612117079,True,0,325,0.0070605278015136
63,1e-06,1e-10,1e-14,SC50A,64.57507705856449,True,0,59,0.0003304481506347
63,1e-06,1e-10,1e-14,SC50B,70.0,True,0,62,0.0003409385681152
63,1e-06,1e-10,1e-14,SCAGR25,-inf,False,3,1197,0.1061303615570068
63,1e-06,1e-10,1e-14,SCAGR7,2331389.8243309762,True,0,250,0.0020112991333007
63,1e-06,1e-10,1e-14,SCFXM1,-19102.311992785995,False,3,807,0.0309152603149414
63,1e-06,1e-10,1e-14,SCFXM2,-36848.738522119354,True,0,1674,0.2985923290252685
63,1e-06,1e-10,1e-14,SCFXM3,-inf,False,2,1930,0.983475923538208
63,1e-06,1e-10,1e-14,SCORPION,-1875.8517318290155,True,0,466,0.0088403224945068
63,1e-06,1e-10,1e-14,SCRS8,-inf,False,3,728,0.0324628353118896
63,1e-06,1e-10,1e-14,SCSD1,53935.43531019026,False,3,452,0.0062382221221923
63,1e-06,1e-10,1e-14,SCSD6,-42.67621507068471,False,3,778,0.0307137966156005
63,1e-06,1e-10,1e-14,SCSD8,-inf,False,3,286,0.0148015022277832
63,1e-06,1e-10,1e-14,SCTAP1,-1412.2499999999982,True,0,875,0.0347781181335449
63,1e-06,1e-10,1e-14,SCTAP2,-inf,False,3,136,0.0256180763244628
63,1e-06,1e-10,1e-14,SCTAP3,-inf,False,3,232,0.1265180110931396
63,1e-06,1e-10,1e-14,SHARE1B,76589.31857918575,True,0,456,0.0040516853332519
63,1e-06,1e-10,1e-14,SHARE2B,415.732240741419,True,0,203,0.0011510848999023
63,1e-06,1e-10,1e-14,SHIP04L,-1793324.5379703536,True,0,775,0.0111222267150878
63,1e-06,1e-10,1e-14,SHIP04S,-1798714.7004453933,True,0,606,0.006892442703247
63,1e-06,1e-10,1e-14,SHIP08L,-1909055.211389134,True,0,1518,0.0445859432220459
63,1e-06,1e-10,1e-14,SHIP08S,-1920098.2105346203,True,0,1215,0.0260431766510009
63,1e-06,1e-10,1e-14,SHIP12L,-1470187.919329265,True,0,2060,0.1095151901245117
63,1e-06,1e-10,1e-14,SHIP12S,-1489236.134406127,True,0,1569,0.0564014911651611
63,1e-06,1e-10,1e-14,STOCFOR1,41131.976219436154,True,0,260,0.0019087791442871
63,1e-06,1e-10,1e-14,STOCFOR2,39024.408537882206,True,0,4225,13.784602880477903
63,1e-06,1e-10,1e-14,STOCFOR3,-inf,False,1,10000,352.76189827919006
63,1e-06,1e-10,1e-14,TRUSS,-700687.1654856183,False,3,2353,10.446609497070312
63,1e-06,1e-10,1e-14,WOOD1P,-inf,False,3,424,0.068690538406372
63,1e-06,1e-10,1e-14,WOODW,-inf,False,3,82,0.0790114402770996
64,1e-06,1e-10,1e-15,25FV47,-inf,False,3,822,0.1586387157440185
64,1e-06,1e-10,1e-15,ADLITTLE,-225494.96316238047,True,0,144,0.0006155967712402
64,1e-06,1e-10,1e-15,AFIRO,464.7531428571428,True,0,30,0.0002608299255371
64,1e-06,1e-10,1e-15,AGG,36291233.286576286,True,0,609,0.0127334594726562
64,1e-06,1e-10,1e-15,AGG2,20239252.355977103,True,0,572,0.0066745281219482
64,1e-06,1e-10,1e-15,AGG3,-10312115.935089232,True,0,588,0.0097296237945556
64,1e-06,1e-10,1e-15,BANDM,-inf,False,3,92,0.0030798912048339
64,1e-06,1e-10,1e-15,BEACONFD,-33592.48580719996,True,0,212,0.0026094913482666
64,1e-06,1e-10,1e-15,BLEND,30.81214984582805,True,0,180,0.0008742809295654
64,1e-06,1e-10,1e-15,BNL1,-inf,False,3,3730,1.8604059219360352
64,1e-06,1e-10,1e-15,BNL2,-inf,False,3,2836,10.148411750793455
64,1e-06,1e-10,1e-15,BRANDY,-1518.5098964880663,True,0,704,0.012561559677124
64,1e-06,1e-10,1e-15,D2Q06C,-inf,False,1,10000,82.55476903915405
64,1e-06,1e-10,1e-15,DEGEN2,1435.1779999999912,True,0,2594,0.2562763690948486
64,1e-06,1e-10,1e-15,DEGEN3,-inf,False,1,10000,41.364959478378296
64,1e-06,1e-10,1e-15,E226,-inf,False,3,335,0.0061557292938232
64,1e-06,1e-10,1e-15,FFFFF800,-inf,False,3,895,0.0790741443634033
64,1e-06,1e-10,1e-15,ISRAEL,896644.8218630381,True,0,913,0.0176682472229003
64,1e-06,1e-10,1e-15,LOTFI,25.26470606188001,True,0,271,0.0023629665374755
64,1e-06,1e-10,1e-15,MAROS-R7,-1497185.1664796427,True,0,4317,57.100821018218994
64,1e-06,1e-10,1e-15,QAP12,-inf,False,3,4900,141.2227303981781
64,1e-06,1e-10,1e-15,QAP15,-inf,False,3,3419,158.4109890460968
64,1e-06,1e-10,1e-15,QAP8,-inf,False,3,871,1.1350877285003662
64,1e-06,1e-10,1e-15,SC105,52.2020612117072,True,0,131,0.0010437965393066
64,1e-06,1e-10,1e-15,SC205,52.20206121167227,True,0,274,0.0056540966033935
64,1e-06,1e-10,1e-15,SC50A,64.57507705856449,True,0,59,0.0003299713134765
64,1e-06,1e-10,1e-15,SC50B,70.0,True,0,62,0.0003490447998046
64,1e-06,1e-10,1e-15,SCAGR25,-inf,False,3,615,0.0485632419586181
64,1e-06,1e-10,1e-15,SCAGR7,2331389.8243310177,True,0,267,0.0021448135375976
64,1e-06,1e-10,1e-15,SCFXM1,-18416.759028350636,True,0,749,0.0276288986206054
64,1e-06,1e-10,1e-15,SCFXM2,-36937.47215647803,True,0,1606,0.2893927097320556
64,1e-06,1e-10,1e-15,SCFXM3,-inf,False,2,1863,0.758455753326416
64,1e-06,1e-10,1e-15,SCORPION,-1875.8517318290153,True,0,466,0.0088477134704589
64,1e-06,1e-10,1e-15,SCRS8,-inf,False,3,938,0.0524442195892334
64,1e-06,1e-10,1e-15,SCSD1,6535.289842344521,False,3,322,0.0042493343353271
64,1e-06,1e-10,1e-15,SCSD6,-50.50000007826234,True,0,630,0.0233469009399414
64,1e-06,1e-10,1e-15,SCSD8,-inf,False,3,286,0.0148131847381591
64,1e-06,1e-10,1e-15,SCTAP1,-inf,False,3,157,0.0044178962707519
64,1e-06,1e-10,1e-15,SCTAP2,-inf,False,3,129,0.0225336551666259
64,1e-06,1e-10,1e-15,SCTAP3,-inf,False,3,524,0.7752804756164551
64,1e-06,1e-10,1e-15,SHARE1B,76589.31857918575,True,0,456,0.0037693977355957
64,1e-06,1e-10,1e-15,SHARE2B,415.7322407414188,True,0,210,0.0011866092681884
64,1e-06,1e-10,1e-15,SHIP04L,-1793324.5379703536,True,0,773,0.01051926612854
64,1e-06,1e-10,1e-15,SHIP04S,-1798714.7004453936,True,0,608,0.0068597793579101
64,1e-06,1e-10,1e-15,SHIP08L,-1909055.2113891335,True,0,1514,0.0441727638244628
64,1e-06,1e-10,1e-15,SHIP08S,-1920098.2105346206,True,0,1214,0.0255966186523437
64,1e-06,1e-10,1e-15,SHIP12L,-1470187.919329265,True,0,2081,0.1103413105010986
64,1e-06,1e-10,1e-15,SHIP12S,-1489236.134406127,True,0,1568,0.055976390838623
64,1e-06,1e-10,1e-15,STOCFOR1,41131.97621943676,True,0,268,0.002018928527832
64,1e-06,1e-10,1e-15,STOCFOR2,-inf,False,3,3891,11.167062520980837
64,1e-06,1e-10,1e-15,STOCFOR3,-inf,False,3,6413,372.11734533309937
64,1e-06,1e-10,1e-15,TRUSS,4726452407.594585,False,3,6250,38.699302196502686
64,1e-06,1e-10,1e-15,WOOD1P,-inf,False,3,99,0.016930341720581
64,1e-06,1e-10,1e-15,WOODW,-inf,False,3,82,0.0817229747772216
65,1e-06,1e-11,1e-11,25FV47,-inf,False,3,140,0.0109908580780029
65,1e-06,1e-11,1e-11,ADLITTLE,-225494.96316238047,True,0,144,0.0006587505340576
65,1e-06,1e-11,1e-11,AFIRO,464.7531428571428,True,0,30,0.0002732276916503
65,1e-06,1e-11,1e-11,AGG,10848424.378848176,True,0,595,0.0121963024139404
65,1e-06,1e-11,1e-11,AGG2,20239252.355977103,True,0,571,0.0071108341217041
65,1e-06,1e-11,1e-11,AGG3,-10312115.935089232,True,0,588,0.0103263854980468
65,1e-06,1e-11,1e-11,BANDM,-inf,False,3,373,0.0140495300292968
65,1e-06,1e-11,1e-11,BEACONFD,-33592.48580719998,True,0,210,0.0028786659240722
65,1e-06,1e-11,1e-11,BLEND,30.81214984582829,True,0,148,0.0007987022399902
65,1e-06,1e-11,1e-11,BNL1,-inf,False,3,506,0.0501253604888916
65,1e-06,1e-11,1e-11,BNL2,-inf,False,3,1529,3.090047597885132
65,1e-06,1e-11,1e-11,BRANDY,-inf,False,3,91,0.0016124248504638
65,1e-06,1e-11,1e-11,D2Q06C,-inf,False,3,671,0.1957566738128662
65,1e-06,1e-11,1e-11,DEGEN2,1436.4949999999983,True,0,2751,0.2811033725738525
65,1e-06,1e-11,1e-11,DEGEN3,-inf,False,1,10000,41.64877200126648
65,1e-06,1e-11,1e-11,E226,18.75192906637472,True,0,737,0.0169198513031005
65,1e-06,1e-11,1e-11,FFFFF800,-inf,False,3,283,0.0137641429901123
65,1e-06,1e-11,1e-11,ISRAEL,896644.8218630484,True,0,950,0.0184466838836669
65,1e-06,1e-11,1e-11,LOTFI,25.264706061880013,True,0,264,0.0022511482238769
65,1e-06,1e-11,1e-11,MAROS-R7,-1497185.1664796427,True,0,4317,57.0606632232666
65,1e-06,1e-11,1e-11,QAP12,-inf,False,3,1778,20.55097246170044
65,1e-06,1e-11,1e-11,QAP15,-inf,False,3,2413,41.87629461288452
65,1e-06,1e-11,1e-11,QAP8,-inf,False,3,813,0.9542582035064696
65,1e-06,1e-11,1e-11,SC105,52.20206121170722,True,0,138,0.0011460781097412
65,1e-06,1e-11,1e-11,SC205,52.20206121182398,True,0,314,0.0067188739776611
65,1e-06,1e-11,1e-11,SC50A,64.57507705856449,True,0,59,0.0003399848937988
65,1e-06,1e-11,1e-11,SC50B,70.0,True,0,62,0.0003445148468017
65,1e-06,1e-11,1e-11,SCAGR25,-inf,False,3,440,0.0301475524902343
65,1e-06,1e-11,1e-11,SCAGR7,2331389.824330985,True,0,270,0.0022177696228027
65,1e-06,1e-11,1e-11,SCFXM1,-inf,False,3,233,0.0044946670532226
65,1e-06,1e-11,1e-11,SCFXM2,-inf,False,3,217,0.007897138595581
65,1e-06,1e-11,1e-11,SCFXM3,-inf,False,3,489,0.0285155773162841
65,1e-06,1e-11,1e-11,SCORPION,-1875.8517318290158,True,0,466,0.0088593959808349
65,1e-06,1e-11,1e-11,SCRS8,-inf,False,3,760,0.0345089435577392
65,1e-06,1e-11,1e-11,SCSD1,-0.928966462411952,False,3,309,0.0043673515319824
65,1e-06,1e-11,1e-11,SCSD6,-49.09175484469489,False,3,595,0.0219688415527343
65,1e-06,1e-11,1e-11,SCSD8,-inf,False,3,279,0.0140178203582763
65,1e-06,1e-11,1e-11,SCTAP1,-inf,False,3,422,0.0108389854431152
65,1e-06,1e-11,1e-11,SCTAP2,-inf,False,3,152,0.0293116569519042
65,1e-06,1e-11,1e-11,SCTAP3,-inf,False,3,41,0.0253856182098388
65,1e-06,1e-11,1e-11,SHARE1B,76589.31857918575,True,0,456,0.0037736892700195
65,1e-06,1e-11,1e-11,SHARE2B,415.732240741419,True,0,204,0.0010807514190673
65,1e-06,1e-11,1e-11,SHIP04L,-1793324.5379703536,True,0,777,0.0110378265380859
65,1e-06,1e-11,1e-11,SHIP04S,-1798714.7004453933,True,0,606,0.0065336227416992
65,1e-06,1e-11,1e-11,SHIP08L,-1909055.211389134,True,0,1518,0.0440609455108642
65,1e-06,1e-11,1e-11,SHIP08S,-1920098.2105346203,True,0,1215,0.0257394313812255
65,1e-06,1e-11,1e-11,SHIP12L,-1470187.919329265,True,0,2060,0.108304738998413
65,1e-06,1e-11,1e-11,SHIP12S,-1489236.134406127,True,0,1568,0.055934190750122
65,1e-06,1e-11,1e-11,STOCFOR1,41131.976219436205,True,0,259,0.001910924911499
65,1e-06,1e-11,1e-11,STOCFOR2,39024.408537882045,True,0,4273,14.188156843185425
65,1e-06,1e-11,1e-11,STOCFOR3,-inf,False,1,10000,340.6005277633667
65,1e-06,1e-11,1e-11,TRUSS,-688258.1090429984,False,3,1911,7.373956918716431
65,1e-06,1e-11,1e-11,WOOD1P,-inf,False,3,114,0.0182521343231201
65,1e-06,1e-11,1e-11,WOODW,-inf,False,3,39,0.042161226272583
66,1e-06,1e-11,1e-12,25FV47,-inf,False,3,140,0.010002851486206
66,1e-06,1e-11,1e-12,ADLITTLE,-225494.96316238047,True,0,144,0.0006155967712402
66,1e-06,1e-11,1e-12,AFIRO,464.7531428571428,True,0,30,0.0003118515014648
66,1e-06,1e-11,1e-12,AGG,10439165.6080729,True,0,595,0.0114748477935791
66,1e-06,1e-11,1e-12,AGG2,20239252.355977103,True,0,571,0.0066535472869873
66,1e-06,1e-11,1e-12,AGG3,-10312115.935089232,True,0,588,0.0097520351409912
66,1e-06,1e-11,1e-12,BANDM,-inf,False,3,201,0.0072593688964843
66,1e-06,1e-11,1e-12,BEACONFD,-33592.48580719998,True,0,210,0.0026822090148925
66,1e-06,1e-11,1e-12,BLEND,30.81214984582829,True,0,148,0.0007464885711669
66,1e-06,1e-11,1e-12,BNL1,-inf,False,3,506,0.0475389957427978
66,1e-06,1e-11,1e-12,BNL2,-inf,False,3,2409,7.5443902015686035
66,1e-06,1e-11,1e-12,BRANDY,-inf,False,3,96,0.001777172088623
66,1e-06,1e-11,1e-12,D2Q06C,-inf,False,3,671,0.1964387893676757
66,1e-06,1e-11,1e-12,DEGEN2,1436.4949999999976,True,0,3102,0.3308615684509277
66,1e-06,1e-11,1e-12,DEGEN3,-inf,False,3,9318,38.378928422927856
66,1e-06,1e-11,1e-12,E226,18.75192906637468,True,0,738,0.0181398391723632
66,1e-06,1e-11,1e-12,FFFFF800,-inf,False,3,1535,0.1794238090515136
66,1e-06,1e-11,1e-12,ISRAEL,896644.8218630381,True,0,913,0.018172264099121
66,1e-06,1e-11,1e-12,LOTFI,25.264706061880016,True,0,266,0.0023262500762939
66,1e-06,1e-11,1e-12,MAROS-R7,-1497185.1664796427,True,0,4317,57.01003909111023
66,1e-06,1e-11,1e-12,QAP12,-inf,False,3,1995,26.70486617088318
66,1e-06,1e-11,1e-12,QAP15,-inf,False,3,2415,42.051005601882935
66,1e-06,1e-11,1e-12,QAP8,-inf,False,3,807,0.9378926753997804
66,1e-06,1e-11,1e-12,SC105,52.20206121170722,True,0,138,0.0011181831359863
66,1e-06,1e-11,1e-12,SC205,52.202061211805145,True,0,304,0.0065999031066894
66,1e-06,1e-11,1e-12,SC50A,64.57507705856449,True,0,59,0.0003623962402343
66,1e-06,1e-11,1e-12,SC50B,70.0,True,0,62,0.0003561973571777
66,1e-06,1e-11,1e-12,SCAGR25,-inf,False,3,742,0.0559804439544677
66,1e-06,1e-11,1e-12,SCAGR7,2331389.824330985,True,0,270,0.0022323131561279
66,1e-06,1e-11,1e-12,SCFXM1,-inf,False,3,233,0.0048024654388427
66,1e-06,1e-11,1e-12,SCFXM2,-inf,False,3,217,0.0078892707824707
66,1e-06,1e-11,1e-12,SCFXM3,-inf,False,3,464,0.0273990631103515
66,1e-06,1e-11,1e-12,SCORPION,-1875.8517318290158,True,0,466,0.00899338722229
66,1e-06,1e-11,1e-12,SCRS8,-inf,False,3,760,0.034463882446289
66,1e-06,1e-11,1e-12,SCSD1,-22.29596178516752,False,3,295,0.004127025604248
66,1e-06,1e-11,1e-12,SCSD6,-49.09175484469489,False,3,595,0.0221354961395263
66,1e-06,1e-11,1e-12,SCSD8,-inf,False,3,279,0.0141298770904541
66,1e-06,1e-11,1e-12,SCTAP1,-inf,False,3,420,0.0106935501098632
66,1e-06,1e-11,1e-12,SCTAP2,-inf,False,3,152,0.0293874740600585
66,1e-06,1e-11,1e-12,SCTAP3,-inf,False,3,41,0.0253589153289794
66,1e-06,1e-11,1e-12,SHARE1B,76589.31857918575,True,0,456,0.0037691593170166
66,1e-06,1e-11,1e-12,SHARE2B,415.732240741419,True,0,204,0.001065969467163
66,1e-06,1e-11,1e-12,SHIP04L,-1793324.5379703536,True,0,777,0.0110957622528076
66,1e-06,1e-11,1e-12,SHIP04S,-1798714.7004453933,True,0,606,0.0065572261810302
66,1e-06,1e-11,1e-12,SHIP08L,-1909055.211389134,True,0,1518,0.0441536903381347
66,1e-06,1e-11,1e-12,SHIP08S,-1920098.2105346203,True,0,1215,0.0258972644805908
66,1e-06,1e-11,1e-12,SHIP12L,-1470187.919329265,True,0,2060,0.1087417602539062
66,1e-06,1e-11,1e-12,SHIP12S,-1489236.134406127,True,0,1568,0.0561017990112304
66,1e-06,1e-11,1e-12,STOCFOR1,41131.976219436176,True,0,259,0.0018846988677978
66,1e-06,1e-11,1e-12,STOCFOR2,-inf,False,3,2800,2.05245590209961
66,1e-06,1e-11,1e-12,STOCFOR3,-inf,False,1,10000,340.93796133995056
66,1e-06,1e-11,1e-12,TRUSS,-5.553008481644013e+18,False,3,2102,8.605937480926514
66,1e-06,1e-11,1e-12,WOOD1P,-inf,False,3,190,0.0281941890716552
66,1e-06,1e-11,1e-12,WOODW,-inf,False,3,39,0.0418872833251953
67,1e-06,1e-11,1e-13,25FV47,-inf,False,3,142,0.0101215839385986
67,1e-06,1e-11,1e-13,ADLITTLE,-225494.96316238047,True,0,144,0.0006182193756103
67,1e-06,1e-11,1e-13,AFIRO,464.7531428571428,True,0,30,0.0002644062042236
67,1e-06,1e-11,1e-13,AGG,10410622.637922712,True,0,596,0.0116569995880126
67,1e-06,1e-11,1e-13,AGG2,20239252.355977103,True,0,571,0.0066490173339843
67,1e-06,1e-11,1e-13,AGG3,-10312115.935089232,True,0,588,0.0097343921661376
67,1e-06,1e-11,1e-13,BANDM,-inf,False,3,201,0.0072138309478759
67,1e-06,1e-11,1e-13,BEACONFD,-33592.48580719998,True,0,210,0.0025978088378906
67,1e-06,1e-11,1e-13,BLEND,30.81214984582808,True,0,165,0.0008111000061035
67,1e-06,1e-11,1e-13,BNL1,-inf,False,3,507,0.0476343631744384
67,1e-06,1e-11,1e-13,BNL2,-inf,False,3,840,1.1599788665771484
67,1e-06,1e-11,1e-13,BRANDY,-inf,False,3,110,0.0020003318786621
67,1e-06,1e-11,1e-13,D2Q06C,-inf,False,3,671,0.1947011947631836
67,1e-06,1e-11,1e-13,DEGEN2,1435.1779999999994,True,0,2819,0.2884359359741211
67,1e-06,1e-11,1e-13,DEGEN3,-inf,False,3,8116,32.55339980125427
67,1e-06,1e-11,1e-13,E226,18.75192906637468,True,0,738,0.0169720649719238
67,1e-06,1e-11,1e-13,FFFFF800,-inf,False,3,666,0.0554194450378418
67,1e-06,1e-11,1e-13,ISRAEL,896644.8218630381,True,0,913,0.0177087783813476
67,1e-06,1e-11,1e-13,LOTFI,25.26470606188001,True,0,277,0.002460241317749
67,1e-06,1e-11,1e-13,MAROS-R7,-1497185.1664796427,True,0,4317,56.91183257102966
67,1e-06,1e-11,1e-13,QAP12,-inf,False,3,2055,28.161032915115356
67,1e-06,1e-11,1e-13,QAP15,-inf,False,3,5063,423.31636905670166
67,1e-06,1e-11,1e-13,QAP8,-inf,False,3,929,1.221299409866333
67,1e-06,1e-11,1e-13,SC105,52.20206121170722,True,0,139,0.0011892318725585
67,1e-06,1e-11,1e-13,SC205,52.20206121170649,True,0,322,0.0074152946472167
67,1e-06,1e-11,1e-13,SC50A,64.57507705856449,True,0,59,0.0003533363342285
67,1e-06,1e-11,1e-13,SC50B,70.0,True,0,62,0.0003664493560791
67,1e-06,1e-11,1e-13,SCAGR25,-inf,False,3,1142,0.1038548946380615
67,1e-06,1e-11,1e-13,SCAGR7,2331389.824330985,True,0,270,0.0023334026336669
67,1e-06,1e-11,1e-13,SCFXM1,-inf,False,3,275,0.0062229633331298
67,1e-06,1e-11,1e-13,SCFXM2,-inf,False,3,217,0.0080680847167968
67,1e-06,1e-11,1e-13,SCFXM3,-inf,False,3,447,0.0277035236358642
67,1e-06,1e-11,1e-13,SCORPION,-1875.8517318290158,True,0,466,0.0093812942504882
67,1e-06,1e-11,1e-13,SCRS8,-inf,False,3,1048,0.083789587020874
67,1e-06,1e-11,1e-13,SCSD1,-8.21757299260629,False,3,316,0.0046052932739257
67,1e-06,1e-11,1e-13,SCSD6,-50.50000007826237,True,0,708,0.0291459560394287
67,1e-06,1e-11,1e-13,SCSD8,-inf,False,3,279,0.0145680904388427
67,1e-06,1e-11,1e-13,SCTAP1,-inf,False,3,421,0.0113189220428466
67,1e-06,1e-11,1e-13,SCTAP2,-inf,False,3,128,0.0227665901184082
67,1e-06,1e-11,1e-13,SCTAP3,-inf,False,3,41,0.0261368751525878
67,1e-06,1e-11,1e-13,SHARE1B,76589.31857918575,True,0,456,0.0040094852447509
67,1e-06,1e-11,1e-13,SHARE2B,415.732240741419,True,0,204,0.0011439323425292
67,1e-06,1e-11,1e-13,SHIP04L,-1793324.5379703536,True,0,777,0.0116193294525146
67,1e-06,1e-11,1e-13,SHIP04S,-1798714.7004453933,True,0,606,0.0068402290344238
67,1e-06,1e-11,1e-13,SHIP08L,-1909055.211389134,True,0,1518,0.0459210872650146
67,1e-06,1e-11,1e-13,SHIP08S,-1920098.2105346203,True,0,1215,0.0268142223358154
67,1e-06,1e-11,1e-13,SHIP12L,-1470187.919329265,True,0,2060,0.1126296520233154
67,1e-06,1e-11,1e-13,SHIP12S,-1489236.134406127,True,0,1568,0.0579509735107421
67,1e-06,1e-11,1e-13,STOCFOR1,41131.97621943616,True,0,259,0.0020201206207275
67,1e-06,1e-11,1e-13,STOCFOR2,-inf,False,3,2808,2.1641604900360107
67,1e-06,1e-11,1e-13,STOCFOR3,-inf,False,1,10000,339.71735095977783
67,1e-06,1e-11,1e-13,TRUSS,9.256764452036821e+23,False,3,7133,44.36715745925903
67,1e-06,1e-11,1e-13,WOOD1P,-inf,False,3,184,0.0267620086669921
67,1e-06,1e-11,1e-13,WOODW,-inf,False,3,40,0.042830467224121
68,1e-06,1e-11,1e-14,25FV47,-inf,False,3,284,0.0227811336517334
68,1e-06,1e-11,1e-14,ADLITTLE,-225494.96316238047,True,0,144,0.000666856765747
68,1e-06,1e-11,1e-14,AFIRO,464.7531428571428,True,0,30,0.0002615451812744
68,1e-06,1e-11,1e-14,AGG,10410622.637922712,True,0,596,0.0116984844207763
68,1e-06,1e-11,1e-14,AGG2,20239252.355977103,True,0,571,0.006702184677124
68,1e-06,1e-11,1e-14,AGG3,-10312115.935089232,True,0,588,0.0097832679748535
68,1e-06,1e-11,1e-14,BANDM,-inf,False,3,458,0.01646089553833
68,1e-06,1e-11,1e-14,BEACONFD,-33592.48580719996,True,0,212,0.0026235580444335
68,1e-06,1e-11,1e-14,BLEND,30.81214984582823,True,0,161,0.0008027553558349
68,1e-06,1e-11,1e-14,BNL1,-inf,False,3,551,0.0555880069732666
68,1e-06,1e-11,1e-14,BNL2,-inf,False,3,1534,3.283705472946167
68,1e-06,1e-11,1e-14,BRANDY,-inf,False,3,99,0.0016641616821289
68,1e-06,1e-11,1e-14,D2Q06C,-inf,False,3,671,0.1956338882446289
68,1e-06,1e-11,1e-14,DEGEN2,1435.1779999999806,True,0,3022,0.3024251461029053
68,1e-06,1e-11,1e-14,DEGEN3,-inf,False,1,10000,41.55009865760803
68,1e-06,1e-11,1e-14,E226,18.93821307653316,True,0,920,0.0228264331817626
68,1e-06,1e-11,1e-14,FFFFF800,-inf,False,3,675,0.0563385486602783
68,1e-06,1e-11,1e-14,ISRAEL,896644.8218630381,True,0,913,0.0177853107452392
68,1e-06,1e-11,1e-14,LOTFI,25.26470606188001,True,0,277,0.002448558807373
68,1e-06,1e-11,1e-14,MAROS-R7,-1497185.1664796427,True,0,4317,56.94748306274414
68,1e-06,1e-11,1e-14,QAP12,-inf,False,3,1924,26.401451110839844
68,1e-06,1e-11,1e-14,QAP15,-inf,False,3,2770,73.07612347602844
68,1e-06,1e-11,1e-14,QAP8,-inf,False,3,971,1.2761900424957275
68,1e-06,1e-11,1e-14,SC105,52.20206121170724,True,0,134,0.0011591911315917
68,1e-06,1e-11,1e-14,SC205,52.2020612117079,True,0,325,0.0071156024932861
68,1e-06,1e-11,1e-14,SC50A,64.57507705856449,True,0,59,0.0003352165222167
68,1e-06,1e-11,1e-14,SC50B,70.0,True,0,62,0.0003464221954345
68,1e-06,1e-11,1e-14,SCAGR25,-inf,False,3,1234,0.1092057228088378
68,1e-06,1e-11,1e-14,SCAGR7,2331389.8243309762,True,0,250,0.0019948482513427
68,1e-06,1e-11,1e-14,SCFXM1,-1583525859.5080142,False,1,10000,0.6853756904602051
68,1e-06,1e-11,1e-14,SCFXM2,-inf,False,3,217,0.0079250335693359
68,1e-06,1e-11,1e-14,SCFXM3,-inf,False,2,1938,1.0255508422851562
68,1e-06,1e-11,1e-14,SCORPION,-1875.8517318290155,True,0,466,0.0094995498657226
68,1e-06,1e-11,1e-14,SCRS8,-inf,False,3,712,0.0327024459838867
68,1e-06,1e-11,1e-14,SCSD1,53935.435310191926,False,3,452,0.0066330432891845
68,1e-06,1e-11,1e-14,SCSD6,-42.67621507068471,False,3,778,0.0325665473937988
68,1e-06,1e-11,1e-14,SCSD8,-inf,False,3,286,0.0154430866241455
68,1e-06,1e-11,1e-14,SCTAP1,-1412.2499999999982,True,0,875,0.0368576049804687
68,1e-06,1e-11,1e-14,SCTAP2,-inf,False,3,131,0.0248956680297851
68,1e-06,1e-11,1e-14,SCTAP3,-inf,False,3,44,0.0270707607269287
68,1e-06,1e-11,1e-14,SHARE1B,76589.31857918575,True,0,456,0.0040514469146728
68,1e-06,1e-11,1e-14,SHARE2B,415.732240741419,True,0,203,0.0011398792266845
68,1e-06,1e-11,1e-14,SHIP04L,-1793324.5379703536,True,0,775,0.0114941596984863
68,1e-06,1e-11,1e-14,SHIP04S,-1798714.7004453933,True,0,606,0.0069119930267333
68,1e-06,1e-11,1e-14,SHIP08L,-1909055.211389134,True,0,1518,0.0461599826812744
68,1e-06,1e-11,1e-14,SHIP08S,-1920098.2105346203,True,0,1215,0.0271692276000976
68,1e-06,1e-11,1e-14,SHIP12L,-1470187.919329265,True,0,2060,0.1139721870422363
68,1e-06,1e-11,1e-14,SHIP12S,-1489236.134406127,True,0,1569,0.0585834980010986
68,1e-06,1e-11,1e-14,STOCFOR1,41131.976219436154,True,0,260,0.0020551681518554
68,1e-06,1e-11,1e-14,STOCFOR2,-inf,False,3,2830,2.293705463409424
68,1e-06,1e-11,1e-14,STOCFOR3,-inf,False,1,10000,351.7433087825775
68,1e-06,1e-11,1e-14,TRUSS,-53257055.56533814,False,3,2259,9.794612884521484
68,1e-06,1e-11,1e-14,WOOD1P,-inf,False,3,2312,0.2959067821502685
68,1e-06,1e-11,1e-14,WOODW,-inf,False,3,40,0.0430331230163574
69,1e-06,1e-11,1e-15,25FV47,-inf,False,3,301,0.0253748893737792
69,1e-06,1e-11,1e-15,ADLITTLE,-225494.96316238047,True,0,144,0.0006422996520996
69,1e-06,1e-11,1e-15,AFIRO,464.7531428571428,True,0,30,0.0003063678741455
69,1e-06,1e-11,1e-15,AGG,10410622.637922712,True,0,596,0.0120015144348144
69,1e-06,1e-11,1e-15,AGG2,20239252.355977103,True,0,572,0.0067918300628662
69,1e-06,1e-11,1e-15,AGG3,-10312115.935089232,True,0,588,0.0098700523376464
69,1e-06,1e-11,1e-15,BANDM,-inf,False,3,151,0.0051503181457519
69,1e-06,1e-11,1e-15,BEACONFD,-33592.48580719996,True,0,212,0.0027174949645996
69,1e-06,1e-11,1e-15,BLEND,30.81214984582805,True,0,180,0.0008761882781982
69,1e-06,1e-11,1e-15,BNL1,-inf,False,3,1405,0.2604153156280517
69,1e-06,1e-11,1e-15,BNL2,-inf,False,3,1136,2.0293385982513428
69,1e-06,1e-11,1e-15,BRANDY,-inf,False,3,675,0.010667085647583
69,1e-06,1e-11,1e-15,D2Q06C,-inf,False,3,546,0.3126871585845947
69,1e-06,1e-11,1e-15,DEGEN2,1435.1779999999912,True,0,2594,0.2548682689666748
69,1e-06,1e-11,1e-15,DEGEN3,-inf,False,1,10000,41.338672161102295
69,1e-06,1e-11,1e-15,E226,-inf,False,3,335,0.0062124729156494
69,1e-06,1e-11,1e-15,FFFFF800,-inf,False,3,679,0.0550241470336914
69,1e-06,1e-11,1e-15,ISRAEL,896644.8218630381,True,0,913,0.0176773071289062
69,1e-06,1e-11,1e-15,LOTFI,25.26470606188001,True,0,271,0.0023591518402099
69,1e-06,1e-11,1e-15,MAROS-R7,-1497185.1664796427,True,0,4317,56.94007611274719
69,1e-06,1e-11,1e-15,QAP12,-inf,False,3,2104,29.63830041885376
69,1e-06,1e-11,1e-15,QAP15,-inf,False,3,3337,133.07961130142212
69,1e-06,1e-11,1e-15,QAP8,-inf,False,1,10000,22.738035202026367
69,1e-06,1e-11,1e-15,SC105,52.2020612117072,True,0,131,0.0011005401611328
69,1e-06,1e-11,1e-15,SC205,52.20206121167227,True,0,274,0.0060272216796875
69,1e-06,1e-11,1e-15,SC50A,64.57507705856449,True,0,59,0.0003714561462402
69,1e-06,1e-11,1e-15,SC50B,70.0,True,0,62,0.000375747680664
69,1e-06,1e-11,1e-15,SCAGR25,-inf,False,3,615,0.0512874126434326
69,1e-06,1e-11,1e-15,SCAGR7,2331389.8243310177,True,0,267,0.0022249221801757
69,1e-06,1e-11,1e-15,SCFXM1,-18416.759028350643,True,0,753,0.0294680595397949
69,1e-06,1e-11,1e-15,SCFXM2,-inf,False,1,10000,4.639818906784058
69,1e-06,1e-11,1e-15,SCFXM3,-inf,False,3,2645,1.3654401302337646
69,1e-06,1e-11,1e-15,SCORPION,-1875.8517318290153,True,0,466,0.0094587802886962
69,1e-06,1e-11,1e-15,SCRS8,-inf,False,3,1010,0.0684404373168945
69,1e-06,1e-11,1e-15,SCSD1,6535.289842344521,False,3,322,0.0044760704040527
69,1e-06,1e-11,1e-15,SCSD6,-50.50000007826234,True,0,630,0.0246248245239257
69,1e-06,1e-11,1e-15,SCSD8,-inf,False,3,286,0.0154745578765869
69,1e-06,1e-11,1e-15,SCTAP1,-inf,False,3,177,0.0052874088287353
69,1e-06,1e-11,1e-15,SCTAP2,-inf,False,3,129,0.0233211517333984
69,1e-06,1e-11,1e-15,SCTAP3,-inf,False,3,38,0.0260891914367675
69,1e-06,1e-11,1e-15,SHARE1B,76589.31857918575,True,0,456,0.0040085315704345
69,1e-06,1e-11,1e-15,SHARE2B,415.7322407414188,True,0,210,0.0011522769927978
69,1e-06,1e-11,1e-15,SHIP04L,-1793324.5379703536,True,0,773,0.0110228061676025
69,1e-06,1e-11,1e-15,SHIP04S,-1798714.7004453936,True,0,608,0.0069177150726318
69,1e-06,1e-11,1e-15,SHIP08L,-1909055.2113891335,True,0,1514,0.0507125854492187
69,1e-06,1e-11,1e-15,SHIP08S,-1920098.2105346206,True,0,1214,0.0266222953796386
69,1e-06,1e-11,1e-15,SHIP12L,-1470187.919329265,True,0,2081,0.1154961585998535
69,1e-06,1e-11,1e-15,SHIP12S,-1489236.134406127,True,0,1568,0.0583307743072509
69,1e-06,1e-11,1e-15,STOCFOR1,41131.97621943676,True,0,268,0.0021412372589111
69,1e-06,1e-11,1e-15,STOCFOR2,-inf,False,3,5016,20.259864807128903
69,1e-06,1e-11,1e-15,STOCFOR3,-inf,False,3,6112,329.56629061698914
69,1e-06,1e-11,1e-15,TRUSS,-720836.4359250888,False,3,3053,15.391569137573242
69,1e-06,1e-11,1e-15,WOOD1P,-inf,False,3,113,0.0176279544830322
69,1e-06,1e-11,1e-15,WOODW,-inf,False,3,39,0.0418493747711181
70,1e-06,1e-12,1e-11,25FV47,-inf,False,3,138,0.0103940963745117
70,1e-06,1e-12,1e-11,ADLITTLE,-225494.96316238047,True,0,144,0.0006749629974365
70,1e-06,1e-12,1e-11,AFIRO,464.7531428571428,True,0,30,0.0002663135528564
70,1e-06,1e-12,1e-11,AGG,9884050.397971194,False,3,583,0.0110180377960205
70,1e-06,1e-12,1e-11,AGG2,20239252.355977103,True,0,571,0.0067965984344482
70,1e-06,1e-12,1e-11,AGG3,-10312115.935089232,True,0,588,0.0098793506622314
70,1e-06,1e-12,1e-11,BANDM,-inf,False,3,92,0.0025553703308105
70,1e-06,1e-12,1e-11,BEACONFD,-inf,False,3,33,0.0010290145874023
70,1e-06,1e-12,1e-11,BLEND,30.81214984582829,True,0,148,0.0007531642913818
70,1e-06,1e-12,1e-11,BNL1,-inf,False,3,443,0.0381207466125488
70,1e-06,1e-12,1e-11,BNL2,-inf,False,3,425,0.2055001258850097
70,1e-06,1e-12,1e-11,BRANDY,-inf,False,3,16,0.0005288124084472
70,1e-06,1e-12,1e-11,D2Q06C,-inf,False,3,462,0.1350626945495605
70,1e-06,1e-12,1e-11,DEGEN2,1436.4949999999983,True,0,2751,0.2808072566986084
70,1e-06,1e-12,1e-11,DEGEN3,-inf,False,3,3779,12.629414081573486
70,1e-06,1e-12,1e-11,E226,-6.443690524131252,False,3,426,0.0078976154327392
70,1e-06,1e-12,1e-11,FFFFF800,-inf,False,3,283,0.0137996673583984
70,1e-06,1e-12,1e-11,ISRAEL,896644.8218630484,True,0,950,0.0184242725372314
70,1e-06,1e-12,1e-11,LOTFI,25.264706061880013,True,0,264,0.0022470951080322
70,1e-06,1e-12,1e-11,MAROS-R7,-1497185.1664796427,True,0,4317,56.83845353126526
70,1e-06,1e-12,1e-11,QAP12,-inf,False,3,1687,18.190974473953247
70,1e-06,1e-12,1e-11,QAP15,-inf,False,3,2401,40.952922105789185
70,1e-06,1e-12,1e-11,QAP8,-inf,False,3,604,0.5060067176818848
70,1e-06,1e-12,1e-11,SC105,52.20206121170722,True,0,138,0.001138687133789
70,1e-06,1e-12,1e-11,SC205,52.20206121182398,True,0,314,0.0067684650421142
70,1e-06,1e-12,1e-11,SC50A,64.57507705856449,True,0,59,0.0003407001495361
70,1e-06,1e-12,1e-11,SC50B,70.0,True,0,62,0.0003492832183837
70,1e-06,1e-12,1e-11,SCAGR25,-inf,False,3,296,0.0166869163513183
70,1e-06,1e-12,1e-11,SCAGR7,2331389.824330985,True,0,270,0.002232551574707
70,1e-06,1e-12,1e-11,SCFXM1,-inf,False,3,172,0.0033659934997558
70,1e-06,1e-12,1e-11,SCFXM2,-inf,False,3,205,0.0072388648986816
70,1e-06,1e-12,1e-11,SCFXM3,-inf,False,3,488,0.0284833908081054
70,1e-06,1e-12,1e-11,SCORPION,-1875.8517318290158,True,0,466,0.0088980197906494
70,1e-06,1e-12,1e-11,SCRS8,-inf,False,3,751,0.0336885452270507
70,1e-06,1e-12,1e-11,SCSD1,-0.928966462411952,False,3,309,0.0043256282806396
70,1e-06,1e-12,1e-11,SCSD6,-49.09175484469489,False,3,595,0.0220496654510498
70,1e-06,1e-12,1e-11,SCSD8,-inf,False,3,279,0.0139997005462646
70,1e-06,1e-12,1e-11,SCTAP1,-inf,False,3,257,0.0062544345855712
70,1e-06,1e-12,1e-11,SCTAP2,-inf,False,3,94,0.0165801048278808
70,1e-06,1e-12,1e-11,SCTAP3,-inf,False,3,41,0.0253961086273193
70,1e-06,1e-12,1e-11,SHARE1B,76589.31857918575,True,0,456,0.0038075447082519
70,1e-06,1e-12,1e-11,SHARE2B,415.732240741419,True,0,204,0.0010840892791748
70,1e-06,1e-12,1e-11,SHIP04L,-1793324.5379703536,True,0,777,0.0110681056976318
70,1e-06,1e-12,1e-11,SHIP04S,-1798714.7004453933,True,0,606,0.0068118572235107
70,1e-06,1e-12,1e-11,SHIP08L,-1909055.211389134,True,0,1518,0.0442473888397216
70,1e-06,1e-12,1e-11,SHIP08S,-1920098.2105346203,True,0,1215,0.0258851051330566
70,1e-06,1e-12,1e-11,SHIP12L,-1470187.919329265,True,0,2060,0.1084058284759521
70,1e-06,1e-12,1e-11,SHIP12S,-1489236.134406127,True,0,1568,0.0560910701751709
70,1e-06,1e-12,1e-11,STOCFOR1,27179.942256093906,False,3,232,0.0017318725585937
70,1e-06,1e-12,1e-11,STOCFOR2,39024.408537882045,True,0,4273,14.139408349990845
70,1e-06,1e-12,1e-11,STOCFOR3,-inf,False,3,9893,329.7468831539154
70,1e-06,1e-12,1e-11,TRUSS,-3739355.8835814386,False,3,1791,6.608428478240967
70,1e-06,1e-12,1e-11,WOOD1P,-inf,False,3,180,0.0285604000091552
70,1e-06,1e-12,1e-11,WOODW,-inf,False,3,34,0.0392465591430664
71,1e-06,1e-12,1e-12,25FV47,-inf,False,3,138,0.0104022026062011
71,1e-06,1e-12,1e-12,ADLITTLE,-225494.96316238047,True,0,144,0.0006141662597656
71,1e-06,1e-12,1e-12,AFIRO,464.7531428571428,True,0,30,0.0002639293670654
71,1e-06,1e-12,1e-12,AGG,10439165.6080729,True,0,595,0.0115911960601806
71,1e-06,1e-12,1e-12,AGG2,20239252.355977103,True,0,571,0.0066885948181152
71,1e-06,1e-12,1e-12,AGG3,-10312115.935089232,True,0,588,0.0097889900207519
71,1e-06,1e-12,1e-12,BANDM,-inf,False,3,90,0.0024576187133789
71,1e-06,1e-12,1e-12,BEACONFD,-inf,False,3,33,0.0008983612060546
71,1e-06,1e-12,1e-12,BLEND,30.81214984582829,True,0,148,0.0007789134979248
71,1e-06,1e-12,1e-12,BNL1,-inf,False,3,443,0.038036823272705
71,1e-06,1e-12,1e-12,BNL2,-inf,False,3,425,0.2100162506103515
71,1e-06,1e-12,1e-12,BRANDY,-inf,False,3,16,0.0005841255187988
71,1e-06,1e-12,1e-12,D2Q06C,-inf,False,3,462,0.1347455978393554
71,1e-06,1e-12,1e-12,DEGEN2,1436.4949999999976,True,0,3102,0.3234195709228515
71,1e-06,1e-12,1e-12,DEGEN3,-inf,False,3,3434,11.044185400009155
71,1e-06,1e-12,1e-12,E226,-6.443690524131252,False,3,426,0.0082571506500244
71,1e-06,1e-12,1e-12,FFFFF800,-inf,False,3,931,0.0955629348754882
71,1e-06,1e-12,1e-12,ISRAEL,896644.8218630381,True,0,913,0.0186810493469238
71,1e-06,1e-12,1e-12,LOTFI,25.264706061880016,True,0,266,0.0024006366729736
71,1e-06,1e-12,1e-12,MAROS-R7,-1497185.1664796427,True,0,4317,57.01867985725403
71,1e-06,1e-12,1e-12,QAP12,-inf,False,3,1692,18.20601272583008
71,1e-06,1e-12,1e-12,QAP15,-inf,False,3,2407,41.126890420913696
71,1e-06,1e-12,1e-12,QAP8,-inf,False,3,605,0.5186688899993896
71,1e-06,1e-12,1e-12,SC105,52.20206121170722,True,0,138,0.0011065006256103
71,1e-06,1e-12,1e-12,SC205,52.202061211805145,True,0,304,0.0065538883209228
71,1e-06,1e-12,1e-12,SC50A,64.57507705856449,True,0,59,0.000338077545166
71,1e-06,1e-12,1e-12,SC50B,70.0,True,0,62,0.0003488063812255
71,1e-06,1e-12,1e-12,SCAGR25,-inf,False,3,725,0.0538215637207031
71,1e-06,1e-12,1e-12,SCAGR7,2331389.824330985,True,0,270,0.002204418182373
71,1e-06,1e-12,1e-12,SCFXM1,-inf,False,3,172,0.0033786296844482
71,1e-06,1e-12,1e-12,SCFXM2,-inf,False,3,205,0.0072379112243652
71,1e-06,1e-12,1e-12,SCFXM3,-inf,False,3,463,0.0273606777191162
71,1e-06,1e-12,1e-12,SCORPION,-1875.8517318290158,True,0,466,0.0088598728179931
71,1e-06,1e-12,1e-12,SCRS8,-inf,False,3,762,0.035224437713623
71,1e-06,1e-12,1e-12,SCSD1,-8.956707573591238,False,3,283,0.0038833618164062
71,1e-06,1e-12,1e-12,SCSD6,-49.09175484469489,False,3,595,0.0220818519592285
71,1e-06,1e-12,1e-12,SCSD8,-inf,False,3,279,0.0139861106872558
71,1e-06,1e-12,1e-12,SCTAP1,-inf,False,3,257,0.0062601566314697
71,1e-06,1e-12,1e-12,SCTAP2,-inf,False,3,94,0.0165560245513916
71,1e-06,1e-12,1e-12,SCTAP3,-inf,False,3,41,0.0253190994262695
71,1e-06,1e-12,1e-12,SHARE1B,76589.31857918575,True,0,456,0.0037639141082763
71,1e-06,1e-12,1e-12,SHARE2B,415.732240741419,True,0,204,0.0010781288146972
71,1e-06,1e-12,1e-12,SHIP04L,-1793324.5379703536,True,0,777,0.0110435485839843
71,1e-06,1e-12,1e-12,SHIP04S,-1798714.7004453933,True,0,606,0.0065433979034423
71,1e-06,1e-12,1e-12,SHIP08L,-1909055.211389134,True,0,1518,0.0441913604736328
71,1e-06,1e-12,1e-12,SHIP08S,-1920098.2105346203,True,0,1215,0.025846242904663
71,1e-06,1e-12,1e-12,SHIP12L,-1470187.919329265,True,0,2060,0.1084969043731689
71,1e-06,1e-12,1e-12,SHIP12S,-1489236.134406127,True,0,1568,0.0560169219970703
71,1e-06,1e-12,1e-12,STOCFOR1,24967.271820022102,False,3,231,0.0016632080078125
71,1e-06,1e-12,1e-12,STOCFOR2,-inf,False,3,2803,2.0785675048828125
71,1e-06,1e-12,1e-12,STOCFOR3,-inf,False,3,9891,329.66963624954224
71,1e-06,1e-12,1e-12,TRUSS,-9602207.1364623,False,3,1695,6.05858302116394
71,1e-06,1e-12,1e-12,WOOD1P,-inf,False,3,98,0.0177304744720459
71,1e-06,1e-12,1e-12,WOODW,-inf,False,3,34,0.040872573852539
72,1e-06,1e-12,1e-13,25FV47,-inf,False,3,140,0.0104711055755615
72,1e-06,1e-12,1e-13,ADLITTLE,-225494.96316238047,True,0,144,0.0007023811340332
72,1e-06,1e-12,1e-13,AFIRO,464.7531428571428,True,0,30,0.0002849102020263
72,1e-06,1e-12,1e-13,AGG,10410622.637922712,True,0,596,0.0129716396331787
72,1e-06,1e-12,1e-13,AGG2,20239252.355977103,True,0,571,0.0074810981750488
72,1e-06,1e-12,1e-13,AGG3,-10312115.935089232,True,0,588,0.0105588436126708
72,1e-06,1e-12,1e-13,BANDM,-inf,False,3,93,0.0028655529022216
72,1e-06,1e-12,1e-13,BEACONFD,-inf,False,3,33,0.0009934902191162
72,1e-06,1e-12,1e-13,BLEND,30.81214984582808,True,0,165,0.0008912086486816
72,1e-06,1e-12,1e-13,BNL1,-inf,False,3,443,0.0403423309326171
72,1e-06,1e-12,1e-13,BNL2,-inf,False,3,425,0.2100095748901367
72,1e-06,1e-12,1e-13,BRANDY,-inf,False,3,16,0.0005273818969726
72,1e-06,1e-12,1e-13,D2Q06C,-inf,False,3,463,0.1430377960205078
72,1e-06,1e-12,1e-13,DEGEN2,1435.1779999999994,True,0,2819,0.3163120746612549
72,1e-06,1e-12,1e-13,DEGEN3,-inf,False,3,2232,5.864088535308838
72,1e-06,1e-12,1e-13,E226,18.71822377387704,True,0,774,0.0181171894073486
72,1e-06,1e-12,1e-13,FFFFF800,-inf,False,3,644,0.0532367229461669
72,1e-06,1e-12,1e-13,ISRAEL,896644.8218630381,True,0,913,0.017812967300415
72,1e-06,1e-12,1e-13,LOTFI,25.26470606188001,True,0,277,0.0024607181549072
72,1e-06,1e-12,1e-13,MAROS-R7,-1497185.1664796427,True,0,4317,56.87289071083069
72,1e-06,1e-12,1e-13,QAP12,-inf,False,3,1683,17.925781726837158
72,1e-06,1e-12,1e-13,QAP15,-inf,False,3,2392,40.997783184051514
72,1e-06,1e-12,1e-13,QAP8,-inf,False,3,753,0.8518092632293701
72,1e-06,1e-12,1e-13,SC105,52.20206121170722,True,0,139,0.0011096000671386
72,1e-06,1e-12,1e-13,SC205,52.20206121170649,True,0,322,0.0070152282714843
72,1e-06,1e-12,1e-13,SC50A,64.57507705856449,True,0,59,0.0003457069396972
72,1e-06,1e-12,1e-13,SC50B,70.0,True,0,62,0.0003533363342285
72,1e-06,1e-12,1e-13,SCAGR25,-inf,False,3,495,0.0343177318572998
72,1e-06,1e-12,1e-13,SCAGR7,2331389.824330985,True,0,270,0.0022258758544921
72,1e-06,1e-12,1e-13,SCFXM1,-inf,False,3,172,0.0036361217498779
72,1e-06,1e-12,1e-13,SCFXM2,-inf,False,3,205,0.0071742534637451
72,1e-06,1e-12,1e-13,SCFXM3,-inf,False,3,446,0.0265552997589111
72,1e-06,1e-12,1e-13,SCORPION,-1875.8517318290158,True,0,466,0.0088801383972167
72,1e-06,1e-12,1e-13,SCRS8,-inf,False,3,635,0.0227446556091308
72,1e-06,1e-12,1e-13,SCSD1,-9.073684760453137,False,3,268,0.0036783218383789
72,1e-06,1e-12,1e-13,SCSD6,-50.50000007826237,True,0,708,0.0272972583770751
72,1e-06,1e-12,1e-13,SCSD8,-inf,False,3,279,0.0140151977539062
72,1e-06,1e-12,1e-13,SCTAP1,-inf,False,3,257,0.0062479972839355
72,1e-06,1e-12,1e-13,SCTAP2,-inf,False,3,94,0.0165374279022216
72,1e-06,1e-12,1e-13,SCTAP3,-inf,False,3,41,0.0253684520721435
72,1e-06,1e-12,1e-13,SHARE1B,76589.31857918575,True,0,456,0.0038192272186279
72,1e-06,1e-12,1e-13,SHARE2B,415.732240741419,True,0,204,0.0010805130004882
72,1e-06,1e-12,1e-13,SHIP04L,-1793324.5379703536,True,0,777,0.0110416412353515
72,1e-06,1e-12,1e-13,SHIP04S,-1798714.7004453933,True,0,606,0.006533145904541
72,1e-06,1e-12,1e-13,SHIP08L,-1909055.211389134,True,0,1518,0.0442917346954345
72,1e-06,1e-12,1e-13,SHIP08S,-1920098.2105346203,True,0,1215,0.0258691310882568
72,1e-06,1e-12,1e-13,SHIP12L,-1470187.919329265,True,0,2060,0.1087379455566406
72,1e-06,1e-12,1e-13,SHIP12S,-1489236.134406127,True,0,1568,0.055943489074707
72,1e-06,1e-12,1e-13,STOCFOR1,27242.743153462925,True,0,239,0.0017082691192626
72,1e-06,1e-12,1e-13,STOCFOR2,-inf,False,3,2832,2.4562506675720215
72,1e-06,1e-12,1e-13,STOCFOR3,-inf,False,3,9936,341.216570854187
72,1e-06,1e-12,1e-13,TRUSS,-1157346.3024347746,False,3,1701,6.1036012172698975
72,1e-06,1e-12,1e-13,WOOD1P,-inf,False,3,98,0.0163953304290771
72,1e-06,1e-12,1e-13,WOODW,-inf,False,3,34,0.0392882823944091
73,1e-06,1e-12,1e-14,25FV47,-inf,False,3,236,0.016726016998291
73,1e-06,1e-12,1e-14,ADLITTLE,-225494.96316238047,True,0,144,0.0006253719329833
73,1e-06,1e-12,1e-14,AFIRO,464.7531428571428,True,0,30,0.0002679824829101
73,1e-06,1e-12,1e-14,AGG,10410622.637922712,True,0,596,0.0116591453552246
73,1e-06,1e-12,1e-14,AGG2,20239252.355977103,True,0,571,0.0066516399383544
73,1e-06,1e-12,1e-14,AGG3,-10312115.935089232,True,0,588,0.0097632408142089
73,1e-06,1e-12,1e-14,BANDM,-inf,False,3,86,0.0027339458465576
73,1e-06,1e-12,1e-14,BEACONFD,-inf,False,3,34,0.0009195804595947
73,1e-06,1e-12,1e-14,BLEND,30.81214984582823,True,0,161,0.0008301734924316
73,1e-06,1e-12,1e-14,BNL1,-inf,False,3,445,0.0381662845611572
73,1e-06,1e-12,1e-14,BNL2,-inf,False,3,425,0.204390287399292
73,1e-06,1e-12,1e-14,BRANDY,-inf,False,3,16,0.0005316734313964
73,1e-06,1e-12,1e-14,D2Q06C,-inf,False,3,471,0.1520631313323974
73,1e-06,1e-12,1e-14,DEGEN2,-inf,False,3,660,0.0480225086212158
73,1e-06,1e-12,1e-14,DEGEN3,-inf,False,3,3296,10.42597198486328
73,1e-06,1e-12,1e-14,E226,15.692139219095,False,3,777,0.0191354751586914
73,1e-06,1e-12,1e-14,FFFFF800,-inf,False,3,654,0.0555577278137207
73,1e-06,1e-12,1e-14,ISRAEL,896644.8218630381,True,0,913,0.0185024738311767
73,1e-06,1e-12,1e-14,LOTFI,25.26470606188001,True,0,277,0.0025787353515625
73,1e-06,1e-12,1e-14,MAROS-R7,-1497185.1664796427,True,0,4317,56.94537687301636
73,1e-06,1e-12,1e-14,QAP12,-inf,False,3,1342,8.85733437538147
73,1e-06,1e-12,1e-14,QAP15,-inf,False,3,2728,69.1115984916687
73,1e-06,1e-12,1e-14,QAP8,-inf,False,3,492,0.2980959415435791
73,1e-06,1e-12,1e-14,SC105,52.20206121170724,True,0,134,0.0010783672332763
73,1e-06,1e-12,1e-14,SC205,52.2020612117079,True,0,325,0.007037878036499
73,1e-06,1e-12,1e-14,SC50A,64.57507705856449,True,0,59,0.0003397464752197
73,1e-06,1e-12,1e-14,SC50B,70.0,True,0,62,0.0003538131713867
73,1e-06,1e-12,1e-14,SCAGR25,14870208.899565944,True,0,1538,0.1470694541931152
73,1e-06,1e-12,1e-14,SCAGR7,2331389.8243309762,True,0,250,0.0019807815551757
73,1e-06,1e-12,1e-14,SCFXM1,-inf,False,3,174,0.0037920475006103
73,1e-06,1e-12,1e-14,SCFXM2,-inf,False,3,223,0.0081140995025634
73,1e-06,1e-12,1e-14,SCFXM3,-inf,False,3,452,0.0286870002746582
73,1e-06,1e-12,1e-14,SCORPION,-1875.8517318290155,True,0,466,0.0088386535644531
73,1e-06,1e-12,1e-14,SCRS8,-inf,False,3,635,0.0230703353881835
73,1e-06,1e-12,1e-14,SCSD1,803709.0095320226,False,3,464,0.0062971115112304
73,1e-06,1e-12,1e-14,SCSD6,-42.67621507068471,False,3,778,0.0306177139282226
73,1e-06,1e-12,1e-14,SCSD8,-inf,False,3,286,0.0147268772125244
73,1e-06,1e-12,1e-14,SCTAP1,-inf,False,3,114,0.0028078556060791
73,1e-06,1e-12,1e-14,SCTAP2,-inf,False,3,94,0.0144183635711669
73,1e-06,1e-12,1e-14,SCTAP3,-inf,False,3,44,0.0259284973144531
73,1e-06,1e-12,1e-14,SHARE1B,76589.31857918575,True,0,456,0.0037806034088134
73,1e-06,1e-12,1e-14,SHARE2B,415.732240741419,True,0,203,0.0010755062103271
73,1e-06,1e-12,1e-14,SHIP04L,-1793324.5379703536,True,0,775,0.010850191116333
73,1e-06,1e-12,1e-14,SHIP04S,-1798714.7004453933,True,0,606,0.0065655708312988
73,1e-06,1e-12,1e-14,SHIP08L,-1909055.211389134,True,0,1518,0.0441768169403076
73,1e-06,1e-12,1e-14,SHIP08S,-1920098.2105346203,True,0,1215,0.0260078907012939
73,1e-06,1e-12,1e-14,SHIP12L,-1470187.919329265,True,0,2060,0.108713150024414
73,1e-06,1e-12,1e-14,SHIP12S,-1489236.134406127,True,0,1569,0.0560648441314697
73,1e-06,1e-12,1e-14,STOCFOR1,27242.743153462925,True,0,239,0.0017445087432861
73,1e-06,1e-12,1e-14,STOCFOR2,-inf,False,3,2938,3.143315553665161
73,1e-06,1e-12,1e-14,STOCFOR3,-inf,False,3,7073,309.58463048934937
73,1e-06,1e-12,1e-14,TRUSS,5620975308.28125,False,3,1954,7.798444509506226
73,1e-06,1e-12,1e-14,WOOD1P,-inf,False,1,10000,1.4510257244110107
73,1e-06,1e-12,1e-14,WOODW,-inf,False,3,34,0.0409836769104003
74,1e-06,1e-12,1e-15,25FV47,-inf,False,3,1300,0.2880361080169678
74,1e-06,1e-12,1e-15,ADLITTLE,-225494.96316238047,True,0,144,0.0006756782531738
74,1e-06,1e-12,1e-15,AFIRO,464.7531428571428,True,0,30,0.0002892017364501
74,1e-06,1e-12,1e-15,AGG,10410622.637922712,True,0,596,0.0125210285186767
74,1e-06,1e-12,1e-15,AGG2,20239252.355977103,True,0,572,0.0071611404418945
74,1e-06,1e-12,1e-15,AGG3,-10312115.935089232,True,0,588,0.0104482173919677
74,1e-06,1e-12,1e-15,BANDM,-inf,False,3,205,0.0081508159637451
74,1e-06,1e-12,1e-15,BEACONFD,-inf,False,3,34,0.0009825229644775
74,1e-06,1e-12,1e-15,BLEND,30.81214984582805,True,0,180,0.0009527206420898
74,1e-06,1e-12,1e-15,BNL1,-inf,False,3,557,0.0601170063018798
74,1e-06,1e-12,1e-15,BNL2,-inf,False,3,675,0.6717538833618164
74,1e-06,1e-12,1e-15,BRANDY,-inf,False,3,16,0.0005326271057128
74,1e-06,1e-12,1e-15,D2Q06C,-inf,False,3,504,0.2186951637268066
74,1e-06,1e-12,1e-15,DEGEN2,1435.1779999999912,True,0,2594,0.2725846767425537
74,1e-06,1e-12,1e-15,DEGEN3,-inf,False,3,8608,34.74375009536743
74,1e-06,1e-12,1e-15,E226,-inf,False,3,335,0.0062344074249267
74,1e-06,1e-12,1e-15,FFFFF800,-inf,False,3,929,0.0930647850036621
74,1e-06,1e-12,1e-15,ISRAEL,896644.8218630381,True,0,913,0.0177249908447265
74,1e-06,1e-12,1e-15,LOTFI,25.26470606188001,True,0,271,0.0023517608642578
74,1e-06,1e-12,1e-15,MAROS-R7,-1497185.1664796427,True,0,4317,57.037158727645874
74,1e-06,1e-12,1e-15,QAP12,-inf,False,3,1815,20.68413519859314
74,1e-06,1e-12,1e-15,QAP15,-inf,False,3,2610,57.79127883911133
74,1e-06,1e-12,1e-15,QAP8,-inf,False,3,697,0.7010178565979004
74,1e-06,1e-12,1e-15,SC105,52.2020612117072,True,0,131,0.00105881690979
74,1e-06,1e-12,1e-15,SC205,52.20206121167227,True,0,274,0.0056750774383544
74,1e-06,1e-12,1e-15,SC50A,64.57507705856449,True,0,59,0.0003468990325927
74,1e-06,1e-12,1e-15,SC50B,70.0,True,0,62,0.0003550052642822
74,1e-06,1e-12,1e-15,SCAGR25,-inf,False,3,615,0.0481455326080322
74,1e-06,1e-12,1e-15,SCAGR7,2331389.8243310177,True,0,267,0.0021502971649169
74,1e-06,1e-12,1e-15,SCFXM1,-inf,False,3,192,0.0041003227233886
74,1e-06,1e-12,1e-15,SCFXM2,-inf,False,3,363,0.0155525207519531
74,1e-06,1e-12,1e-15,SCFXM3,-inf,False,3,453,0.0290534496307373
74,1e-06,1e-12,1e-15,SCORPION,-1875.8517318290153,True,0,466,0.0088744163513183
74,1e-06,1e-12,1e-15,SCRS8,-inf,False,3,789,0.0363483428955078
74,1e-06,1e-12,1e-15,SCSD1,49.90948695246061,False,3,323,0.004291296005249
74,1e-06,1e-12,1e-15,SCSD6,-50.50000007826234,True,0,630,0.0232000350952148
74,1e-06,1e-12,1e-15,SCSD8,-inf,False,3,286,0.014733076095581
74,1e-06,1e-12,1e-15,SCTAP1,-inf,False,3,58,0.001556396484375
74,1e-06,1e-12,1e-15,SCTAP2,-inf,False,3,96,0.0150609016418457
74,1e-06,1e-12,1e-15,SCTAP3,-inf,False,3,38,0.0250897407531738
74,1e-06,1e-12,1e-15,SHARE1B,76589.31857918575,True,0,456,0.0037758350372314
74,1e-06,1e-12,1e-15,SHARE2B,415.7322407414188,True,0,210,0.0011000633239746
74,1e-06,1e-12,1e-15,SHIP04L,-1793324.5379703536,True,0,773,0.0105364322662353
74,1e-06,1e-12,1e-15,SHIP04S,-1798714.7004453936,True,0,608,0.0066168308258056
74,1e-06,1e-12,1e-15,SHIP08L,-1909055.2113891335,True,0,1514,0.044105052947998
74,1e-06,1e-12,1e-15,SHIP08S,-1920098.2105346206,True,0,1214,0.0258450508117675
74,1e-06,1e-12,1e-15,SHIP12L,-1470187.919329265,True,0,2081,0.1104824542999267
74,1e-06,1e-12,1e-15,SHIP12S,-1489236.134406127,True,0,1568,0.0559074878692626
74,1e-06,1e-12,1e-15,STOCFOR1,27393.472718621397,True,0,258,0.0019986629486083
74,1e-06,1e-12,1e-15,STOCFOR2,-inf,False,3,2818,2.1778416633605957
74,1e-06,1e-12,1e-15,STOCFOR3,-inf,False,3,5922,277.7925982475281
74,1e-06,1e-12,1e-15,TRUSS,359489.9419150482,False,3,2225,9.70120334625244
74,1e-06,1e-12,1e-15,WOOD1P,-inf,False,1,10000,1.2503774166107178
74,1e-06,1e-12,1e-15,WOODW,-inf,False,3,34,0.0392127037048339
75,1e-07,1e-08,1e-11,25FV47,-9091.89177764894,False,1,10000,15.179975986480711
75,1e-07,1e-08,1e-11,ADLITTLE,-225494.96316238047,True,0,144,0.0006868839263916
75,1e-07,1e-08,1e-11,AFIRO,464.7531428571428,True,0,30,0.0002734661102294
75,1e-07,1e-08,1e-11,AGG,36291233.286576286,True,0,612,0.012876272201538
75,1e-07,1e-08,1e-11,AGG2,20239252.355977103,True,0,571,0.006669282913208
75,1e-07,1e-08,1e-11,AGG3,-10312115.935089232,True,0,588,0.0097396373748779
75,1e-07,1e-08,1e-11,BANDM,158.62801845002156,True,0,1253,0.0482902526855468
75,1e-07,1e-08,1e-11,BEACONFD,-33592.48580719998,True,0,210,0.0026233196258544
75,1e-07,1e-08,1e-11,BLEND,30.81214984582829,True,0,148,0.0007603168487548
75,1e-07,1e-08,1e-11,BNL1,-inf,False,3,2551,0.8510549068450928
75,1e-07,1e-08,1e-11,BNL2,-inf,False,1,10000,64.16627669334412
75,1e-07,1e-08,1e-11,BRANDY,-1518.5325854360578,True,0,805,0.0137677192687988
75,1e-07,1e-08,1e-11,D2Q06C,-inf,False,1,10000,92.34701895713806
75,1e-07,1e-08,1e-11,DEGEN2,1436.4949999999983,True,0,2751,0.2816097736358642
75,1e-07,1e-08,1e-11,DEGEN3,-inf,False,1,10000,41.59622359275818
75,1e-07,1e-08,1e-11,E226,18.75192906637472,True,0,737,0.0169510841369628
75,1e-07,1e-08,1e-11,FFFFF800,-inf,False,3,285,0.0138971805572509
75,1e-07,1e-08,1e-11,ISRAEL,896644.8218630484,True,0,950,0.0184452533721923
75,1e-07,1e-08,1e-11,LOTFI,25.264706061880013,True,0,264,0.0022528171539306
75,1e-07,1e-08,1e-11,MAROS-R7,-1497185.1664796427,True,0,4317,56.87959551811218
75,1e-07,1e-08,1e-11,QAP12,-inf,False,3,2914,55.68093395233154
75,1e-07,1e-08,1e-11,QAP15,-inf,False,1,10000,1263.1068623065948
75,1e-07,1e-08,1e-11,QAP8,-inf,False,3,2919,5.305989503860474
75,1e-07,1e-08,1e-11,SC105,52.20206121170722,True,0,138,0.001105785369873
75,1e-07,1e-08,1e-11,SC205,52.20206121182398,True,0,314,0.0067355632781982
75,1e-07,1e-08,1e-11,SC50A,64.57507705856449,True,0,59,0.0003416538238525
75,1e-07,1e-08,1e-11,SC50B,70.0,True,0,62,0.0003631114959716
75,1e-07,1e-08,1e-11,SCAGR25,14753433.060785834,True,0,1646,0.1586382389068603
75,1e-07,1e-08,1e-11,SCAGR7,2331389.824330985,True,0,270,0.0022430419921875
75,1e-07,1e-08,1e-11,SCFXM1,-18416.75902841995,True,0,801,0.030862808227539
75,1e-07,1e-08,1e-11,SCFXM2,-36660.26156500209,True,0,1629,0.3506958484649658
75,1e-07,1e-08,1e-11,SCFXM3,-54901.25454975151,True,0,2499,2.056737184524536
75,1e-07,1e-08,1e-11,SCORPION,-1875.8517318290158,True,0,466,0.0093474388122558
75,1e-07,1e-08,1e-11,SCRS8,-449.41749452873216,True,0,1507,0.1429803371429443
75,1e-07,1e-08,1e-11,SCSD1,-7.334363713061227,False,3,319,0.0046980381011962
75,1e-07,1e-08,1e-11,SCSD6,-50.500000078262346,True,0,663,0.0263030529022216
75,1e-07,1e-08,1e-11,SCSD8,-inf,False,3,607,0.1269798278808593
75,1e-07,1e-08,1e-11,SCTAP1,-1412.2500000000616,True,0,862,0.036938190460205
75,1e-07,1e-08,1e-11,SCTAP2,-inf,False,3,321,0.196376085281372
75,1e-07,1e-08,1e-11,SCTAP3,-inf,False,3,301,0.2247164249420166
75,1e-07,1e-08,1e-11,SHARE1B,76589.31857918575,True,0,456,0.0040147304534912
75,1e-07,1e-08,1e-11,SHARE2B,415.732240741419,True,0,204,0.0012648105621337
75,1e-07,1e-08,1e-11,SHIP04L,-1793324.5379703536,True,0,777,0.0116276741027832
75,1e-07,1e-08,1e-11,SHIP04S,-1798714.7004453933,True,0,606,0.0068082809448242
75,1e-07,1e-08,1e-11,SHIP08L,-1909055.211389134,True,0,1518,0.0458395481109619
75,1e-07,1e-08,1e-11,SHIP08S,-1920098.2105346203,True,0,1215,0.0268185138702392
75,1e-07,1e-08,1e-11,SHIP12L,-1470187.919329265,True,0,2060,0.1121737957000732
75,1e-07,1e-08,1e-11,SHIP12S,-1489236.134406127,True,0,1568,0.0577657222747802
75,1e-07,1e-08,1e-11,STOCFOR1,41131.976219436205,True,0,259,0.0019912719726562
75,1e-07,1e-08,1e-11,STOCFOR2,39024.408537882045,True,0,4273,14.106698751449583
75,1e-07,1e-08,1e-11,STOCFOR3,-inf,False,1,10000,340.0241868495941
75,1e-07,1e-08,1e-11,TRUSS,-603838.5434547605,False,3,4899,28.030083894729614
75,1e-07,1e-08,1e-11,WOOD1P,-inf,False,3,299,0.0482125282287597
75,1e-07,1e-08,1e-11,WOODW,-inf,False,3,412,0.7895472049713135
76,1e-07,1e-08,1e-12,25FV47,-inf,False,3,6785,9.645187377929688
76,1e-07,1e-08,1e-12,ADLITTLE,-225494.96316238047,True,0,144,0.0006361007690429
76,1e-07,1e-08,1e-12,AFIRO,464.7531428571428,True,0,30,0.0002722740173339
76,1e-07,1e-08,1e-12,AGG,36291233.286576286,True,0,610,0.0129189491271972
76,1e-07,1e-08,1e-12,AGG2,20239252.355977103,True,0,571,0.0068364143371582
76,1e-07,1e-08,1e-12,AGG3,-10312115.935089232,True,0,588,0.009922981262207
76,1e-07,1e-08,1e-12,BANDM,158.62801845025237,True,0,1363,0.0534083843231201
76,1e-07,1e-08,1e-12,BEACONFD,-33592.48580719998,True,0,210,0.0027060508728027
76,1e-07,1e-08,1e-12,BLEND,30.81214984582829,True,0,148,0.0007622241973876
76,1e-07,1e-08,1e-12,BNL1,-1977.6295615229444,True,0,3872,2.0365524291992188
76,1e-07,1e-08,1e-12,BNL2,-13296.25560756109,False,1,10000,63.831725120544434
76,1e-07,1e-08,1e-12,BRANDY,-inf,False,3,328,0.006361961364746
76,1e-07,1e-08,1e-12,D2Q06C,-inf,False,3,925,0.7232334613800049
76,1e-07,1e-08,1e-12,DEGEN2,1436.4949999999976,True,0,3102,0.3230371475219726
76,1e-07,1e-08,1e-12,DEGEN3,-inf,False,1,10000,41.69945764541626
76,1e-07,1e-08,1e-12,E226,18.75192906637468,True,0,738,0.0183684825897216
76,1e-07,1e-08,1e-12,FFFFF800,-555679.5733116933,True,0,2042,0.2848448753356933
76,1e-07,1e-08,1e-12,ISRAEL,896644.8218630381,True,0,913,0.0191190242767334
76,1e-07,1e-08,1e-12,LOTFI,25.264706061880016,True,0,266,0.0024518966674804
76,1e-07,1e-08,1e-12,MAROS-R7,-1497185.1664796427,True,0,4317,56.99135446548462
76,1e-07,1e-08,1e-12,QAP12,-inf,False,1,10000,353.3988788127899
76,1e-07,1e-08,1e-12,QAP15,-inf,False,1,10000,1298.3656446933746
76,1e-07,1e-08,1e-12,QAP8,-inf,False,3,3505,6.444268703460693
76,1e-07,1e-08,1e-12,SC105,52.20206121170722,True,0,138,0.0011496543884277
76,1e-07,1e-08,1e-12,SC205,52.202061211805145,True,0,304,0.0064859390258789
76,1e-07,1e-08,1e-12,SC50A,64.57507705856449,True,0,59,0.0003426074981689
76,1e-07,1e-08,1e-12,SC50B,70.0,True,0,62,0.0003607273101806
76,1e-07,1e-08,1e-12,SCAGR25,10599082.914935356,False,3,1583,0.1492247581481933
76,1e-07,1e-08,1e-12,SCAGR7,2331389.824330985,True,0,270,0.0022697448730468
76,1e-07,1e-08,1e-12,SCFXM1,-18416.75902841879,True,0,845,0.0335927009582519
76,1e-07,1e-08,1e-12,SCFXM2,-36660.26156499724,True,0,1649,0.2982289791107178
76,1e-07,1e-08,1e-12,SCFXM3,-54901.25454975134,True,0,2481,1.8456707000732424
76,1e-07,1e-08,1e-12,SCORPION,-1875.8517318290158,True,0,466,0.008859634399414
76,1e-07,1e-08,1e-12,SCRS8,-531.119254753136,True,0,1537,0.1402454376220703
76,1e-07,1e-08,1e-12,SCSD1,-8.30139993795192,False,3,313,0.0043325424194335
76,1e-07,1e-08,1e-12,SCSD6,-50.500000078262346,True,0,663,0.0250930786132812
76,1e-07,1e-08,1e-12,SCSD8,-inf,False,3,609,0.1250355243682861
76,1e-07,1e-08,1e-12,SCTAP1,-1412.2500000000002,True,0,813,0.0322310924530029
76,1e-07,1e-08,1e-12,SCTAP2,-inf,False,3,302,0.1621742248535156
76,1e-07,1e-08,1e-12,SCTAP3,-inf,False,3,301,0.2216939926147461
76,1e-07,1e-08,1e-12,SHARE1B,76589.31857918575,True,0,456,0.0037605762481689
76,1e-07,1e-08,1e-12,SHARE2B,415.732240741419,True,0,204,0.0010855197906494
76,1e-07,1e-08,1e-12,SHIP04L,-1793324.5379703536,True,0,777,0.0110394954681396
76,1e-07,1e-08,1e-12,SHIP04S,-1798714.7004453933,True,0,606,0.0065298080444335
76,1e-07,1e-08,1e-12,SHIP08L,-1909055.211389134,True,0,1518,0.0442211627960205
76,1e-07,1e-08,1e-12,SHIP08S,-1920098.2105346203,True,0,1215,0.0260131359100341
76,1e-07,1e-08,1e-12,SHIP12L,-1470187.919329265,True,0,2060,0.1090741157531738
76,1e-07,1e-08,1e-12,SHIP12S,-1489236.134406127,True,0,1568,0.0560479164123535
76,1e-07,1e-08,1e-12,STOCFOR1,41131.976219436176,True,0,259,0.001887559890747
76,1e-07,1e-08,1e-12,STOCFOR2,39024.40853788116,True,0,4272,14.155951976776125
76,1e-07,1e-08,1e-12,STOCFOR3,-inf,False,1,10000,340.96836161613464
76,1e-07,1e-08,1e-12,TRUSS,-527765.2860528495,False,1,10000,65.7690200805664
76,1e-07,1e-08,1e-12,WOOD1P,-inf,False,3,126,0.0198264122009277
76,1e-07,1e-08,1e-12,WOODW,-inf,False,3,419,0.8212363719940186
77,1e-07,1e-08,1e-13,25FV47,-inf,False,3,1976,1.932398557662964
77,1e-07,1e-08,1e-13,ADLITTLE,-225494.96316238047,True,0,144,0.0006184577941894
77,1e-07,1e-08,1e-13,AFIRO,464.7531428571428,True,0,30,0.0002729892730712
77,1e-07,1e-08,1e-13,AGG,36291233.286576286,True,0,609,0.0127112865447998
77,1e-07,1e-08,1e-13,AGG2,20239252.355977103,True,0,571,0.0066874027252197
77,1e-07,1e-08,1e-13,AGG3,-10312115.935089232,True,0,588,0.0097405910491943
77,1e-07,1e-08,1e-13,BANDM,158.62801845024026,True,0,1333,0.0522818565368652
77,1e-07,1e-08,1e-13,BEACONFD,-33592.48580719998,True,0,210,0.0026164054870605
77,1e-07,1e-08,1e-13,BLEND,30.81214984582808,True,0,165,0.0008394718170166
77,1e-07,1e-08,1e-13,BNL1,-inf,False,3,4823,2.6466760635375977
77,1e-07,1e-08,1e-13,BNL2,-inf,False,1,10000,64.19206523895264
77,1e-07,1e-08,1e-13,BRANDY,-1518.509896485441,True,0,780,0.014904499053955
77,1e-07,1e-08,1e-13,D2Q06C,-inf,False,1,10000,91.37456059455872
77,1e-07,1e-08,1e-13,DEGEN2,1435.1779999999994,True,0,2819,0.2891182899475097
77,1e-07,1e-08,1e-13,DEGEN3,-inf,False,1,10000,41.2664577960968
77,1e-07,1e-08,1e-13,E226,18.75192906637468,True,0,738,0.0169806480407714
77,1e-07,1e-08,1e-13,FFFFF800,-555679.5733120922,True,0,2024,0.2650647163391113
77,1e-07,1e-08,1e-13,ISRAEL,896644.8218630381,True,0,913,0.0176506042480468
77,1e-07,1e-08,1e-13,LOTFI,25.26470606188001,True,0,277,0.0024385452270507
77,1e-07,1e-08,1e-13,MAROS-R7,-1497185.1664796427,True,0,4317,56.877039670944214
77,1e-07,1e-08,1e-13,QAP12,-inf,False,3,6897,218.2266461849213
77,1e-07,1e-08,1e-13,QAP15,-inf,False,1,10000,1216.3622179031372
77,1e-07,1e-08,1e-13,QAP8,-inf,False,1,10000,21.2366886138916
77,1e-07,1e-08,1e-13,SC105,52.20206121170722,True,0,139,0.0011451244354248
77,1e-07,1e-08,1e-13,SC205,52.20206121170649,True,0,322,0.0071611404418945
77,1e-07,1e-08,1e-13,SC50A,64.57507705856449,True,0,59,0.0003547668457031
77,1e-07,1e-08,1e-13,SC50B,70.0,True,0,62,0.0003633499145507
77,1e-07,1e-08,1e-13,SCAGR25,7581987.768915891,False,3,1361,0.1235132217407226
77,1e-07,1e-08,1e-13,SCAGR7,2331389.824330985,True,0,270,0.0022521018981933
77,1e-07,1e-08,1e-13,SCFXM1,-18416.759028417593,True,0,847,0.0339255332946777
77,1e-07,1e-08,1e-13,SCFXM2,-36658.66650838561,True,0,1698,0.3411145210266113
77,1e-07,1e-08,1e-13,SCFXM3,-54901.254549747006,True,0,2491,2.0238311290740967
77,1e-07,1e-08,1e-13,SCORPION,-1875.8517318290158,True,0,466,0.0089015960693359
77,1e-07,1e-08,1e-13,SCRS8,-449.41749452893407,True,0,1606,0.176285982131958
77,1e-07,1e-08,1e-13,SCSD1,-10.002010015633264,False,3,315,0.0044362545013427
77,1e-07,1e-08,1e-13,SCSD6,-50.50000007826237,True,0,708,0.0275101661682128
77,1e-07,1e-08,1e-13,SCSD8,-inf,False,3,747,0.1884908676147461
77,1e-07,1e-08,1e-13,SCTAP1,-1412.249999999997,True,0,797,0.0313060283660888
77,1e-07,1e-08,1e-13,SCTAP2,-inf,False,3,394,0.3102021217346191
77,1e-07,1e-08,1e-13,SCTAP3,-inf,False,3,329,0.2712438106536865
77,1e-07,1e-08,1e-13,SHARE1B,76589.31857918575,True,0,456,0.0037958621978759
77,1e-07,1e-08,1e-13,SHARE2B,415.732240741419,True,0,204,0.0010886192321777
77,1e-07,1e-08,1e-13,SHIP04L,-1793324.5379703536,True,0,777,0.0110530853271484
77,1e-07,1e-08,1e-13,SHIP04S,-1798714.7004453933,True,0,606,0.0064899921417236
77,1e-07,1e-08,1e-13,SHIP08L,-1909055.211389134,True,0,1518,0.046370506286621
77,1e-07,1e-08,1e-13,SHIP08S,-1920098.2105346203,True,0,1215,0.0271613597869873
77,1e-07,1e-08,1e-13,SHIP12L,-1470187.919329265,True,0,2060,0.1088531017303466
77,1e-07,1e-08,1e-13,SHIP12S,-1489236.134406127,True,0,1568,0.0559883117675781
77,1e-07,1e-08,1e-13,STOCFOR1,41131.97621943616,True,0,259,0.0019276142120361
77,1e-07,1e-08,1e-13,STOCFOR2,39024.40853788207,True,0,4250,13.93031620979309
77,1e-07,1e-08,1e-13,STOCFOR3,-inf,False,1,10000,339.91417503356934
77,1e-07,1e-08,1e-13,TRUSS,-549209.9425360082,False,3,7263,45.206117391586304
77,1e-07,1e-08,1e-13,WOOD1P,-inf,False,3,130,0.0203943252563476
77,1e-07,1e-08,1e-13,WOODW,-inf,False,3,452,0.9101717472076416
78,1e-07,1e-08,1e-14,25FV47,-inf,False,1,10000,15.16294288635254
78,1e-07,1e-08,1e-14,ADLITTLE,-225494.96316238047,True,0,144,0.0006475448608398
78,1e-07,1e-08,1e-14,AFIRO,464.7531428571428,True,0,30,0.0002732276916503
78,1e-07,1e-08,1e-14,AGG,36291233.286576286,True,0,609,0.0131165981292724
78,1e-07,1e-08,1e-14,AGG2,20239252.355977103,True,0,571,0.0074450969696044
78,1e-07,1e-08,1e-14,AGG3,-10312115.935089232,True,0,588,0.0097348690032958
78,1e-07,1e-08,1e-14,BANDM,158.6280184499312,True,0,1261,0.0499031543731689
78,1e-07,1e-08,1e-14,BEACONFD,-33592.48580719996,True,0,212,0.0026323795318603
78,1e-07,1e-08,1e-14,BLEND,30.81214984582823,True,0,161,0.0008118152618408
78,1e-07,1e-08,1e-14,BNL1,-inf,False,3,1305,0.257237434387207
78,1e-07,1e-08,1e-14,BNL2,-7058.577107619767,False,1,10000,63.894927740097046
78,1e-07,1e-08,1e-14,BRANDY,-1518.5098964881197,True,0,647,0.0105807781219482
78,1e-07,1e-08,1e-14,D2Q06C,-inf,False,1,10000,89.73950266838074
78,1e-07,1e-08,1e-14,DEGEN2,1435.1779999999806,True,0,3022,0.3093099594116211
78,1e-07,1e-08,1e-14,DEGEN3,-inf,False,1,10000,41.32814979553223
78,1e-07,1e-08,1e-14,E226,18.75192906621691,True,0,840,0.0199763774871826
78,1e-07,1e-08,1e-14,FFFFF800,-555679.573310675,True,0,1966,0.246593952178955
78,1e-07,1e-08,1e-14,ISRAEL,896644.8218630381,True,0,913,0.0178227424621582
78,1e-07,1e-08,1e-14,LOTFI,25.26470606188001,True,0,277,0.0024709701538085
78,1e-07,1e-08,1e-14,MAROS-R7,-1497185.1664796427,True,0,4317,57.053171157836914
78,1e-07,1e-08,1e-14,QAP12,-inf,False,1,10000,348.7680320739746
78,1e-07,1e-08,1e-14,QAP15,-inf,False,3,7765,907.299616098404
78,1e-07,1e-08,1e-14,QAP8,-inf,False,3,2785,5.174798011779785
78,1e-07,1e-08,1e-14,SC105,52.20206121170724,True,0,134,0.0011396408081054
78,1e-07,1e-08,1e-14,SC205,52.2020612117079,True,0,325,0.0074353218078613
78,1e-07,1e-08,1e-14,SC50A,64.57507705856449,True,0,59,0.0003652572631835
78,1e-07,1e-08,1e-14,SC50B,70.0,True,0,62,0.0003802776336669
78,1e-07,1e-08,1e-14,SCAGR25,14768933.729826925,True,0,1379,0.1358263492584228
78,1e-07,1e-08,1e-14,SCAGR7,2331389.8243309762,True,0,250,0.0021195411682128
78,1e-07,1e-08,1e-14,SCFXM1,-18416.759028346125,True,0,896,0.0380525588989257
78,1e-07,1e-08,1e-14,SCFXM2,-36660.26156499932,True,0,1747,0.352837324142456
78,1e-07,1e-08,1e-14,SCFXM3,-54901.254549742924,True,0,2510,2.029987096786499
78,1e-07,1e-08,1e-14,SCORPION,-1875.8517318290155,True,0,466,0.0088417530059814
78,1e-07,1e-08,1e-14,SCRS8,-536.9613499483563,True,0,1437,0.1292119026184082
78,1e-07,1e-08,1e-14,SCSD1,-34.45019632727147,False,3,314,0.0042357444763183
78,1e-07,1e-08,1e-14,SCSD6,-50.500000078262325,True,0,809,0.0319788455963134
78,1e-07,1e-08,1e-14,SCSD8,-inf,False,3,1843,0.9330146312713624
78,1e-07,1e-08,1e-14,SCTAP1,-1412.2499999999982,True,0,875,0.0344843864440918
78,1e-07,1e-08,1e-14,SCTAP2,-inf,False,1,10000,26.354185104370117
78,1e-07,1e-08,1e-14,SCTAP3,-inf,False,3,244,0.144150972366333
78,1e-07,1e-08,1e-14,SHARE1B,76589.31857918575,True,0,456,0.003812551498413
78,1e-07,1e-08,1e-14,SHARE2B,415.732240741419,True,0,203,0.0010890960693359
78,1e-07,1e-08,1e-14,SHIP04L,-1793324.5379703536,True,0,775,0.0115294456481933
78,1e-07,1e-08,1e-14,SHIP04S,-1798714.7004453933,True,0,606,0.0064868927001953
78,1e-07,1e-08,1e-14,SHIP08L,-1909055.211389134,True,0,1518,0.0441908836364746
78,1e-07,1e-08,1e-14,SHIP08S,-1920098.2105346203,True,0,1215,0.0258593559265136
78,1e-07,1e-08,1e-14,SHIP12L,-1470187.919329265,True,0,2060,0.1085834503173828
78,1e-07,1e-08,1e-14,SHIP12S,-1489236.134406127,True,0,1569,0.0559754371643066
78,1e-07,1e-08,1e-14,STOCFOR1,41131.976219436154,True,0,260,0.001915693283081
78,1e-07,1e-08,1e-14,STOCFOR2,39024.408537882206,True,0,4225,13.784085988998411
78,1e-07,1e-08,1e-14,STOCFOR3,-inf,False,1,10000,353.3070318698883
78,1e-07,1e-08,1e-14,TRUSS,-483206.8293941396,False,1,10000,65.45130562782288
78,1e-07,1e-08,1e-14,WOOD1P,-inf,False,1,10000,1.7100989818572998
78,1e-07,1e-08,1e-14,WOODW,-inf,False,3,460,0.943885087966919
79,1e-07,1e-08,1e-15,25FV47,-inf,False,1,10000,14.20155119895935
79,1e-07,1e-08,1e-15,ADLITTLE,-225494.96316238047,True,0,144,0.0006442070007324
79,1e-07,1e-08,1e-15,AFIRO,464.7531428571428,True,0,30,0.0002777576446533
79,1e-07,1e-08,1e-15,AGG,36291233.286576286,True,0,609,0.0131087303161621
79,1e-07,1e-08,1e-15,AGG2,20239252.355977103,True,0,572,0.0068006515502929
79,1e-07,1e-08,1e-15,AGG3,-10312115.935089232,True,0,588,0.0097265243530273
79,1e-07,1e-08,1e-15,BANDM,-inf,False,1,10000,0.4945025444030761
79,1e-07,1e-08,1e-15,BEACONFD,-33592.48580719996,True,0,212,0.0028698444366455
79,1e-07,1e-08,1e-15,BLEND,30.81214984582805,True,0,180,0.0009684562683105
79,1e-07,1e-08,1e-15,BNL1,-inf,False,1,10000,7.794764280319214
79,1e-07,1e-08,1e-15,BNL2,-14709.029239367563,False,1,10000,63.89436459541321
79,1e-07,1e-08,1e-15,BRANDY,-1518.5098964880663,True,0,704,0.0115461349487304
79,1e-07,1e-08,1e-15,D2Q06C,-inf,False,3,1548,3.0220580101013184
79,1e-07,1e-08,1e-15,DEGEN2,1435.1779999999912,True,0,2594,0.2614498138427734
79,1e-07,1e-08,1e-15,DEGEN3,-inf,False,1,10000,41.42856693267822
79,1e-07,1e-08,1e-15,E226,18.751929066345806,True,0,785,0.0184772014617919
79,1e-07,1e-08,1e-15,FFFFF800,-inf,False,3,714,0.0593945980072021
79,1e-07,1e-08,1e-15,ISRAEL,896644.8218630381,True,0,913,0.0177314281463623
79,1e-07,1e-08,1e-15,LOTFI,25.26470606188001,True,0,271,0.0023589134216308
79,1e-07,1e-08,1e-15,MAROS-R7,-1497185.1664796427,True,0,4317,57.034178256988525
79,1e-07,1e-08,1e-15,QAP12,-inf,False,3,6902,222.88838076591492
79,1e-07,1e-08,1e-15,QAP15,-inf,False,3,4559,332.0702998638153
79,1e-07,1e-08,1e-15,QAP8,-inf,False,1,10000,18.648411750793457
79,1e-07,1e-08,1e-15,SC105,52.2020612117072,True,0,131,0.0011837482452392
79,1e-07,1e-08,1e-15,SC205,52.20206121167227,True,0,274,0.0057148933410644
79,1e-07,1e-08,1e-15,SC50A,64.57507705856449,True,0,59,0.0003583431243896
79,1e-07,1e-08,1e-15,SC50B,70.0,True,0,62,0.0003602504730224
79,1e-07,1e-08,1e-15,SCAGR25,14753503.68478484,True,0,1521,0.156463623046875
79,1e-07,1e-08,1e-15,SCAGR7,2331389.8243310177,True,0,267,0.0021455287933349
79,1e-07,1e-08,1e-15,SCFXM1,-18416.759028350636,True,0,749,0.0278511047363281
79,1e-07,1e-08,1e-15,SCFXM2,-36660.26156499945,True,0,1567,0.2626504898071289
79,1e-07,1e-08,1e-15,SCFXM3,-54901.253049592815,True,0,2406,1.8768913745880127
79,1e-07,1e-08,1e-15,SCORPION,-1875.8517318290153,True,0,466,0.0090279579162597
79,1e-07,1e-08,1e-15,SCRS8,-391.6472105614773,True,0,1473,0.1367616653442382
79,1e-07,1e-08,1e-15,SCSD1,-8.666666687046233,True,0,7326,0.1027338504791259
79,1e-07,1e-08,1e-15,SCSD6,-50.50000007826234,True,0,630,0.0232887268066406
79,1e-07,1e-08,1e-15,SCSD8,-inf,False,3,1171,0.4588792324066162
79,1e-07,1e-08,1e-15,SCTAP1,-1412.2499999999889,True,0,810,0.0297191143035888
79,1e-07,1e-08,1e-15,SCTAP2,-inf,False,1,10000,26.967494249343872
79,1e-07,1e-08,1e-15,SCTAP3,-inf,False,3,1131,3.1557111740112305
79,1e-07,1e-08,1e-15,SHARE1B,76589.31857918575,True,0,456,0.0038075447082519
79,1e-07,1e-08,1e-15,SHARE2B,415.7322407414188,True,0,210,0.0011110305786132
79,1e-07,1e-08,1e-15,SHIP04L,-1793324.5379703536,True,0,773,0.0111753940582275
79,1e-07,1e-08,1e-15,SHIP04S,-1798714.7004453936,True,0,608,0.0065455436706542
79,1e-07,1e-08,1e-15,SHIP08L,-1909055.2113891335,True,0,1514,0.046647310256958
79,1e-07,1e-08,1e-15,SHIP08S,-1920098.2105346206,True,0,1214,0.0255994796752929
79,1e-07,1e-08,1e-15,SHIP12L,-1470187.919329265,True,0,2081,0.1108193397521972
79,1e-07,1e-08,1e-15,SHIP12S,-1489236.134406127,True,0,1568,0.0558974742889404
79,1e-07,1e-08,1e-15,STOCFOR1,41131.97621943676,True,0,268,0.0020744800567626
79,1e-07,1e-08,1e-15,STOCFOR2,39024.40853785458,True,0,4240,14.035211086273192
79,1e-07,1e-08,1e-15,STOCFOR3,-inf,False,3,9980,454.49762868881226
79,1e-07,1e-08,1e-15,TRUSS,-569170.4028077268,False,1,10000,65.78726649284363
79,1e-07,1e-08,1e-15,WOOD1P,-inf,False,3,451,0.0635638236999511
79,1e-07,1e-08,1e-15,WOODW,-inf,False,1,10000,56.44668292999267
80,1e-07,1e-09,1e-11,25FV47,-inf,False,3,1953,1.875840187072754
80,1e-07,1e-09,1e-11,ADLITTLE,-225494.96316238047,True,0,144,0.0006470680236816
80,1e-07,1e-09,1e-11,AFIRO,464.7531428571428,True,0,30,0.0002801418304443
80,1e-07,1e-09,1e-11,AGG,36291233.286576286,True,0,612,0.013625144958496
80,1e-07,1e-09,1e-11,AGG2,20239252.355977103,True,0,571,0.0071399211883544
80,1e-07,1e-09,1e-11,AGG3,-10312115.935089232,True,0,588,0.0099842548370361
80,1e-07,1e-09,1e-11,BANDM,158.62801845002156,True,0,1253,0.0489323139190673
80,1e-07,1e-09,1e-11,BEACONFD,-33592.48580719998,True,0,210,0.0026521682739257
80,1e-07,1e-09,1e-11,BLEND,30.81214984582829,True,0,148,0.0007658004760742
80,1e-07,1e-09,1e-11,BNL1,-inf,False,3,2454,0.7633023262023926
80,1e-07,1e-09,1e-11,BNL2,-inf,False,3,9798,62.180461168289185
80,1e-07,1e-09,1e-11,BRANDY,-inf,False,3,125,0.0026478767395019
80,1e-07,1e-09,1e-11,D2Q06C,-inf,False,3,1590,4.041731834411621
80,1e-07,1e-09,1e-11,DEGEN2,1436.4949999999983,True,0,2751,0.2994906902313232
80,1e-07,1e-09,1e-11,DEGEN3,-inf,False,1,10000,41.694411754608154
80,1e-07,1e-09,1e-11,E226,18.75192906637472,True,0,737,0.0185334682464599
80,1e-07,1e-09,1e-11,FFFFF800,-inf,False,3,285,0.0148968696594238
80,1e-07,1e-09,1e-11,ISRAEL,896644.8218630484,True,0,950,0.0199689865112304
80,1e-07,1e-09,1e-11,LOTFI,25.264706061880013,True,0,264,0.0024795532226562
80,1e-07,1e-09,1e-11,MAROS-R7,-1497185.1664796427,True,0,4317,57.013482093811035
80,1e-07,1e-09,1e-11,QAP12,-inf,False,3,2914,55.4995379447937
80,1e-07,1e-09,1e-11,QAP15,-inf,False,3,9144,1134.3433554172516
80,1e-07,1e-09,1e-11,QAP8,-inf,False,3,1895,3.224269390106201
80,1e-07,1e-09,1e-11,SC105,52.20206121170722,True,0,138,0.0011148452758789
80,1e-07,1e-09,1e-11,SC205,52.20206121182398,True,0,314,0.0067405700683593
80,1e-07,1e-09,1e-11,SC50A,64.57507705856449,True,0,59,0.0003528594970703
80,1e-07,1e-09,1e-11,SC50B,70.0,True,0,62,0.0003645420074462
80,1e-07,1e-09,1e-11,SCAGR25,14753433.060785834,True,0,1646,0.1617579460144043
80,1e-07,1e-09,1e-11,SCAGR7,2331389.824330985,True,0,270,0.0022509098052978
80,1e-07,1e-09,1e-11,SCFXM1,-18416.75902841995,True,0,801,0.0341711044311523
80,1e-07,1e-09,1e-11,SCFXM2,-36660.26156500209,True,0,1629,0.3422484397888183
80,1e-07,1e-09,1e-11,SCFXM3,-inf,False,3,791,0.0532357692718505
80,1e-07,1e-09,1e-11,SCORPION,-1875.8517318290158,True,0,466,0.0089786052703857
80,1e-07,1e-09,1e-11,SCRS8,-449.41749452873216,True,0,1507,0.1352689266204834
80,1e-07,1e-09,1e-11,SCSD1,-0.928966462411952,False,3,309,0.0043573379516601
80,1e-07,1e-09,1e-11,SCSD6,-49.09175484469489,False,3,595,0.0222127437591552
80,1e-07,1e-09,1e-11,SCSD8,-inf,False,3,279,0.0141904354095458
80,1e-07,1e-09,1e-11,SCTAP1,-1412.2500000000616,True,0,862,0.035456895828247
80,1e-07,1e-09,1e-11,SCTAP2,-inf,False,3,299,0.1586403846740722
80,1e-07,1e-09,1e-11,SCTAP3,-inf,False,3,296,0.2106666564941406
80,1e-07,1e-09,1e-11,SHARE1B,76589.31857918575,True,0,456,0.0037462711334228
80,1e-07,1e-09,1e-11,SHARE2B,415.732240741419,True,0,204,0.0010817050933837
80,1e-07,1e-09,1e-11,SHIP04L,-1793324.5379703536,True,0,777,0.0110654830932617
80,1e-07,1e-09,1e-11,SHIP04S,-1798714.7004453933,True,0,606,0.0065052509307861
80,1e-07,1e-09,1e-11,SHIP08L,-1909055.211389134,True,0,1518,0.0443050861358642
80,1e-07,1e-09,1e-11,SHIP08S,-1920098.2105346203,True,0,1215,0.0258171558380126
80,1e-07,1e-09,1e-11,SHIP12L,-1470187.919329265,True,0,2060,0.108943223953247
80,1e-07,1e-09,1e-11,SHIP12S,-1489236.134406127,True,0,1568,0.0561857223510742
80,1e-07,1e-09,1e-11,STOCFOR1,41131.976219436205,True,0,259,0.0021164417266845
80,1e-07,1e-09,1e-11,STOCFOR2,39024.408537882045,True,0,4273,14.198369026184082
80,1e-07,1e-09,1e-11,STOCFOR3,-inf,False,1,10000,341.0318672657013
80,1e-07,1e-09,1e-11,TRUSS,-667469.4557641365,False,3,3406,17.451580047607422
80,1e-07,1e-09,1e-11,WOOD1P,-inf,False,3,115,0.0191895961761474
80,1e-07,1e-09,1e-11,WOODW,-inf,False,3,415,0.8117532730102539
81,1e-07,1e-09,1e-12,25FV47,-inf,False,3,9419,14.105862617492676
81,1e-07,1e-09,1e-12,ADLITTLE,-225494.96316238047,True,0,144,0.0006487369537353
81,1e-07,1e-09,1e-12,AFIRO,464.7531428571428,True,0,30,0.0002782344818115
81,1e-07,1e-09,1e-12,AGG,36291233.286576286,True,0,610,0.013115644454956
81,1e-07,1e-09,1e-12,AGG2,20239252.355977103,True,0,571,0.0067713260650634
81,1e-07,1e-09,1e-12,AGG3,-10312115.935089232,True,0,588,0.0097606182098388
81,1e-07,1e-09,1e-12,BANDM,158.62801845025237,True,0,1363,0.0533061027526855
81,1e-07,1e-09,1e-12,BEACONFD,-33592.48580719998,True,0,210,0.0026137828826904
81,1e-07,1e-09,1e-12,BLEND,30.81214984582829,True,0,148,0.0007722377777099
81,1e-07,1e-09,1e-12,BNL1,-inf,False,3,1463,0.3228111267089844
81,1e-07,1e-09,1e-12,BNL2,-13296.25560756109,False,1,10000,63.788151025772095
81,1e-07,1e-09,1e-12,BRANDY,-1534.358932919214,True,0,992,0.0190846920013427
81,1e-07,1e-09,1e-12,D2Q06C,-inf,False,3,924,0.7438769340515137
81,1e-07,1e-09,1e-12,DEGEN2,1436.4949999999976,True,0,3102,0.3526477813720703
81,1e-07,1e-09,1e-12,DEGEN3,-inf,False,1,10000,41.51914310455322
81,1e-07,1e-09,1e-12,E226,18.75192906637468,True,0,738,0.0181071758270263
81,1e-07,1e-09,1e-12,FFFFF800,-555679.5698012363,True,0,2150,0.2957630157470703
81,1e-07,1e-09,1e-12,ISRAEL,896644.8218630381,True,0,913,0.0186593532562255
81,1e-07,1e-09,1e-12,LOTFI,25.264706061880016,True,0,266,0.0024240016937255
81,1e-07,1e-09,1e-12,MAROS-R7,-1497185.1664796427,True,0,4317,57.041760206222534
81,1e-07,1e-09,1e-12,QAP12,-inf,False,3,3191,65.70060348510742
81,1e-07,1e-09,1e-12,QAP15,-inf,False,1,10000,1485.1043074131012
81,1e-07,1e-09,1e-12,QAP8,-inf,False,3,2961,5.424947261810303
81,1e-07,1e-09,1e-12,SC105,52.20206121170722,True,0,138,0.0012295246124267
81,1e-07,1e-09,1e-12,SC205,52.202061211805145,True,0,304,0.0072071552276611
81,1e-07,1e-09,1e-12,SC50A,64.57507705856449,True,0,59,0.0003867149353027
81,1e-07,1e-09,1e-12,SC50B,70.0,True,0,62,0.0004007816314697
81,1e-07,1e-09,1e-12,SCAGR25,-inf,False,3,1308,0.1269979476928711
81,1e-07,1e-09,1e-12,SCAGR7,2331389.824330985,True,0,270,0.0024278163909912
81,1e-07,1e-09,1e-12,SCFXM1,-18416.75902841879,True,0,845,0.0365338325500488
81,1e-07,1e-09,1e-12,SCFXM2,-36660.26156499734,True,0,1665,0.309746503829956
81,1e-07,1e-09,1e-12,SCFXM3,-inf,False,3,850,0.0627186298370361
81,1e-07,1e-09,1e-12,SCORPION,-1875.8517318290158,True,0,466,0.0096442699432373
81,1e-07,1e-09,1e-12,SCRS8,-531.119254753136,True,0,1537,0.1511838436126709
81,1e-07,1e-09,1e-12,SCSD1,-22.29596177881853,False,3,295,0.0043725967407226
81,1e-07,1e-09,1e-12,SCSD6,-49.09175484469489,False,3,595,0.0236921310424804
81,1e-07,1e-09,1e-12,SCSD8,-inf,False,3,279,0.014888048171997
81,1e-07,1e-09,1e-12,SCTAP1,-1412.2500000000002,True,0,813,0.0349123477935791
81,1e-07,1e-09,1e-12,SCTAP2,-inf,False,3,363,0.273040771484375
81,1e-07,1e-09,1e-12,SCTAP3,-inf,False,3,1024,2.6580824851989746
81,1e-07,1e-09,1e-12,SHARE1B,76589.31857918575,True,0,456,0.0040311813354492
81,1e-07,1e-09,1e-12,SHARE2B,415.732240741419,True,0,204,0.0011861324310302
81,1e-07,1e-09,1e-12,SHIP04L,-1793324.5379703536,True,0,777,0.0117945671081542
81,1e-07,1e-09,1e-12,SHIP04S,-1798714.7004453933,True,0,606,0.0069115161895751
81,1e-07,1e-09,1e-12,SHIP08L,-1909055.211389134,True,0,1518,0.0462849140167236
81,1e-07,1e-09,1e-12,SHIP08S,-1920098.2105346203,True,0,1215,0.0270195007324218
81,1e-07,1e-09,1e-12,SHIP12L,-1470187.919329265,True,0,2060,0.1135082244873046
81,1e-07,1e-09,1e-12,SHIP12S,-1489236.134406127,True,0,1568,0.058544635772705
81,1e-07,1e-09,1e-12,STOCFOR1,41131.976219436176,True,0,259,0.0020394325256347
81,1e-07,1e-09,1e-12,STOCFOR2,39024.40853788116,True,0,4272,14.142153024673462
81,1e-07,1e-09,1e-12,STOCFOR3,-inf,False,1,10000,341.0129976272583
81,1e-07,1e-09,1e-12,TRUSS,-646608.3180666434,False,3,7288,45.67759561538696
81,1e-07,1e-09,1e-12,WOOD1P,-inf,False,3,137,0.0227200984954834
81,1e-07,1e-09,1e-12,WOODW,-inf,False,3,417,0.8141593933105469
82,1e-07,1e-09,1e-13,25FV47,-inf,False,3,1976,1.9262263774871824
82,1e-07,1e-09,1e-13,ADLITTLE,-225494.96316238047,True,0,144,0.0006406307220458
82,1e-07,1e-09,1e-13,AFIRO,464.7531428571428,True,0,30,0.0002937316894531
82,1e-07,1e-09,1e-13,AGG,36291233.286576286,True,0,609,0.0131266117095947
82,1e-07,1e-09,1e-13,AGG2,20239252.355977103,True,0,571,0.0068023204803466
82,1e-07,1e-09,1e-13,AGG3,-10312115.935089232,True,0,588,0.0097639560699462
82,1e-07,1e-09,1e-13,BANDM,158.62801845024026,True,0,1333,0.0523076057434082
82,1e-07,1e-09,1e-13,BEACONFD,-33592.48580719998,True,0,210,0.0027170181274414
82,1e-07,1e-09,1e-13,BLEND,30.81214984582808,True,0,165,0.0008342266082763
82,1e-07,1e-09,1e-13,BNL1,-inf,False,3,1936,0.5766506195068359
82,1e-07,1e-09,1e-13,BNL2,-inf,False,1,10000,64.15659546852112
82,1e-07,1e-09,1e-13,BRANDY,-1518.509896485441,True,0,780,0.0133144855499267
82,1e-07,1e-09,1e-13,D2Q06C,-inf,False,3,7915,66.97695922851562
82,1e-07,1e-09,1e-13,DEGEN2,1435.1779999999994,True,0,2819,0.2949743270874023
82,1e-07,1e-09,1e-13,DEGEN3,-inf,False,1,10000,41.243544578552246
82,1e-07,1e-09,1e-13,E226,18.75192906637468,True,0,738,0.0169239044189453
82,1e-07,1e-09,1e-13,FFFFF800,-555679.5733120922,True,0,2024,0.2597396373748779
82,1e-07,1e-09,1e-13,ISRAEL,896644.8218630381,True,0,913,0.0176784992218017
82,1e-07,1e-09,1e-13,LOTFI,25.26470606188001,True,0,277,0.0024502277374267
82,1e-07,1e-09,1e-13,MAROS-R7,-1497185.1664796427,True,0,4317,56.92375898361206
82,1e-07,1e-09,1e-13,QAP12,-inf,False,1,10000,323.0203173160553
82,1e-07,1e-09,1e-13,QAP15,-inf,False,1,10000,1201.634316921234
82,1e-07,1e-09,1e-13,QAP8,-inf,False,1,10000,21.357418298721313
82,1e-07,1e-09,1e-13,SC105,52.20206121170722,True,0,139,0.0011546611785888
82,1e-07,1e-09,1e-13,SC205,52.20206121170649,True,0,322,0.0070605278015136
82,1e-07,1e-09,1e-13,SC50A,64.57507705856449,True,0,59,0.000349998474121
82,1e-07,1e-09,1e-13,SC50B,70.0,True,0,62,0.0003647804260253
82,1e-07,1e-09,1e-13,SCAGR25,7448532.467725144,False,3,1362,0.1225872039794921
82,1e-07,1e-09,1e-13,SCAGR7,2331389.824330985,True,0,270,0.0022644996643066
82,1e-07,1e-09,1e-13,SCFXM1,-18416.759028417593,True,0,847,0.0334630012512207
82,1e-07,1e-09,1e-13,SCFXM2,-36660.26156499842,True,0,1672,0.3024652004241943
82,1e-07,1e-09,1e-13,SCFXM3,-54901.254549747006,True,0,2491,2.0198771953582764
82,1e-07,1e-09,1e-13,SCORPION,-1875.8517318290158,True,0,466,0.0088746547698974
82,1e-07,1e-09,1e-13,SCRS8,-449.41749452893407,True,0,1606,0.1790144443511963
82,1e-07,1e-09,1e-13,SCSD1,-8.268599959462673,False,3,316,0.004425048828125
82,1e-07,1e-09,1e-13,SCSD6,-50.50000007826237,True,0,708,0.0272901058197021
82,1e-07,1e-09,1e-13,SCSD8,-inf,False,3,279,0.0140182971954345
82,1e-07,1e-09,1e-13,SCTAP1,-1412.249999999997,True,0,797,0.0311546325683593
82,1e-07,1e-09,1e-13,SCTAP2,-inf,False,3,295,0.1493606567382812
82,1e-07,1e-09,1e-13,SCTAP3,-inf,False,3,281,0.2015175819396972
82,1e-07,1e-09,1e-13,SHARE1B,76589.31857918575,True,0,456,0.0037972927093505
82,1e-07,1e-09,1e-13,SHARE2B,415.732240741419,True,0,204,0.0011096000671386
82,1e-07,1e-09,1e-13,SHIP04L,-1793324.5379703536,True,0,777,0.0112509727478027
82,1e-07,1e-09,1e-13,SHIP04S,-1798714.7004453933,True,0,606,0.0065608024597167
82,1e-07,1e-09,1e-13,SHIP08L,-1909055.211389134,True,0,1518,0.0441815853118896
82,1e-07,1e-09,1e-13,SHIP08S,-1920098.2105346203,True,0,1215,0.0258920192718505
82,1e-07,1e-09,1e-13,SHIP12L,-1470187.919329265,True,0,2060,0.1087331771850586
82,1e-07,1e-09,1e-13,SHIP12S,-1489236.134406127,True,0,1568,0.0559186935424804
82,1e-07,1e-09,1e-13,STOCFOR1,41131.97621943616,True,0,259,0.0018877983093261
82,1e-07,1e-09,1e-13,STOCFOR2,39024.40853788207,True,0,4250,13.923297882080078
82,1e-07,1e-09,1e-13,STOCFOR3,-inf,False,1,10000,340.4231770038605
82,1e-07,1e-09,1e-13,TRUSS,-532188.0225820205,False,1,10000,64.9319236278534
82,1e-07,1e-09,1e-13,WOOD1P,-inf,False,3,139,0.0221867561340332
82,1e-07,1e-09,1e-13,WOODW,-inf,False,3,413,0.7991733551025391
83,1e-07,1e-09,1e-14,25FV47,-inf,False,3,3101,3.6871089935302734
83,1e-07,1e-09,1e-14,ADLITTLE,-225494.96316238047,True,0,144,0.0006337165832519
83,1e-07,1e-09,1e-14,AFIRO,464.7531428571428,True,0,30,0.0002803802490234
83,1e-07,1e-09,1e-14,AGG,36291233.286576286,True,0,609,0.0127716064453125
83,1e-07,1e-09,1e-14,AGG2,20239252.355977103,True,0,571,0.0067441463470458
83,1e-07,1e-09,1e-14,AGG3,-10312115.935089232,True,0,588,0.0099537372589111
83,1e-07,1e-09,1e-14,BANDM,158.6280184499312,True,0,1261,0.0499310493469238
83,1e-07,1e-09,1e-14,BEACONFD,-33592.48580719996,True,0,212,0.0026533603668212
83,1e-07,1e-09,1e-14,BLEND,30.81214984582823,True,0,161,0.0008230209350585
83,1e-07,1e-09,1e-14,BNL1,-inf,False,3,1780,0.4725449085235595
83,1e-07,1e-09,1e-14,BNL2,-inf,False,1,10000,64.68629503250122
83,1e-07,1e-09,1e-14,BRANDY,-1518.5098964881197,True,0,647,0.0107688903808593
83,1e-07,1e-09,1e-14,D2Q06C,-inf,False,3,1461,2.555110216140747
83,1e-07,1e-09,1e-14,DEGEN2,1435.1779999999806,True,0,3022,0.3259401321411133
83,1e-07,1e-09,1e-14,DEGEN3,-inf,False,1,10000,41.46072268486023
83,1e-07,1e-09,1e-14,E226,18.75192906621691,True,0,840,0.0199766159057617
83,1e-07,1e-09,1e-14,FFFFF800,-inf,False,3,1290,0.1218459606170654
83,1e-07,1e-09,1e-14,ISRAEL,896644.8218630381,True,0,913,0.0176625251770019
83,1e-07,1e-09,1e-14,LOTFI,25.26470606188001,True,0,277,0.0024669170379638
83,1e-07,1e-09,1e-14,MAROS-R7,-1497185.1664796427,True,0,4317,56.9017539024353
83,1e-07,1e-09,1e-14,QAP12,-inf,False,3,7107,236.18215537071228
83,1e-07,1e-09,1e-14,QAP15,-inf,False,3,2780,74.14922523498535
83,1e-07,1e-09,1e-14,QAP8,-inf,False,3,2785,5.165445804595947
83,1e-07,1e-09,1e-14,SC105,52.20206121170724,True,0,134,0.0010972023010253
83,1e-07,1e-09,1e-14,SC205,52.2020612117079,True,0,325,0.0070414543151855
83,1e-07,1e-09,1e-14,SC50A,64.57507705856449,True,0,59,0.0003728866577148
83,1e-07,1e-09,1e-14,SC50B,70.0,True,0,62,0.000364065170288
83,1e-07,1e-09,1e-14,SCAGR25,14768933.729826925,True,0,1379,0.1276826858520507
83,1e-07,1e-09,1e-14,SCAGR7,2331389.8243309762,True,0,250,0.0019831657409667
83,1e-07,1e-09,1e-14,SCFXM1,-18416.759028346125,True,0,896,0.0360374450683593
83,1e-07,1e-09,1e-14,SCFXM2,-36660.26156506932,True,0,1720,0.3254716396331787
83,1e-07,1e-09,1e-14,SCFXM3,-54901.254549742924,True,0,2510,2.031752109527588
83,1e-07,1e-09,1e-14,SCORPION,-1875.8517318290155,True,0,466,0.0088307857513427
83,1e-07,1e-09,1e-14,SCRS8,-536.9613499483563,True,0,1437,0.1292486190795898
83,1e-07,1e-09,1e-14,SCSD1,86.44873014138389,False,3,476,0.0064997673034667
83,1e-07,1e-09,1e-14,SCSD6,-42.67621507068471,False,3,778,0.0306870937347412
83,1e-07,1e-09,1e-14,SCSD8,-inf,False,3,286,0.0148005485534667
83,1e-07,1e-09,1e-14,SCTAP1,-1412.2499999999982,True,0,875,0.0347151756286621
83,1e-07,1e-09,1e-14,SCTAP2,-inf,False,3,137,0.0257019996643066
83,1e-07,1e-09,1e-14,SCTAP3,-inf,False,3,244,0.1443953514099121
83,1e-07,1e-09,1e-14,SHARE1B,76589.31857918575,True,0,456,0.0037689208984375
83,1e-07,1e-09,1e-14,SHARE2B,415.732240741419,True,0,203,0.0011212825775146
83,1e-07,1e-09,1e-14,SHIP04L,-1793324.5379703536,True,0,775,0.0109078884124755
83,1e-07,1e-09,1e-14,SHIP04S,-1798714.7004453933,True,0,606,0.0066630840301513
83,1e-07,1e-09,1e-14,SHIP08L,-1909055.211389134,True,0,1518,0.0441823005676269
83,1e-07,1e-09,1e-14,SHIP08S,-1920098.2105346203,True,0,1215,0.0257735252380371
83,1e-07,1e-09,1e-14,SHIP12L,-1470187.919329265,True,0,2060,0.1087405681610107
83,1e-07,1e-09,1e-14,SHIP12S,-1489236.134406127,True,0,1569,0.0559432506561279
83,1e-07,1e-09,1e-14,STOCFOR1,41131.976219436154,True,0,260,0.0019476413726806
83,1e-07,1e-09,1e-14,STOCFOR2,39024.408537882206,True,0,4225,13.739552736282349
83,1e-07,1e-09,1e-14,STOCFOR3,-inf,False,1,10000,351.2619504928589
83,1e-07,1e-09,1e-14,TRUSS,-483206.8293941396,False,1,10000,65.42632007598877
83,1e-07,1e-09,1e-14,WOOD1P,-inf,False,3,1603,0.2065894603729248
83,1e-07,1e-09,1e-14,WOODW,-inf,False,3,415,0.7989294528961182
84,1e-07,1e-09,1e-15,25FV47,-inf,False,3,3836,3.2623655796051025
84,1e-07,1e-09,1e-15,ADLITTLE,-225494.96316238047,True,0,144,0.0006375312805175
84,1e-07,1e-09,1e-15,AFIRO,464.7531428571428,True,0,30,0.0002775192260742
84,1e-07,1e-09,1e-15,AGG,36291233.286576286,True,0,609,0.0127789974212646
84,1e-07,1e-09,1e-15,AGG2,20239252.355977103,True,0,572,0.0066597461700439
84,1e-07,1e-09,1e-15,AGG3,-10312115.935089232,True,0,588,0.0098435878753662
84,1e-07,1e-09,1e-15,BANDM,-inf,False,1,10000,0.4600160121917724
84,1e-07,1e-09,1e-15,BEACONFD,-33592.48580719996,True,0,212,0.0027046203613281
84,1e-07,1e-09,1e-15,BLEND,30.81214984582805,True,0,180,0.0009241104125976
84,1e-07,1e-09,1e-15,BNL1,-inf,False,3,3864,2.006349802017212
84,1e-07,1e-09,1e-15,BNL2,-inf,False,3,9975,63.699328899383545
84,1e-07,1e-09,1e-15,BRANDY,-1518.5098964880663,True,0,704,0.0115513801574707
84,1e-07,1e-09,1e-15,D2Q06C,-inf,False,3,1533,2.9400815963745117
84,1e-07,1e-09,1e-15,DEGEN2,1435.1779999999912,True,0,2594,0.254673957824707
84,1e-07,1e-09,1e-15,DEGEN3,-inf,False,1,10000,41.329310178756714
84,1e-07,1e-09,1e-15,E226,18.751929066345806,True,0,785,0.0184674263000488
84,1e-07,1e-09,1e-15,FFFFF800,-inf,False,3,714,0.0595066547393798
84,1e-07,1e-09,1e-15,ISRAEL,896644.8218630381,True,0,913,0.0177531242370605
84,1e-07,1e-09,1e-15,LOTFI,25.26470606188001,True,0,271,0.0023908615112304
84,1e-07,1e-09,1e-15,MAROS-R7,-1497185.1664796427,True,0,4317,56.77174782752991
84,1e-07,1e-09,1e-15,QAP12,-inf,False,3,5716,157.73903274536133
84,1e-07,1e-09,1e-15,QAP15,-inf,False,3,6020,485.967565536499
84,1e-07,1e-09,1e-15,QAP8,-inf,False,1,10000,21.765311241149902
84,1e-07,1e-09,1e-15,SC105,52.2020612117072,True,0,131,0.0011489391326904
84,1e-07,1e-09,1e-15,SC205,52.20206121167227,True,0,274,0.0061521530151367
84,1e-07,1e-09,1e-15,SC50A,64.57507705856449,True,0,59,0.0003814697265625
84,1e-07,1e-09,1e-15,SC50B,70.0,True,0,62,0.0003929138183593
84,1e-07,1e-09,1e-15,SCAGR25,8019981.6695467895,False,3,1244,0.1286787986755371
84,1e-07,1e-09,1e-15,SCAGR7,2331389.8243310177,True,0,267,0.0022900104522705
84,1e-07,1e-09,1e-15,SCFXM1,-18416.759028350636,True,0,749,0.0297236442565917
84,1e-07,1e-09,1e-15,SCFXM2,-36660.26156499773,True,0,1604,0.2832734584808349
84,1e-07,1e-09,1e-15,SCFXM3,-54902.199020255575,True,0,2464,1.9986369609832764
84,1e-07,1e-09,1e-15,SCORPION,-1875.8517318290153,True,0,466,0.0094416141510009
84,1e-07,1e-09,1e-15,SCRS8,-39739783.04167014,False,1,10000,1.8119657039642336
84,1e-07,1e-09,1e-15,SCSD1,6535.289842344521,False,3,322,0.0042948722839355
84,1e-07,1e-09,1e-15,SCSD6,-50.50000007826234,True,0,630,0.0231997966766357
84,1e-07,1e-09,1e-15,SCSD8,-inf,False,3,286,0.0155911445617675
84,1e-07,1e-09,1e-15,SCTAP1,-1412.2499999999889,True,0,810,0.0297076702117919
84,1e-07,1e-09,1e-15,SCTAP2,-inf,False,3,129,0.0234122276306152
84,1e-07,1e-09,1e-15,SCTAP3,-inf,False,3,1840,6.122533798217773
84,1e-07,1e-09,1e-15,SHARE1B,76589.31857918575,True,0,456,0.003788948059082
84,1e-07,1e-09,1e-15,SHARE2B,415.7322407414188,True,0,210,0.0011072158813476
84,1e-07,1e-09,1e-15,SHIP04L,-1793324.5379703536,True,0,773,0.0105681419372558
84,1e-07,1e-09,1e-15,SHIP04S,-1798714.7004453936,True,0,608,0.0067269802093505
84,1e-07,1e-09,1e-15,SHIP08L,-1909055.2113891335,True,0,1514,0.0441257953643798
84,1e-07,1e-09,1e-15,SHIP08S,-1920098.2105346206,True,0,1214,0.0255982875823974
84,1e-07,1e-09,1e-15,SHIP12L,-1470187.919329265,True,0,2081,0.1107714176177978
84,1e-07,1e-09,1e-15,SHIP12S,-1489236.134406127,True,0,1568,0.0559878349304199
84,1e-07,1e-09,1e-15,STOCFOR1,41131.97621943676,True,0,268,0.0021319389343261
84,1e-07,1e-09,1e-15,STOCFOR2,-inf,False,3,9421,57.985812187194824
84,1e-07,1e-09,1e-15,STOCFOR3,-inf,False,3,9899,438.1640532016754
84,1e-07,1e-09,1e-15,TRUSS,-513677.3472685563,False,1,10000,65.70854783058167
84,1e-07,1e-09,1e-15,WOOD1P,-inf,False,1,10000,1.775439977645874
84,1e-07,1e-09,1e-15,WOODW,-inf,False,3,1002,3.09108829498291
85,1e-07,1e-10,1e-11,25FV47,-inf,False,3,332,0.0317389965057373
85,1e-07,1e-10,1e-11,ADLITTLE,-225494.96316238047,True,0,144,0.0006399154663085
85,1e-07,1e-10,1e-11,AFIRO,464.7531428571428,True,0,30,0.0002815723419189
85,1e-07,1e-10,1e-11,AGG,36291233.286576286,True,0,612,0.0129332542419433
85,1e-07,1e-10,1e-11,AGG2,20239252.355977103,True,0,571,0.0067431926727294
85,1e-07,1e-10,1e-11,AGG3,-10312115.935089232,True,0,588,0.0097396373748779
85,1e-07,1e-10,1e-11,BANDM,-inf,False,3,299,0.0100431442260742
85,1e-07,1e-10,1e-11,BEACONFD,-33592.48580719998,True,0,210,0.0026252269744873
85,1e-07,1e-10,1e-11,BLEND,30.81214984582829,True,0,148,0.0007743835449218
85,1e-07,1e-10,1e-11,BNL1,-inf,False,3,1038,0.1594457626342773
85,1e-07,1e-10,1e-11,BNL2,-inf,False,3,8587,50.61540341377258
85,1e-07,1e-10,1e-11,BRANDY,-inf,False,3,107,0.0021276473999023
85,1e-07,1e-10,1e-11,D2Q06C,-inf,False,3,1876,5.359326124191284
85,1e-07,1e-10,1e-11,DEGEN2,1436.4949999999983,True,0,2751,0.2797577381134033
85,1e-07,1e-10,1e-11,DEGEN3,-inf,False,1,10000,41.62923622131348
85,1e-07,1e-10,1e-11,E226,18.75192906637472,True,0,737,0.0169789791107177
85,1e-07,1e-10,1e-11,FFFFF800,-inf,False,3,283,0.0135285854339599
85,1e-07,1e-10,1e-11,ISRAEL,896644.8218630484,True,0,950,0.018334150314331
85,1e-07,1e-10,1e-11,LOTFI,25.264706061880013,True,0,264,0.0022611618041992
85,1e-07,1e-10,1e-11,MAROS-R7,-1497185.1664796427,True,0,4317,56.90097117424011
85,1e-07,1e-10,1e-11,QAP12,-inf,False,3,3034,60.34859561920166
85,1e-07,1e-10,1e-11,QAP15,-inf,False,3,7017,755.6146845817566
85,1e-07,1e-10,1e-11,QAP8,-inf,False,3,1767,2.950561761856079
85,1e-07,1e-10,1e-11,SC105,52.20206121170722,True,0,138,0.0011143684387207
85,1e-07,1e-10,1e-11,SC205,52.20206121182398,True,0,314,0.0067481994628906
85,1e-07,1e-10,1e-11,SC50A,64.57507705856449,True,0,59,0.0003530979156494
85,1e-07,1e-10,1e-11,SC50B,70.0,True,0,62,0.0003740787506103
85,1e-07,1e-10,1e-11,SCAGR25,-inf,False,3,1109,0.0936720371246337
85,1e-07,1e-10,1e-11,SCAGR7,2331389.824330985,True,0,270,0.0022139549255371
85,1e-07,1e-10,1e-11,SCFXM1,-18416.75902841995,True,0,801,0.0323004722595214
85,1e-07,1e-10,1e-11,SCFXM2,-inf,False,3,544,0.0245144367218017
85,1e-07,1e-10,1e-11,SCFXM3,-inf,False,3,751,0.0497219562530517
85,1e-07,1e-10,1e-11,SCORPION,-1875.8517318290158,True,0,466,0.0089328289031982
85,1e-07,1e-10,1e-11,SCRS8,-inf,False,3,932,0.0529150962829589
85,1e-07,1e-10,1e-11,SCSD1,-0.928966462411952,False,3,309,0.0043411254882812
85,1e-07,1e-10,1e-11,SCSD6,-49.09175484469489,False,3,595,0.0219333171844482
85,1e-07,1e-10,1e-11,SCSD8,-inf,False,3,279,0.0140769481658935
85,1e-07,1e-10,1e-11,SCTAP1,-inf,False,3,424,0.0108976364135742
85,1e-07,1e-10,1e-11,SCTAP2,-inf,False,3,163,0.0348727703094482
85,1e-07,1e-10,1e-11,SCTAP3,-inf,False,3,296,0.2110438346862793
85,1e-07,1e-10,1e-11,SHARE1B,76589.31857918575,True,0,456,0.0037813186645507
85,1e-07,1e-10,1e-11,SHARE2B,415.732240741419,True,0,204,0.001108169555664
85,1e-07,1e-10,1e-11,SHIP04L,-1793324.5379703536,True,0,777,0.0110714435577392
85,1e-07,1e-10,1e-11,SHIP04S,-1798714.7004453933,True,0,606,0.006547212600708
85,1e-07,1e-10,1e-11,SHIP08L,-1909055.211389134,True,0,1518,0.0440735816955566
85,1e-07,1e-10,1e-11,SHIP08S,-1920098.2105346203,True,0,1215,0.0259013175964355
85,1e-07,1e-10,1e-11,SHIP12L,-1470187.919329265,True,0,2060,0.1110241413116455
85,1e-07,1e-10,1e-11,SHIP12S,-1489236.134406127,True,0,1568,0.0558912754058837
85,1e-07,1e-10,1e-11,STOCFOR1,41131.976219436205,True,0,259,0.0019223690032958
85,1e-07,1e-10,1e-11,STOCFOR2,39024.408537882045,True,0,4273,14.104165315628052
85,1e-07,1e-10,1e-11,STOCFOR3,-inf,False,1,10000,340.5712854862213
85,1e-07,1e-10,1e-11,TRUSS,-23431320.70610641,False,3,2511,11.250421524047852
85,1e-07,1e-10,1e-11,WOOD1P,-inf,False,3,114,0.0182466506958007
85,1e-07,1e-10,1e-11,WOODW,-inf,False,3,82,0.079078197479248
86,1e-07,1e-10,1e-12,25FV47,-inf,False,3,330,0.0305581092834472
86,1e-07,1e-10,1e-12,ADLITTLE,-225494.96316238047,True,0,144,0.0006380081176757
86,1e-07,1e-10,1e-12,AFIRO,464.7531428571428,True,0,30,0.000281810760498
86,1e-07,1e-10,1e-12,AGG,36291233.286576286,True,0,610,0.0131969451904296
86,1e-07,1e-10,1e-12,AGG2,20239252.355977103,True,0,571,0.007089614868164
86,1e-07,1e-10,1e-12,AGG3,-10312115.935089232,True,0,588,0.0097794532775878
86,1e-07,1e-10,1e-12,BANDM,158.62801845025237,True,0,1363,0.0533995628356933
86,1e-07,1e-10,1e-12,BEACONFD,-33592.48580719998,True,0,210,0.0027413368225097
86,1e-07,1e-10,1e-12,BLEND,30.81214984582829,True,0,148,0.0007703304290771
86,1e-07,1e-10,1e-12,BNL1,-inf,False,3,767,0.0933954715728759
86,1e-07,1e-10,1e-12,BNL2,-inf,False,3,2403,7.469790458679199
86,1e-07,1e-10,1e-12,BRANDY,-inf,False,3,202,0.0038962364196777
86,1e-07,1e-10,1e-12,D2Q06C,-inf,False,3,1397,2.578613758087158
86,1e-07,1e-10,1e-12,DEGEN2,1436.4949999999976,True,0,3102,0.3194634914398193
86,1e-07,1e-10,1e-12,DEGEN3,-inf,False,1,10000,41.69473576545715
86,1e-07,1e-10,1e-12,E226,18.75192906637468,True,0,738,0.0169875621795654
86,1e-07,1e-10,1e-12,FFFFF800,-555679.5715324666,True,0,1844,0.2260630130767822
86,1e-07,1e-10,1e-12,ISRAEL,896644.8218630381,True,0,913,0.0177793502807617
86,1e-07,1e-10,1e-12,LOTFI,25.264706061880016,True,0,266,0.0022988319396972
86,1e-07,1e-10,1e-12,MAROS-R7,-1497185.1664796427,True,0,4317,56.91253042221069
86,1e-07,1e-10,1e-12,QAP12,-inf,False,3,1998,26.50037002563477
86,1e-07,1e-10,1e-12,QAP15,-inf,False,3,2686,64.24752187728882
86,1e-07,1e-10,1e-12,QAP8,-inf,False,3,1095,1.5407679080963137
86,1e-07,1e-10,1e-12,SC105,52.20206121170722,True,0,138,0.0011155605316162
86,1e-07,1e-10,1e-12,SC205,52.202061211805145,True,0,304,0.006566047668457
86,1e-07,1e-10,1e-12,SC50A,64.57507705856449,True,0,59,0.0003585815429687
86,1e-07,1e-10,1e-12,SC50B,70.0,True,0,62,0.0003683567047119
86,1e-07,1e-10,1e-12,SCAGR25,-inf,False,3,742,0.0559151172637939
86,1e-07,1e-10,1e-12,SCAGR7,2331389.824330985,True,0,270,0.0022251605987548
86,1e-07,1e-10,1e-12,SCFXM1,-18416.75902841879,True,0,845,0.033595323562622
86,1e-07,1e-10,1e-12,SCFXM2,-inf,False,3,555,0.024834394454956
86,1e-07,1e-10,1e-12,SCFXM3,-inf,False,3,794,0.0563364028930664
86,1e-07,1e-10,1e-12,SCORPION,-1875.8517318290158,True,0,466,0.0089607238769531
86,1e-07,1e-10,1e-12,SCRS8,-inf,False,3,927,0.0530569553375244
86,1e-07,1e-10,1e-12,SCSD1,-22.29596178516752,False,3,295,0.0040900707244873
86,1e-07,1e-10,1e-12,SCSD6,-49.09175484469489,False,3,595,0.0219929218292236
86,1e-07,1e-10,1e-12,SCSD8,-inf,False,3,279,0.0140440464019775
86,1e-07,1e-10,1e-12,SCTAP1,-inf,False,3,451,0.0117206573486328
86,1e-07,1e-10,1e-12,SCTAP2,-inf,False,3,162,0.034846544265747
86,1e-07,1e-10,1e-12,SCTAP3,-inf,False,3,304,0.2261919975280761
86,1e-07,1e-10,1e-12,SHARE1B,76589.31857918575,True,0,456,0.0037813186645507
86,1e-07,1e-10,1e-12,SHARE2B,415.732240741419,True,0,204,0.0011882781982421
86,1e-07,1e-10,1e-12,SHIP04L,-1793324.5379703536,True,0,777,0.0110821723937988
86,1e-07,1e-10,1e-12,SHIP04S,-1798714.7004453933,True,0,606,0.0065758228302001
86,1e-07,1e-10,1e-12,SHIP08L,-1909055.211389134,True,0,1518,0.0441129207611084
86,1e-07,1e-10,1e-12,SHIP08S,-1920098.2105346203,True,0,1215,0.025876760482788
86,1e-07,1e-10,1e-12,SHIP12L,-1470187.919329265,True,0,2060,0.1085672378540039
86,1e-07,1e-10,1e-12,SHIP12S,-1489236.134406127,True,0,1568,0.0559639930725097
86,1e-07,1e-10,1e-12,STOCFOR1,41131.976219436176,True,0,259,0.0018956661224365
86,1e-07,1e-10,1e-12,STOCFOR2,39024.40853788116,True,0,4272,14.137825727462769
86,1e-07,1e-10,1e-12,STOCFOR3,-inf,False,1,10000,341.07189321517944
86,1e-07,1e-10,1e-12,TRUSS,-780646398.6013398,False,3,4068,22.280802726745605
86,1e-07,1e-10,1e-12,WOOD1P,-inf,False,3,116,0.0186553001403808
86,1e-07,1e-10,1e-12,WOODW,-inf,False,3,82,0.0791599750518798
87,1e-07,1e-10,1e-13,25FV47,-inf,False,3,330,0.0305454730987548
87,1e-07,1e-10,1e-13,ADLITTLE,-225494.96316238047,True,0,144,0.0006639957427978
87,1e-07,1e-10,1e-13,AFIRO,464.7531428571428,True,0,30,0.0002844333648681
87,1e-07,1e-10,1e-13,AGG,36291233.286576286,True,0,609,0.0131645202636718
87,1e-07,1e-10,1e-13,AGG2,20239252.355977103,True,0,571,0.0070698261260986
87,1e-07,1e-10,1e-13,AGG3,-10312115.935089232,True,0,588,0.009761095046997
87,1e-07,1e-10,1e-13,BANDM,158.62801845024026,True,0,1333,0.0545241832733154
87,1e-07,1e-10,1e-13,BEACONFD,-33592.48580719998,True,0,210,0.0026042461395263
87,1e-07,1e-10,1e-13,BLEND,30.81214984582808,True,0,165,0.0008347034454345
87,1e-07,1e-10,1e-13,BNL1,-inf,False,3,1770,0.4820849895477295
87,1e-07,1e-10,1e-13,BNL2,-inf,False,3,2787,9.599929332733154
87,1e-07,1e-10,1e-13,BRANDY,-inf,False,3,214,0.0036685466766357
87,1e-07,1e-10,1e-13,D2Q06C,-inf,False,3,1765,4.85516357421875
87,1e-07,1e-10,1e-13,DEGEN2,1435.1779999999994,True,0,2819,0.2869198322296142
87,1e-07,1e-10,1e-13,DEGEN3,-inf,False,1,10000,41.12233591079712
87,1e-07,1e-10,1e-13,E226,18.75192906637468,True,0,738,0.0169878005981445
87,1e-07,1e-10,1e-13,FFFFF800,-inf,False,3,872,0.0841875076293945
87,1e-07,1e-10,1e-13,ISRAEL,896644.8218630381,True,0,913,0.0177476406097412
87,1e-07,1e-10,1e-13,LOTFI,25.26470606188001,True,0,277,0.002497911453247
87,1e-07,1e-10,1e-13,MAROS-R7,-1497185.1664796427,True,0,4317,56.91948843002319
87,1e-07,1e-10,1e-13,QAP12,-inf,False,3,2747,50.22421932220459
87,1e-07,1e-10,1e-13,QAP15,-inf,False,3,7229,771.5336847305298
87,1e-07,1e-10,1e-13,QAP8,-inf,False,3,1473,2.4368183612823486
87,1e-07,1e-10,1e-13,SC105,52.20206121170722,True,0,139,0.0011212825775146
87,1e-07,1e-10,1e-13,SC205,52.20206121170649,True,0,322,0.0070419311523437
87,1e-07,1e-10,1e-13,SC50A,64.57507705856449,True,0,59,0.0003564357757568
87,1e-07,1e-10,1e-13,SC50B,70.0,True,0,62,0.000368595123291
87,1e-07,1e-10,1e-13,SCAGR25,7620295.905830418,False,3,1404,0.1266474723815918
87,1e-07,1e-10,1e-13,SCAGR7,2331389.824330985,True,0,270,0.0022456645965576
87,1e-07,1e-10,1e-13,SCFXM1,-18416.759028417593,True,0,847,0.0337934494018554
87,1e-07,1e-10,1e-13,SCFXM2,-36631.03738122762,True,0,1604,0.3192179203033447
87,1e-07,1e-10,1e-13,SCFXM3,-inf,False,2,1918,0.9963927268981934
87,1e-07,1e-10,1e-13,SCORPION,-1875.8517318290158,True,0,466,0.0088968276977539
87,1e-07,1e-10,1e-13,SCRS8,-inf,False,3,716,0.0321862697601318
87,1e-07,1e-10,1e-13,SCSD1,-8.21757299260629,False,3,316,0.0043740272521972
87,1e-07,1e-10,1e-13,SCSD6,-50.50000007826237,True,0,708,0.0273623466491699
87,1e-07,1e-10,1e-13,SCSD8,-inf,False,3,279,0.0140900611877441
87,1e-07,1e-10,1e-13,SCTAP1,-1412.249999999997,True,0,797,0.0312159061431884
87,1e-07,1e-10,1e-13,SCTAP2,-inf,False,3,171,0.0396771430969238
87,1e-07,1e-10,1e-13,SCTAP3,-inf,False,3,266,0.1763529777526855
87,1e-07,1e-10,1e-13,SHARE1B,76589.31857918575,True,0,456,0.0037634372711181
87,1e-07,1e-10,1e-13,SHARE2B,415.732240741419,True,0,204,0.0010919570922851
87,1e-07,1e-10,1e-13,SHIP04L,-1793324.5379703536,True,0,777,0.0110676288604736
87,1e-07,1e-10,1e-13,SHIP04S,-1798714.7004453933,True,0,606,0.0065913200378417
87,1e-07,1e-10,1e-13,SHIP08L,-1909055.211389134,True,0,1518,0.0440893173217773
87,1e-07,1e-10,1e-13,SHIP08S,-1920098.2105346203,True,0,1215,0.0258193016052246
87,1e-07,1e-10,1e-13,SHIP12L,-1470187.919329265,True,0,2060,0.1088056564331054
87,1e-07,1e-10,1e-13,SHIP12S,-1489236.134406127,True,0,1568,0.0559320449829101
87,1e-07,1e-10,1e-13,STOCFOR1,41131.97621943616,True,0,259,0.0019445419311523
87,1e-07,1e-10,1e-13,STOCFOR2,39024.40853788207,True,0,4250,13.922859191894531
87,1e-07,1e-10,1e-13,STOCFOR3,-inf,False,1,10000,340.6863648891449
87,1e-07,1e-10,1e-13,TRUSS,-14773125.092391543,False,3,5908,35.252899169921875
87,1e-07,1e-10,1e-13,WOOD1P,-inf,False,3,139,0.0223276615142822
87,1e-07,1e-10,1e-13,WOODW,-inf,False,3,82,0.07893967628479
88,1e-07,1e-10,1e-14,25FV47,-inf,False,3,398,0.0451867580413818
88,1e-07,1e-10,1e-14,ADLITTLE,-225494.96316238047,True,0,144,0.0006868839263916
88,1e-07,1e-10,1e-14,AFIRO,464.7531428571428,True,0,30,0.0002851486206054
88,1e-07,1e-10,1e-14,AGG,36291233.286576286,True,0,609,0.0127570629119873
88,1e-07,1e-10,1e-14,AGG2,20239252.355977103,True,0,571,0.0066866874694824
88,1e-07,1e-10,1e-14,AGG3,-10312115.935089232,True,0,588,0.0097601413726806
88,1e-07,1e-10,1e-14,BANDM,-inf,False,3,212,0.0075225830078125
88,1e-07,1e-10,1e-14,BEACONFD,-33592.48580719996,True,0,212,0.0026385784149169
88,1e-07,1e-10,1e-14,BLEND,30.81214984582823,True,0,161,0.0008237361907958
88,1e-07,1e-10,1e-14,BNL1,-inf,False,3,1436,0.323655366897583
88,1e-07,1e-10,1e-14,BNL2,-inf,False,3,7570,44.90636682510376
88,1e-07,1e-10,1e-14,BRANDY,-1518.5098964881197,True,0,647,0.01043701171875
88,1e-07,1e-10,1e-14,D2Q06C,-inf,False,3,1751,4.215829372406006
88,1e-07,1e-10,1e-14,DEGEN2,1435.1779999999806,True,0,3022,0.3250539302825928
88,1e-07,1e-10,1e-14,DEGEN3,-inf,False,1,10000,41.319823026657104
88,1e-07,1e-10,1e-14,E226,18.75192906621691,True,0,840,0.0203256607055664
88,1e-07,1e-10,1e-14,FFFFF800,-inf,False,3,896,0.0793666839599609
88,1e-07,1e-10,1e-14,ISRAEL,896644.8218630381,True,0,913,0.0179002285003662
88,1e-07,1e-10,1e-14,LOTFI,25.26470606188001,True,0,277,0.0025489330291748
88,1e-07,1e-10,1e-14,MAROS-R7,-1497185.1664796427,True,0,4317,56.87137031555176
88,1e-07,1e-10,1e-14,QAP12,-inf,False,3,3393,76.62546038627625
88,1e-07,1e-10,1e-14,QAP15,-inf,False,3,2767,72.62393116950989
88,1e-07,1e-10,1e-14,QAP8,-inf,False,3,2104,3.7260215282440186
88,1e-07,1e-10,1e-14,SC105,52.20206121170724,True,0,134,0.0010838508605957
88,1e-07,1e-10,1e-14,SC205,52.2020612117079,True,0,325,0.0070693492889404
88,1e-07,1e-10,1e-14,SC50A,64.57507705856449,True,0,59,0.0003554821014404
88,1e-07,1e-10,1e-14,SC50B,70.0,True,0,62,0.000370979309082
88,1e-07,1e-10,1e-14,SCAGR25,-inf,False,3,1197,0.1053109169006347
88,1e-07,1e-10,1e-14,SCAGR7,2331389.8243309762,True,0,250,0.0020046234130859
88,1e-07,1e-10,1e-14,SCFXM1,-19102.311992785995,False,3,807,0.0303902626037597
88,1e-07,1e-10,1e-14,SCFXM2,-36848.738522119354,True,0,1674,0.3105275630950928
88,1e-07,1e-10,1e-14,SCFXM3,-inf,False,2,1930,0.9827561378479004
88,1e-07,1e-10,1e-14,SCORPION,-1875.8517318290155,True,0,466,0.0088491439819335
88,1e-07,1e-10,1e-14,SCRS8,-inf,False,3,728,0.0318779945373535
88,1e-07,1e-10,1e-14,SCSD1,53935.43531019026,False,3,452,0.0062570571899414
88,1e-07,1e-10,1e-14,SCSD6,-42.67621507068471,False,3,778,0.0305647850036621
88,1e-07,1e-10,1e-14,SCSD8,-inf,False,3,286,0.0146734714508056
88,1e-07,1e-10,1e-14,SCTAP1,-1412.2499999999982,True,0,875,0.034538984298706
88,1e-07,1e-10,1e-14,SCTAP2,-inf,False,3,136,0.025346040725708
88,1e-07,1e-10,1e-14,SCTAP3,-inf,False,3,232,0.1257615089416504
88,1e-07,1e-10,1e-14,SHARE1B,76589.31857918575,True,0,456,0.0037720203399658
88,1e-07,1e-10,1e-14,SHARE2B,415.732240741419,True,0,203,0.0010867118835449
88,1e-07,1e-10,1e-14,SHIP04L,-1793324.5379703536,True,0,775,0.010904312133789
88,1e-07,1e-10,1e-14,SHIP04S,-1798714.7004453933,True,0,606,0.0065522193908691
88,1e-07,1e-10,1e-14,SHIP08L,-1909055.211389134,True,0,1518,0.0441570281982421
88,1e-07,1e-10,1e-14,SHIP08S,-1920098.2105346203,True,0,1215,0.0258426666259765
88,1e-07,1e-10,1e-14,SHIP12L,-1470187.919329265,True,0,2060,0.1084508895874023
88,1e-07,1e-10,1e-14,SHIP12S,-1489236.134406127,True,0,1569,0.0559391975402832
88,1e-07,1e-10,1e-14,STOCFOR1,41131.976219436154,True,0,260,0.0019266605377197
88,1e-07,1e-10,1e-14,STOCFOR2,39024.408537882206,True,0,4225,13.74370265007019
88,1e-07,1e-10,1e-14,STOCFOR3,-inf,False,1,10000,352.17670702934265
88,1e-07,1e-10,1e-14,TRUSS,-700687.1654856183,False,3,2353,10.397704124450684
88,1e-07,1e-10,1e-14,WOOD1P,-inf,False,3,424,0.0687510967254638
88,1e-07,1e-10,1e-14,WOODW,-inf,False,3,82,0.079270601272583
89,1e-07,1e-10,1e-15,25FV47,-inf,False,3,822,0.1551036834716797
89,1e-07,1e-10,1e-15,ADLITTLE,-225494.96316238047,True,0,144,0.0006475448608398
89,1e-07,1e-10,1e-15,AFIRO,464.7531428571428,True,0,30,0.0003066062927246
89,1e-07,1e-10,1e-15,AGG,36291233.286576286,True,0,609,0.0127515792846679
89,1e-07,1e-10,1e-15,AGG2,20239252.355977103,True,0,572,0.006751537322998
89,1e-07,1e-10,1e-15,AGG3,-10312115.935089232,True,0,588,0.0098326206207275
89,1e-07,1e-10,1e-15,BANDM,-inf,False,3,92,0.0028183460235595
89,1e-07,1e-10,1e-15,BEACONFD,-33592.48580719996,True,0,212,0.0027165412902832
89,1e-07,1e-10,1e-15,BLEND,30.81214984582805,True,0,180,0.0009186267852783
89,1e-07,1e-10,1e-15,BNL1,-inf,False,3,3730,1.8694801330566408
89,1e-07,1e-10,1e-15,BNL2,-inf,False,3,2836,10.06861424446106
89,1e-07,1e-10,1e-15,BRANDY,-1518.5098964880663,True,0,704,0.0116107463836669
89,1e-07,1e-10,1e-15,D2Q06C,-inf,False,1,10000,82.2046480178833
89,1e-07,1e-10,1e-15,DEGEN2,1435.1779999999912,True,0,2594,0.2758431434631347
89,1e-07,1e-10,1e-15,DEGEN3,-inf,False,1,10000,41.344770193099976
89,1e-07,1e-10,1e-15,E226,-inf,False,3,335,0.0061967372894287
89,1e-07,1e-10,1e-15,FFFFF800,-inf,False,3,895,0.0788133144378662
89,1e-07,1e-10,1e-15,ISRAEL,896644.8218630381,True,0,913,0.0179240703582763
89,1e-07,1e-10,1e-15,LOTFI,25.26470606188001,True,0,271,0.0024311542510986
89,1e-07,1e-10,1e-15,MAROS-R7,-1497185.1664796427,True,0,4317,56.953970432281494
89,1e-07,1e-10,1e-15,QAP12,-inf,False,3,4900,139.25127577781677
89,1e-07,1e-10,1e-15,QAP15,-inf,False,3,3419,157.48269081115723
89,1e-07,1e-10,1e-15,QAP8,-inf,False,3,871,1.1304845809936523
89,1e-07,1e-10,1e-15,SC105,52.2020612117072,True,0,131,0.0010678768157958
89,1e-07,1e-10,1e-15,SC205,52.20206121167227,True,0,274,0.0056982040405273
89,1e-07,1e-10,1e-15,SC50A,64.57507705856449,True,0,59,0.0003585815429687
89,1e-07,1e-10,1e-15,SC50B,70.0,True,0,62,0.0003738403320312
89,1e-07,1e-10,1e-15,SCAGR25,-inf,False,3,615,0.0481641292572021
89,1e-07,1e-10,1e-15,SCAGR7,2331389.8243310177,True,0,267,0.0021696090698242
89,1e-07,1e-10,1e-15,SCFXM1,-18416.759028350636,True,0,749,0.0274980068206787
89,1e-07,1e-10,1e-15,SCFXM2,-36937.47215647803,True,0,1606,0.29854416847229
89,1e-07,1e-10,1e-15,SCFXM3,-inf,False,2,1863,0.7623331546783447
89,1e-07,1e-10,1e-15,SCORPION,-1875.8517318290153,True,0,466,0.0088260173797607
89,1e-07,1e-10,1e-15,SCRS8,-inf,False,3,938,0.0521414279937744
89,1e-07,1e-10,1e-15,SCSD1,6535.289842344521,False,3,322,0.0043141841888427
89,1e-07,1e-10,1e-15,SCSD6,-50.50000007826234,True,0,630,0.0231833457946777
89,1e-07,1e-10,1e-15,SCSD8,-inf,False,3,286,0.0147063732147216
89,1e-07,1e-10,1e-15,SCTAP1,-inf,False,3,157,0.0043394565582275
89,1e-07,1e-10,1e-15,SCTAP2,-inf,False,3,129,0.0223364830017089
89,1e-07,1e-10,1e-15,SCTAP3,-inf,False,3,524,0.7727937698364258
89,1e-07,1e-10,1e-15,SHARE1B,76589.31857918575,True,0,456,0.0037782192230224
89,1e-07,1e-10,1e-15,SHARE2B,415.7322407414188,True,0,210,0.0011050701141357
89,1e-07,1e-10,1e-15,SHIP04L,-1793324.5379703536,True,0,773,0.0105800628662109
89,1e-07,1e-10,1e-15,SHIP04S,-1798714.7004453936,True,0,608,0.0066051483154296
89,1e-07,1e-10,1e-15,SHIP08L,-1909055.2113891335,True,0,1514,0.0440373420715332
89,1e-07,1e-10,1e-15,SHIP08S,-1920098.2105346206,True,0,1214,0.0256214141845703
89,1e-07,1e-10,1e-15,SHIP12L,-1470187.919329265,True,0,2081,0.1105604171752929
89,1e-07,1e-10,1e-15,SHIP12S,-1489236.134406127,True,0,1568,0.0559048652648925
89,1e-07,1e-10,1e-15,STOCFOR1,41131.97621943676,True,0,268,0.00203537940979
89,1e-07,1e-10,1e-15,STOCFOR2,-inf,False,3,3891,11.064454317092896
89,1e-07,1e-10,1e-15,STOCFOR3,-inf,False,3,6413,371.6340093612671
89,1e-07,1e-10,1e-15,TRUSS,4726452407.594585,False,3,6250,38.588064432144165
89,1e-07,1e-10,1e-15,WOOD1P,-inf,False,3,99,0.0160002708435058
89,1e-07,1e-10,1e-15,WOODW,-inf,False,3,82,0.0790784358978271
90,1e-07,1e-11,1e-11,25FV47,-inf,False,3,140,0.0101604461669921
90,1e-07,1e-11,1e-11,ADLITTLE,-225494.96316238047,True,0,144,0.0006334781646728
90,1e-07,1e-11,1e-11,AFIRO,464.7531428571428,True,0,30,0.0002853870391845
90,1e-07,1e-11,1e-11,AGG,10848424.378848176,True,0,595,0.0114426612854003
90,1e-07,1e-11,1e-11,AGG2,20239252.355977103,True,0,571,0.0067074298858642
90,1e-07,1e-11,1e-11,AGG3,-10312115.935089232,True,0,588,0.0097889900207519
90,1e-07,1e-11,1e-11,BANDM,-inf,False,3,373,0.0132088661193847
90,1e-07,1e-11,1e-11,BEACONFD,-33592.48580719998,True,0,210,0.0025975704193115
90,1e-07,1e-11,1e-11,BLEND,30.81214984582829,True,0,148,0.0007686614990234
90,1e-07,1e-11,1e-11,BNL1,-inf,False,3,506,0.0468983650207519
90,1e-07,1e-11,1e-11,BNL2,-inf,False,3,1529,3.077908515930176
90,1e-07,1e-11,1e-11,BRANDY,-inf,False,3,91,0.0016529560089111
90,1e-07,1e-11,1e-11,D2Q06C,-inf,False,3,671,0.1946997642517089
90,1e-07,1e-11,1e-11,DEGEN2,1436.4949999999983,True,0,2751,0.2795169353485107
90,1e-07,1e-11,1e-11,DEGEN3,-inf,False,1,10000,41.613813400268555
90,1e-07,1e-11,1e-11,E226,18.75192906637472,True,0,737,0.0183031558990478
90,1e-07,1e-11,1e-11,FFFFF800,-inf,False,3,283,0.0145258903503417
90,1e-07,1e-11,1e-11,ISRAEL,896644.8218630484,True,0,950,0.0195848941802978
90,1e-07,1e-11,1e-11,LOTFI,25.264706061880013,True,0,264,0.002448558807373
90,1e-07,1e-11,1e-11,MAROS-R7,-1497185.1664796427,True,0,4317,56.871845960617065
90,1e-07,1e-11,1e-11,QAP12,-inf,False,3,1778,20.47469162940979
90,1e-07,1e-11,1e-11,QAP15,-inf,False,3,2413,41.761106729507446
90,1e-07,1e-11,1e-11,QAP8,-inf,False,3,813,0.9807500839233398
90,1e-07,1e-11,1e-11,SC105,52.20206121170722,True,0,138,0.0012989044189453
90,1e-07,1e-11,1e-11,SC205,52.20206121182398,True,0,314,0.0072715282440185
90,1e-07,1e-11,1e-11,SC50A,64.57507705856449,True,0,59,0.000392198562622
90,1e-07,1e-11,1e-11,SC50B,70.0,True,0,62,0.000403881072998
90,1e-07,1e-11,1e-11,SCAGR25,-inf,False,3,440,0.0323448181152343
90,1e-07,1e-11,1e-11,SCAGR7,2331389.824330985,True,0,270,0.0023751258850097
90,1e-07,1e-11,1e-11,SCFXM1,-inf,False,3,233,0.0048520565032958
90,1e-07,1e-11,1e-11,SCFXM2,-inf,False,3,217,0.008296251296997
90,1e-07,1e-11,1e-11,SCFXM3,-inf,False,3,489,0.0300972461700439
90,1e-07,1e-11,1e-11,SCORPION,-1875.8517318290158,True,0,466,0.0094974040985107
90,1e-07,1e-11,1e-11,SCRS8,-inf,False,3,760,0.0369608402252197
90,1e-07,1e-11,1e-11,SCSD1,-0.928966462411952,False,3,309,0.0046162605285644
90,1e-07,1e-11,1e-11,SCSD6,-49.09175484469489,False,3,595,0.0234808921813964
90,1e-07,1e-11,1e-11,SCSD8,-inf,False,3,279,0.0148432254791259
90,1e-07,1e-11,1e-11,SCTAP1,-inf,False,3,422,0.0115654468536376
90,1e-07,1e-11,1e-11,SCTAP2,-inf,False,3,152,0.0311806201934814
90,1e-07,1e-11,1e-11,SCTAP3,-inf,False,3,41,0.0262453556060791
90,1e-07,1e-11,1e-11,SHARE1B,76589.31857918575,True,0,456,0.0040631294250488
90,1e-07,1e-11,1e-11,SHARE2B,415.732240741419,True,0,204,0.0011975765228271
90,1e-07,1e-11,1e-11,SHIP04L,-1793324.5379703536,True,0,777,0.0117244720458984
90,1e-07,1e-11,1e-11,SHIP04S,-1798714.7004453933,True,0,606,0.0069339275360107
90,1e-07,1e-11,1e-11,SHIP08L,-1909055.211389134,True,0,1518,0.0464484691619873
90,1e-07,1e-11,1e-11,SHIP08S,-1920098.2105346203,True,0,1215,0.0270490646362304
90,1e-07,1e-11,1e-11,SHIP12L,-1470187.919329265,True,0,2060,0.1138160228729248
90,1e-07,1e-11,1e-11,SHIP12S,-1489236.134406127,True,0,1568,0.0587491989135742
90,1e-07,1e-11,1e-11,STOCFOR1,41131.976219436205,True,0,259,0.0020644664764404
90,1e-07,1e-11,1e-11,STOCFOR2,39024.408537882045,True,0,4273,14.1399405002594
90,1e-07,1e-11,1e-11,STOCFOR3,-inf,False,1,10000,338.8588466644287
90,1e-07,1e-11,1e-11,TRUSS,-688258.1090429984,False,3,1911,7.347781658172607
90,1e-07,1e-11,1e-11,WOOD1P,-inf,False,3,114,0.0181517601013183
90,1e-07,1e-11,1e-11,WOODW,-inf,False,3,39,0.0419299602508544
91,1e-07,1e-11,1e-12,25FV47,-inf,False,3,140,0.0101120471954345
91,1e-07,1e-11,1e-12,ADLITTLE,-225494.96316238047,True,0,144,0.0006384849548339
91,1e-07,1e-11,1e-12,AFIRO,464.7531428571428,True,0,30,0.0002870559692382
91,1e-07,1e-11,1e-12,AGG,10439165.6080729,True,0,595,0.0119721889495849
91,1e-07,1e-11,1e-12,AGG2,20239252.355977103,True,0,571,0.0070681571960449
91,1e-07,1e-11,1e-12,AGG3,-10312115.935089232,True,0,588,0.0098428726196289
91,1e-07,1e-11,1e-12,BANDM,-inf,False,3,201,0.0071043968200683
91,1e-07,1e-11,1e-12,BEACONFD,-33592.48580719998,True,0,210,0.0026049613952636
91,1e-07,1e-11,1e-12,BLEND,30.81214984582829,True,0,148,0.0007710456848144
91,1e-07,1e-11,1e-12,BNL1,-inf,False,3,506,0.047084093093872
91,1e-07,1e-11,1e-12,BNL2,-inf,False,3,2409,7.580071687698364
91,1e-07,1e-11,1e-12,BRANDY,-inf,False,3,96,0.001976728439331
91,1e-07,1e-11,1e-12,D2Q06C,-inf,False,3,671,0.2036178112030029
91,1e-07,1e-11,1e-12,DEGEN2,1436.4949999999976,True,0,3102,0.3477616310119629
91,1e-07,1e-11,1e-12,DEGEN3,-inf,False,3,9318,38.43201231956482
91,1e-07,1e-11,1e-12,E226,18.75192906637468,True,0,738,0.0169897079467773
91,1e-07,1e-11,1e-12,FFFFF800,-inf,False,3,1535,0.1706964969635009
91,1e-07,1e-11,1e-12,ISRAEL,896644.8218630381,True,0,913,0.0175888538360595
91,1e-07,1e-11,1e-12,LOTFI,25.264706061880016,True,0,266,0.0023136138916015
91,1e-07,1e-11,1e-12,MAROS-R7,-1497185.1664796427,True,0,4317,56.96606111526489
91,1e-07,1e-11,1e-12,QAP12,-inf,False,3,1995,26.419384717941284
91,1e-07,1e-11,1e-12,QAP15,-inf,False,3,2415,42.056175231933594
91,1e-07,1e-11,1e-12,QAP8,-inf,False,3,807,0.9444301128387452
91,1e-07,1e-11,1e-12,SC105,52.20206121170722,True,0,138,0.001188039779663
91,1e-07,1e-11,1e-12,SC205,52.202061211805145,True,0,304,0.0067312717437744
91,1e-07,1e-11,1e-12,SC50A,64.57507705856449,True,0,59,0.000368595123291
91,1e-07,1e-11,1e-12,SC50B,70.0,True,0,62,0.0003838539123535
91,1e-07,1e-11,1e-12,SCAGR25,-inf,False,3,742,0.056999921798706
91,1e-07,1e-11,1e-12,SCAGR7,2331389.824330985,True,0,270,0.0023229122161865
91,1e-07,1e-11,1e-12,SCFXM1,-inf,False,3,233,0.0046963691711425
91,1e-07,1e-11,1e-12,SCFXM2,-inf,False,3,217,0.0081081390380859
91,1e-07,1e-11,1e-12,SCFXM3,-inf,False,3,464,0.0282015800476074
91,1e-07,1e-11,1e-12,SCORPION,-1875.8517318290158,True,0,466,0.0091290473937988
91,1e-07,1e-11,1e-12,SCRS8,-inf,False,3,760,0.0353612899780273
91,1e-07,1e-11,1e-12,SCSD1,-22.29596178516752,False,3,295,0.0041797161102294
91,1e-07,1e-11,1e-12,SCSD6,-49.09175484469489,False,3,595,0.0225598812103271
91,1e-07,1e-11,1e-12,SCSD8,-inf,False,3,279,0.0142850875854492
91,1e-07,1e-11,1e-12,SCTAP1,-inf,False,3,420,0.0109388828277587
91,1e-07,1e-11,1e-12,SCTAP2,-inf,False,3,152,0.0299713611602783
91,1e-07,1e-11,1e-12,SCTAP3,-inf,False,3,41,0.0257692337036132
91,1e-07,1e-11,1e-12,SHARE1B,76589.31857918575,True,0,456,0.0038671493530273
91,1e-07,1e-11,1e-12,SHARE2B,415.732240741419,True,0,204,0.0011360645294189
91,1e-07,1e-11,1e-12,SHIP04L,-1793324.5379703536,True,0,777,0.0113637447357177
91,1e-07,1e-11,1e-12,SHIP04S,-1798714.7004453933,True,0,606,0.0067260265350341
91,1e-07,1e-11,1e-12,SHIP08L,-1909055.211389134,True,0,1518,0.0449118614196777
91,1e-07,1e-11,1e-12,SHIP08S,-1920098.2105346203,True,0,1215,0.0264241695404052
91,1e-07,1e-11,1e-12,SHIP12L,-1470187.919329265,True,0,2060,0.1107914447784423
91,1e-07,1e-11,1e-12,SHIP12S,-1489236.134406127,True,0,1568,0.0569472312927246
91,1e-07,1e-11,1e-12,STOCFOR1,41131.976219436176,True,0,259,0.0021202564239501
91,1e-07,1e-11,1e-12,STOCFOR2,-inf,False,3,2800,2.055913209915161
91,1e-07,1e-11,1e-12,STOCFOR3,-inf,False,1,10000,341.9888093471527
91,1e-07,1e-11,1e-12,TRUSS,-5.553008481644013e+18,False,3,2102,8.598787784576416
91,1e-07,1e-11,1e-12,WOOD1P,-inf,False,3,190,0.0281741619110107
91,1e-07,1e-11,1e-12,WOODW,-inf,False,3,39,0.0418975353240966
92,1e-07,1e-11,1e-13,25FV47,-inf,False,3,142,0.0101394653320312
92,1e-07,1e-11,1e-13,ADLITTLE,-225494.96316238047,True,0,144,0.0006439685821533
92,1e-07,1e-11,1e-13,AFIRO,464.7531428571428,True,0,30,0.0002875328063964
92,1e-07,1e-11,1e-13,AGG,10410622.637922712,True,0,596,0.0117514133453369
92,1e-07,1e-11,1e-13,AGG2,20239252.355977103,True,0,571,0.0067191123962402
92,1e-07,1e-11,1e-13,AGG3,-10312115.935089232,True,0,588,0.0098457336425781
92,1e-07,1e-11,1e-13,BANDM,-inf,False,3,201,0.0072669982910156
92,1e-07,1e-11,1e-13,BEACONFD,-33592.48580719998,True,0,210,0.0026028156280517
92,1e-07,1e-11,1e-13,BLEND,30.81214984582808,True,0,165,0.0008368492126464
92,1e-07,1e-11,1e-13,BNL1,-inf,False,3,507,0.0472943782806396
92,1e-07,1e-11,1e-13,BNL2,-inf,False,3,840,1.1589012145996094
92,1e-07,1e-11,1e-13,BRANDY,-inf,False,3,110,0.0019304752349853
92,1e-07,1e-11,1e-13,D2Q06C,-inf,False,3,671,0.194986343383789
92,1e-07,1e-11,1e-13,DEGEN2,1435.1779999999994,True,0,2819,0.2978975772857666
92,1e-07,1e-11,1e-13,DEGEN3,-inf,False,3,8116,32.52502083778381
92,1e-07,1e-11,1e-13,E226,18.75192906637468,True,0,738,0.0169486999511718
92,1e-07,1e-11,1e-13,FFFFF800,-inf,False,3,666,0.0558559894561767
92,1e-07,1e-11,1e-13,ISRAEL,896644.8218630381,True,0,913,0.0176002979278564
92,1e-07,1e-11,1e-13,LOTFI,25.26470606188001,True,0,277,0.002465009689331
92,1e-07,1e-11,1e-13,MAROS-R7,-1497185.1664796427,True,0,4317,56.86397671699524
92,1e-07,1e-11,1e-13,QAP12,-inf,False,3,2055,28.61641526222229
92,1e-07,1e-11,1e-13,QAP15,-inf,False,3,5063,423.55409145355225
92,1e-07,1e-11,1e-13,QAP8,-inf,False,3,929,1.218924045562744
92,1e-07,1e-11,1e-13,SC105,52.20206121170722,True,0,139,0.0011296272277832
92,1e-07,1e-11,1e-13,SC205,52.20206121170649,True,0,322,0.0070586204528808
92,1e-07,1e-11,1e-13,SC50A,64.57507705856449,True,0,59,0.0003609657287597
92,1e-07,1e-11,1e-13,SC50B,70.0,True,0,62,0.0003736019134521
92,1e-07,1e-11,1e-13,SCAGR25,-inf,False,3,1142,0.0994002819061279
92,1e-07,1e-11,1e-13,SCAGR7,2331389.824330985,True,0,270,0.002246618270874
92,1e-07,1e-11,1e-13,SCFXM1,-inf,False,3,275,0.005969762802124
92,1e-07,1e-11,1e-13,SCFXM2,-inf,False,3,217,0.0078094005584716
92,1e-07,1e-11,1e-13,SCFXM3,-inf,False,3,447,0.0267348289489746
92,1e-07,1e-11,1e-13,SCORPION,-1875.8517318290158,True,0,466,0.0089132785797119
92,1e-07,1e-11,1e-13,SCRS8,-inf,False,3,1048,0.0805490016937255
92,1e-07,1e-11,1e-13,SCSD1,-8.21757299260629,False,3,316,0.0044081211090087
92,1e-07,1e-11,1e-13,SCSD6,-50.50000007826237,True,0,708,0.0274240970611572
92,1e-07,1e-11,1e-13,SCSD8,-inf,False,3,279,0.0140430927276611
92,1e-07,1e-11,1e-13,SCTAP1,-inf,False,3,421,0.0108304023742675
92,1e-07,1e-11,1e-13,SCTAP2,-inf,False,3,128,0.0218226909637451
92,1e-07,1e-11,1e-13,SCTAP3,-inf,False,3,41,0.0253067016601562
92,1e-07,1e-11,1e-13,SHARE1B,76589.31857918575,True,0,456,0.0037934780120849
92,1e-07,1e-11,1e-13,SHARE2B,415.732240741419,True,0,204,0.0010926723480224
92,1e-07,1e-11,1e-13,SHIP04L,-1793324.5379703536,True,0,777,0.0111002922058105
92,1e-07,1e-11,1e-13,SHIP04S,-1798714.7004453933,True,0,606,0.0065937042236328
92,1e-07,1e-11,1e-13,SHIP08L,-1909055.211389134,True,0,1518,0.0442061424255371
92,1e-07,1e-11,1e-13,SHIP08S,-1920098.2105346203,True,0,1215,0.0258700847625732
92,1e-07,1e-11,1e-13,SHIP12L,-1470187.919329265,True,0,2060,0.1082770824432373
92,1e-07,1e-11,1e-13,SHIP12S,-1489236.134406127,True,0,1568,0.056049108505249
92,1e-07,1e-11,1e-13,STOCFOR1,41131.97621943616,True,0,259,0.0019433498382568
92,1e-07,1e-11,1e-13,STOCFOR2,-inf,False,3,2808,2.145954847335815
92,1e-07,1e-11,1e-13,STOCFOR3,-inf,False,1,10000,341.6883010864258
92,1e-07,1e-11,1e-13,TRUSS,9.256764452036821e+23,False,3,7133,44.4433708190918
92,1e-07,1e-11,1e-13,WOOD1P,-inf,False,3,184,0.0266714096069335
92,1e-07,1e-11,1e-13,WOODW,-inf,False,3,40,0.0427792072296142
93,1e-07,1e-11,1e-14,25FV47,-inf,False,3,284,0.0232870578765869
93,1e-07,1e-11,1e-14,ADLITTLE,-225494.96316238047,True,0,144,0.0006494522094726
93,1e-07,1e-11,1e-14,AFIRO,464.7531428571428,True,0,30,0.0002913475036621
93,1e-07,1e-11,1e-14,AGG,10410622.637922712,True,0,596,0.0118381977081298
93,1e-07,1e-11,1e-14,AGG2,20239252.355977103,True,0,571,0.0068001747131347
93,1e-07,1e-11,1e-14,AGG3,-10312115.935089232,True,0,588,0.0098304748535156
93,1e-07,1e-11,1e-14,BANDM,-inf,False,3,458,0.0164158344268798
93,1e-07,1e-11,1e-14,BEACONFD,-33592.48580719996,True,0,212,0.0026352405548095
93,1e-07,1e-11,1e-14,BLEND,30.81214984582823,True,0,161,0.0008323192596435
93,1e-07,1e-11,1e-14,BNL1,-inf,False,3,551,0.0546014308929443
93,1e-07,1e-11,1e-14,BNL2,-inf,False,3,1534,3.295013189315796
93,1e-07,1e-11,1e-14,BRANDY,-inf,False,3,99,0.0016143321990966
93,1e-07,1e-11,1e-14,D2Q06C,-inf,False,3,671,0.1940619945526123
93,1e-07,1e-11,1e-14,DEGEN2,1435.1779999999806,True,0,3022,0.3103909492492676
93,1e-07,1e-11,1e-14,DEGEN3,-inf,False,1,10000,41.50010681152344
93,1e-07,1e-11,1e-14,E226,18.93821307653316,True,0,920,0.0225386619567871
93,1e-07,1e-11,1e-14,FFFFF800,-inf,False,3,675,0.0558533668518066
93,1e-07,1e-11,1e-14,ISRAEL,896644.8218630381,True,0,913,0.017648696899414
93,1e-07,1e-11,1e-14,LOTFI,25.26470606188001,True,0,277,0.0024809837341308
93,1e-07,1e-11,1e-14,MAROS-R7,-1497185.1664796427,True,0,4317,56.87055945396423
93,1e-07,1e-11,1e-14,QAP12,-inf,False,3,1924,27.22705340385437
93,1e-07,1e-11,1e-14,QAP15,-inf,False,3,2770,72.85735654830933
93,1e-07,1e-11,1e-14,QAP8,-inf,False,3,971,1.2773699760437012
93,1e-07,1e-11,1e-14,SC105,52.20206121170724,True,0,134,0.0010907649993896
93,1e-07,1e-11,1e-14,SC205,52.2020612117079,True,0,325,0.0070893764495849
93,1e-07,1e-11,1e-14,SC50A,64.57507705856449,True,0,59,0.0003604888916015
93,1e-07,1e-11,1e-14,SC50B,70.0,True,0,62,0.0003776550292968
93,1e-07,1e-11,1e-14,SCAGR25,-inf,False,3,1234,0.1114614009857177
93,1e-07,1e-11,1e-14,SCAGR7,2331389.8243309762,True,0,250,0.0020041465759277
93,1e-07,1e-11,1e-14,SCFXM1,-94508.85009800945,False,3,2849,0.1574351787567138
93,1e-07,1e-11,1e-14,SCFXM2,-inf,False,3,217,0.0076966285705566
93,1e-07,1e-11,1e-14,SCFXM3,-inf,False,2,1938,1.011542558670044
93,1e-07,1e-11,1e-14,SCORPION,-1875.8517318290155,True,0,466,0.0088822841644287
93,1e-07,1e-11,1e-14,SCRS8,-inf,False,3,712,0.0310056209564209
93,1e-07,1e-11,1e-14,SCSD1,53935.435310191926,False,3,452,0.0062105655670166
93,1e-07,1e-11,1e-14,SCSD6,-42.67621507068471,False,3,778,0.0306568145751953
93,1e-07,1e-11,1e-14,SCSD8,-inf,False,3,286,0.014686107635498
93,1e-07,1e-11,1e-14,SCTAP1,-1412.2499999999982,True,0,875,0.0347506999969482
93,1e-07,1e-11,1e-14,SCTAP2,-inf,False,3,131,0.0239887237548828
93,1e-07,1e-11,1e-14,SCTAP3,-inf,False,3,44,0.0259289741516113
93,1e-07,1e-11,1e-14,SHARE1B,76589.31857918575,True,0,456,0.0038211345672607
93,1e-07,1e-11,1e-14,SHARE2B,415.732240741419,True,0,203,0.0010883808135986
93,1e-07,1e-11,1e-14,SHIP04L,-1793324.5379703536,True,0,775,0.0108823776245117
93,1e-07,1e-11,1e-14,SHIP04S,-1798714.7004453933,True,0,606,0.0065639019012451
93,1e-07,1e-11,1e-14,SHIP08L,-1909055.211389134,True,0,1518,0.0442225933074951
93,1e-07,1e-11,1e-14,SHIP08S,-1920098.2105346203,True,0,1215,0.0259139537811279
93,1e-07,1e-11,1e-14,SHIP12L,-1470187.919329265,True,0,2060,0.1088016033172607
93,1e-07,1e-11,1e-14,SHIP12S,-1489236.134406127,True,0,1569,0.0560660362243652
93,1e-07,1e-11,1e-14,STOCFOR1,41131.976219436154,True,0,260,0.0019402503967285
93,1e-07,1e-11,1e-14,STOCFOR2,-inf,False,3,2830,2.2845067977905273
93,1e-07,1e-11,1e-14,STOCFOR3,-inf,False,1,10000,352.09074330329895
93,1e-07,1e-11,1e-14,TRUSS,-53257055.56533814,False,3,2259,9.780735969543455
93,1e-07,1e-11,1e-14,WOOD1P,-inf,False,3,2312,0.3027408123016357
93,1e-07,1e-11,1e-14,WOODW,-inf,False,3,40,0.0433392524719238
94,1e-07,1e-11,1e-15,25FV47,-inf,False,3,301,0.0255689620971679
94,1e-07,1e-11,1e-15,ADLITTLE,-225494.96316238047,True,0,144,0.0006725788116455
94,1e-07,1e-11,1e-15,AFIRO,464.7531428571428,True,0,30,0.0002896785736083
94,1e-07,1e-11,1e-15,AGG,10410622.637922712,True,0,596,0.0118012428283691
94,1e-07,1e-11,1e-15,AGG2,20239252.355977103,True,0,572,0.0067691802978515
94,1e-07,1e-11,1e-15,AGG3,-10312115.935089232,True,0,588,0.0099399089813232
94,1e-07,1e-11,1e-15,BANDM,-inf,False,3,151,0.0052230358123779
94,1e-07,1e-11,1e-15,BEACONFD,-33592.48580719996,True,0,212,0.0026330947875976
94,1e-07,1e-11,1e-15,BLEND,30.81214984582805,True,0,180,0.0009124279022216
94,1e-07,1e-11,1e-15,BNL1,-inf,False,3,1405,0.2699236869812011
94,1e-07,1e-11,1e-15,BNL2,-inf,False,3,1136,2.040283679962158
94,1e-07,1e-11,1e-15,BRANDY,-inf,False,3,675,0.0106692314147949
94,1e-07,1e-11,1e-15,D2Q06C,-inf,False,3,546,0.311349868774414
94,1e-07,1e-11,1e-15,DEGEN2,1435.1779999999912,True,0,2594,0.2618865966796875
94,1e-07,1e-11,1e-15,DEGEN3,-inf,False,1,10000,41.308478355407715
94,1e-07,1e-11,1e-15,E226,-inf,False,3,335,0.0062737464904785
94,1e-07,1e-11,1e-15,FFFFF800,-inf,False,3,679,0.0554220676422119
94,1e-07,1e-11,1e-15,ISRAEL,896644.8218630381,True,0,913,0.0177531242370605
94,1e-07,1e-11,1e-15,LOTFI,25.26470606188001,True,0,271,0.0023980140686035
94,1e-07,1e-11,1e-15,MAROS-R7,-1497185.1664796427,True,0,4317,56.93307447433472
94,1e-07,1e-11,1e-15,QAP12,-inf,False,3,2104,29.63436079025269
94,1e-07,1e-11,1e-15,QAP15,-inf,False,3,3337,132.05211997032166
94,1e-07,1e-11,1e-15,QAP8,-inf,False,1,10000,22.280566215515137
94,1e-07,1e-11,1e-15,SC105,52.2020612117072,True,0,131,0.0010619163513183
94,1e-07,1e-11,1e-15,SC205,52.20206121167227,True,0,274,0.005669355392456
94,1e-07,1e-11,1e-15,SC50A,64.57507705856449,True,0,59,0.000364065170288
94,1e-07,1e-11,1e-15,SC50B,70.0,True,0,62,0.0003778934478759
94,1e-07,1e-11,1e-15,SCAGR25,-inf,False,3,615,0.0485415458679199
94,1e-07,1e-11,1e-15,SCAGR7,2331389.8243310177,True,0,267,0.0021388530731201
94,1e-07,1e-11,1e-15,SCFXM1,-18416.759028350643,True,0,753,0.0288922786712646
94,1e-07,1e-11,1e-15,SCFXM2,-inf,False,1,10000,4.627732038497925
94,1e-07,1e-11,1e-15,SCFXM3,-inf,False,3,2645,1.3777861595153809
94,1e-07,1e-11,1e-15,SCORPION,-1875.8517318290153,True,0,466,0.0093038082122802
94,1e-07,1e-11,1e-15,SCRS8,-inf,False,3,1010,0.0684535503387451
94,1e-07,1e-11,1e-15,SCSD1,6535.289842344521,False,3,322,0.0044825077056884
94,1e-07,1e-11,1e-15,SCSD6,-50.50000007826234,True,0,630,0.0244002342224121
94,1e-07,1e-11,1e-15,SCSD8,-inf,False,3,286,0.0151989459991455
94,1e-07,1e-11,1e-15,SCTAP1,-inf,False,3,177,0.0052559375762939
94,1e-07,1e-11,1e-15,SCTAP2,-inf,False,3,129,0.0249257087707519
94,1e-07,1e-11,1e-15,SCTAP3,-inf,False,3,38,0.0256297588348388
94,1e-07,1e-11,1e-15,SHARE1B,76589.31857918575,True,0,456,0.0040113925933837
94,1e-07,1e-11,1e-15,SHARE2B,415.7322407414188,True,0,210,0.001185655593872
94,1e-07,1e-11,1e-15,SHIP04L,-1793324.5379703536,True,0,773,0.0110008716583251
94,1e-07,1e-11,1e-15,SHIP04S,-1798714.7004453936,True,0,608,0.0068788528442382
94,1e-07,1e-11,1e-15,SHIP08L,-1909055.2113891335,True,0,1514,0.045767068862915
94,1e-07,1e-11,1e-15,SHIP08S,-1920098.2105346206,True,0,1214,0.0262598991394042
94,1e-07,1e-11,1e-15,SHIP12L,-1470187.919329265,True,0,2081,0.1141066551208496
94,1e-07,1e-11,1e-15,SHIP12S,-1489236.134406127,True,0,1568,0.0575482845306396
94,1e-07,1e-11,1e-15,STOCFOR1,41131.97621943676,True,0,268,0.0021677017211914
94,1e-07,1e-11,1e-15,STOCFOR2,-inf,False,3,5016,20.66035199165344
94,1e-07,1e-11,1e-15,STOCFOR3,-inf,False,3,6112,329.96622371673584
94,1e-07,1e-11,1e-15,TRUSS,-720836.4359250888,False,3,3053,15.355688333511353
94,1e-07,1e-11,1e-15,WOOD1P,-inf,False,3,113,0.017491340637207
94,1e-07,1e-11,1e-15,WOODW,-inf,False,3,39,0.0417017936706543
95,1e-07,1e-12,1e-11,25FV47,-inf,False,3,138,0.010608434677124
95,1e-07,1e-12,1e-11,ADLITTLE,-225494.96316238047,True,0,144,0.0006473064422607
95,1e-07,1e-12,1e-11,AFIRO,464.7531428571428,True,0,30,0.0002913475036621
95,1e-07,1e-12,1e-11,AGG,9884050.397971194,False,3,583,0.0111331939697265
95,1e-07,1e-12,1e-11,AGG2,20239252.355977103,True,0,571,0.0067768096923828
95,1e-07,1e-12,1e-11,AGG3,-10312115.935089232,True,0,588,0.0098874568939208
95,1e-07,1e-12,1e-11,BANDM,-inf,False,3,92,0.0025994777679443
95,1e-07,1e-12,1e-11,BEACONFD,-inf,False,3,33,0.0010194778442382
95,1e-07,1e-12,1e-11,BLEND,30.81214984582829,True,0,148,0.000800609588623
95,1e-07,1e-12,1e-11,BNL1,-inf,False,3,443,0.0380046367645263
95,1e-07,1e-12,1e-11,BNL2,-inf,False,3,425,0.2041337490081787
95,1e-07,1e-12,1e-11,BRANDY,-inf,False,3,16,0.0005354881286621
95,1e-07,1e-12,1e-11,D2Q06C,-inf,False,3,462,0.1347875595092773
95,1e-07,1e-12,1e-11,DEGEN2,1436.4949999999983,True,0,2751,0.2897686958312988
95,1e-07,1e-12,1e-11,DEGEN3,-inf,False,3,3779,12.622086763381958
95,1e-07,1e-12,1e-11,E226,-6.443690524131252,False,3,426,0.0081212520599365
95,1e-07,1e-12,1e-11,FFFFF800,-inf,False,3,283,0.0139212608337402
95,1e-07,1e-12,1e-11,ISRAEL,896644.8218630484,True,0,950,0.0188541412353515
95,1e-07,1e-12,1e-11,LOTFI,25.264706061880013,True,0,264,0.0023519992828369
95,1e-07,1e-12,1e-11,MAROS-R7,-1497185.1664796427,True,0,4317,56.92115354537964
95,1e-07,1e-12,1e-11,QAP12,-inf,False,3,1687,18.17823100090027
95,1e-07,1e-12,1e-11,QAP15,-inf,False,3,2401,40.61634826660156
95,1e-07,1e-12,1e-11,QAP8,-inf,False,3,604,0.5081641674041748
95,1e-07,1e-12,1e-11,SC105,52.20206121170722,True,0,138,0.0011403560638427
95,1e-07,1e-12,1e-11,SC205,52.20206121182398,True,0,314,0.0068104267120361
95,1e-07,1e-12,1e-11,SC50A,64.57507705856449,True,0,59,0.0003635883331298
95,1e-07,1e-12,1e-11,SC50B,70.0,True,0,62,0.0003769397735595
95,1e-07,1e-12,1e-11,SCAGR25,-inf,False,3,296,0.0167775154113769
95,1e-07,1e-12,1e-11,SCAGR7,2331389.824330985,True,0,270,0.0022234916687011
95,1e-07,1e-12,1e-11,SCFXM1,-inf,False,3,172,0.0033879280090332
95,1e-07,1e-12,1e-11,SCFXM2,-inf,False,3,205,0.0072646141052246
95,1e-07,1e-12,1e-11,SCFXM3,-inf,False,3,488,0.0285017490386962
95,1e-07,1e-12,1e-11,SCORPION,-1875.8517318290158,True,0,466,0.008906602859497
95,1e-07,1e-12,1e-11,SCRS8,-inf,False,3,751,0.0367510318756103
95,1e-07,1e-12,1e-11,SCSD1,-0.928966462411952,False,3,309,0.0043442249298095
95,1e-07,1e-12,1e-11,SCSD6,-49.09175484469489,False,3,595,0.0218801498413085
95,1e-07,1e-12,1e-11,SCSD8,-inf,False,3,279,0.0148508548736572
95,1e-07,1e-12,1e-11,SCTAP1,-inf,False,3,257,0.0062997341156005
95,1e-07,1e-12,1e-11,SCTAP2,-inf,False,3,94,0.0157885551452636
95,1e-07,1e-12,1e-11,SCTAP3,-inf,False,3,41,0.0254101753234863
95,1e-07,1e-12,1e-11,SHARE1B,76589.31857918575,True,0,456,0.0038142204284667
95,1e-07,1e-12,1e-11,SHARE2B,415.732240741419,True,0,204,0.0011091232299804
95,1e-07,1e-12,1e-11,SHIP04L,-1793324.5379703536,True,0,777,0.011181354522705
95,1e-07,1e-12,1e-11,SHIP04S,-1798714.7004453933,True,0,606,0.0065500736236572
95,1e-07,1e-12,1e-11,SHIP08L,-1909055.211389134,True,0,1518,0.0442471504211425
95,1e-07,1e-12,1e-11,SHIP08S,-1920098.2105346203,True,0,1215,0.0258007049560546
95,1e-07,1e-12,1e-11,SHIP12L,-1470187.919329265,True,0,2060,0.1085202693939209
95,1e-07,1e-12,1e-11,SHIP12S,-1489236.134406127,True,0,1568,0.0560853481292724
95,1e-07,1e-12,1e-11,STOCFOR1,27179.942256093906,False,3,232,0.0017111301422119
95,1e-07,1e-12,1e-11,STOCFOR2,39024.408537882045,True,0,4273,14.143108129501345
95,1e-07,1e-12,1e-11,STOCFOR3,-inf,False,3,9893,329.1805281639099
95,1e-07,1e-12,1e-11,TRUSS,-3739355.8835814386,False,3,1791,6.687731027603149
95,1e-07,1e-12,1e-11,WOOD1P,-inf,False,3,180,0.0285718441009521
95,1e-07,1e-12,1e-11,WOODW,-inf,False,3,34,0.0392560958862304
96,1e-07,1e-12,1e-12,25FV47,-inf,False,3,138,0.0106074810028076
96,1e-07,1e-12,1e-12,ADLITTLE,-225494.96316238047,True,0,144,0.0006401538848876
96,1e-07,1e-12,1e-12,AFIRO,464.7531428571428,True,0,30,0.0002901554107666
96,1e-07,1e-12,1e-12,AGG,10439165.6080729,True,0,595,0.0116133689880371
96,1e-07,1e-12,1e-12,AGG2,20239252.355977103,True,0,571,0.0067417621612548
96,1e-07,1e-12,1e-12,AGG3,-10312115.935089232,True,0,588,0.0097885131835937
96,1e-07,1e-12,1e-12,BANDM,-inf,False,3,90,0.0024831295013427
96,1e-07,1e-12,1e-12,BEACONFD,-inf,False,3,33,0.0009348392486572
96,1e-07,1e-12,1e-12,BLEND,30.81214984582829,True,0,148,0.0007989406585693
96,1e-07,1e-12,1e-12,BNL1,-inf,False,3,443,0.0378434658050537
96,1e-07,1e-12,1e-12,BNL2,-inf,False,3,425,0.2041246891021728
96,1e-07,1e-12,1e-12,BRANDY,-inf,False,3,16,0.000533103942871
96,1e-07,1e-12,1e-12,D2Q06C,-inf,False,3,462,0.1356894969940185
96,1e-07,1e-12,1e-12,DEGEN2,1436.4949999999976,True,0,3102,0.3243954181671142
96,1e-07,1e-12,1e-12,DEGEN3,-inf,False,3,3434,11.06525468826294
96,1e-07,1e-12,1e-12,E226,-6.443690524131252,False,3,426,0.0078129768371582
96,1e-07,1e-12,1e-12,FFFFF800,-inf,False,3,931,0.0882351398468017
96,1e-07,1e-12,1e-12,ISRAEL,896644.8218630381,True,0,913,0.0176477432250976
96,1e-07,1e-12,1e-12,LOTFI,25.264706061880016,True,0,266,0.0023200511932373
96,1e-07,1e-12,1e-12,MAROS-R7,-1497185.1664796427,True,0,4317,56.95787739753723
96,1e-07,1e-12,1e-12,QAP12,-inf,False,3,1692,18.11381506919861
96,1e-07,1e-12,1e-12,QAP15,-inf,False,3,2407,40.7672324180603
96,1e-07,1e-12,1e-12,QAP8,-inf,False,3,605,0.5105457305908203
96,1e-07,1e-12,1e-12,SC105,52.20206121170722,True,0,138,0.0011308193206787
96,1e-07,1e-12,1e-12,SC205,52.202061211805145,True,0,304,0.0065605640411376
96,1e-07,1e-12,1e-12,SC50A,64.57507705856449,True,0,59,0.0003662109375
96,1e-07,1e-12,1e-12,SC50B,70.0,True,0,62,0.0004305839538574
96,1e-07,1e-12,1e-12,SCAGR25,-inf,False,3,725,0.0541231632232666
96,1e-07,1e-12,1e-12,SCAGR7,2331389.824330985,True,0,270,0.0022423267364501
96,1e-07,1e-12,1e-12,SCFXM1,-inf,False,3,172,0.0035209655761718
96,1e-07,1e-12,1e-12,SCFXM2,-inf,False,3,205,0.0073139667510986
96,1e-07,1e-12,1e-12,SCFXM3,-inf,False,3,463,0.0274813175201416
96,1e-07,1e-12,1e-12,SCORPION,-1875.8517318290158,True,0,466,0.0089435577392578
96,1e-07,1e-12,1e-12,SCRS8,-inf,False,3,762,0.0351016521453857
96,1e-07,1e-12,1e-12,SCSD1,-8.956707573591238,False,3,283,0.0039756298065185
96,1e-07,1e-12,1e-12,SCSD6,-49.09175484469489,False,3,595,0.0222136974334716
96,1e-07,1e-12,1e-12,SCSD8,-inf,False,3,279,0.0141053199768066
96,1e-07,1e-12,1e-12,SCTAP1,-inf,False,3,257,0.0063014030456542
96,1e-07,1e-12,1e-12,SCTAP2,-inf,False,3,94,0.0147006511688232
96,1e-07,1e-12,1e-12,SCTAP3,-inf,False,3,41,0.0253872871398925
96,1e-07,1e-12,1e-12,SHARE1B,76589.31857918575,True,0,456,0.0037770271301269
96,1e-07,1e-12,1e-12,SHARE2B,415.732240741419,True,0,204,0.001096487045288
96,1e-07,1e-12,1e-12,SHIP04L,-1793324.5379703536,True,0,777,0.0110750198364257
96,1e-07,1e-12,1e-12,SHIP04S,-1798714.7004453933,True,0,606,0.0066728591918945
96,1e-07,1e-12,1e-12,SHIP08L,-1909055.211389134,True,0,1518,0.0441834926605224
96,1e-07,1e-12,1e-12,SHIP08S,-1920098.2105346203,True,0,1215,0.0256731510162353
96,1e-07,1e-12,1e-12,SHIP12L,-1470187.919329265,True,0,2060,0.1087257862091064
96,1e-07,1e-12,1e-12,SHIP12S,-1489236.134406127,True,0,1568,0.0606567859649658
96,1e-07,1e-12,1e-12,STOCFOR1,24967.271820022102,False,3,231,0.0017306804656982
96,1e-07,1e-12,1e-12,STOCFOR2,-inf,False,3,2803,2.063398838043213
96,1e-07,1e-12,1e-12,STOCFOR3,-inf,False,3,9891,329.2934687137604
96,1e-07,1e-12,1e-12,TRUSS,-9602207.1364623,False,3,1695,6.038888931274414
96,1e-07,1e-12,1e-12,WOOD1P,-inf,False,3,98,0.0163455009460449
96,1e-07,1e-12,1e-12,WOODW,-inf,False,3,34,0.0393955707550048
97,1e-07,1e-12,1e-13,25FV47,-inf,False,3,140,0.0106773376464843
97,1e-07,1e-12,1e-13,ADLITTLE,-225494.96316238047,True,0,144,0.0006465911865234
97,1e-07,1e-12,1e-13,AFIRO,464.7531428571428,True,0,30,0.0002939701080322
97,1e-07,1e-12,1e-13,AGG,10410622.637922712,True,0,596,0.0117566585540771
97,1e-07,1e-12,1e-13,AGG2,20239252.355977103,True,0,571,0.0067324638366699
97,1e-07,1e-12,1e-13,AGG3,-10312115.935089232,True,0,588,0.0097877979278564
97,1e-07,1e-12,1e-13,BANDM,-inf,False,3,93,0.00258469581604
97,1e-07,1e-12,1e-13,BEACONFD,-inf,False,3,33,0.000925064086914
97,1e-07,1e-12,1e-13,BLEND,30.81214984582808,True,0,165,0.000847578048706
97,1e-07,1e-12,1e-13,BNL1,-inf,False,3,443,0.0377557277679443
97,1e-07,1e-12,1e-13,BNL2,-inf,False,3,425,0.2047400474548339
97,1e-07,1e-12,1e-13,BRANDY,-inf,False,3,16,0.0005321502685546
97,1e-07,1e-12,1e-13,D2Q06C,-inf,False,3,463,0.1373412609100341
97,1e-07,1e-12,1e-13,DEGEN2,1435.1779999999994,True,0,2819,0.2940108776092529
97,1e-07,1e-12,1e-13,DEGEN3,-inf,False,3,2232,5.8362510204315186
97,1e-07,1e-12,1e-13,E226,18.71822377387704,True,0,774,0.0181257724761962
97,1e-07,1e-12,1e-13,FFFFF800,-inf,False,3,644,0.0524060726165771
97,1e-07,1e-12,1e-13,ISRAEL,896644.8218630381,True,0,913,0.0177314281463623
97,1e-07,1e-12,1e-13,LOTFI,25.26470606188001,True,0,277,0.0024871826171875
97,1e-07,1e-12,1e-13,MAROS-R7,-1497185.1664796427,True,0,4317,56.97870588302612
97,1e-07,1e-12,1e-13,QAP12,-inf,False,3,1683,17.950117111206055
97,1e-07,1e-12,1e-13,QAP15,-inf,False,3,2392,40.224578619003296
97,1e-07,1e-12,1e-13,QAP8,-inf,False,3,753,0.8505289554595947
97,1e-07,1e-12,1e-13,SC105,52.20206121170722,True,0,139,0.0011560916900634
97,1e-07,1e-12,1e-13,SC205,52.20206121170649,True,0,322,0.0070304870605468
97,1e-07,1e-12,1e-13,SC50A,64.57507705856449,True,0,59,0.0003740787506103
97,1e-07,1e-12,1e-13,SC50B,70.0,True,0,62,0.0003795623779296
97,1e-07,1e-12,1e-13,SCAGR25,-inf,False,3,495,0.0345780849456787
97,1e-07,1e-12,1e-13,SCAGR7,2331389.824330985,True,0,270,0.0022494792938232
97,1e-07,1e-12,1e-13,SCFXM1,-inf,False,3,172,0.003371238708496
97,1e-07,1e-12,1e-13,SCFXM2,-inf,False,3,205,0.0072622299194335
97,1e-07,1e-12,1e-13,SCFXM3,-inf,False,3,446,0.0266304016113281
97,1e-07,1e-12,1e-13,SCORPION,-1875.8517318290158,True,0,466,0.0089044570922851
97,1e-07,1e-12,1e-13,SCRS8,-inf,False,3,635,0.0225539207458496
97,1e-07,1e-12,1e-13,SCSD1,-9.073684760453137,False,3,268,0.0036869049072265
97,1e-07,1e-12,1e-13,SCSD6,-50.50000007826237,True,0,708,0.0273294448852539
97,1e-07,1e-12,1e-13,SCSD8,-inf,False,3,279,0.0140810012817382
97,1e-07,1e-12,1e-13,SCTAP1,-inf,False,3,257,0.0062363147735595
97,1e-07,1e-12,1e-13,SCTAP2,-inf,False,3,94,0.0146872997283935
97,1e-07,1e-12,1e-13,SCTAP3,-inf,False,3,41,0.0254132747650146
97,1e-07,1e-12,1e-13,SHARE1B,76589.31857918575,True,0,456,0.0038514137268066
97,1e-07,1e-12,1e-13,SHARE2B,415.732240741419,True,0,204,0.0012242794036865
97,1e-07,1e-12,1e-13,SHIP04L,-1793324.5379703536,True,0,777,0.0110695362091064
97,1e-07,1e-12,1e-13,SHIP04S,-1798714.7004453933,True,0,606,0.0065596103668212
97,1e-07,1e-12,1e-13,SHIP08L,-1909055.211389134,True,0,1518,0.0440585613250732
97,1e-07,1e-12,1e-13,SHIP08S,-1920098.2105346203,True,0,1215,0.0257103443145751
97,1e-07,1e-12,1e-13,SHIP12L,-1470187.919329265,True,0,2060,0.1083555221557617
97,1e-07,1e-12,1e-13,SHIP12S,-1489236.134406127,True,0,1568,0.0560786724090576
97,1e-07,1e-12,1e-13,STOCFOR1,27242.743153462925,True,0,239,0.0017237663269042
97,1e-07,1e-12,1e-13,STOCFOR2,-inf,False,3,2832,2.3990554809570312
97,1e-07,1e-12,1e-13,STOCFOR3,-inf,False,3,9936,340.9765889644623
97,1e-07,1e-12,1e-13,TRUSS,-1157346.3024347746,False,3,1701,6.051372289657593
97,1e-07,1e-12,1e-13,WOOD1P,-inf,False,3,98,0.0164158344268798
97,1e-07,1e-12,1e-13,WOODW,-inf,False,3,34,0.0392377376556396
98,1e-07,1e-12,1e-14,25FV47,-inf,False,3,236,0.0169105529785156
98,1e-07,1e-12,1e-14,ADLITTLE,-225494.96316238047,True,0,144,0.0006537437438964
98,1e-07,1e-12,1e-14,AFIRO,464.7531428571428,True,0,30,0.0002918243408203
98,1e-07,1e-12,1e-14,AGG,10410622.637922712,True,0,596,0.0121057033538818
98,1e-07,1e-12,1e-14,AGG2,20239252.355977103,True,0,571,0.0070350170135498
98,1e-07,1e-12,1e-14,AGG3,-10312115.935089232,True,0,588,0.0097999572753906
98,1e-07,1e-12,1e-14,BANDM,-inf,False,3,86,0.0026273727416992
98,1e-07,1e-12,1e-14,BEACONFD,-inf,False,3,34,0.0009465217590332
98,1e-07,1e-12,1e-14,BLEND,30.81214984582823,True,0,161,0.0008347034454345
98,1e-07,1e-12,1e-14,BNL1,-inf,False,3,445,0.0380012989044189
98,1e-07,1e-12,1e-14,BNL2,-inf,False,3,425,0.2037758827209472
98,1e-07,1e-12,1e-14,BRANDY,-inf,False,3,16,0.0005216598510742
98,1e-07,1e-12,1e-14,D2Q06C,-inf,False,3,471,0.1512367725372314
98,1e-07,1e-12,1e-14,DEGEN2,-inf,False,3,660,0.0483975410461425
98,1e-07,1e-12,1e-14,DEGEN3,-inf,False,3,3296,10.42980670928955
98,1e-07,1e-12,1e-14,E226,15.692139219095,False,3,777,0.0183258056640625
98,1e-07,1e-12,1e-14,FFFFF800,-inf,False,3,654,0.0532953739166259
98,1e-07,1e-12,1e-14,ISRAEL,896644.8218630381,True,0,913,0.0177428722381591
98,1e-07,1e-12,1e-14,LOTFI,25.26470606188001,True,0,277,0.0024778842926025
98,1e-07,1e-12,1e-14,MAROS-R7,-1497185.1664796427,True,0,4317,56.86241126060486
98,1e-07,1e-12,1e-14,QAP12,-inf,False,3,1342,8.89528775215149
98,1e-07,1e-12,1e-14,QAP15,-inf,False,3,2728,69.20147132873535
98,1e-07,1e-12,1e-14,QAP8,-inf,False,3,492,0.301030158996582
98,1e-07,1e-12,1e-14,SC105,52.20206121170724,True,0,134,0.0011019706726074
98,1e-07,1e-12,1e-14,SC205,52.2020612117079,True,0,325,0.0071101188659667
98,1e-07,1e-12,1e-14,SC50A,64.57507705856449,True,0,59,0.0003659725189208
98,1e-07,1e-12,1e-14,SC50B,70.0,True,0,62,0.0003819465637207
98,1e-07,1e-12,1e-14,SCAGR25,14870208.89956596,True,0,1520,0.1441168785095214
98,1e-07,1e-12,1e-14,SCAGR7,2331389.8243309762,True,0,250,0.0020208358764648
98,1e-07,1e-12,1e-14,SCFXM1,-inf,False,3,174,0.0037064552307128
98,1e-07,1e-12,1e-14,SCFXM2,-inf,False,3,223,0.0081610679626464
98,1e-07,1e-12,1e-14,SCFXM3,-inf,False,3,452,0.0271353721618652
98,1e-07,1e-12,1e-14,SCORPION,-1875.8517318290155,True,0,466,0.0088739395141601
98,1e-07,1e-12,1e-14,SCRS8,-inf,False,3,635,0.0227417945861816
98,1e-07,1e-12,1e-14,SCSD1,803709.0095320226,False,3,464,0.0063498020172119
98,1e-07,1e-12,1e-14,SCSD6,-42.67621507068471,False,3,778,0.0313811302185058
98,1e-07,1e-12,1e-14,SCSD8,-inf,False,3,286,0.0147287845611572
98,1e-07,1e-12,1e-14,SCTAP1,-inf,False,3,114,0.0028793811798095
98,1e-07,1e-12,1e-14,SCTAP2,-inf,False,3,94,0.0144784450531005
98,1e-07,1e-12,1e-14,SCTAP3,-inf,False,3,44,0.0260219573974609
98,1e-07,1e-12,1e-14,SHARE1B,76589.31857918575,True,0,456,0.0037822723388671
98,1e-07,1e-12,1e-14,SHARE2B,415.732240741419,True,0,203,0.0010852813720703
98,1e-07,1e-12,1e-14,SHIP04L,-1793324.5379703536,True,0,775,0.010904312133789
98,1e-07,1e-12,1e-14,SHIP04S,-1798714.7004453933,True,0,606,0.0065617561340332
98,1e-07,1e-12,1e-14,SHIP08L,-1909055.211389134,True,0,1518,0.0441269874572753
98,1e-07,1e-12,1e-14,SHIP08S,-1920098.2105346203,True,0,1215,0.0262308120727539
98,1e-07,1e-12,1e-14,SHIP12L,-1470187.919329265,True,0,2060,0.108349323272705
98,1e-07,1e-12,1e-14,SHIP12S,-1489236.134406127,True,0,1569,0.0558779239654541
98,1e-07,1e-12,1e-14,STOCFOR1,27242.743153462925,True,0,239,0.0017762184143066
98,1e-07,1e-12,1e-14,STOCFOR2,-inf,False,3,2938,3.123656988143921
98,1e-07,1e-12,1e-14,STOCFOR3,-inf,False,3,7073,308.55569338798523
98,1e-07,1e-12,1e-14,TRUSS,5620975308.28125,False,3,1954,7.839328765869141
98,1e-07,1e-12,1e-14,WOOD1P,-inf,False,1,10000,1.4323501586914062
98,1e-07,1e-12,1e-14,WOODW,-inf,False,3,34,0.0397615432739257
99,1e-07,1e-12,1e-15,25FV47,-inf,False,3,1300,0.2922272682189941
99,1e-07,1e-12,1e-15,ADLITTLE,-225494.96316238047,True,0,144,0.0006635189056396
99,1e-07,1e-12,1e-15,AFIRO,464.7531428571428,True,0,30,0.0002968311309814
99,1e-07,1e-12,1e-15,AGG,10410622.637922712,True,0,596,0.0117466449737548
99,1e-07,1e-12,1e-15,AGG2,20239252.355977103,True,0,572,0.0067458152770996
99,1e-07,1e-12,1e-15,AGG3,-10312115.935089232,True,0,588,0.0098543167114257
99,1e-07,1e-12,1e-15,BANDM,-inf,False,3,205,0.0076289176940917
99,1e-07,1e-12,1e-15,BEACONFD,-inf,False,3,34,0.0009355545043945
99,1e-07,1e-12,1e-15,BLEND,30.81214984582805,True,0,180,0.0009040832519531
99,1e-07,1e-12,1e-15,BNL1,-inf,False,3,557,0.0565459728240966
99,1e-07,1e-12,1e-15,BNL2,-inf,False,3,675,0.6581437587738037
99,1e-07,1e-12,1e-15,BRANDY,-inf,False,3,16,0.0005333423614501
99,1e-07,1e-12,1e-15,D2Q06C,-inf,False,3,504,0.212306261062622
99,1e-07,1e-12,1e-15,DEGEN2,1435.1779999999912,True,0,2594,0.2562160491943359
99,1e-07,1e-12,1e-15,DEGEN3,-inf,False,3,8608,34.8076868057251
99,1e-07,1e-12,1e-15,E226,-inf,False,3,335,0.0068068504333496
99,1e-07,1e-12,1e-15,FFFFF800,-inf,False,3,929,0.0987670421600341
99,1e-07,1e-12,1e-15,ISRAEL,896644.8218630381,True,0,913,0.0189528465270996
99,1e-07,1e-12,1e-15,LOTFI,25.26470606188001,True,0,271,0.002551794052124
99,1e-07,1e-12,1e-15,MAROS-R7,-1497185.1664796427,True,0,4317,57.029465675354
99,1e-07,1e-12,1e-15,QAP12,-inf,False,3,1815,20.835991621017456
99,1e-07,1e-12,1e-15,QAP15,-inf,False,3,2610,57.14020037651062
99,1e-07,1e-12,1e-15,QAP8,-inf,False,3,697,0.7035815715789795
99,1e-07,1e-12,1e-15,SC105,52.2020612117072,True,0,131,0.0010757446289062
99,1e-07,1e-12,1e-15,SC205,52.20206121167227,True,0,274,0.0056815147399902
99,1e-07,1e-12,1e-15,SC50A,64.57507705856449,True,0,59,0.0003681182861328
99,1e-07,1e-12,1e-15,SC50B,70.0,True,0,62,0.0003886222839355
99,1e-07,1e-12,1e-15,SCAGR25,-inf,False,3,615,0.0481343269348144
99,1e-07,1e-12,1e-15,SCAGR7,2331389.8243310177,True,0,267,0.002164602279663
99,1e-07,1e-12,1e-15,SCFXM1,-inf,False,3,192,0.003796100616455
99,1e-07,1e-12,1e-15,SCFXM2,-inf,False,3,363,0.0154874324798583
99,1e-07,1e-12,1e-15,SCFXM3,-inf,False,3,453,0.031632661819458
99,1e-07,1e-12,1e-15,SCORPION,-1875.8517318290153,True,0,466,0.0088305473327636
99,1e-07,1e-12,1e-15,SCRS8,-inf,False,3,789,0.0355734825134277
99,1e-07,1e-12,1e-15,SCSD1,49.90948695246061,False,3,323,0.0043506622314453
99,1e-07,1e-12,1e-15,SCSD6,-50.50000007826234,True,0,630,0.0236515998840332
99,1e-07,1e-12,1e-15,SCSD8,-inf,False,3,286,0.014758825302124
99,1e-07,1e-12,1e-15,SCTAP1,-inf,False,3,58,0.0015311241149902
99,1e-07,1e-12,1e-15,SCTAP2,-inf,False,3,96,0.0150980949401855
99,1e-07,1e-12,1e-15,SCTAP3,-inf,False,3,38,0.0251147747039794
99,1e-07,1e-12,1e-15,SHARE1B,76589.31857918575,True,0,456,0.0037746429443359
99,1e-07,1e-12,1e-15,SHARE2B,415.7322407414188,True,0,210,0.0011208057403564
99,1e-07,1e-12,1e-15,SHIP04L,-1793324.5379703536,True,0,773,0.0105352401733398
99,1e-07,1e-12,1e-15,SHIP04S,-1798714.7004453936,True,0,608,0.0066287517547607
99,1e-07,1e-12,1e-15,SHIP08L,-1909055.2113891335,True,0,1514,0.0440740585327148
99,1e-07,1e-12,1e-15,SHIP08S,-1920098.2105346206,True,0,1214,0.0255727767944335
99,1e-07,1e-12,1e-15,SHIP12L,-1470187.919329265,True,0,2081,0.1104421615600586
99,1e-07,1e-12,1e-15,SHIP12S,-1489236.134406127,True,0,1568,0.0559208393096923
99,1e-07,1e-12,1e-15,STOCFOR1,27393.472718621397,True,0,258,0.0020184516906738
99,1e-07,1e-12,1e-15,STOCFOR2,-inf,False,3,2818,2.1818037033081055
99,1e-07,1e-12,1e-15,STOCFOR3,-inf,False,3,5922,277.38888454437256
99,1e-07,1e-12,1e-15,TRUSS,359489.9419150482,False,3,2225,9.680634021759031
99,1e-07,1e-12,1e-15,WOOD1P,-inf,False,1,10000,1.271212816238403
99,1e-07,1e-12,1e-15,WOODW,-inf,False,3,34,0.03926682472229
100,1e-08,1e-08,1e-11,25FV47,-9091.89177764894,False,1,10000,15.215187311172484
100,1e-08,1e-08,1e-11,ADLITTLE,-225494.96316238047,True,0,144,0.0006704330444335
100,1e-08,1e-08,1e-11,AFIRO,464.7531428571428,True,0,30,0.0002992153167724
100,1e-08,1e-08,1e-11,AGG,36291233.286576286,True,0,612,0.0129206180572509
100,1e-08,1e-08,1e-11,AGG2,20239252.355977103,True,0,571,0.0067543983459472
100,1e-08,1e-08,1e-11,AGG3,-inf,False,2,548,0.0075373649597167
100,1e-08,1e-08,1e-11,BANDM,158.62801845002156,True,0,1253,0.0481185913085937
100,1e-08,1e-08,1e-11,BEACONFD,-33592.48580719998,True,0,210,0.0027403831481933
100,1e-08,1e-08,1e-11,BLEND,30.81214984582829,True,0,148,0.0007822513580322
100,1e-08,1e-08,1e-11,BNL1,-inf,False,3,2551,0.8556060791015625
100,1e-08,1e-08,1e-11,BNL2,-inf,False,1,10000,64.22833347320557
100,1e-08,1e-08,1e-11,BRANDY,-1518.5325854360594,True,0,824,0.0141670703887939
100,1e-08,1e-08,1e-11,D2Q06C,-inf,False,1,10000,92.4223611354828
100,1e-08,1e-08,1e-11,DEGEN2,1436.4949999999983,True,0,2751,0.290839672088623
100,1e-08,1e-08,1e-11,DEGEN3,-inf,False,1,10000,41.95095086097717
100,1e-08,1e-08,1e-11,E226,18.75192906637472,True,0,737,0.0181326866149902
100,1e-08,1e-08,1e-11,FFFFF800,-inf,False,3,285,0.0147521495819091
100,1e-08,1e-08,1e-11,ISRAEL,896644.8218630484,True,0,950,0.0195839405059814
100,1e-08,1e-08,1e-11,LOTFI,25.264706061880013,True,0,264,0.0024209022521972
100,1e-08,1e-08,1e-11,MAROS-R7,-1497185.1664796427,True,0,4317,57.06039094924927
100,1e-08,1e-08,1e-11,QAP12,-inf,False,3,2914,55.7235221862793
100,1e-08,1e-08,1e-11,QAP15,-inf,False,1,10000,1266.3858661651611
100,1e-08,1e-08,1e-11,QAP8,-inf,False,3,2919,5.356093645095825
100,1e-08,1e-08,1e-11,SC105,52.20206121170722,True,0,138,0.0012040138244628
100,1e-08,1e-08,1e-11,SC205,52.20206121182398,True,0,314,0.0072083473205566
100,1e-08,1e-08,1e-11,SC50A,64.57507705856449,True,0,59,0.0003972053527832
100,1e-08,1e-08,1e-11,SC50B,70.0,True,0,62,0.0004160404205322
100,1e-08,1e-08,1e-11,SCAGR25,14753433.060785834,True,0,1646,0.1676142215728759
100,1e-08,1e-08,1e-11,SCAGR7,2331389.824330985,True,0,270,0.0023651123046875
100,1e-08,1e-08,1e-11,SCFXM1,-inf,False,2,633,0.0215218067169189
100,1e-08,1e-08,1e-11,SCFXM2,-36660.26156500209,True,0,1629,0.3695535659790039
100,1e-08,1e-08,1e-11,SCFXM3,-54901.25454975151,True,0,2499,2.074627637863159
100,1e-08,1e-08,1e-11,SCORPION,-1875.8517318290158,True,0,466,0.0096399784088134
100,1e-08,1e-08,1e-11,SCRS8,-449.41749452873216,True,0,1507,0.1434762477874755
100,1e-08,1e-08,1e-11,SCSD1,-7.334363713061227,False,3,319,0.0048818588256835
100,1e-08,1e-08,1e-11,SCSD6,-50.500000077144314,True,0,679,0.0279982089996337
100,1e-08,1e-08,1e-11,SCSD8,-inf,False,3,607,0.1325037479400634
100,1e-08,1e-08,1e-11,SCTAP1,-1412.2500000000616,True,0,862,0.0381946563720703
100,1e-08,1e-08,1e-11,SCTAP2,-inf,False,3,321,0.1978657245635986
100,1e-08,1e-08,1e-11,SCTAP3,-inf,False,3,301,0.226525068283081
100,1e-08,1e-08,1e-11,SHARE1B,76589.31857918575,True,0,456,0.0041112899780273
100,1e-08,1e-08,1e-11,SHARE2B,415.732240741419,True,0,204,0.0012359619140625
100,1e-08,1e-08,1e-11,SHIP04L,-1793324.5379703536,True,0,777,0.011838674545288
100,1e-08,1e-08,1e-11,SHIP04S,-1798714.7004453933,True,0,606,0.0070257186889648
100,1e-08,1e-08,1e-11,SHIP08L,-1909055.211389134,True,0,1518,0.0467119216918945
100,1e-08,1e-08,1e-11,SHIP08S,-1920098.2105346203,True,0,1215,0.0272774696350097
100,1e-08,1e-08,1e-11,SHIP12L,-1470187.919329265,True,0,2060,0.1150240898132324
100,1e-08,1e-08,1e-11,SHIP12S,-1489236.134406127,True,0,1568,0.0591776371002197
100,1e-08,1e-08,1e-11,STOCFOR1,41131.976219436205,True,0,259,0.0020749568939208
100,1e-08,1e-08,1e-11,STOCFOR2,39024.408537882045,True,0,4273,14.110830783843994
100,1e-08,1e-08,1e-11,STOCFOR3,-inf,False,1,10000,339.87065529823303
100,1e-08,1e-08,1e-11,TRUSS,-603838.5434547605,False,3,4899,28.065602779388428
100,1e-08,1e-08,1e-11,WOOD1P,-inf,False,3,299,0.0480995178222656
100,1e-08,1e-08,1e-11,WOODW,-inf,False,3,412,0.7916665077209473
101,1e-08,1e-08,1e-12,25FV47,-inf,False,3,6785,9.660403966903688
101,1e-08,1e-08,1e-12,ADLITTLE,-225494.96316238047,True,0,144,0.0006794929504394
101,1e-08,1e-08,1e-12,AFIRO,464.7531428571428,True,0,30,0.0002980232238769
101,1e-08,1e-08,1e-12,AGG,36291233.286576286,True,0,610,0.0128083229064941
101,1e-08,1e-08,1e-12,AGG2,20239252.355977103,True,0,571,0.0067644119262695
101,1e-08,1e-08,1e-12,AGG3,-inf,False,2,548,0.0075576305389404
101,1e-08,1e-08,1e-12,BANDM,158.62801845025237,True,0,1363,0.053539752960205
101,1e-08,1e-08,1e-12,BEACONFD,-33592.48580719998,True,0,210,0.002683401107788
101,1e-08,1e-08,1e-12,BLEND,30.81214984582829,True,0,148,0.000802993774414
101,1e-08,1e-08,1e-12,BNL1,-1977.6295615229444,True,0,3872,2.052341938018799
101,1e-08,1e-08,1e-12,BNL2,-13296.25560756109,False,1,10000,63.82569694519043
101,1e-08,1e-08,1e-12,BRANDY,-inf,False,3,328,0.0063719749450683
101,1e-08,1e-08,1e-12,D2Q06C,-inf,False,3,925,0.7239744663238525
101,1e-08,1e-08,1e-12,DEGEN2,1436.4949999999976,True,0,3102,0.3221299648284912
101,1e-08,1e-08,1e-12,DEGEN3,-inf,False,1,10000,41.50518035888672
101,1e-08,1e-08,1e-12,E226,18.75192906637468,True,0,738,0.0184767246246337
101,1e-08,1e-08,1e-12,FFFFF800,-555679.5733116934,True,0,1965,0.2665696144104004
101,1e-08,1e-08,1e-12,ISRAEL,896644.8218630381,True,0,913,0.0191760063171386
101,1e-08,1e-08,1e-12,LOTFI,25.264706061880016,True,0,266,0.002500295639038
101,1e-08,1e-08,1e-12,MAROS-R7,-1497185.1664796427,True,0,4317,57.00314712524414
101,1e-08,1e-08,1e-12,QAP12,-inf,False,1,10000,352.74793243408203
101,1e-08,1e-08,1e-12,QAP15,-inf,False,1,10000,1297.263832807541
101,1e-08,1e-08,1e-12,QAP8,-inf,False,3,3505,6.436389207839966
101,1e-08,1e-08,1e-12,SC105,52.20206121170722,True,0,138,0.0012235641479492
101,1e-08,1e-08,1e-12,SC205,52.202061211805145,True,0,304,0.0066869258880615
101,1e-08,1e-08,1e-12,SC50A,64.57507705856449,True,0,59,0.0003745555877685
101,1e-08,1e-08,1e-12,SC50B,70.0,True,0,62,0.0003855228424072
101,1e-08,1e-08,1e-12,SCAGR25,-206459277227.96783,False,3,1557,0.1471107006072998
101,1e-08,1e-08,1e-12,SCAGR7,2331389.824330985,True,0,270,0.0022492408752441
101,1e-08,1e-08,1e-12,SCFXM1,-18416.75902841879,True,0,845,0.0336010456085205
101,1e-08,1e-08,1e-12,SCFXM2,-36660.26156499724,True,0,1649,0.2992470264434814
101,1e-08,1e-08,1e-12,SCFXM3,-54901.25454975134,True,0,2481,1.845420837402344
101,1e-08,1e-08,1e-12,SCORPION,-1875.8517318290158,True,0,466,0.0096619129180908
101,1e-08,1e-08,1e-12,SCRS8,-531.119254753136,True,0,1537,0.1495535373687744
101,1e-08,1e-08,1e-12,SCSD1,-8.30139993795192,False,3,313,0.004840612411499
101,1e-08,1e-08,1e-12,SCSD6,-50.500000077144314,True,0,679,0.0282368659973144
101,1e-08,1e-08,1e-12,SCSD8,-inf,False,3,609,0.1311945915222168
101,1e-08,1e-08,1e-12,SCTAP1,-1412.2500000000002,True,0,813,0.0351231098175048
101,1e-08,1e-08,1e-12,SCTAP2,-inf,False,3,302,0.1668932437896728
101,1e-08,1e-08,1e-12,SCTAP3,-inf,False,3,301,0.2258927822113037
101,1e-08,1e-08,1e-12,SHARE1B,76589.31857918575,True,0,456,0.0041327476501464
101,1e-08,1e-08,1e-12,SHARE2B,415.732240741419,True,0,204,0.0012328624725341
101,1e-08,1e-08,1e-12,SHIP04L,-1793324.5379703536,True,0,777,0.0118985176086425
101,1e-08,1e-08,1e-12,SHIP04S,-1798714.7004453933,True,0,606,0.0069987773895263
101,1e-08,1e-08,1e-12,SHIP08L,-1909055.211389134,True,0,1518,0.0467255115509033
101,1e-08,1e-08,1e-12,SHIP08S,-1920098.2105346203,True,0,1215,0.0271520614624023
101,1e-08,1e-08,1e-12,SHIP12L,-1470187.919329265,True,0,2060,0.121100902557373
101,1e-08,1e-08,1e-12,SHIP12S,-1489236.134406127,True,0,1568,0.05910325050354
101,1e-08,1e-08,1e-12,STOCFOR1,41131.976219436176,True,0,259,0.0021588802337646
101,1e-08,1e-08,1e-12,STOCFOR2,39024.40853788116,True,0,4272,14.10838770866394
101,1e-08,1e-08,1e-12,STOCFOR3,-inf,False,1,10000,342.12426590919495
101,1e-08,1e-08,1e-12,TRUSS,-527765.2860528495,False,1,10000,65.62122845649719
101,1e-08,1e-08,1e-12,WOOD1P,-inf,False,3,126,0.0200555324554443
101,1e-08,1e-08,1e-12,WOODW,-inf,False,3,419,0.8196651935577393
102,1e-08,1e-08,1e-13,25FV47,-inf,False,3,1976,1.9317026138305664
102,1e-08,1e-08,1e-13,ADLITTLE,-225494.96316238047,True,0,144,0.0006554126739501
102,1e-08,1e-08,1e-13,AFIRO,464.7531428571428,True,0,30,0.0002985000610351
102,1e-08,1e-08,1e-13,AGG,36291233.286576286,True,0,609,0.0131151676177978
102,1e-08,1e-08,1e-13,AGG2,20239252.355977103,True,0,571,0.0070686340332031
102,1e-08,1e-08,1e-13,AGG3,-inf,False,2,548,0.0075860023498535
102,1e-08,1e-08,1e-13,BANDM,158.62801845024026,True,0,1333,0.0523910522460937
102,1e-08,1e-08,1e-13,BEACONFD,-33592.48580719998,True,0,210,0.0026576519012451
102,1e-08,1e-08,1e-13,BLEND,30.81214984582808,True,0,165,0.0008597373962402
102,1e-08,1e-08,1e-13,BNL1,-inf,False,3,4823,2.7312731742858887
102,1e-08,1e-08,1e-13,BNL2,-inf,False,1,10000,64.31371307373047
102,1e-08,1e-08,1e-13,BRANDY,-1518.509896485441,True,0,780,0.0133004188537597
102,1e-08,1e-08,1e-13,D2Q06C,-inf,False,1,10000,91.3154776096344
102,1e-08,1e-08,1e-13,DEGEN2,1435.1779999999994,True,0,2819,0.2928593158721924
102,1e-08,1e-08,1e-13,DEGEN3,-inf,False,1,10000,41.188406229019165
102,1e-08,1e-08,1e-13,E226,18.75192906637468,True,0,738,0.0170314311981201
102,1e-08,1e-08,1e-13,FFFFF800,-555679.5733120925,True,0,2007,0.2588987350463867
102,1e-08,1e-08,1e-13,ISRAEL,896644.8218630381,True,0,913,0.0176842212677001
102,1e-08,1e-08,1e-13,LOTFI,25.26470606188001,True,0,277,0.0024833679199218
102,1e-08,1e-08,1e-13,MAROS-R7,-1497185.1664796427,True,0,4317,56.90724968910217
102,1e-08,1e-08,1e-13,QAP12,-inf,False,3,6897,217.618225812912
102,1e-08,1e-08,1e-13,QAP15,-inf,False,1,10000,1212.8278954029083
102,1e-08,1e-08,1e-13,QAP8,-inf,False,1,10000,22.046390056610107
102,1e-08,1e-08,1e-13,SC105,52.20206121170722,True,0,139,0.0011539459228515
102,1e-08,1e-08,1e-13,SC205,52.20206121170649,True,0,322,0.0070338249206542
102,1e-08,1e-08,1e-13,SC50A,64.57507705856449,True,0,59,0.0003707408905029
102,1e-08,1e-08,1e-13,SC50B,70.0,True,0,62,0.0003836154937744
102,1e-08,1e-08,1e-13,SCAGR25,7581987.768915891,False,3,1361,0.1218628883361816
102,1e-08,1e-08,1e-13,SCAGR7,2331389.824330985,True,0,270,0.0022411346435546
102,1e-08,1e-08,1e-13,SCFXM1,-18416.759028417593,True,0,847,0.0338220596313476
102,1e-08,1e-08,1e-13,SCFXM2,-36658.66650838561,True,0,1698,0.3448200225830078
102,1e-08,1e-08,1e-13,SCFXM3,-54901.254549747006,True,0,2491,2.023632526397705
102,1e-08,1e-08,1e-13,SCORPION,-1875.8517318290158,True,0,466,0.0090992450714111
102,1e-08,1e-08,1e-13,SCRS8,-449.41749452893407,True,0,1606,0.1832215785980224
102,1e-08,1e-08,1e-13,SCSD1,-10.002010015633264,False,3,315,0.0043942928314208
102,1e-08,1e-08,1e-13,SCSD6,-50.500000077144335,True,0,727,0.028444766998291
102,1e-08,1e-08,1e-13,SCSD8,-inf,False,3,747,0.1922788619995117
102,1e-08,1e-08,1e-13,SCTAP1,-1412.249999999997,True,0,797,0.0311663150787353
102,1e-08,1e-08,1e-13,SCTAP2,-inf,False,3,394,0.3102660179138183
102,1e-08,1e-08,1e-13,SCTAP3,-inf,False,3,329,0.2716104984283447
102,1e-08,1e-08,1e-13,SHARE1B,76589.31857918575,True,0,456,0.0037786960601806
102,1e-08,1e-08,1e-13,SHARE2B,415.732240741419,True,0,204,0.0011098384857177
102,1e-08,1e-08,1e-13,SHIP04L,-1793324.5379703536,True,0,777,0.011132001876831
102,1e-08,1e-08,1e-13,SHIP04S,-1798714.7004453933,True,0,606,0.006631851196289
102,1e-08,1e-08,1e-13,SHIP08L,-1909055.211389134,True,0,1518,0.0440011024475097
102,1e-08,1e-08,1e-13,SHIP08S,-1920098.2105346203,True,0,1215,0.0257580280303955
102,1e-08,1e-08,1e-13,SHIP12L,-1470187.919329265,True,0,2060,0.1088855266571044
102,1e-08,1e-08,1e-13,SHIP12S,-1489236.134406127,True,0,1568,0.0559606552124023
102,1e-08,1e-08,1e-13,STOCFOR1,41131.97621943616,True,0,259,0.0019731521606445
102,1e-08,1e-08,1e-13,STOCFOR2,39024.40853788207,True,0,4250,13.915609121322632
102,1e-08,1e-08,1e-13,STOCFOR3,-inf,False,1,10000,339.4658489227295
102,1e-08,1e-08,1e-13,TRUSS,-549209.9425360082,False,3,7263,45.03045082092285
102,1e-08,1e-08,1e-13,WOOD1P,-inf,False,3,130,0.0204579830169677
102,1e-08,1e-08,1e-13,WOODW,-inf,False,3,452,0.9078989028930664
103,1e-08,1e-08,1e-14,25FV47,-inf,False,1,10000,15.14046335220337
103,1e-08,1e-08,1e-14,ADLITTLE,-225494.96316238047,True,0,144,0.0006740093231201
103,1e-08,1e-08,1e-14,AFIRO,464.7531428571428,True,0,30,0.0003337860107421
103,1e-08,1e-08,1e-14,AGG,36291233.286576286,True,0,609,0.0128059387207031
103,1e-08,1e-08,1e-14,AGG2,20239252.355977103,True,0,571,0.0067720413208007
103,1e-08,1e-08,1e-14,AGG3,-inf,False,2,548,0.0076057910919189
103,1e-08,1e-08,1e-14,BANDM,158.6280184499312,True,0,1261,0.0507311820983886
103,1e-08,1e-08,1e-14,BEACONFD,-33592.48580719996,True,0,212,0.0026824474334716
103,1e-08,1e-08,1e-14,BLEND,30.81214984582823,True,0,161,0.0008497238159179
103,1e-08,1e-08,1e-14,BNL1,-inf,False,3,1305,0.2621104717254638
103,1e-08,1e-08,1e-14,BNL2,-7058.577107619767,False,1,10000,63.712400913238525
103,1e-08,1e-08,1e-14,BRANDY,-1518.5098964881197,True,0,647,0.0105190277099609
103,1e-08,1e-08,1e-14,D2Q06C,-inf,False,1,10000,89.70421624183655
103,1e-08,1e-08,1e-14,DEGEN2,1435.1779999999806,True,0,3022,0.3123960494995117
103,1e-08,1e-08,1e-14,DEGEN3,-inf,False,1,10000,41.36943531036377
103,1e-08,1e-08,1e-14,E226,18.75192906621691,True,0,840,0.0200440883636474
103,1e-08,1e-08,1e-14,FFFFF800,-555679.573310675,True,0,1968,0.2514328956604004
103,1e-08,1e-08,1e-14,ISRAEL,896644.8218630381,True,0,913,0.0177357196807861
103,1e-08,1e-08,1e-14,LOTFI,25.26470606188001,True,0,277,0.0024878978729248
103,1e-08,1e-08,1e-14,MAROS-R7,-1497185.1664796427,True,0,4317,56.76550817489624
103,1e-08,1e-08,1e-14,QAP12,-inf,False,1,10000,346.2724680900574
103,1e-08,1e-08,1e-14,QAP15,-inf,False,3,7765,905.0709505081176
103,1e-08,1e-08,1e-14,QAP8,-inf,False,3,2785,5.229065179824829
103,1e-08,1e-08,1e-14,SC105,52.20206121170724,True,0,134,0.0011730194091796
103,1e-08,1e-08,1e-14,SC205,52.2020612117079,True,0,325,0.0074455738067626
103,1e-08,1e-08,1e-14,SC50A,64.57507705856449,True,0,59,0.000394582748413
103,1e-08,1e-08,1e-14,SC50B,70.0,True,0,62,0.0004074573516845
103,1e-08,1e-08,1e-14,SCAGR25,14768933.72982692,True,0,1391,0.1356427669525146
103,1e-08,1e-08,1e-14,SCAGR7,2331389.8243309762,True,0,250,0.0021133422851562
103,1e-08,1e-08,1e-14,SCFXM1,-18416.759028346125,True,0,896,0.0381782054901123
103,1e-08,1e-08,1e-14,SCFXM2,-36660.26156499932,True,0,1747,0.355921983718872
103,1e-08,1e-08,1e-14,SCFXM3,-54901.254549742924,True,0,2510,2.0328171253204346
103,1e-08,1e-08,1e-14,SCORPION,-1875.8517318290155,True,0,466,0.0089809894561767
103,1e-08,1e-08,1e-14,SCRS8,-536.9613499483563,True,0,1437,0.1305830478668213
103,1e-08,1e-08,1e-14,SCSD1,-34.45019632727147,False,3,314,0.0042927265167236
103,1e-08,1e-08,1e-14,SCSD6,-50.5000000771443,True,0,811,0.0320956707000732
103,1e-08,1e-08,1e-14,SCSD8,-inf,False,3,1843,0.9409902095794678
103,1e-08,1e-08,1e-14,SCTAP1,-1412.2499999999982,True,0,875,0.0347213745117187
103,1e-08,1e-08,1e-14,SCTAP2,-inf,False,1,10000,26.332653522491455
103,1e-08,1e-08,1e-14,SCTAP3,-inf,False,3,244,0.1470675468444824
103,1e-08,1e-08,1e-14,SHARE1B,76589.31857918575,True,0,456,0.0040345191955566
103,1e-08,1e-08,1e-14,SHARE2B,415.732240741419,True,0,203,0.0011734962463378
103,1e-08,1e-08,1e-14,SHIP04L,-1793324.5379703536,True,0,775,0.0114166736602783
103,1e-08,1e-08,1e-14,SHIP04S,-1798714.7004453933,True,0,606,0.0068919658660888
103,1e-08,1e-08,1e-14,SHIP08L,-1909055.211389134,True,0,1518,0.0456986427307128
103,1e-08,1e-08,1e-14,SHIP08S,-1920098.2105346203,True,0,1215,0.0267684459686279
103,1e-08,1e-08,1e-14,SHIP12L,-1470187.919329265,True,0,2060,0.1132302284240722
103,1e-08,1e-08,1e-14,SHIP12S,-1489236.134406127,True,0,1569,0.057995319366455
103,1e-08,1e-08,1e-14,STOCFOR1,41131.976219436154,True,0,260,0.0020508766174316
103,1e-08,1e-08,1e-14,STOCFOR2,39024.408537882206,True,0,4225,13.822251796722412
103,1e-08,1e-08,1e-14,STOCFOR3,-inf,False,1,10000,352.2768454551697
103,1e-08,1e-08,1e-14,TRUSS,-483206.8293941396,False,1,10000,65.49407458305359
103,1e-08,1e-08,1e-14,WOOD1P,-inf,False,1,10000,1.87398099899292
103,1e-08,1e-08,1e-14,WOODW,-inf,False,3,460,0.9643511772155762
104,1e-08,1e-08,1e-15,25FV47,-inf,False,1,10000,14.191959857940674
104,1e-08,1e-08,1e-15,ADLITTLE,-225494.96316238047,True,0,144,0.0006599426269531
104,1e-08,1e-08,1e-15,AFIRO,464.7531428571428,True,0,30,0.0003044605255126
104,1e-08,1e-08,1e-15,AGG,36291233.286576286,True,0,609,0.0128588676452636
104,1e-08,1e-08,1e-15,AGG2,20239252.355977103,True,0,572,0.006798505783081
104,1e-08,1e-08,1e-15,AGG3,-inf,False,2,548,0.0075716972351074
104,1e-08,1e-08,1e-15,BANDM,-inf,False,1,10000,0.474947452545166
104,1e-08,1e-08,1e-15,BEACONFD,-33592.48580719996,True,0,212,0.0026962757110595
104,1e-08,1e-08,1e-15,BLEND,30.81214984582805,True,0,180,0.0009272098541259
104,1e-08,1e-08,1e-15,BNL1,-inf,False,1,10000,7.872426271438599
104,1e-08,1e-08,1e-15,BNL2,-14709.029239367563,False,1,10000,64.0687325000763
104,1e-08,1e-08,1e-15,BRANDY,-1518.5098964880663,True,0,704,0.0115678310394287
104,1e-08,1e-08,1e-15,D2Q06C,-inf,False,3,1548,3.025306463241577
104,1e-08,1e-08,1e-15,DEGEN2,1435.1779999999912,True,0,2594,0.2564105987548828
104,1e-08,1e-08,1e-15,DEGEN3,-inf,False,1,10000,41.49699902534485
104,1e-08,1e-08,1e-15,E226,18.751929066345806,True,0,785,0.0187036991119384
104,1e-08,1e-08,1e-15,FFFFF800,-inf,False,3,714,0.0604095458984375
104,1e-08,1e-08,1e-15,ISRAEL,896644.8218630381,True,0,913,0.0177981853485107
104,1e-08,1e-08,1e-15,LOTFI,25.26470606188001,True,0,271,0.0024211406707763
104,1e-08,1e-08,1e-15,MAROS-R7,-1497185.1664796427,True,0,4317,56.78259348869324
104,1e-08,1e-08,1e-15,QAP12,-inf,False,3,6902,220.9176585674286
104,1e-08,1e-08,1e-15,QAP15,-inf,False,3,4559,332.0921823978424
104,1e-08,1e-08,1e-15,QAP8,-inf,False,1,10000,18.822508811950684
104,1e-08,1e-08,1e-15,SC105,52.2020612117072,True,0,131,0.0011794567108154
104,1e-08,1e-08,1e-15,SC205,52.20206121167227,True,0,274,0.0061547756195068
104,1e-08,1e-08,1e-15,SC50A,64.57507705856449,True,0,59,0.0004246234893798
104,1e-08,1e-08,1e-15,SC50B,70.0,True,0,62,0.0004198551177978
104,1e-08,1e-08,1e-15,SCAGR25,14753503.684796171,True,0,1501,0.1628816127777099
104,1e-08,1e-08,1e-15,SCAGR7,2331389.8243310177,True,0,267,0.0023257732391357
104,1e-08,1e-08,1e-15,SCFXM1,-18416.759028350636,True,0,749,0.0296809673309326
104,1e-08,1e-08,1e-15,SCFXM2,-36660.26156499945,True,0,1567,0.278022289276123
104,1e-08,1e-08,1e-15,SCFXM3,-54901.253049592815,True,0,2406,1.9008371829986572
104,1e-08,1e-08,1e-15,SCORPION,-1875.8517318290153,True,0,466,0.0095012187957763
104,1e-08,1e-08,1e-15,SCRS8,-391.6472105614773,True,0,1473,0.1482903957366943
104,1e-08,1e-08,1e-15,SCSD1,-8.666666687046233,True,0,7327,0.1083161830902099
104,1e-08,1e-08,1e-15,SCSD6,-50.12184975238963,True,0,2739,0.1279816627502441
104,1e-08,1e-08,1e-15,SCSD8,-inf,False,3,1171,0.4693198204040527
104,1e-08,1e-08,1e-15,SCTAP1,-1412.2499999999889,True,0,810,0.0310492515563964
104,1e-08,1e-08,1e-15,SCTAP2,-inf,False,1,10000,26.9277184009552
104,1e-08,1e-08,1e-15,SCTAP3,-inf,False,3,1131,3.1567130088806152
104,1e-08,1e-08,1e-15,SHARE1B,76589.31857918575,True,0,456,0.0038158893585205
104,1e-08,1e-08,1e-15,SHARE2B,415.7322407414188,True,0,210,0.0011451244354248
104,1e-08,1e-08,1e-15,SHIP04L,-1793324.5379703536,True,0,773,0.0112936496734619
104,1e-08,1e-08,1e-15,SHIP04S,-1798714.7004453936,True,0,608,0.0066339969635009
104,1e-08,1e-08,1e-15,SHIP08L,-1909055.2113891335,True,0,1514,0.0458974838256835
104,1e-08,1e-08,1e-15,SHIP08S,-1920098.2105346206,True,0,1214,0.0256180763244628
104,1e-08,1e-08,1e-15,SHIP12L,-1470187.919329265,True,0,2081,0.1108145713806152
104,1e-08,1e-08,1e-15,SHIP12S,-1489236.134406127,True,0,1568,0.0561511516571044
104,1e-08,1e-08,1e-15,STOCFOR1,41131.97621943676,True,0,268,0.002124547958374
104,1e-08,1e-08,1e-15,STOCFOR2,39024.40853785458,True,0,4240,14.032352209091188
104,1e-08,1e-08,1e-15,STOCFOR3,-inf,False,3,9980,455.26238679885864
104,1e-08,1e-08,1e-15,TRUSS,-569170.4028077268,False,1,10000,65.8088698387146
104,1e-08,1e-08,1e-15,WOOD1P,-inf,False,3,451,0.0661165714263916
104,1e-08,1e-08,1e-15,WOODW,-inf,False,1,10000,56.64671444892883
105,1e-08,1e-09,1e-11,25FV47,-inf,False,3,1953,1.895272731781006
105,1e-08,1e-09,1e-11,ADLITTLE,-225494.96316238047,True,0,144,0.0007002353668212
105,1e-08,1e-09,1e-11,AFIRO,464.7531428571428,True,0,30,0.0003187656402587
105,1e-08,1e-09,1e-11,AGG,36291233.286576286,True,0,612,0.0134832859039306
105,1e-08,1e-09,1e-11,AGG2,20239252.355977103,True,0,571,0.0070321559906005
105,1e-08,1e-09,1e-11,AGG3,-inf,False,2,548,0.0079648494720458
105,1e-08,1e-09,1e-11,BANDM,158.62801845002156,True,0,1253,0.0502705574035644
105,1e-08,1e-09,1e-11,BEACONFD,-33592.48580719998,True,0,210,0.0027618408203125
105,1e-08,1e-09,1e-11,BLEND,30.81214984582829,True,0,148,0.0008416175842285
105,1e-08,1e-09,1e-11,BNL1,-inf,False,3,2454,0.787773609161377
105,1e-08,1e-09,1e-11,BNL2,-inf,False,3,9798,62.14255142211914
105,1e-08,1e-09,1e-11,BRANDY,-inf,False,3,125,0.0027618408203125
105,1e-08,1e-09,1e-11,D2Q06C,-inf,False,3,1590,4.045408725738525
105,1e-08,1e-09,1e-11,DEGEN2,1436.4949999999983,True,0,2751,0.2818470001220703
105,1e-08,1e-09,1e-11,DEGEN3,-inf,False,1,10000,41.61163806915283
105,1e-08,1e-09,1e-11,E226,18.75192906637472,True,0,737,0.0193250179290771
105,1e-08,1e-09,1e-11,FFFFF800,-inf,False,3,285,0.013777732849121
105,1e-08,1e-09,1e-11,ISRAEL,896644.8218630484,True,0,950,0.0183982849121093
105,1e-08,1e-09,1e-11,LOTFI,25.264706061880013,True,0,264,0.0022861957550048
105,1e-08,1e-09,1e-11,MAROS-R7,-1497185.1664796427,True,0,4317,56.75471353530884
105,1e-08,1e-09,1e-11,QAP12,-inf,False,3,2914,55.74470257759094
105,1e-08,1e-09,1e-11,QAP15,-inf,False,3,9144,1133.3614456653595
105,1e-08,1e-09,1e-11,QAP8,-inf,False,3,1895,3.2607169151306152
105,1e-08,1e-09,1e-11,SC105,52.20206121170722,True,0,138,0.0011196136474609
105,1e-08,1e-09,1e-11,SC205,52.20206121182398,True,0,314,0.0067205429077148
105,1e-08,1e-09,1e-11,SC50A,64.57507705856449,True,0,59,0.000375747680664
105,1e-08,1e-09,1e-11,SC50B,70.0,True,0,62,0.0003862380981445
105,1e-08,1e-09,1e-11,SCAGR25,14753433.060785834,True,0,1646,0.1606709957122802
105,1e-08,1e-09,1e-11,SCAGR7,2331389.824330985,True,0,270,0.0022659301757812
105,1e-08,1e-09,1e-11,SCFXM1,-inf,False,2,633,0.0203373432159423
105,1e-08,1e-09,1e-11,SCFXM2,-36660.26156500209,True,0,1629,0.3490586280822754
105,1e-08,1e-09,1e-11,SCFXM3,-inf,False,3,791,0.0532972812652587
105,1e-08,1e-09,1e-11,SCORPION,-1875.8517318290158,True,0,466,0.0089051723480224
105,1e-08,1e-09,1e-11,SCRS8,-449.41749452873216,True,0,1507,0.1408555507659912
105,1e-08,1e-09,1e-11,SCSD1,-0.928966462411952,False,3,309,0.0043575763702392
105,1e-08,1e-09,1e-11,SCSD6,-49.09175484469489,False,3,595,0.0220215320587158
105,1e-08,1e-09,1e-11,SCSD8,-inf,False,3,279,0.0139634609222412
105,1e-08,1e-09,1e-11,SCTAP1,-1412.2500000000616,True,0,862,0.0352582931518554
105,1e-08,1e-09,1e-11,SCTAP2,-inf,False,3,299,0.1592028141021728
105,1e-08,1e-09,1e-11,SCTAP3,-inf,False,3,296,0.2122938632965088
105,1e-08,1e-09,1e-11,SHARE1B,76589.31857918575,True,0,456,0.0037953853607177
105,1e-08,1e-09,1e-11,SHARE2B,415.732240741419,True,0,204,0.0011179447174072
105,1e-08,1e-09,1e-11,SHIP04L,-1793324.5379703536,True,0,777,0.0110745429992675
105,1e-08,1e-09,1e-11,SHIP04S,-1798714.7004453933,True,0,606,0.0066003799438476
105,1e-08,1e-09,1e-11,SHIP08L,-1909055.211389134,True,0,1518,0.04899263381958
105,1e-08,1e-09,1e-11,SHIP08S,-1920098.2105346203,True,0,1215,0.025951862335205
105,1e-08,1e-09,1e-11,SHIP12L,-1470187.919329265,True,0,2060,0.1084003448486328
105,1e-08,1e-09,1e-11,SHIP12S,-1489236.134406127,True,0,1568,0.0560646057128906
105,1e-08,1e-09,1e-11,STOCFOR1,41131.976219436205,True,0,259,0.0019428730010986
105,1e-08,1e-09,1e-11,STOCFOR2,39024.408537882045,True,0,4273,14.102578163146973
105,1e-08,1e-09,1e-11,STOCFOR3,-inf,False,1,10000,339.611013174057
105,1e-08,1e-09,1e-11,TRUSS,-667469.4557641365,False,3,3406,17.39938497543335
105,1e-08,1e-09,1e-11,WOOD1P,-inf,False,3,115,0.0185465812683105
105,1e-08,1e-09,1e-11,WOODW,-inf,False,3,415,0.8047585487365723
106,1e-08,1e-09,1e-12,25FV47,-inf,False,3,9419,14.015866756439207
106,1e-08,1e-09,1e-12,ADLITTLE,-225494.96316238047,True,0,144,0.0006716251373291
106,1e-08,1e-09,1e-12,AFIRO,464.7531428571428,True,0,30,0.0003087520599365
106,1e-08,1e-09,1e-12,AGG,36291233.286576286,True,0,610,0.0132946968078613
106,1e-08,1e-09,1e-12,AGG2,20239252.355977103,True,0,571,0.0069644451141357
106,1e-08,1e-09,1e-12,AGG3,-inf,False,2,548,0.0076406002044677
106,1e-08,1e-09,1e-12,BANDM,158.62801845025237,True,0,1363,0.0540008544921875
106,1e-08,1e-09,1e-12,BEACONFD,-33592.48580719998,True,0,210,0.0027627944946289
106,1e-08,1e-09,1e-12,BLEND,30.81214984582829,True,0,148,0.000800609588623
106,1e-08,1e-09,1e-12,BNL1,-inf,False,3,1463,0.3368012905120849
106,1e-08,1e-09,1e-12,BNL2,-13296.25560756109,False,1,10000,63.80010914802551
106,1e-08,1e-09,1e-12,BRANDY,-1534.358932919214,True,0,992,0.0184555053710937
106,1e-08,1e-09,1e-12,D2Q06C,-inf,False,3,924,0.7249581813812256
106,1e-08,1e-09,1e-12,DEGEN2,1436.4949999999976,True,0,3102,0.3402466773986816
106,1e-08,1e-09,1e-12,DEGEN3,-inf,False,1,10000,41.629069089889526
106,1e-08,1e-09,1e-12,E226,18.75192906637468,True,0,738,0.0170104503631591
106,1e-08,1e-09,1e-12,FFFFF800,-555679.5698012374,True,0,2168,0.287402868270874
106,1e-08,1e-09,1e-12,ISRAEL,896644.8218630381,True,0,913,0.017852783203125
106,1e-08,1e-09,1e-12,LOTFI,25.264706061880016,True,0,266,0.0023679733276367
106,1e-08,1e-09,1e-12,MAROS-R7,-1497185.1664796427,True,0,4317,56.79400587081909
106,1e-08,1e-09,1e-12,QAP12,-inf,False,3,3191,66.39614534378052
106,1e-08,1e-09,1e-12,QAP15,-inf,False,1,10000,1484.3544442653656
106,1e-08,1e-09,1e-12,QAP8,-inf,False,3,2961,5.447808742523193
106,1e-08,1e-09,1e-12,SC105,52.20206121170722,True,0,138,0.0012402534484863
106,1e-08,1e-09,1e-12,SC205,52.202061211805145,True,0,304,0.0072183609008789
106,1e-08,1e-09,1e-12,SC50A,64.57507705856449,True,0,59,0.0004122257232666
106,1e-08,1e-09,1e-12,SC50B,70.0,True,0,62,0.0004181861877441
106,1e-08,1e-09,1e-12,SCAGR25,-inf,False,3,1308,0.1233820915222168
106,1e-08,1e-09,1e-12,SCAGR7,2331389.824330985,True,0,270,0.0024299621582031
106,1e-08,1e-09,1e-12,SCFXM1,-18416.75902841879,True,0,845,0.0353662967681884
106,1e-08,1e-09,1e-12,SCFXM2,-36660.26156499734,True,0,1665,0.3081159591674804
106,1e-08,1e-09,1e-12,SCFXM3,-inf,False,3,850,0.0610244274139404
106,1e-08,1e-09,1e-12,SCORPION,-1875.8517318290158,True,0,466,0.0093662738800048
106,1e-08,1e-09,1e-12,SCRS8,-531.119254753136,True,0,1537,0.14579439163208
106,1e-08,1e-09,1e-12,SCSD1,-22.29596177881853,False,3,295,0.004319429397583
106,1e-08,1e-09,1e-12,SCSD6,-49.09175484469489,False,3,595,0.0230095386505126
106,1e-08,1e-09,1e-12,SCSD8,-inf,False,3,279,0.014575719833374
106,1e-08,1e-09,1e-12,SCTAP1,-1412.2500000000002,True,0,813,0.0338363647460937
106,1e-08,1e-09,1e-12,SCTAP2,-inf,False,3,363,0.2724897861480713
106,1e-08,1e-09,1e-12,SCTAP3,-inf,False,3,1024,2.6462433338165283
106,1e-08,1e-09,1e-12,SHARE1B,76589.31857918575,True,0,456,0.0040359497070312
106,1e-08,1e-09,1e-12,SHARE2B,415.732240741419,True,0,204,0.0012040138244628
106,1e-08,1e-09,1e-12,SHIP04L,-1793324.5379703536,True,0,777,0.0117385387420654
106,1e-08,1e-09,1e-12,SHIP04S,-1798714.7004453933,True,0,606,0.0072195529937744
106,1e-08,1e-09,1e-12,SHIP08L,-1909055.211389134,True,0,1518,0.0462372303009033
106,1e-08,1e-09,1e-12,SHIP08S,-1920098.2105346203,True,0,1215,0.0272078514099121
106,1e-08,1e-09,1e-12,SHIP12L,-1470187.919329265,True,0,2060,0.1126787662506103
106,1e-08,1e-09,1e-12,SHIP12S,-1489236.134406127,True,0,1568,0.0582923889160156
106,1e-08,1e-09,1e-12,STOCFOR1,41131.976219436176,True,0,259,0.0020728111267089
106,1e-08,1e-09,1e-12,STOCFOR2,39024.40853788116,True,0,4272,14.11743688583374
106,1e-08,1e-09,1e-12,STOCFOR3,-inf,False,1,10000,341.5234589576721
106,1e-08,1e-09,1e-12,TRUSS,-646608.3180666434,False,3,7288,45.613221645355225
106,1e-08,1e-09,1e-12,WOOD1P,-inf,False,3,137,0.0228707790374755
106,1e-08,1e-09,1e-12,WOODW,-inf,False,3,417,0.8145744800567627
107,1e-08,1e-09,1e-13,25FV47,-inf,False,3,1976,1.9243733882904053
107,1e-08,1e-09,1e-13,ADLITTLE,-225494.96316238047,True,0,144,0.0006587505340576
107,1e-08,1e-09,1e-13,AFIRO,464.7531428571428,True,0,30,0.0003066062927246
107,1e-08,1e-09,1e-13,AGG,36291233.286576286,True,0,609,0.0133137702941894
107,1e-08,1e-09,1e-13,AGG2,20239252.355977103,True,0,571,0.0069420337677001
107,1e-08,1e-09,1e-13,AGG3,-inf,False,2,548,0.0076873302459716
107,1e-08,1e-09,1e-13,BANDM,158.62801845024026,True,0,1333,0.0529084205627441
107,1e-08,1e-09,1e-13,BEACONFD,-33592.48580719998,True,0,210,0.0026655197143554
107,1e-08,1e-09,1e-13,BLEND,30.81214984582808,True,0,165,0.0008680820465087
107,1e-08,1e-09,1e-13,BNL1,-inf,False,3,1936,0.5805978775024414
107,1e-08,1e-09,1e-13,BNL2,-inf,False,1,10000,64.24113488197327
107,1e-08,1e-09,1e-13,BRANDY,-1518.509896485441,True,0,780,0.0133969783782958
107,1e-08,1e-09,1e-13,D2Q06C,-inf,False,3,7915,67.01332139968872
107,1e-08,1e-09,1e-13,DEGEN2,1435.1779999999994,True,0,2819,0.3019416332244873
107,1e-08,1e-09,1e-13,DEGEN3,-inf,False,1,10000,41.27044630050659
107,1e-08,1e-09,1e-13,E226,18.75192906637468,True,0,738,0.0172071456909179
107,1e-08,1e-09,1e-13,FFFFF800,-555679.5733120925,True,0,2007,0.2606501579284668
107,1e-08,1e-09,1e-13,ISRAEL,896644.8218630381,True,0,913,0.0178608894348144
107,1e-08,1e-09,1e-13,LOTFI,25.26470606188001,True,0,277,0.0025110244750976
107,1e-08,1e-09,1e-13,MAROS-R7,-1497185.1664796427,True,0,4317,56.732033252716064
107,1e-08,1e-09,1e-13,QAP12,-inf,False,1,10000,320.0702290534973
107,1e-08,1e-09,1e-13,QAP15,-inf,False,1,10000,1202.7339141368866
107,1e-08,1e-09,1e-13,QAP8,-inf,False,1,10000,21.73228454589844
107,1e-08,1e-09,1e-13,SC105,52.20206121170722,True,0,139,0.0011754035949707
107,1e-08,1e-09,1e-13,SC205,52.20206121170649,True,0,322,0.0070199966430664
107,1e-08,1e-09,1e-13,SC50A,64.57507705856449,True,0,59,0.0003778934478759
107,1e-08,1e-09,1e-13,SC50B,70.0,True,0,62,0.0003938674926757
107,1e-08,1e-09,1e-13,SCAGR25,7479840.027313409,False,3,1370,0.1257929801940918
107,1e-08,1e-09,1e-13,SCAGR7,2331389.824330985,True,0,270,0.0022706985473632
107,1e-08,1e-09,1e-13,SCFXM1,-18416.759028417593,True,0,847,0.0338430404663085
107,1e-08,1e-09,1e-13,SCFXM2,-36660.26156499842,True,0,1672,0.3093714714050293
107,1e-08,1e-09,1e-13,SCFXM3,-54901.254549747006,True,0,2491,2.0318422317504883
107,1e-08,1e-09,1e-13,SCORPION,-1875.8517318290158,True,0,466,0.0090882778167724
107,1e-08,1e-09,1e-13,SCRS8,-449.41749452893407,True,0,1606,0.1884078979492187
107,1e-08,1e-09,1e-13,SCSD1,-8.268599959462673,False,3,316,0.0044531822204589
107,1e-08,1e-09,1e-13,SCSD6,-50.500000077144335,True,0,727,0.0285084247589111
107,1e-08,1e-09,1e-13,SCSD8,-inf,False,3,279,0.0141925811767578
107,1e-08,1e-09,1e-13,SCTAP1,-1412.249999999997,True,0,797,0.0314435958862304
107,1e-08,1e-09,1e-13,SCTAP2,-inf,False,3,295,0.1512446403503418
107,1e-08,1e-09,1e-13,SCTAP3,-inf,False,3,281,0.2004587650299072
107,1e-08,1e-09,1e-13,SHARE1B,76589.31857918575,True,0,456,0.0038156509399414
107,1e-08,1e-09,1e-13,SHARE2B,415.732240741419,True,0,204,0.0011172294616699
107,1e-08,1e-09,1e-13,SHIP04L,-1793324.5379703536,True,0,777,0.0111668109893798
107,1e-08,1e-09,1e-13,SHIP04S,-1798714.7004453933,True,0,606,0.0066978931427001
107,1e-08,1e-09,1e-13,SHIP08L,-1909055.211389134,True,0,1518,0.0446307659149169
107,1e-08,1e-09,1e-13,SHIP08S,-1920098.2105346203,True,0,1215,0.0262567996978759
107,1e-08,1e-09,1e-13,SHIP12L,-1470187.919329265,True,0,2060,0.1089766025543212
107,1e-08,1e-09,1e-13,SHIP12S,-1489236.134406127,True,0,1568,0.0566375255584716
107,1e-08,1e-09,1e-13,STOCFOR1,41131.97621943616,True,0,259,0.0019831657409667
107,1e-08,1e-09,1e-13,STOCFOR2,39024.40853788207,True,0,4250,13.955075025558472
107,1e-08,1e-09,1e-13,STOCFOR3,-inf,False,1,10000,342.67769408226013
107,1e-08,1e-09,1e-13,TRUSS,-532188.0225820205,False,1,10000,64.82697105407715
107,1e-08,1e-09,1e-13,WOOD1P,-inf,False,3,139,0.0225996971130371
107,1e-08,1e-09,1e-13,WOODW,-inf,False,3,413,0.7960705757141113
108,1e-08,1e-09,1e-14,25FV47,-inf,False,3,3101,3.6731479167938232
108,1e-08,1e-09,1e-14,ADLITTLE,-225494.96316238047,True,0,144,0.0006670951843261
108,1e-08,1e-09,1e-14,AFIRO,464.7531428571428,True,0,30,0.0003061294555664
108,1e-08,1e-09,1e-14,AGG,36291233.286576286,True,0,609,0.0133695602416992
108,1e-08,1e-09,1e-14,AGG2,20239252.355977103,True,0,571,0.0071337223052978
108,1e-08,1e-09,1e-14,AGG3,-inf,False,2,548,0.0076775550842285
108,1e-08,1e-09,1e-14,BANDM,158.6280184499312,True,0,1261,0.0503129959106445
108,1e-08,1e-09,1e-14,BEACONFD,-33592.48580719996,True,0,212,0.0027024745941162
108,1e-08,1e-09,1e-14,BLEND,30.81214984582823,True,0,161,0.0008573532104492
108,1e-08,1e-09,1e-14,BNL1,-inf,False,3,1780,0.4736473560333252
108,1e-08,1e-09,1e-14,BNL2,-inf,False,1,10000,64.8370304107666
108,1e-08,1e-09,1e-14,BRANDY,-1518.5098964881197,True,0,647,0.0105795860290527
108,1e-08,1e-09,1e-14,D2Q06C,-inf,False,3,1461,2.5499467849731445
108,1e-08,1e-09,1e-14,DEGEN2,1435.1779999999806,True,0,3022,0.3167603015899658
108,1e-08,1e-09,1e-14,DEGEN3,-inf,False,1,10000,41.460262298583984
108,1e-08,1e-09,1e-14,E226,18.75192906621691,True,0,840,0.0212481021881103
108,1e-08,1e-09,1e-14,FFFFF800,-inf,False,3,1290,0.1287283897399902
108,1e-08,1e-09,1e-14,ISRAEL,896644.8218630381,True,0,913,0.0185601711273193
108,1e-08,1e-09,1e-14,LOTFI,25.26470606188001,True,0,277,0.0025985240936279
108,1e-08,1e-09,1e-14,MAROS-R7,-1497185.1664796427,True,0,4317,56.909987449646
108,1e-08,1e-09,1e-14,QAP12,-inf,False,3,7107,242.2235758304596
108,1e-08,1e-09,1e-14,QAP15,-inf,False,3,2780,73.65335464477539
108,1e-08,1e-09,1e-14,QAP8,-inf,False,3,2785,5.170278072357178
108,1e-08,1e-09,1e-14,SC105,52.20206121170724,True,0,134,0.0011663436889648
108,1e-08,1e-09,1e-14,SC205,52.2020612117079,True,0,325,0.0076417922973632
108,1e-08,1e-09,1e-14,SC50A,64.57507705856449,True,0,59,0.0004067420959472
108,1e-08,1e-09,1e-14,SC50B,70.0,True,0,62,0.0004212856292724
108,1e-08,1e-09,1e-14,SCAGR25,14768933.72982692,True,0,1391,0.1367127895355224
108,1e-08,1e-09,1e-14,SCAGR7,2331389.8243309762,True,0,250,0.0021388530731201
108,1e-08,1e-09,1e-14,SCFXM1,-18416.759028346125,True,0,896,0.03853440284729
108,1e-08,1e-09,1e-14,SCFXM2,-36660.26156506932,True,0,1720,0.3382978439331054
108,1e-08,1e-09,1e-14,SCFXM3,-54901.254549742924,True,0,2510,2.0363824367523193
108,1e-08,1e-09,1e-14,SCORPION,-1875.8517318290155,True,0,466,0.0089035034179687
108,1e-08,1e-09,1e-14,SCRS8,-536.9613499483563,True,0,1437,0.1328663825988769
108,1e-08,1e-09,1e-14,SCSD1,86.44873014138389,False,3,476,0.0065946578979492
108,1e-08,1e-09,1e-14,SCSD6,-42.67621507068471,False,3,778,0.0308020114898681
108,1e-08,1e-09,1e-14,SCSD8,-inf,False,3,286,0.0148160457611083
108,1e-08,1e-09,1e-14,SCTAP1,-1412.2499999999982,True,0,875,0.0348803997039794
108,1e-08,1e-09,1e-14,SCTAP2,-inf,False,3,137,0.0283262729644775
108,1e-08,1e-09,1e-14,SCTAP3,-inf,False,3,244,0.1439683437347412
108,1e-08,1e-09,1e-14,SHARE1B,76589.31857918575,True,0,456,0.0037875175476074
108,1e-08,1e-09,1e-14,SHARE2B,415.732240741419,True,0,203,0.0012054443359375
108,1e-08,1e-09,1e-14,SHIP04L,-1793324.5379703536,True,0,775,0.0110008716583251
108,1e-08,1e-09,1e-14,SHIP04S,-1798714.7004453933,True,0,606,0.006610631942749
108,1e-08,1e-09,1e-14,SHIP08L,-1909055.211389134,True,0,1518,0.0443964004516601
108,1e-08,1e-09,1e-14,SHIP08S,-1920098.2105346203,True,0,1215,0.0260262489318847
108,1e-08,1e-09,1e-14,SHIP12L,-1470187.919329265,True,0,2060,0.1082427501678466
108,1e-08,1e-09,1e-14,SHIP12S,-1489236.134406127,True,0,1569,0.0561254024505615
108,1e-08,1e-09,1e-14,STOCFOR1,41131.976219436154,True,0,260,0.0019330978393554
108,1e-08,1e-09,1e-14,STOCFOR2,39024.408537882206,True,0,4225,13.778383016586304
108,1e-08,1e-09,1e-14,STOCFOR3,-inf,False,1,10000,353.7345817089081
108,1e-08,1e-09,1e-14,TRUSS,-483206.8293941396,False,1,10000,65.42702603340149
108,1e-08,1e-09,1e-14,WOOD1P,-inf,False,3,1603,0.2064037322998047
108,1e-08,1e-09,1e-14,WOODW,-inf,False,3,415,0.7943346500396729
109,1e-08,1e-09,1e-15,25FV47,-inf,False,3,3836,3.244912624359131
109,1e-08,1e-09,1e-15,ADLITTLE,-225494.96316238047,True,0,144,0.0006549358367919
109,1e-08,1e-09,1e-15,AFIRO,464.7531428571428,True,0,30,0.00030517578125
109,1e-08,1e-09,1e-15,AGG,36291233.286576286,True,0,609,0.0128769874572753
109,1e-08,1e-09,1e-15,AGG2,20239252.355977103,True,0,572,0.0068221092224121
109,1e-08,1e-09,1e-15,AGG3,-inf,False,2,548,0.0076870918273925
109,1e-08,1e-09,1e-15,BANDM,-inf,False,1,10000,0.4502954483032226
109,1e-08,1e-09,1e-15,BEACONFD,-33592.48580719996,True,0,212,0.002692699432373
109,1e-08,1e-09,1e-15,BLEND,30.81214984582805,True,0,180,0.0009336471557617
109,1e-08,1e-09,1e-15,BNL1,-inf,False,3,3864,1.9675729274749756
109,1e-08,1e-09,1e-15,BNL2,-inf,False,3,9975,63.73438572883606
109,1e-08,1e-09,1e-15,BRANDY,-1518.5098964880663,True,0,704,0.0115060806274414
109,1e-08,1e-09,1e-15,D2Q06C,-inf,False,3,1533,2.938127040863037
109,1e-08,1e-09,1e-15,DEGEN2,1435.1779999999912,True,0,2594,0.258599042892456
109,1e-08,1e-09,1e-15,DEGEN3,-inf,False,1,10000,41.666911602020264
109,1e-08,1e-09,1e-15,E226,18.751929066345806,True,0,785,0.0185866355895996
109,1e-08,1e-09,1e-15,FFFFF800,-inf,False,3,714,0.0601923465728759
109,1e-08,1e-09,1e-15,ISRAEL,896644.8218630381,True,0,913,0.0176677703857421
109,1e-08,1e-09,1e-15,LOTFI,25.26470606188001,True,0,271,0.0024046897888183
109,1e-08,1e-09,1e-15,MAROS-R7,-1497185.1664796427,True,0,4317,56.88807153701782
109,1e-08,1e-09,1e-15,QAP12,-inf,False,3,5716,158.28321623802185
109,1e-08,1e-09,1e-15,QAP15,-inf,False,3,6020,486.5285427570343
109,1e-08,1e-09,1e-15,QAP8,-inf,False,1,10000,22.214356660842896
109,1e-08,1e-09,1e-15,SC105,52.2020612117072,True,0,131,0.0010998249053955
109,1e-08,1e-09,1e-15,SC205,52.20206121167227,True,0,274,0.0057129859924316
109,1e-08,1e-09,1e-15,SC50A,64.57507705856449,True,0,59,0.0003795623779296
109,1e-08,1e-09,1e-15,SC50B,70.0,True,0,62,0.0003917217254638
109,1e-08,1e-09,1e-15,SCAGR25,14732135.097504528,True,0,1508,0.1545295715332031
109,1e-08,1e-09,1e-15,SCAGR7,2331389.8243310177,True,0,267,0.0021817684173583
109,1e-08,1e-09,1e-15,SCFXM1,-18416.759028350636,True,0,749,0.0279545783996582
109,1e-08,1e-09,1e-15,SCFXM2,-36660.26156499773,True,0,1604,0.2706193923950195
109,1e-08,1e-09,1e-15,SCFXM3,-54902.199020255575,True,0,2464,1.9755337238311768
109,1e-08,1e-09,1e-15,SCORPION,-1875.8517318290153,True,0,466,0.0088815689086914
109,1e-08,1e-09,1e-15,SCRS8,-39739783.04167014,False,1,10000,1.973593473434448
109,1e-08,1e-09,1e-15,SCSD1,6535.289842344521,False,3,322,0.0042831897735595
109,1e-08,1e-09,1e-15,SCSD6,1085.1996409819417,False,3,1128,0.0467965602874755
109,1e-08,1e-09,1e-15,SCSD8,-inf,False,3,286,0.014782428741455
109,1e-08,1e-09,1e-15,SCTAP1,-1412.2499999999889,True,0,810,0.0299062728881835
109,1e-08,1e-09,1e-15,SCTAP2,-inf,False,3,129,0.0247972011566162
109,1e-08,1e-09,1e-15,SCTAP3,-inf,False,3,1840,6.1567559242248535
109,1e-08,1e-09,1e-15,SHARE1B,76589.31857918575,True,0,456,0.0038893222808837
109,1e-08,1e-09,1e-15,SHARE2B,415.7322407414188,True,0,210,0.0011546611785888
109,1e-08,1e-09,1e-15,SHIP04L,-1793324.5379703536,True,0,773,0.0115103721618652
109,1e-08,1e-09,1e-15,SHIP04S,-1798714.7004453936,True,0,608,0.0067148208618164
109,1e-08,1e-09,1e-15,SHIP08L,-1909055.2113891335,True,0,1514,0.0474982261657714
109,1e-08,1e-09,1e-15,SHIP08S,-1920098.2105346206,True,0,1214,0.0273633003234863
109,1e-08,1e-09,1e-15,SHIP12L,-1470187.919329265,True,0,2081,0.1120805740356445
109,1e-08,1e-09,1e-15,SHIP12S,-1489236.134406127,True,0,1568,0.0564019680023193
109,1e-08,1e-09,1e-15,STOCFOR1,41131.97621943676,True,0,268,0.0021569728851318
109,1e-08,1e-09,1e-15,STOCFOR2,-inf,False,3,9421,57.955376386642456
109,1e-08,1e-09,1e-15,STOCFOR3,-inf,False,3,9899,437.2923033237457
109,1e-08,1e-09,1e-15,TRUSS,-513677.3472685563,False,1,10000,65.53173923492432
109,1e-08,1e-09,1e-15,WOOD1P,-inf,False,1,10000,1.812648057937622
109,1e-08,1e-09,1e-15,WOODW,-inf,False,3,1002,3.0760345458984375
110,1e-08,1e-10,1e-11,25FV47,-inf,False,3,332,0.0315887928009033
110,1e-08,1e-10,1e-11,ADLITTLE,-225494.96316238047,True,0,144,0.0006635189056396
110,1e-08,1e-10,1e-11,AFIRO,464.7531428571428,True,0,30,0.0003128051757812
110,1e-08,1e-10,1e-11,AGG,36291233.286576286,True,0,612,0.0130841732025146
110,1e-08,1e-10,1e-11,AGG2,20239252.355977103,True,0,571,0.0068295001983642
110,1e-08,1e-10,1e-11,AGG3,-inf,False,2,548,0.0076630115509033
110,1e-08,1e-10,1e-11,BANDM,-inf,False,3,299,0.0101404190063476
110,1e-08,1e-10,1e-11,BEACONFD,-33592.48580719998,True,0,210,0.002779483795166
110,1e-08,1e-10,1e-11,BLEND,30.81214984582829,True,0,148,0.0007951259613037
110,1e-08,1e-10,1e-11,BNL1,-inf,False,3,1038,0.1681404113769531
110,1e-08,1e-10,1e-11,BNL2,-inf,False,3,8587,50.625157594680786
110,1e-08,1e-10,1e-11,BRANDY,-inf,False,3,107,0.0021791458129882
110,1e-08,1e-10,1e-11,D2Q06C,-inf,False,3,1876,5.366740465164185
110,1e-08,1e-10,1e-11,DEGEN2,1436.4949999999983,True,0,2751,0.3080165386199951
110,1e-08,1e-10,1e-11,DEGEN3,-inf,False,1,10000,41.61752724647522
110,1e-08,1e-10,1e-11,E226,18.75192906637472,True,0,737,0.0173454284667968
110,1e-08,1e-10,1e-11,FFFFF800,-inf,False,3,283,0.0143485069274902
110,1e-08,1e-10,1e-11,ISRAEL,896644.8218630484,True,0,950,0.018770694732666
110,1e-08,1e-10,1e-11,LOTFI,25.264706061880013,True,0,264,0.0023150444030761
110,1e-08,1e-10,1e-11,MAROS-R7,-1497185.1664796427,True,0,4317,56.919031620025635
110,1e-08,1e-10,1e-11,QAP12,-inf,False,3,3034,59.69508743286133
110,1e-08,1e-10,1e-11,QAP15,-inf,False,3,7017,753.3893129825592
110,1e-08,1e-10,1e-11,QAP8,-inf,False,3,1767,2.973057508468628
110,1e-08,1e-10,1e-11,SC105,52.20206121170722,True,0,138,0.001145601272583
110,1e-08,1e-10,1e-11,SC205,52.20206121182398,True,0,314,0.0067670345306396
110,1e-08,1e-10,1e-11,SC50A,64.57507705856449,True,0,59,0.0003821849822998
110,1e-08,1e-10,1e-11,SC50B,70.0,True,0,62,0.0004057884216308
110,1e-08,1e-10,1e-11,SCAGR25,-inf,False,3,1109,0.0938079357147216
110,1e-08,1e-10,1e-11,SCAGR7,2331389.824330985,True,0,270,0.0023210048675537
110,1e-08,1e-10,1e-11,SCFXM1,-inf,False,2,633,0.0204644203186035
110,1e-08,1e-10,1e-11,SCFXM2,-inf,False,3,544,0.0243802070617675
110,1e-08,1e-10,1e-11,SCFXM3,-inf,False,3,751,0.0499746799468994
110,1e-08,1e-10,1e-11,SCORPION,-1875.8517318290158,True,0,466,0.00893235206604
110,1e-08,1e-10,1e-11,SCRS8,-inf,False,3,932,0.0532169342041015
110,1e-08,1e-10,1e-11,SCSD1,-0.928966462411952,False,3,309,0.0044465065002441
110,1e-08,1e-10,1e-11,SCSD6,-49.09175484469489,False,3,595,0.0221626758575439
110,1e-08,1e-10,1e-11,SCSD8,-inf,False,3,279,0.0140013694763183
110,1e-08,1e-10,1e-11,SCTAP1,-inf,False,3,424,0.0109987258911132
110,1e-08,1e-10,1e-11,SCTAP2,-inf,False,3,163,0.0374855995178222
110,1e-08,1e-10,1e-11,SCTAP3,-inf,False,3,296,0.2109529972076416
110,1e-08,1e-10,1e-11,SHARE1B,76589.31857918575,True,0,456,0.0037839412689208
110,1e-08,1e-10,1e-11,SHARE2B,415.732240741419,True,0,204,0.0011177062988281
110,1e-08,1e-10,1e-11,SHIP04L,-1793324.5379703536,True,0,777,0.011138916015625
110,1e-08,1e-10,1e-11,SHIP04S,-1798714.7004453933,True,0,606,0.0066001415252685
110,1e-08,1e-10,1e-11,SHIP08L,-1909055.211389134,True,0,1518,0.0443396568298339
110,1e-08,1e-10,1e-11,SHIP08S,-1920098.2105346203,True,0,1215,0.0259714126586914
110,1e-08,1e-10,1e-11,SHIP12L,-1470187.919329265,True,0,2060,0.1082377433776855
110,1e-08,1e-10,1e-11,SHIP12S,-1489236.134406127,True,0,1568,0.0560302734375
110,1e-08,1e-10,1e-11,STOCFOR1,41131.976219436205,True,0,259,0.0019800662994384
110,1e-08,1e-10,1e-11,STOCFOR2,39024.408537882045,True,0,4273,14.084423303604126
110,1e-08,1e-10,1e-11,STOCFOR3,-inf,False,1,10000,339.0079402923584
110,1e-08,1e-10,1e-11,TRUSS,-23431320.70610641,False,3,2511,11.275776147842407
110,1e-08,1e-10,1e-11,WOOD1P,-inf,False,3,114,0.0183267593383789
110,1e-08,1e-10,1e-11,WOODW,-inf,False,3,82,0.0780019760131836
111,1e-08,1e-10,1e-12,25FV47,-inf,False,3,330,0.0306048393249511
111,1e-08,1e-10,1e-12,ADLITTLE,-225494.96316238047,True,0,144,0.0006542205810546
111,1e-08,1e-10,1e-12,AFIRO,464.7531428571428,True,0,30,0.0003070831298828
111,1e-08,1e-10,1e-12,AGG,36291233.286576286,True,0,610,0.0129134654998779
111,1e-08,1e-10,1e-12,AGG2,20239252.355977103,True,0,571,0.0067682266235351
111,1e-08,1e-10,1e-12,AGG3,-inf,False,2,548,0.0076348781585693
111,1e-08,1e-10,1e-12,BANDM,158.62801845025237,True,0,1363,0.0537202358245849
111,1e-08,1e-10,1e-12,BEACONFD,-33592.48580719998,True,0,210,0.0026648044586181
111,1e-08,1e-10,1e-12,BLEND,30.81214984582829,True,0,148,0.0008068084716796
111,1e-08,1e-10,1e-12,BNL1,-inf,False,3,767,0.0984187126159668
111,1e-08,1e-10,1e-12,BNL2,-inf,False,3,2403,7.485431909561157
111,1e-08,1e-10,1e-12,BRANDY,-inf,False,3,202,0.0041635036468505
111,1e-08,1e-10,1e-12,D2Q06C,-inf,False,3,1397,2.5880112648010254
111,1e-08,1e-10,1e-12,DEGEN2,1436.4949999999976,True,0,3102,0.337015151977539
111,1e-08,1e-10,1e-12,DEGEN3,-inf,False,1,10000,41.52590990066528
111,1e-08,1e-10,1e-12,E226,18.75192906637468,True,0,738,0.0172004699707031
111,1e-08,1e-10,1e-12,FFFFF800,-555679.5715324664,True,0,1841,0.2255833148956298
111,1e-08,1e-10,1e-12,ISRAEL,896644.8218630381,True,0,913,0.0177948474884033
111,1e-08,1e-10,1e-12,LOTFI,25.264706061880016,True,0,266,0.0023479461669921
111,1e-08,1e-10,1e-12,MAROS-R7,-1497185.1664796427,True,0,4317,56.80208992958069
111,1e-08,1e-10,1e-12,QAP12,-inf,False,3,1998,26.135024547576904
111,1e-08,1e-10,1e-12,QAP15,-inf,False,3,2686,63.713380336761475
111,1e-08,1e-10,1e-12,QAP8,-inf,False,3,1095,1.5620863437652588
111,1e-08,1e-10,1e-12,SC105,52.20206121170722,True,0,138,0.0011801719665527
111,1e-08,1e-10,1e-12,SC205,52.202061211805145,True,0,304,0.0068831443786621
111,1e-08,1e-10,1e-12,SC50A,64.57507705856449,True,0,59,0.0004041194915771
111,1e-08,1e-10,1e-12,SC50B,70.0,True,0,62,0.0004169940948486
111,1e-08,1e-10,1e-12,SCAGR25,-inf,False,3,742,0.0590510368347168
111,1e-08,1e-10,1e-12,SCAGR7,2331389.824330985,True,0,270,0.0023951530456542
111,1e-08,1e-10,1e-12,SCFXM1,-18416.75902841879,True,0,845,0.0355098247528076
111,1e-08,1e-10,1e-12,SCFXM2,-inf,False,3,555,0.0260069370269775
111,1e-08,1e-10,1e-12,SCFXM3,-inf,False,3,794,0.0576283931732177
111,1e-08,1e-10,1e-12,SCORPION,-1875.8517318290158,True,0,466,0.0094745159149169
111,1e-08,1e-10,1e-12,SCRS8,-inf,False,3,927,0.0557272434234619
111,1e-08,1e-10,1e-12,SCSD1,-22.29596178516752,False,3,295,0.0043385028839111
111,1e-08,1e-10,1e-12,SCSD6,-49.09175484469489,False,3,595,0.0232841968536376
111,1e-08,1e-10,1e-12,SCSD8,-inf,False,3,279,0.0146567821502685
111,1e-08,1e-10,1e-12,SCTAP1,-inf,False,3,451,0.0122568607330322
111,1e-08,1e-10,1e-12,SCTAP2,-inf,False,3,162,0.0384721755981445
111,1e-08,1e-10,1e-12,SCTAP3,-inf,False,3,304,0.231555700302124
111,1e-08,1e-10,1e-12,SHARE1B,76589.31857918575,True,0,456,0.0040407180786132
111,1e-08,1e-10,1e-12,SHARE2B,415.732240741419,True,0,204,0.0011861324310302
111,1e-08,1e-10,1e-12,SHIP04L,-1793324.5379703536,True,0,777,0.0115983486175537
111,1e-08,1e-10,1e-12,SHIP04S,-1798714.7004453933,True,0,606,0.0068931579589843
111,1e-08,1e-10,1e-12,SHIP08L,-1909055.211389134,True,0,1518,0.0459415912628173
111,1e-08,1e-10,1e-12,SHIP08S,-1920098.2105346203,True,0,1215,0.0266568660736084
111,1e-08,1e-10,1e-12,SHIP12L,-1470187.919329265,True,0,2060,0.1122190952301025
111,1e-08,1e-10,1e-12,SHIP12S,-1489236.134406127,True,0,1568,0.0578420162200927
111,1e-08,1e-10,1e-12,STOCFOR1,41131.976219436176,True,0,259,0.0020699501037597
111,1e-08,1e-10,1e-12,STOCFOR2,39024.40853788116,True,0,4272,14.11101460456848
111,1e-08,1e-10,1e-12,STOCFOR3,-inf,False,1,10000,340.5465762615204
111,1e-08,1e-10,1e-12,TRUSS,-780646398.6013398,False,3,4068,22.1923189163208
111,1e-08,1e-10,1e-12,WOOD1P,-inf,False,3,116,0.0184738636016845
111,1e-08,1e-10,1e-12,WOODW,-inf,False,3,82,0.0783281326293945
112,1e-08,1e-10,1e-13,25FV47,-inf,False,3,330,0.0308027267456054
112,1e-08,1e-10,1e-13,ADLITTLE,-225494.96316238047,True,0,144,0.0007200241088867
112,1e-08,1e-10,1e-13,AFIRO,464.7531428571428,True,0,30,0.0003139972686767
112,1e-08,1e-10,1e-13,AGG,36291233.286576286,True,0,609,0.0129754543304443
112,1e-08,1e-10,1e-13,AGG2,20239252.355977103,True,0,571,0.0067873001098632
112,1e-08,1e-10,1e-13,AGG3,-inf,False,2,548,0.0076093673706054
112,1e-08,1e-10,1e-13,BANDM,158.62801845024026,True,0,1333,0.0528821945190429
112,1e-08,1e-10,1e-13,BEACONFD,-33592.48580719998,True,0,210,0.0026733875274658
112,1e-08,1e-10,1e-13,BLEND,30.81214984582808,True,0,165,0.0008678436279296
112,1e-08,1e-10,1e-13,BNL1,-inf,False,3,1770,0.4763190746307373
112,1e-08,1e-10,1e-13,BNL2,-inf,False,3,2787,9.487399339675903
112,1e-08,1e-10,1e-13,BRANDY,-inf,False,3,214,0.0037331581115722
112,1e-08,1e-10,1e-13,D2Q06C,-inf,False,3,1765,4.848803997039795
112,1e-08,1e-10,1e-13,DEGEN2,1435.1779999999994,True,0,2819,0.2920644283294678
112,1e-08,1e-10,1e-13,DEGEN3,-inf,False,1,10000,41.37397599220276
112,1e-08,1e-10,1e-13,E226,18.75192906637468,True,0,738,0.0169758796691894
112,1e-08,1e-10,1e-13,FFFFF800,-inf,False,3,872,0.084796667098999
112,1e-08,1e-10,1e-13,ISRAEL,896644.8218630381,True,0,913,0.0177609920501709
112,1e-08,1e-10,1e-13,LOTFI,25.26470606188001,True,0,277,0.0025026798248291
112,1e-08,1e-10,1e-13,MAROS-R7,-1497185.1664796427,True,0,4317,56.79194498062134
112,1e-08,1e-10,1e-13,QAP12,-inf,False,3,2747,49.82554364204407
112,1e-08,1e-10,1e-13,QAP15,-inf,False,3,7229,774.2142808437347
112,1e-08,1e-10,1e-13,QAP8,-inf,False,3,1473,2.473965644836426
112,1e-08,1e-10,1e-13,SC105,52.20206121170722,True,0,139,0.0012636184692382
112,1e-08,1e-10,1e-13,SC205,52.20206121170649,True,0,322,0.0070908069610595
112,1e-08,1e-10,1e-13,SC50A,64.57507705856449,True,0,59,0.0003838539123535
112,1e-08,1e-10,1e-13,SC50B,70.0,True,0,62,0.0003948211669921
112,1e-08,1e-10,1e-13,SCAGR25,7515203.518655661,False,3,1394,0.1267902851104736
112,1e-08,1e-10,1e-13,SCAGR7,2331389.824330985,True,0,270,0.0022723674774169
112,1e-08,1e-10,1e-13,SCFXM1,-18416.759028417593,True,0,847,0.0339963436126709
112,1e-08,1e-10,1e-13,SCFXM2,-36631.03738122762,True,0,1604,0.3169403076171875
112,1e-08,1e-10,1e-13,SCFXM3,-inf,False,2,1918,0.9946129322052002
112,1e-08,1e-10,1e-13,SCORPION,-1875.8517318290158,True,0,466,0.0089635848999023
112,1e-08,1e-10,1e-13,SCRS8,-inf,False,3,716,0.0324275493621826
112,1e-08,1e-10,1e-13,SCSD1,-8.21757299260629,False,3,316,0.0044317245483398
112,1e-08,1e-10,1e-13,SCSD6,-50.500000077144335,True,0,727,0.0285234451293945
112,1e-08,1e-10,1e-13,SCSD8,-inf,False,3,279,0.0143008232116699
112,1e-08,1e-10,1e-13,SCTAP1,-1412.249999999997,True,0,797,0.0314815044403076
112,1e-08,1e-10,1e-13,SCTAP2,-inf,False,3,171,0.0404984951019287
112,1e-08,1e-10,1e-13,SCTAP3,-inf,False,3,266,0.1763079166412353
112,1e-08,1e-10,1e-13,SHARE1B,76589.31857918575,True,0,456,0.0038292407989501
112,1e-08,1e-10,1e-13,SHARE2B,415.732240741419,True,0,204,0.0011141300201416
112,1e-08,1e-10,1e-13,SHIP04L,-1793324.5379703536,True,0,777,0.011183738708496
112,1e-08,1e-10,1e-13,SHIP04S,-1798714.7004453933,True,0,606,0.0066549777984619
112,1e-08,1e-10,1e-13,SHIP08L,-1909055.211389134,True,0,1518,0.0444531440734863
112,1e-08,1e-10,1e-13,SHIP08S,-1920098.2105346203,True,0,1215,0.0260910987854003
112,1e-08,1e-10,1e-13,SHIP12L,-1470187.919329265,True,0,2060,0.1087203025817871
112,1e-08,1e-10,1e-13,SHIP12S,-1489236.134406127,True,0,1568,0.0562117099761962
112,1e-08,1e-10,1e-13,STOCFOR1,41131.97621943616,True,0,259,0.0019407272338867
112,1e-08,1e-10,1e-13,STOCFOR2,39024.40853788207,True,0,4250,13.942825317382812
112,1e-08,1e-10,1e-13,STOCFOR3,-inf,False,1,10000,339.9097089767456
112,1e-08,1e-10,1e-13,TRUSS,-14773125.092391543,False,3,5908,35.2826087474823
112,1e-08,1e-10,1e-13,WOOD1P,-inf,False,3,139,0.0223143100738525
112,1e-08,1e-10,1e-13,WOODW,-inf,False,3,82,0.0784518718719482
113,1e-08,1e-10,1e-14,25FV47,-inf,False,3,398,0.0453763008117675
113,1e-08,1e-10,1e-14,ADLITTLE,-225494.96316238047,True,0,144,0.0006580352783203
113,1e-08,1e-10,1e-14,AFIRO,464.7531428571428,True,0,30,0.0003128051757812
113,1e-08,1e-10,1e-14,AGG,36291233.286576286,True,0,609,0.0128908157348632
113,1e-08,1e-10,1e-14,AGG2,20239252.355977103,True,0,571,0.0068035125732421
113,1e-08,1e-10,1e-14,AGG3,-inf,False,2,548,0.0076122283935546
113,1e-08,1e-10,1e-14,BANDM,-inf,False,3,212,0.0076179504394531
113,1e-08,1e-10,1e-14,BEACONFD,-33592.48580719996,True,0,212,0.0026731491088867
113,1e-08,1e-10,1e-14,BLEND,30.81214984582823,True,0,161,0.000849962234497
113,1e-08,1e-10,1e-14,BNL1,-inf,False,3,1436,0.3249754905700683
113,1e-08,1e-10,1e-14,BNL2,-inf,False,3,7570,44.770277976989746
113,1e-08,1e-10,1e-14,BRANDY,-1518.5098964881197,True,0,647,0.0108063220977783
113,1e-08,1e-10,1e-14,D2Q06C,-inf,False,3,1751,4.193868398666382
113,1e-08,1e-10,1e-14,DEGEN2,1435.1779999999806,True,0,3022,0.3060131072998047
113,1e-08,1e-10,1e-14,DEGEN3,-inf,False,1,10000,41.36917161941528
113,1e-08,1e-10,1e-14,E226,18.75192906621691,True,0,840,0.0201818943023681
113,1e-08,1e-10,1e-14,FFFFF800,-inf,False,3,896,0.0831389427185058
113,1e-08,1e-10,1e-14,ISRAEL,896644.8218630381,True,0,913,0.0178210735321044
113,1e-08,1e-10,1e-14,LOTFI,25.26470606188001,True,0,277,0.0024974346160888
113,1e-08,1e-10,1e-14,MAROS-R7,-1497185.1664796427,True,0,4317,56.79113292694092
113,1e-08,1e-10,1e-14,QAP12,-inf,False,3,3393,76.3806324005127
113,1e-08,1e-10,1e-14,QAP15,-inf,False,3,2767,72.77142238616943
113,1e-08,1e-10,1e-14,QAP8,-inf,False,3,2104,3.8187506198883057
113,1e-08,1e-10,1e-14,SC105,52.20206121170724,True,0,134,0.0012297630310058
113,1e-08,1e-10,1e-14,SC205,52.2020612117079,True,0,325,0.0079741477966308
113,1e-08,1e-10,1e-14,SC50A,64.57507705856449,True,0,59,0.0004324913024902
113,1e-08,1e-10,1e-14,SC50B,70.0,True,0,62,0.0004494190216064
113,1e-08,1e-10,1e-14,SCAGR25,-inf,False,3,1197,0.1186904907226562
113,1e-08,1e-10,1e-14,SCAGR7,2331389.8243309762,True,0,250,0.0022759437561035
113,1e-08,1e-10,1e-14,SCFXM1,-19102.311992785995,False,3,807,0.0341405868530273
113,1e-08,1e-10,1e-14,SCFXM2,-36848.738522119354,True,0,1674,0.3237683773040771
113,1e-08,1e-10,1e-14,SCFXM3,-inf,False,2,1930,1.0074083805084229
113,1e-08,1e-10,1e-14,SCORPION,-1875.8517318290155,True,0,466,0.0098216533660888
113,1e-08,1e-10,1e-14,SCRS8,-inf,False,3,728,0.035090684890747
113,1e-08,1e-10,1e-14,SCSD1,53935.43531019026,False,3,452,0.0068674087524414
113,1e-08,1e-10,1e-14,SCSD6,-42.67621507068471,False,3,778,0.0338954925537109
113,1e-08,1e-10,1e-14,SCSD8,-inf,False,3,286,0.0159323215484619
113,1e-08,1e-10,1e-14,SCTAP1,-1412.2499999999982,True,0,875,0.037785530090332
113,1e-08,1e-10,1e-14,SCTAP2,-inf,False,3,136,0.0275204181671142
113,1e-08,1e-10,1e-14,SCTAP3,-inf,False,3,232,0.129631757736206
113,1e-08,1e-10,1e-14,SHARE1B,76589.31857918575,True,0,456,0.0039596557617187
113,1e-08,1e-10,1e-14,SHARE2B,415.732240741419,True,0,203,0.0011737346649169
113,1e-08,1e-10,1e-14,SHIP04L,-1793324.5379703536,True,0,775,0.011354923248291
113,1e-08,1e-10,1e-14,SHIP04S,-1798714.7004453933,True,0,606,0.0068857669830322
113,1e-08,1e-10,1e-14,SHIP08L,-1909055.211389134,True,0,1518,0.0456218719482421
113,1e-08,1e-10,1e-14,SHIP08S,-1920098.2105346203,True,0,1215,0.0266013145446777
113,1e-08,1e-10,1e-14,SHIP12L,-1470187.919329265,True,0,2060,0.1112141609191894
113,1e-08,1e-10,1e-14,SHIP12S,-1489236.134406127,True,0,1569,0.0574963092803955
113,1e-08,1e-10,1e-14,STOCFOR1,41131.976219436154,True,0,260,0.0020287036895751
113,1e-08,1e-10,1e-14,STOCFOR2,39024.408537882206,True,0,4225,13.756293058395386
113,1e-08,1e-10,1e-14,STOCFOR3,-inf,False,1,10000,353.3817858695984
113,1e-08,1e-10,1e-14,TRUSS,-700687.1654856183,False,3,2353,10.427862405776978
113,1e-08,1e-10,1e-14,WOOD1P,-inf,False,3,424,0.0730524063110351
113,1e-08,1e-10,1e-14,WOODW,-inf,False,3,82,0.0808494091033935
114,1e-08,1e-10,1e-15,25FV47,-inf,False,3,822,0.164186954498291
114,1e-08,1e-10,1e-15,ADLITTLE,-225494.96316238047,True,0,144,0.0007064342498779
114,1e-08,1e-10,1e-15,AFIRO,464.7531428571428,True,0,30,0.0003342628479003
114,1e-08,1e-10,1e-15,AGG,36291233.286576286,True,0,609,0.0137228965759277
114,1e-08,1e-10,1e-15,AGG2,20239252.355977103,True,0,572,0.0071849822998046
114,1e-08,1e-10,1e-15,AGG3,-inf,False,2,548,0.0080738067626953
114,1e-08,1e-10,1e-15,BANDM,-inf,False,3,92,0.0030202865600585
114,1e-08,1e-10,1e-15,BEACONFD,-33592.48580719996,True,0,212,0.0028483867645263
114,1e-08,1e-10,1e-15,BLEND,30.81214984582805,True,0,180,0.0010013580322265
114,1e-08,1e-10,1e-15,BNL1,-inf,False,3,3730,1.847271203994751
114,1e-08,1e-10,1e-15,BNL2,-inf,False,3,2836,10.042970895767212
114,1e-08,1e-10,1e-15,BRANDY,-1518.5098964880663,True,0,704,0.0116455554962158
114,1e-08,1e-10,1e-15,D2Q06C,-inf,False,1,10000,82.44960618019104
114,1e-08,1e-10,1e-15,DEGEN2,1435.1779999999912,True,0,2594,0.2590744495391845
114,1e-08,1e-10,1e-15,DEGEN3,-inf,False,1,10000,41.47992396354675
114,1e-08,1e-10,1e-15,E226,-inf,False,3,335,0.0062654018402099
114,1e-08,1e-10,1e-15,FFFFF800,-inf,False,3,895,0.0800549983978271
114,1e-08,1e-10,1e-15,ISRAEL,896644.8218630381,True,0,913,0.0177905559539794
114,1e-08,1e-10,1e-15,LOTFI,25.26470606188001,True,0,271,0.0024199485778808
114,1e-08,1e-10,1e-15,MAROS-R7,-1497185.1664796427,True,0,4317,56.730496644973755
114,1e-08,1e-10,1e-15,QAP12,-inf,False,3,4900,140.59758925437927
114,1e-08,1e-10,1e-15,QAP15,-inf,False,3,3419,155.51057386398315
114,1e-08,1e-10,1e-15,QAP8,-inf,False,3,871,1.1557128429412842
114,1e-08,1e-10,1e-15,SC105,52.2020612117072,True,0,131,0.0011544227600097
114,1e-08,1e-10,1e-15,SC205,52.20206121167227,True,0,274,0.0060350894927978
114,1e-08,1e-10,1e-15,SC50A,64.57507705856449,True,0,59,0.0004100799560546
114,1e-08,1e-10,1e-15,SC50B,70.0,True,0,62,0.0004181861877441
114,1e-08,1e-10,1e-15,SCAGR25,-inf,False,3,615,0.051203966140747
114,1e-08,1e-10,1e-15,SCAGR7,2331389.8243310177,True,0,267,0.0022680759429931
114,1e-08,1e-10,1e-15,SCFXM1,-18416.759028350636,True,0,749,0.0290305614471435
114,1e-08,1e-10,1e-15,SCFXM2,-36937.47215647803,True,0,1606,0.3057172298431396
114,1e-08,1e-10,1e-15,SCFXM3,-inf,False,2,1863,0.7672770023345947
114,1e-08,1e-10,1e-15,SCORPION,-1875.8517318290153,True,0,466,0.0095689296722412
114,1e-08,1e-10,1e-15,SCRS8,-inf,False,3,938,0.0560958385467529
114,1e-08,1e-10,1e-15,SCSD1,6535.289842344521,False,3,322,0.0045967102050781
114,1e-08,1e-10,1e-15,SCSD6,-50.38841281858556,True,0,2790,0.1317918300628662
114,1e-08,1e-10,1e-15,SCSD8,-inf,False,3,286,0.0155401229858398
114,1e-08,1e-10,1e-15,SCTAP1,-inf,False,3,157,0.0046412944793701
114,1e-08,1e-10,1e-15,SCTAP2,-inf,False,3,129,0.0237872600555419
114,1e-08,1e-10,1e-15,SCTAP3,-inf,False,3,524,0.7858662605285645
114,1e-08,1e-10,1e-15,SHARE1B,76589.31857918575,True,0,456,0.0041022300720214
114,1e-08,1e-10,1e-15,SHARE2B,415.7322407414188,True,0,210,0.0012283325195312
114,1e-08,1e-10,1e-15,SHIP04L,-1793324.5379703536,True,0,773,0.0112152099609375
114,1e-08,1e-10,1e-15,SHIP04S,-1798714.7004453936,True,0,608,0.0070173740386962
114,1e-08,1e-10,1e-15,SHIP08L,-1909055.2113891335,True,0,1514,0.0464043617248535
114,1e-08,1e-10,1e-15,SHIP08S,-1920098.2105346206,True,0,1214,0.0269739627838134
114,1e-08,1e-10,1e-15,SHIP12L,-1470187.919329265,True,0,2081,0.1159725189208984
114,1e-08,1e-10,1e-15,SHIP12S,-1489236.134406127,True,0,1568,0.0588331222534179
114,1e-08,1e-10,1e-15,STOCFOR1,41131.97621943676,True,0,268,0.0022051334381103
114,1e-08,1e-10,1e-15,STOCFOR2,-inf,False,3,3891,11.10387635231018
114,1e-08,1e-10,1e-15,STOCFOR3,-inf,False,3,6413,370.0499527454376
114,1e-08,1e-10,1e-15,TRUSS,4726452407.594585,False,3,6250,38.6717894077301
114,1e-08,1e-10,1e-15,WOOD1P,-inf,False,3,99,0.016108751296997
114,1e-08,1e-10,1e-15,WOODW,-inf,False,3,82,0.0778560638427734
115,1e-08,1e-11,1e-11,25FV47,-inf,False,3,140,0.0107119083404541
115,1e-08,1e-11,1e-11,ADLITTLE,-225494.96316238047,True,0,144,0.0006599426269531
115,1e-08,1e-11,1e-11,AFIRO,464.7531428571428,True,0,30,0.0003144741058349
115,1e-08,1e-11,1e-11,AGG,10848424.378848176,True,0,595,0.0116133689880371
115,1e-08,1e-11,1e-11,AGG2,20239252.355977103,True,0,571,0.0068638324737548
115,1e-08,1e-11,1e-11,AGG3,-inf,False,2,548,0.0076682567596435
115,1e-08,1e-11,1e-11,BANDM,-inf,False,3,373,0.0133430957794189
115,1e-08,1e-11,1e-11,BEACONFD,-33592.48580719998,True,0,210,0.00278902053833
115,1e-08,1e-11,1e-11,BLEND,30.81214984582829,True,0,148,0.0008046627044677
115,1e-08,1e-11,1e-11,BNL1,-inf,False,3,506,0.048215627670288
115,1e-08,1e-11,1e-11,BNL2,-inf,False,3,1529,3.073214054107666
115,1e-08,1e-11,1e-11,BRANDY,-inf,False,3,91,0.0016920566558837
115,1e-08,1e-11,1e-11,D2Q06C,-inf,False,3,671,0.1931545734405517
115,1e-08,1e-11,1e-11,DEGEN2,1436.4949999999983,True,0,2751,0.2862570285797119
115,1e-08,1e-11,1e-11,DEGEN3,-inf,False,1,10000,41.66871500015259
115,1e-08,1e-11,1e-11,E226,18.75192906637472,True,0,737,0.0170161724090576
115,1e-08,1e-11,1e-11,FFFFF800,-inf,False,3,283,0.0138599872589111
115,1e-08,1e-11,1e-11,ISRAEL,896644.8218630484,True,0,950,0.018467903137207
115,1e-08,1e-11,1e-11,LOTFI,25.264706061880013,True,0,264,0.0023021697998046
115,1e-08,1e-11,1e-11,MAROS-R7,-1497185.1664796427,True,0,4317,56.75047278404236
115,1e-08,1e-11,1e-11,QAP12,-inf,False,3,1778,20.636425495147705
115,1e-08,1e-11,1e-11,QAP15,-inf,False,3,2413,41.59917497634888
115,1e-08,1e-11,1e-11,QAP8,-inf,False,3,813,0.9557034969329834
115,1e-08,1e-11,1e-11,SC105,52.20206121170722,True,0,138,0.0011587142944335
115,1e-08,1e-11,1e-11,SC205,52.20206121182398,True,0,314,0.0068421363830566
115,1e-08,1e-11,1e-11,SC50A,64.57507705856449,True,0,59,0.0003864765167236
115,1e-08,1e-11,1e-11,SC50B,70.0,True,0,62,0.0004005432128906
115,1e-08,1e-11,1e-11,SCAGR25,-inf,False,3,440,0.0305178165435791
115,1e-08,1e-11,1e-11,SCAGR7,2331389.824330985,True,0,270,0.002298355102539
115,1e-08,1e-11,1e-11,SCFXM1,-inf,False,3,233,0.0045979022979736
115,1e-08,1e-11,1e-11,SCFXM2,-inf,False,3,217,0.0081069469451904
115,1e-08,1e-11,1e-11,SCFXM3,-inf,False,3,489,0.0288090705871582
115,1e-08,1e-11,1e-11,SCORPION,-1875.8517318290158,True,0,466,0.0089457035064697
115,1e-08,1e-11,1e-11,SCRS8,-inf,False,3,760,0.0352900028228759
115,1e-08,1e-11,1e-11,SCSD1,-0.928966462411952,False,3,309,0.0044152736663818
115,1e-08,1e-11,1e-11,SCSD6,-49.09175484469489,False,3,595,0.0221662521362304
115,1e-08,1e-11,1e-11,SCSD8,-inf,False,3,279,0.0143895149230957
115,1e-08,1e-11,1e-11,SCTAP1,-inf,False,3,422,0.0109393596649169
115,1e-08,1e-11,1e-11,SCTAP2,-inf,False,3,152,0.0296802520751953
115,1e-08,1e-11,1e-11,SCTAP3,-inf,False,3,41,0.0252783298492431
115,1e-08,1e-11,1e-11,SHARE1B,76589.31857918575,True,0,456,0.0038304328918457
115,1e-08,1e-11,1e-11,SHARE2B,415.732240741419,True,0,204,0.0011262893676757
115,1e-08,1e-11,1e-11,SHIP04L,-1793324.5379703536,True,0,777,0.0112810134887695
115,1e-08,1e-11,1e-11,SHIP04S,-1798714.7004453933,True,0,606,0.006955862045288
115,1e-08,1e-11,1e-11,SHIP08L,-1909055.211389134,True,0,1518,0.0444297790527343
115,1e-08,1e-11,1e-11,SHIP08S,-1920098.2105346203,True,0,1215,0.0261130332946777
115,1e-08,1e-11,1e-11,SHIP12L,-1470187.919329265,True,0,2060,0.1084930896759033
115,1e-08,1e-11,1e-11,SHIP12S,-1489236.134406127,True,0,1568,0.0561702251434326
115,1e-08,1e-11,1e-11,STOCFOR1,41131.976219436205,True,0,259,0.0019812583923339
115,1e-08,1e-11,1e-11,STOCFOR2,39024.408537882045,True,0,4273,14.124858379364014
115,1e-08,1e-11,1e-11,STOCFOR3,-inf,False,1,10000,339.7530813217163
115,1e-08,1e-11,1e-11,TRUSS,-688258.1090429984,False,3,1911,7.352604389190674
115,1e-08,1e-11,1e-11,WOOD1P,-inf,False,3,114,0.0183990001678466
115,1e-08,1e-11,1e-11,WOODW,-inf,False,3,39,0.0412752628326416
116,1e-08,1e-11,1e-12,25FV47,-inf,False,3,140,0.0106797218322753
116,1e-08,1e-11,1e-12,ADLITTLE,-225494.96316238047,True,0,144,0.0006582736968994
116,1e-08,1e-11,1e-12,AFIRO,464.7531428571428,True,0,30,0.0003135204315185
116,1e-08,1e-11,1e-12,AGG,10439165.6080729,True,0,595,0.011650800704956
116,1e-08,1e-11,1e-12,AGG2,20239252.355977103,True,0,571,0.0068240165710449
116,1e-08,1e-11,1e-12,AGG3,-inf,False,2,548,0.0077488422393798
116,1e-08,1e-11,1e-12,BANDM,-inf,False,3,201,0.0070507526397705
116,1e-08,1e-11,1e-12,BEACONFD,-33592.48580719998,True,0,210,0.0026724338531494
116,1e-08,1e-11,1e-12,BLEND,30.81214984582829,True,0,148,0.0008037090301513
116,1e-08,1e-11,1e-12,BNL1,-inf,False,3,506,0.0482664108276367
116,1e-08,1e-11,1e-12,BNL2,-inf,False,3,2409,7.527607679367065
116,1e-08,1e-11,1e-12,BRANDY,-inf,False,3,96,0.0017426013946533
116,1e-08,1e-11,1e-12,D2Q06C,-inf,False,3,671,0.1944139003753662
116,1e-08,1e-11,1e-12,DEGEN2,1436.4949999999976,True,0,3102,0.3257720470428467
116,1e-08,1e-11,1e-12,DEGEN3,-inf,False,3,9318,38.31982707977295
116,1e-08,1e-11,1e-12,E226,18.75192906637468,True,0,738,0.0170624256134033
116,1e-08,1e-11,1e-12,FFFFF800,-inf,False,3,1535,0.1704723834991455
116,1e-08,1e-11,1e-12,ISRAEL,896644.8218630381,True,0,913,0.0178279876708984
116,1e-08,1e-11,1e-12,LOTFI,25.264706061880016,True,0,266,0.0023360252380371
116,1e-08,1e-11,1e-12,MAROS-R7,-1497185.1664796427,True,0,4317,56.7904155254364
116,1e-08,1e-11,1e-12,QAP12,-inf,False,3,1995,26.60546278953552
116,1e-08,1e-11,1e-12,QAP15,-inf,False,3,2415,41.964763164520264
116,1e-08,1e-11,1e-12,QAP8,-inf,False,3,807,0.9420464038848876
116,1e-08,1e-11,1e-12,SC105,52.20206121170722,True,0,138,0.0011587142944335
116,1e-08,1e-11,1e-12,SC205,52.202061211805145,True,0,304,0.0065884590148925
116,1e-08,1e-11,1e-12,SC50A,64.57507705856449,True,0,59,0.0003867149353027
116,1e-08,1e-11,1e-12,SC50B,70.0,True,0,62,0.0004000663757324
116,1e-08,1e-11,1e-12,SCAGR25,-inf,False,3,742,0.0562078952789306
116,1e-08,1e-11,1e-12,SCAGR7,2331389.824330985,True,0,270,0.0022826194763183
116,1e-08,1e-11,1e-12,SCFXM1,-inf,False,3,233,0.0045874118804931
116,1e-08,1e-11,1e-12,SCFXM2,-inf,False,3,217,0.0080583095550537
116,1e-08,1e-11,1e-12,SCFXM3,-inf,False,3,464,0.0276296138763427
116,1e-08,1e-11,1e-12,SCORPION,-1875.8517318290158,True,0,466,0.0089333057403564
116,1e-08,1e-11,1e-12,SCRS8,-inf,False,3,760,0.0348532199859619
116,1e-08,1e-11,1e-12,SCSD1,-22.29596178516752,False,3,295,0.0041165351867675
116,1e-08,1e-11,1e-12,SCSD6,-49.09175484469489,False,3,595,0.0221500396728515
116,1e-08,1e-11,1e-12,SCSD8,-inf,False,3,279,0.0142476558685302
116,1e-08,1e-11,1e-12,SCTAP1,-inf,False,3,420,0.0107936859130859
116,1e-08,1e-11,1e-12,SCTAP2,-inf,False,3,152,0.0297503471374511
116,1e-08,1e-11,1e-12,SCTAP3,-inf,False,3,41,0.0252845287322998
116,1e-08,1e-11,1e-12,SHARE1B,76589.31857918575,True,0,456,0.0037908554077148
116,1e-08,1e-11,1e-12,SHARE2B,415.732240741419,True,0,204,0.00111985206604
116,1e-08,1e-11,1e-12,SHIP04L,-1793324.5379703536,True,0,777,0.0111417770385742
116,1e-08,1e-11,1e-12,SHIP04S,-1798714.7004453933,True,0,606,0.007328987121582
116,1e-08,1e-11,1e-12,SHIP08L,-1909055.211389134,True,0,1518,0.0444097518920898
116,1e-08,1e-11,1e-12,SHIP08S,-1920098.2105346203,True,0,1215,0.0260558128356933
116,1e-08,1e-11,1e-12,SHIP12L,-1470187.919329265,True,0,2060,0.1082470417022705
116,1e-08,1e-11,1e-12,SHIP12S,-1489236.134406127,True,0,1568,0.0560922622680664
116,1e-08,1e-11,1e-12,STOCFOR1,41131.976219436176,True,0,259,0.0019731521606445
116,1e-08,1e-11,1e-12,STOCFOR2,-inf,False,3,2800,2.0500009059906006
116,1e-08,1e-11,1e-12,STOCFOR3,-inf,False,1,10000,340.50925302505493
116,1e-08,1e-11,1e-12,TRUSS,-5.553008481644013e+18,False,3,2102,8.598469972610474
116,1e-08,1e-11,1e-12,WOOD1P,-inf,False,3,190,0.028193712234497
116,1e-08,1e-11,1e-12,WOODW,-inf,False,3,39,0.0411834716796875
117,1e-08,1e-11,1e-13,25FV47,-inf,False,3,142,0.0107877254486083
117,1e-08,1e-11,1e-13,ADLITTLE,-225494.96316238047,True,0,144,0.0006766319274902
117,1e-08,1e-11,1e-13,AFIRO,464.7531428571428,True,0,30,0.0003135204315185
117,1e-08,1e-11,1e-13,AGG,10410622.637922712,True,0,596,0.0118031501770019
117,1e-08,1e-11,1e-13,AGG2,20239252.355977103,True,0,571,0.00681734085083
117,1e-08,1e-11,1e-13,AGG3,-inf,False,2,548,0.0076522827148437
117,1e-08,1e-11,1e-13,BANDM,-inf,False,3,201,0.0069935321807861
117,1e-08,1e-11,1e-13,BEACONFD,-33592.48580719998,True,0,210,0.0027356147766113
117,1e-08,1e-11,1e-13,BLEND,30.81214984582808,True,0,165,0.0008695125579833
117,1e-08,1e-11,1e-13,BNL1,-inf,False,3,507,0.0481929779052734
117,1e-08,1e-11,1e-13,BNL2,-inf,False,3,840,1.155156135559082
117,1e-08,1e-11,1e-13,BRANDY,-inf,False,3,110,0.0020098686218261
117,1e-08,1e-11,1e-13,D2Q06C,-inf,False,3,671,0.209850788116455
117,1e-08,1e-11,1e-13,DEGEN2,1435.1779999999994,True,0,2819,0.2906796932220459
117,1e-08,1e-11,1e-13,DEGEN3,-inf,False,3,8116,32.34907293319702
117,1e-08,1e-11,1e-13,E226,18.75192906637468,True,0,738,0.017064094543457
117,1e-08,1e-11,1e-13,FFFFF800,-inf,False,3,666,0.056596040725708
117,1e-08,1e-11,1e-13,ISRAEL,896644.8218630381,True,0,913,0.0179080963134765
117,1e-08,1e-11,1e-13,LOTFI,25.26470606188001,True,0,277,0.0025310516357421
117,1e-08,1e-11,1e-13,MAROS-R7,-1497185.1664796427,True,0,4317,56.88104510307312
117,1e-08,1e-11,1e-13,QAP12,-inf,False,3,2055,28.541837453842163
117,1e-08,1e-11,1e-13,QAP15,-inf,False,3,5063,421.3416793346405
117,1e-08,1e-11,1e-13,QAP8,-inf,False,3,929,1.219024896621704
117,1e-08,1e-11,1e-13,SC105,52.20206121170722,True,0,139,0.0011610984802246
117,1e-08,1e-11,1e-13,SC205,52.20206121170649,True,0,322,0.0070478916168212
117,1e-08,1e-11,1e-13,SC50A,64.57507705856449,True,0,59,0.0003883838653564
117,1e-08,1e-11,1e-13,SC50B,70.0,True,0,62,0.0004127025604248
117,1e-08,1e-11,1e-13,SCAGR25,-inf,False,3,1142,0.1001012325286865
117,1e-08,1e-11,1e-13,SCAGR7,2331389.824330985,True,0,270,0.0022830963134765
117,1e-08,1e-11,1e-13,SCFXM1,-inf,False,3,275,0.0058159828186035
117,1e-08,1e-11,1e-13,SCFXM2,-inf,False,3,217,0.0079951286315917
117,1e-08,1e-11,1e-13,SCFXM3,-inf,False,3,447,0.0269272327423095
117,1e-08,1e-11,1e-13,SCORPION,-1875.8517318290158,True,0,466,0.0089476108551025
117,1e-08,1e-11,1e-13,SCRS8,-inf,False,3,1048,0.083003282546997
117,1e-08,1e-11,1e-13,SCSD1,-8.21757299260629,False,3,316,0.0044353008270263
117,1e-08,1e-11,1e-13,SCSD6,-50.500000077144335,True,0,727,0.0286681652069091
117,1e-08,1e-11,1e-13,SCSD8,-inf,False,3,279,0.0145599842071533
117,1e-08,1e-11,1e-13,SCTAP1,-inf,False,3,421,0.0109984874725341
117,1e-08,1e-11,1e-13,SCTAP2,-inf,False,3,128,0.0221693515777587
117,1e-08,1e-11,1e-13,SCTAP3,-inf,False,3,41,0.0253305435180664
117,1e-08,1e-11,1e-13,SHARE1B,76589.31857918575,True,0,456,0.0038714408874511
117,1e-08,1e-11,1e-13,SHARE2B,415.732240741419,True,0,204,0.0011672973632812
117,1e-08,1e-11,1e-13,SHIP04L,-1793324.5379703536,True,0,777,0.0113146305084228
117,1e-08,1e-11,1e-13,SHIP04S,-1798714.7004453933,True,0,606,0.0073564052581787
117,1e-08,1e-11,1e-13,SHIP08L,-1909055.211389134,True,0,1518,0.0446925163269043
117,1e-08,1e-11,1e-13,SHIP08S,-1920098.2105346203,True,0,1215,0.0261752605438232
117,1e-08,1e-11,1e-13,SHIP12L,-1470187.919329265,True,0,2060,0.1085493564605712
117,1e-08,1e-11,1e-13,SHIP12S,-1489236.134406127,True,0,1568,0.0562713146209716
117,1e-08,1e-11,1e-13,STOCFOR1,41131.97621943616,True,0,259,0.0019385814666748
117,1e-08,1e-11,1e-13,STOCFOR2,-inf,False,3,2808,2.1097500324249268
117,1e-08,1e-11,1e-13,STOCFOR3,-inf,False,1,10000,339.2607924938202
117,1e-08,1e-11,1e-13,TRUSS,9.256764452036821e+23,False,3,7133,44.3132164478302
117,1e-08,1e-11,1e-13,WOOD1P,-inf,False,3,184,0.0267717838287353
117,1e-08,1e-11,1e-13,WOODW,-inf,False,3,40,0.0420193672180175
118,1e-08,1e-11,1e-14,25FV47,-inf,False,3,284,0.0238137245178222
118,1e-08,1e-11,1e-14,ADLITTLE,-225494.96316238047,True,0,144,0.0006754398345947
118,1e-08,1e-11,1e-14,AFIRO,464.7531428571428,True,0,30,0.0003211498260498
118,1e-08,1e-11,1e-14,AGG,10410622.637922712,True,0,596,0.0118803977966308
118,1e-08,1e-11,1e-14,AGG2,20239252.355977103,True,0,571,0.0067996978759765
118,1e-08,1e-11,1e-14,AGG3,-inf,False,2,548,0.0076045989990234
118,1e-08,1e-11,1e-14,BANDM,-inf,False,3,458,0.0161981582641601
118,1e-08,1e-11,1e-14,BEACONFD,-33592.48580719996,True,0,212,0.0026979446411132
118,1e-08,1e-11,1e-14,BLEND,30.81214984582823,True,0,161,0.0008680820465087
118,1e-08,1e-11,1e-14,BNL1,-inf,False,3,551,0.0558085441589355
118,1e-08,1e-11,1e-14,BNL2,-inf,False,3,1534,3.266533374786377
118,1e-08,1e-11,1e-14,BRANDY,-inf,False,3,99,0.0017650127410888
118,1e-08,1e-11,1e-14,D2Q06C,-inf,False,3,671,0.193469762802124
118,1e-08,1e-11,1e-14,DEGEN2,1435.1779999999806,True,0,3022,0.3049681186676025
118,1e-08,1e-11,1e-14,DEGEN3,-inf,False,1,10000,41.488871574401855
118,1e-08,1e-11,1e-14,E226,18.93821307653316,True,0,920,0.0246260166168212
118,1e-08,1e-11,1e-14,FFFFF800,-inf,False,3,675,0.0609252452850341
118,1e-08,1e-11,1e-14,ISRAEL,896644.8218630381,True,0,913,0.0193195343017578
118,1e-08,1e-11,1e-14,LOTFI,25.26470606188001,True,0,277,0.0027186870574951
118,1e-08,1e-11,1e-14,MAROS-R7,-1497185.1664796427,True,0,4317,56.885119676589966
118,1e-08,1e-11,1e-14,QAP12,-inf,False,3,1924,27.80157232284546
118,1e-08,1e-11,1e-14,QAP15,-inf,False,3,2770,73.41991972923279
118,1e-08,1e-11,1e-14,QAP8,-inf,False,3,971,1.279327630996704
118,1e-08,1e-11,1e-14,SC105,52.20206121170724,True,0,134,0.0011444091796875
118,1e-08,1e-11,1e-14,SC205,52.2020612117079,True,0,325,0.0070924758911132
118,1e-08,1e-11,1e-14,SC50A,64.57507705856449,True,0,59,0.0003929138183593
118,1e-08,1e-11,1e-14,SC50B,70.0,True,0,62,0.0004036426544189
118,1e-08,1e-11,1e-14,SCAGR25,-inf,False,3,1234,0.1101472377777099
118,1e-08,1e-11,1e-14,SCAGR7,2331389.8243309762,True,0,250,0.0020368099212646
118,1e-08,1e-11,1e-14,SCFXM1,-1584659466.2646465,False,1,10000,0.6678345203399658
118,1e-08,1e-11,1e-14,SCFXM2,-inf,False,3,217,0.0080268383026123
118,1e-08,1e-11,1e-14,SCFXM3,-inf,False,2,1938,1.017686367034912
118,1e-08,1e-11,1e-14,SCORPION,-1875.8517318290155,True,0,466,0.0094430446624755
118,1e-08,1e-11,1e-14,SCRS8,-inf,False,3,712,0.0335056781768798
118,1e-08,1e-11,1e-14,SCSD1,53935.435310191926,False,3,452,0.0064966678619384
118,1e-08,1e-11,1e-14,SCSD6,-42.67621507068471,False,3,778,0.0326132774353027
118,1e-08,1e-11,1e-14,SCSD8,-inf,False,3,286,0.0156595706939697
118,1e-08,1e-11,1e-14,SCTAP1,-1412.2499999999982,True,0,875,0.0366921424865722
118,1e-08,1e-11,1e-14,SCTAP2,-inf,False,3,131,0.0251059532165527
118,1e-08,1e-11,1e-14,SCTAP3,-inf,False,3,44,0.0266227722167968
118,1e-08,1e-11,1e-14,SHARE1B,76589.31857918575,True,0,456,0.0041079521179199
118,1e-08,1e-11,1e-14,SHARE2B,415.732240741419,True,0,203,0.0012025833129882
118,1e-08,1e-11,1e-14,SHIP04L,-1793324.5379703536,True,0,775,0.0114989280700683
118,1e-08,1e-11,1e-14,SHIP04S,-1798714.7004453933,True,0,606,0.0076069831848144
118,1e-08,1e-11,1e-14,SHIP08L,-1909055.211389134,True,0,1518,0.0460913181304931
118,1e-08,1e-11,1e-14,SHIP08S,-1920098.2105346203,True,0,1215,0.0269875526428222
118,1e-08,1e-11,1e-14,SHIP12L,-1470187.919329265,True,0,2060,0.1126525402069091
118,1e-08,1e-11,1e-14,SHIP12S,-1489236.134406127,True,0,1569,0.0583951473236084
118,1e-08,1e-11,1e-14,STOCFOR1,41131.976219436154,True,0,260,0.0019857883453369
118,1e-08,1e-11,1e-14,STOCFOR2,-inf,False,3,2830,2.2824478149414062
118,1e-08,1e-11,1e-14,STOCFOR3,-inf,False,1,10000,353.0994508266449
118,1e-08,1e-11,1e-14,TRUSS,-53257055.56533814,False,3,2259,9.764781713485718
118,1e-08,1e-11,1e-14,WOOD1P,-inf,False,3,2312,0.3003957271575928
118,1e-08,1e-11,1e-14,WOODW,-inf,False,3,40,0.0421481132507324
119,1e-08,1e-11,1e-15,25FV47,-inf,False,3,301,0.0262608528137207
119,1e-08,1e-11,1e-15,ADLITTLE,-225494.96316238047,True,0,144,0.0007057189941406
119,1e-08,1e-11,1e-15,AFIRO,464.7531428571428,True,0,30,0.0003180503845214
119,1e-08,1e-11,1e-15,AGG,10410622.637922712,True,0,596,0.0118858814239501
119,1e-08,1e-11,1e-15,AGG2,20239252.355977103,True,0,572,0.0068485736846923
119,1e-08,1e-11,1e-15,AGG3,-inf,False,2,548,0.0076866149902343
119,1e-08,1e-11,1e-15,BANDM,-inf,False,3,151,0.0055513381958007
119,1e-08,1e-11,1e-15,BEACONFD,-33592.48580719996,True,0,212,0.0027830600738525
119,1e-08,1e-11,1e-15,BLEND,30.81214984582805,True,0,180,0.0009477138519287
119,1e-08,1e-11,1e-15,BNL1,-inf,False,3,1405,0.2811751365661621
119,1e-08,1e-11,1e-15,BNL2,-inf,False,3,1136,2.0604093074798584
119,1e-08,1e-11,1e-15,BRANDY,-inf,False,3,675,0.0117726325988769
119,1e-08,1e-11,1e-15,D2Q06C,-inf,False,3,546,0.3173501491546631
119,1e-08,1e-11,1e-15,DEGEN2,1435.1779999999912,True,0,2594,0.2791306972503662
119,1e-08,1e-11,1e-15,DEGEN3,-inf,False,1,10000,41.419819831848145
119,1e-08,1e-11,1e-15,E226,-inf,False,3,335,0.006784439086914
119,1e-08,1e-11,1e-15,FFFFF800,-inf,False,3,679,0.0600595474243164
119,1e-08,1e-11,1e-15,ISRAEL,896644.8218630381,True,0,913,0.0194003582000732
119,1e-08,1e-11,1e-15,LOTFI,25.26470606188001,True,0,271,0.0025887489318847
119,1e-08,1e-11,1e-15,MAROS-R7,-1497185.1664796427,True,0,4317,56.9815559387207
119,1e-08,1e-11,1e-15,QAP12,-inf,False,3,2104,29.70278835296631
119,1e-08,1e-11,1e-15,QAP15,-inf,False,3,3337,132.47796297073364
119,1e-08,1e-11,1e-15,QAP8,-inf,False,1,10000,22.9938006401062
119,1e-08,1e-11,1e-15,SC105,52.2020612117072,True,0,131,0.0011830329895019
119,1e-08,1e-11,1e-15,SC205,52.20206121167227,True,0,274,0.0061962604522705
119,1e-08,1e-11,1e-15,SC50A,64.57507705856449,True,0,59,0.0004217624664306
119,1e-08,1e-11,1e-15,SC50B,70.0,True,0,62,0.0004382133483886
119,1e-08,1e-11,1e-15,SCAGR25,-inf,False,3,615,0.0523526668548584
119,1e-08,1e-11,1e-15,SCAGR7,2331389.8243310177,True,0,267,0.0023369789123535
119,1e-08,1e-11,1e-15,SCFXM1,-18416.759028350643,True,0,753,0.0300278663635253
119,1e-08,1e-11,1e-15,SCFXM2,-inf,False,1,10000,4.7959253787994385
119,1e-08,1e-11,1e-15,SCFXM3,-inf,False,3,2645,1.3615047931671145
119,1e-08,1e-11,1e-15,SCORPION,-1875.8517318290153,True,0,466,0.0091359615325927
119,1e-08,1e-11,1e-15,SCRS8,-inf,False,3,1010,0.0679733753204345
119,1e-08,1e-11,1e-15,SCSD1,6535.289842344521,False,3,322,0.004368782043457
119,1e-08,1e-11,1e-15,SCSD6,-42.09495299821453,False,3,2810,0.1251440048217773
119,1e-08,1e-11,1e-15,SCSD8,-inf,False,3,286,0.0150136947631835
119,1e-08,1e-11,1e-15,SCTAP1,-inf,False,3,177,0.0051662921905517
119,1e-08,1e-11,1e-15,SCTAP2,-inf,False,3,129,0.0229489803314209
119,1e-08,1e-11,1e-15,SCTAP3,-inf,False,3,38,0.0250418186187744
119,1e-08,1e-11,1e-15,SHARE1B,76589.31857918575,True,0,456,0.0038530826568603
119,1e-08,1e-11,1e-15,SHARE2B,415.7322407414188,True,0,210,0.0012476444244384
119,1e-08,1e-11,1e-15,SHIP04L,-1793324.5379703536,True,0,773,0.0106353759765625
119,1e-08,1e-11,1e-15,SHIP04S,-1798714.7004453936,True,0,608,0.0071136951446533
119,1e-08,1e-11,1e-15,SHIP08L,-1909055.2113891335,True,0,1514,0.0443084239959716
119,1e-08,1e-11,1e-15,SHIP08S,-1920098.2105346206,True,0,1214,0.0258467197418212
119,1e-08,1e-11,1e-15,SHIP12L,-1470187.919329265,True,0,2081,0.1106946468353271
119,1e-08,1e-11,1e-15,SHIP12S,-1489236.134406127,True,0,1568,0.0561113357543945
119,1e-08,1e-11,1e-15,STOCFOR1,41131.97621943676,True,0,268,0.0021228790283203
119,1e-08,1e-11,1e-15,STOCFOR2,-inf,False,3,5016,20.14177083969116
119,1e-08,1e-11,1e-15,STOCFOR3,-inf,False,3,6112,330.3176143169403
119,1e-08,1e-11,1e-15,TRUSS,-720836.4359250888,False,3,3053,15.351218938827516
119,1e-08,1e-11,1e-15,WOOD1P,-inf,False,3,113,0.0176353454589843
119,1e-08,1e-11,1e-15,WOODW,-inf,False,3,39,0.0411422252655029
120,1e-08,1e-12,1e-11,25FV47,-inf,False,3,138,0.010695457458496
120,1e-08,1e-12,1e-11,ADLITTLE,-225494.96316238047,True,0,144,0.0006613731384277
120,1e-08,1e-12,1e-11,AFIRO,464.7531428571428,True,0,30,0.0003712177276611
120,1e-08,1e-12,1e-11,AGG,9884050.397971194,False,3,583,0.011132001876831
120,1e-08,1e-12,1e-11,AGG2,20239252.355977103,True,0,571,0.0068647861480712
120,1e-08,1e-12,1e-11,AGG3,-inf,False,2,548,0.0076711177825927
120,1e-08,1e-12,1e-11,BANDM,-inf,False,3,92,0.002934455871582
120,1e-08,1e-12,1e-11,BEACONFD,-inf,False,3,33,0.0009562969207763
120,1e-08,1e-12,1e-11,BLEND,30.81214984582829,True,0,148,0.0008215904235839
120,1e-08,1e-12,1e-11,BNL1,-inf,False,3,443,0.0382368564605712
120,1e-08,1e-12,1e-11,BNL2,-inf,False,3,425,0.2048742771148681
120,1e-08,1e-12,1e-11,BRANDY,-inf,False,3,16,0.000563621520996
120,1e-08,1e-12,1e-11,D2Q06C,-inf,False,3,462,0.1337456703186035
120,1e-08,1e-12,1e-11,DEGEN2,1436.4949999999983,True,0,2751,0.302257776260376
120,1e-08,1e-12,1e-11,DEGEN3,-inf,False,3,3779,12.715211391448976
120,1e-08,1e-12,1e-11,E226,-6.443690524131252,False,3,426,0.0087037086486816
120,1e-08,1e-12,1e-11,FFFFF800,-inf,False,3,283,0.01499605178833
120,1e-08,1e-12,1e-11,ISRAEL,896644.8218630484,True,0,950,0.0199387073516845
120,1e-08,1e-12,1e-11,LOTFI,25.264706061880013,True,0,264,0.0024850368499755
120,1e-08,1e-12,1e-11,MAROS-R7,-1497185.1664796427,True,0,4317,56.80622053146362
120,1e-08,1e-12,1e-11,QAP12,-inf,False,3,1687,17.893359661102295
120,1e-08,1e-12,1e-11,QAP15,-inf,False,3,2401,40.79559826850891
120,1e-08,1e-12,1e-11,QAP8,-inf,False,3,604,0.5181801319122314
120,1e-08,1e-12,1e-11,SC105,52.20206121170722,True,0,138,0.001239538192749
120,1e-08,1e-12,1e-11,SC205,52.20206121182398,True,0,314,0.0071961879730224
120,1e-08,1e-12,1e-11,SC50A,64.57507705856449,True,0,59,0.0004129409790039
120,1e-08,1e-12,1e-11,SC50B,70.0,True,0,62,0.0004279613494873
120,1e-08,1e-12,1e-11,SCAGR25,-inf,False,3,296,0.017869234085083
120,1e-08,1e-12,1e-11,SCAGR7,2331389.824330985,True,0,270,0.0023903846740722
120,1e-08,1e-12,1e-11,SCFXM1,-inf,False,3,172,0.0036470890045166
120,1e-08,1e-12,1e-11,SCFXM2,-inf,False,3,205,0.0076203346252441
120,1e-08,1e-12,1e-11,SCFXM3,-inf,False,3,488,0.029717206954956
120,1e-08,1e-12,1e-11,SCORPION,-1875.8517318290158,True,0,466,0.0094025135040283
120,1e-08,1e-12,1e-11,SCRS8,-inf,False,3,751,0.0357575416564941
120,1e-08,1e-12,1e-11,SCSD1,-0.928966462411952,False,3,309,0.004688024520874
120,1e-08,1e-12,1e-11,SCSD6,-49.09175484469489,False,3,595,0.0233161449432373
120,1e-08,1e-12,1e-11,SCSD8,-inf,False,3,279,0.0147883892059326
120,1e-08,1e-12,1e-11,SCTAP1,-inf,False,3,257,0.0065882205963134
120,1e-08,1e-12,1e-11,SCTAP2,-inf,False,3,94,0.015254259109497
120,1e-08,1e-12,1e-11,SCTAP3,-inf,False,3,41,0.0280241966247558
120,1e-08,1e-12,1e-11,SHARE1B,76589.31857918575,True,0,456,0.0040838718414306
120,1e-08,1e-12,1e-11,SHARE2B,415.732240741419,True,0,204,0.0012056827545166
120,1e-08,1e-12,1e-11,SHIP04L,-1793324.5379703536,True,0,777,0.0123152732849121
120,1e-08,1e-12,1e-11,SHIP04S,-1798714.7004453933,True,0,606,0.0075805187225341
120,1e-08,1e-12,1e-11,SHIP08L,-1909055.211389134,True,0,1518,0.0477247238159179
120,1e-08,1e-12,1e-11,SHIP08S,-1920098.2105346203,True,0,1215,0.0268516540527343
120,1e-08,1e-12,1e-11,SHIP12L,-1470187.919329265,True,0,2060,0.1118724346160888
120,1e-08,1e-12,1e-11,SHIP12S,-1489236.134406127,True,0,1568,0.058077335357666
120,1e-08,1e-12,1e-11,STOCFOR1,27179.942256093906,False,3,232,0.0018532276153564
120,1e-08,1e-12,1e-11,STOCFOR2,39024.408537882045,True,0,4273,14.159123420715332
120,1e-08,1e-12,1e-11,STOCFOR3,-inf,False,3,9893,328.9623885154724
120,1e-08,1e-12,1e-11,TRUSS,-3739355.8835814386,False,3,1791,6.607094764709473
120,1e-08,1e-12,1e-11,WOOD1P,-inf,False,3,180,0.0286612510681152
120,1e-08,1e-12,1e-11,WOODW,-inf,False,3,34,0.0383567810058593
121,1e-08,1e-12,1e-12,25FV47,-inf,False,3,138,0.0106298923492431
121,1e-08,1e-12,1e-12,ADLITTLE,-225494.96316238047,True,0,144,0.0007128715515136
121,1e-08,1e-12,1e-12,AFIRO,464.7531428571428,True,0,30,0.0003185272216796
121,1e-08,1e-12,1e-12,AGG,10439165.6080729,True,0,595,0.0117838382720947
121,1e-08,1e-12,1e-12,AGG2,20239252.355977103,True,0,571,0.0069978237152099
121,1e-08,1e-12,1e-12,AGG3,-inf,False,2,548,0.0078389644622802
121,1e-08,1e-12,1e-12,BANDM,-inf,False,3,90,0.0026121139526367
121,1e-08,1e-12,1e-12,BEACONFD,-inf,False,3,33,0.0010986328125
121,1e-08,1e-12,1e-12,BLEND,30.81214984582829,True,0,148,0.0008580684661865
121,1e-08,1e-12,1e-12,BNL1,-inf,False,3,443,0.0384690761566162
121,1e-08,1e-12,1e-12,BNL2,-inf,False,3,425,0.2043874263763427
121,1e-08,1e-12,1e-12,BRANDY,-inf,False,3,16,0.0005829334259033
121,1e-08,1e-12,1e-12,D2Q06C,-inf,False,3,462,0.1339726448059082
121,1e-08,1e-12,1e-12,DEGEN2,1436.4949999999976,True,0,3102,0.3240928649902344
121,1e-08,1e-12,1e-12,DEGEN3,-inf,False,3,3434,11.109601974487305
121,1e-08,1e-12,1e-12,E226,-6.443690524131252,False,3,426,0.0083684921264648
121,1e-08,1e-12,1e-12,FFFFF800,-inf,False,3,931,0.0954625606536865
121,1e-08,1e-12,1e-12,ISRAEL,896644.8218630381,True,0,913,0.0187253952026367
121,1e-08,1e-12,1e-12,LOTFI,25.264706061880016,True,0,266,0.0024654865264892
121,1e-08,1e-12,1e-12,MAROS-R7,-1497185.1664796427,True,0,4317,56.75502133369446
121,1e-08,1e-12,1e-12,QAP12,-inf,False,3,1692,18.464924812316895
121,1e-08,1e-12,1e-12,QAP15,-inf,False,3,2407,41.51011085510254
121,1e-08,1e-12,1e-12,QAP8,-inf,False,3,605,0.5324075222015381
121,1e-08,1e-12,1e-12,SC105,52.20206121170722,True,0,138,0.001260757446289
121,1e-08,1e-12,1e-12,SC205,52.202061211805145,True,0,304,0.0074861049652099
121,1e-08,1e-12,1e-12,SC50A,64.57507705856449,True,0,59,0.0004432201385498
121,1e-08,1e-12,1e-12,SC50B,70.0,True,0,62,0.0004591941833496
121,1e-08,1e-12,1e-12,SCAGR25,-inf,False,3,725,0.0594522953033447
121,1e-08,1e-12,1e-12,SCAGR7,2331389.824330985,True,0,270,0.0025196075439453
121,1e-08,1e-12,1e-12,SCFXM1,-inf,False,3,172,0.0037696361541748
121,1e-08,1e-12,1e-12,SCFXM2,-inf,False,3,205,0.0078697204589843
121,1e-08,1e-12,1e-12,SCFXM3,-inf,False,3,463,0.0296077728271484
121,1e-08,1e-12,1e-12,SCORPION,-1875.8517318290158,True,0,466,0.009955883026123
121,1e-08,1e-12,1e-12,SCRS8,-inf,False,3,762,0.0389041900634765
121,1e-08,1e-12,1e-12,SCSD1,-8.956707573591238,False,3,283,0.0044803619384765
121,1e-08,1e-12,1e-12,SCSD6,-49.09175484469489,False,3,595,0.024529218673706
121,1e-08,1e-12,1e-12,SCSD8,-inf,False,3,279,0.0154705047607421
121,1e-08,1e-12,1e-12,SCTAP1,-inf,False,3,257,0.0069191455841064
121,1e-08,1e-12,1e-12,SCTAP2,-inf,False,3,94,0.0157856941223144
121,1e-08,1e-12,1e-12,SCTAP3,-inf,False,3,41,0.0269303321838378
121,1e-08,1e-12,1e-12,SHARE1B,76589.31857918575,True,0,456,0.004235029220581
121,1e-08,1e-12,1e-12,SHARE2B,415.732240741419,True,0,204,0.0012614727020263
121,1e-08,1e-12,1e-12,SHIP04L,-1793324.5379703536,True,0,777,0.0121886730194091
121,1e-08,1e-12,1e-12,SHIP04S,-1798714.7004453933,True,0,606,0.007537841796875
121,1e-08,1e-12,1e-12,SHIP08L,-1909055.211389134,True,0,1518,0.0477247238159179
121,1e-08,1e-12,1e-12,SHIP08S,-1920098.2105346203,True,0,1215,0.0280592441558837
121,1e-08,1e-12,1e-12,SHIP12L,-1470187.919329265,True,0,2060,0.1163499355316162
121,1e-08,1e-12,1e-12,SHIP12S,-1489236.134406127,True,0,1568,0.060056447982788
121,1e-08,1e-12,1e-12,STOCFOR1,24967.271820022102,False,3,231,0.0019395351409912
121,1e-08,1e-12,1e-12,STOCFOR2,-inf,False,3,2803,2.0992274284362793
121,1e-08,1e-12,1e-12,STOCFOR3,-inf,False,3,9891,328.36236000061035
121,1e-08,1e-12,1e-12,TRUSS,-9602207.1364623,False,3,1695,6.068359375
121,1e-08,1e-12,1e-12,WOOD1P,-inf,False,3,98,0.0164058208465576
121,1e-08,1e-12,1e-12,WOODW,-inf,False,3,34,0.0385620594024658
122,1e-08,1e-12,1e-13,25FV47,-inf,False,3,140,0.0106961727142333
122,1e-08,1e-12,1e-13,ADLITTLE,-225494.96316238047,True,0,144,0.0006670951843261
122,1e-08,1e-12,1e-13,AFIRO,464.7531428571428,True,0,30,0.000319480895996
122,1e-08,1e-12,1e-13,AGG,10410622.637922712,True,0,596,0.0117864608764648
122,1e-08,1e-12,1e-13,AGG2,20239252.355977103,True,0,571,0.0067765712738037
122,1e-08,1e-12,1e-13,AGG3,-inf,False,2,548,0.0076527595520019
122,1e-08,1e-12,1e-13,BANDM,-inf,False,3,93,0.0026354789733886
122,1e-08,1e-12,1e-13,BEACONFD,-inf,False,3,33,0.000955581665039
122,1e-08,1e-12,1e-13,BLEND,30.81214984582808,True,0,165,0.0008714199066162
122,1e-08,1e-12,1e-13,BNL1,-inf,False,3,443,0.0381708145141601
122,1e-08,1e-12,1e-13,BNL2,-inf,False,3,425,0.203256607055664
122,1e-08,1e-12,1e-13,BRANDY,-inf,False,3,16,0.0006482601165771
122,1e-08,1e-12,1e-13,D2Q06C,-inf,False,3,463,0.1361351013183593
122,1e-08,1e-12,1e-13,DEGEN2,1435.1779999999994,True,0,2819,0.2879741191864013
122,1e-08,1e-12,1e-13,DEGEN3,-inf,False,3,2232,5.8365583419799805
122,1e-08,1e-12,1e-13,E226,18.71822377387704,True,0,774,0.0184061527252197
122,1e-08,1e-12,1e-13,FFFFF800,-inf,False,3,644,0.0534679889678955
122,1e-08,1e-12,1e-13,ISRAEL,896644.8218630381,True,0,913,0.0179059505462646
122,1e-08,1e-12,1e-13,LOTFI,25.26470606188001,True,0,277,0.0025351047515869
122,1e-08,1e-12,1e-13,MAROS-R7,-1497185.1664796427,True,0,4317,56.754512786865234
122,1e-08,1e-12,1e-13,QAP12,-inf,False,3,1683,17.872355461120605
122,1e-08,1e-12,1e-13,QAP15,-inf,False,3,2392,40.188318490982056
122,1e-08,1e-12,1e-13,QAP8,-inf,False,3,753,0.8524246215820312
122,1e-08,1e-12,1e-13,SC105,52.20206121170722,True,0,139,0.0011746883392333
122,1e-08,1e-12,1e-13,SC205,52.20206121170649,True,0,322,0.0070679187774658
122,1e-08,1e-12,1e-13,SC50A,64.57507705856449,True,0,59,0.0003931522369384
122,1e-08,1e-12,1e-13,SC50B,70.0,True,0,62,0.0004053115844726
122,1e-08,1e-12,1e-13,SCAGR25,-inf,False,3,495,0.0348546504974365
122,1e-08,1e-12,1e-13,SCAGR7,2331389.824330985,True,0,270,0.0022597312927246
122,1e-08,1e-12,1e-13,SCFXM1,-inf,False,3,172,0.0034246444702148
122,1e-08,1e-12,1e-13,SCFXM2,-inf,False,3,205,0.0073838233947753
122,1e-08,1e-12,1e-13,SCFXM3,-inf,False,3,446,0.027109146118164
122,1e-08,1e-12,1e-13,SCORPION,-1875.8517318290158,True,0,466,0.0099942684173583
122,1e-08,1e-12,1e-13,SCRS8,-inf,False,3,635,0.0255267620086669
122,1e-08,1e-12,1e-13,SCSD1,-9.073684760453137,False,3,268,0.004127025604248
122,1e-08,1e-12,1e-13,SCSD6,-50.500000077144335,True,0,727,0.0313725471496582
122,1e-08,1e-12,1e-13,SCSD8,-inf,False,3,279,0.0156219005584716
122,1e-08,1e-12,1e-13,SCTAP1,-inf,False,3,257,0.0070042610168457
122,1e-08,1e-12,1e-13,SCTAP2,-inf,False,3,94,0.0157818794250488
122,1e-08,1e-12,1e-13,SCTAP3,-inf,False,3,41,0.0268738269805908
122,1e-08,1e-12,1e-13,SHARE1B,76589.31857918575,True,0,456,0.0043082237243652
122,1e-08,1e-12,1e-13,SHARE2B,415.732240741419,True,0,204,0.001284122467041
122,1e-08,1e-12,1e-13,SHIP04L,-1793324.5379703536,True,0,777,0.0122807025909423
122,1e-08,1e-12,1e-13,SHIP04S,-1798714.7004453933,True,0,606,0.007319688796997
122,1e-08,1e-12,1e-13,SHIP08L,-1909055.211389134,True,0,1518,0.0476851463317871
122,1e-08,1e-12,1e-13,SHIP08S,-1920098.2105346203,True,0,1215,0.0281832218170166
122,1e-08,1e-12,1e-13,SHIP12L,-1470187.919329265,True,0,2060,0.1169214248657226
122,1e-08,1e-12,1e-13,SHIP12S,-1489236.134406127,True,0,1568,0.0617439746856689
122,1e-08,1e-12,1e-13,STOCFOR1,27242.743153462925,True,0,239,0.002004861831665
122,1e-08,1e-12,1e-13,STOCFOR2,-inf,False,3,2832,2.4799726009368896
122,1e-08,1e-12,1e-13,STOCFOR3,-inf,False,3,9936,339.8186414241791
122,1e-08,1e-12,1e-13,TRUSS,-1157346.3024347746,False,3,1701,6.0534987449646
122,1e-08,1e-12,1e-13,WOOD1P,-inf,False,3,98,0.0184543132781982
122,1e-08,1e-12,1e-13,WOODW,-inf,False,3,34,0.0408539772033691
123,1e-08,1e-12,1e-14,25FV47,-inf,False,3,236,0.0183537006378173
123,1e-08,1e-12,1e-14,ADLITTLE,-225494.96316238047,True,0,144,0.0007650852203369
123,1e-08,1e-12,1e-14,AFIRO,464.7531428571428,True,0,30,0.0003619194030761
123,1e-08,1e-12,1e-14,AGG,10410622.637922712,True,0,596,0.01312255859375
123,1e-08,1e-12,1e-14,AGG2,20239252.355977103,True,0,571,0.0075685977935791
123,1e-08,1e-12,1e-14,AGG3,-inf,False,2,548,0.008498191833496
123,1e-08,1e-12,1e-14,BANDM,-inf,False,3,86,0.0030980110168457
123,1e-08,1e-12,1e-14,BEACONFD,-inf,False,3,34,0.0012145042419433
123,1e-08,1e-12,1e-14,BLEND,30.81214984582823,True,0,161,0.0009644031524658
123,1e-08,1e-12,1e-14,BNL1,-inf,False,3,445,0.0421597957611084
123,1e-08,1e-12,1e-14,BNL2,-inf,False,3,425,0.2129757404327392
123,1e-08,1e-12,1e-14,BRANDY,-inf,False,3,16,0.0006270408630371
123,1e-08,1e-12,1e-14,D2Q06C,-inf,False,3,471,0.1581356525421142
123,1e-08,1e-12,1e-14,DEGEN2,-inf,False,3,660,0.0535545349121093
123,1e-08,1e-12,1e-14,DEGEN3,-inf,False,3,3296,10.528673648834229
123,1e-08,1e-12,1e-14,E226,15.692139219095,False,3,777,0.0184028148651123
123,1e-08,1e-12,1e-14,FFFFF800,-inf,False,3,654,0.0538556575775146
123,1e-08,1e-12,1e-14,ISRAEL,896644.8218630381,True,0,913,0.0177831649780273
123,1e-08,1e-12,1e-14,LOTFI,25.26470606188001,True,0,277,0.0024991035461425
123,1e-08,1e-12,1e-14,MAROS-R7,-1497185.1664796427,True,0,4317,56.8379065990448
123,1e-08,1e-12,1e-14,QAP12,-inf,False,3,1342,8.582992792129517
123,1e-08,1e-12,1e-14,QAP15,-inf,False,3,2728,68.72195219993591
123,1e-08,1e-12,1e-14,QAP8,-inf,False,3,492,0.2974965572357178
123,1e-08,1e-12,1e-14,SC105,52.20206121170724,True,0,134,0.0012218952178955
123,1e-08,1e-12,1e-14,SC205,52.2020612117079,True,0,325,0.0071566104888916
123,1e-08,1e-12,1e-14,SC50A,64.57507705856449,True,0,59,0.0003955364227294
123,1e-08,1e-12,1e-14,SC50B,70.0,True,0,62,0.0004084110260009
123,1e-08,1e-12,1e-14,SCAGR25,14870208.899565952,True,0,1527,0.1490290164947509
123,1e-08,1e-12,1e-14,SCAGR7,2331389.8243309762,True,0,250,0.0020723342895507
123,1e-08,1e-12,1e-14,SCFXM1,-inf,False,3,174,0.0035188198089599
123,1e-08,1e-12,1e-14,SCFXM2,-inf,False,3,223,0.008141279220581
123,1e-08,1e-12,1e-14,SCFXM3,-inf,False,3,452,0.0273041725158691
123,1e-08,1e-12,1e-14,SCORPION,-1875.8517318290155,True,0,466,0.0089583396911621
123,1e-08,1e-12,1e-14,SCRS8,-inf,False,3,635,0.0231854915618896
123,1e-08,1e-12,1e-14,SCSD1,803709.0095320226,False,3,464,0.0064587593078613
123,1e-08,1e-12,1e-14,SCSD6,-42.67621507068471,False,3,778,0.0310273170471191
123,1e-08,1e-12,1e-14,SCSD8,-inf,False,3,286,0.0149707794189453
123,1e-08,1e-12,1e-14,SCTAP1,-inf,False,3,114,0.002993106842041
123,1e-08,1e-12,1e-14,SCTAP2,-inf,False,3,94,0.0145933628082275
123,1e-08,1e-12,1e-14,SCTAP3,-inf,False,3,44,0.0259318351745605
123,1e-08,1e-12,1e-14,SHARE1B,76589.31857918575,True,0,456,0.0038692951202392
123,1e-08,1e-12,1e-14,SHARE2B,415.732240741419,True,0,203,0.0011489391326904
123,1e-08,1e-12,1e-14,SHIP04L,-1793324.5379703536,True,0,775,0.0110394954681396
123,1e-08,1e-12,1e-14,SHIP04S,-1798714.7004453933,True,0,606,0.0067028999328613
123,1e-08,1e-12,1e-14,SHIP08L,-1909055.211389134,True,0,1518,0.0443811416625976
123,1e-08,1e-12,1e-14,SHIP08S,-1920098.2105346203,True,0,1215,0.0260076522827148
123,1e-08,1e-12,1e-14,SHIP12L,-1470187.919329265,True,0,2060,0.1085772514343261
123,1e-08,1e-12,1e-14,SHIP12S,-1489236.134406127,True,0,1569,0.0561511516571044
123,1e-08,1e-12,1e-14,STOCFOR1,27242.743153462925,True,0,239,0.0017609596252441
123,1e-08,1e-12,1e-14,STOCFOR2,-inf,False,3,2938,3.1696786880493164
123,1e-08,1e-12,1e-14,STOCFOR3,-inf,False,3,7073,308.48474407196045
123,1e-08,1e-12,1e-14,TRUSS,5620975308.28125,False,3,1954,7.793653249740601
123,1e-08,1e-12,1e-14,WOOD1P,-inf,False,1,10000,1.4981529712677002
123,1e-08,1e-12,1e-14,WOODW,-inf,False,3,34,0.0384118556976318
124,1e-08,1e-12,1e-15,25FV47,-inf,False,3,1300,0.2953002452850342
124,1e-08,1e-12,1e-15,ADLITTLE,-225494.96316238047,True,0,144,0.0006756782531738
124,1e-08,1e-12,1e-15,AFIRO,464.7531428571428,True,0,30,0.0003268718719482
124,1e-08,1e-12,1e-15,AGG,10410622.637922712,True,0,596,0.0119638442993164
124,1e-08,1e-12,1e-15,AGG2,20239252.355977103,True,0,572,0.0068957805633544
124,1e-08,1e-12,1e-15,AGG3,-inf,False,2,548,0.007739782333374
124,1e-08,1e-12,1e-15,BANDM,-inf,False,3,205,0.0077612400054931
124,1e-08,1e-12,1e-15,BEACONFD,-inf,False,3,34,0.0009779930114746
124,1e-08,1e-12,1e-15,BLEND,30.81214984582805,True,0,180,0.0009605884552001
124,1e-08,1e-12,1e-15,BNL1,-inf,False,3,557,0.057852029800415
124,1e-08,1e-12,1e-15,BNL2,-inf,False,3,675,0.6675238609313965
124,1e-08,1e-12,1e-15,BRANDY,-inf,False,3,16,0.0005481243133544
124,1e-08,1e-12,1e-15,D2Q06C,-inf,False,3,504,0.2111074924468994
124,1e-08,1e-12,1e-15,DEGEN2,1435.1779999999912,True,0,2594,0.2647922039031982
124,1e-08,1e-12,1e-15,DEGEN3,-inf,False,3,8608,34.66311430931091
124,1e-08,1e-12,1e-15,E226,-inf,False,3,335,0.0062313079833984
124,1e-08,1e-12,1e-15,FFFFF800,-inf,False,3,929,0.0935091972351074
124,1e-08,1e-12,1e-15,ISRAEL,896644.8218630381,True,0,913,0.0177385807037353
124,1e-08,1e-12,1e-15,LOTFI,25.26470606188001,True,0,271,0.0024361610412597
124,1e-08,1e-12,1e-15,MAROS-R7,-1497185.1664796427,True,0,4317,56.834760904312134
124,1e-08,1e-12,1e-15,QAP12,-inf,False,3,1815,20.688738346099857
124,1e-08,1e-12,1e-15,QAP15,-inf,False,3,2610,56.55229449272156
124,1e-08,1e-12,1e-15,QAP8,-inf,False,3,697,0.7016210556030273
124,1e-08,1e-12,1e-15,SC105,52.2020612117072,True,0,131,0.0011041164398193
124,1e-08,1e-12,1e-15,SC205,52.20206121167227,True,0,274,0.0057034492492675
124,1e-08,1e-12,1e-15,SC50A,64.57507705856449,True,0,59,0.0003957748413085
124,1e-08,1e-12,1e-15,SC50B,70.0,True,0,62,0.0004134178161621
124,1e-08,1e-12,1e-15,SCAGR25,-inf,False,3,615,0.0491762161254882
124,1e-08,1e-12,1e-15,SCAGR7,2331389.8243310177,True,0,267,0.002213716506958
124,1e-08,1e-12,1e-15,SCFXM1,-inf,False,3,192,0.0038807392120361
124,1e-08,1e-12,1e-15,SCFXM2,-inf,False,3,363,0.0156285762786865
124,1e-08,1e-12,1e-15,SCFXM3,-inf,False,3,453,0.0275108814239501
124,1e-08,1e-12,1e-15,SCORPION,-1875.8517318290153,True,0,466,0.0089986324310302
124,1e-08,1e-12,1e-15,SCRS8,-inf,False,3,789,0.0365586280822753
124,1e-08,1e-12,1e-15,SCSD1,49.90948695246061,False,3,323,0.0043272972106933
124,1e-08,1e-12,1e-15,SCSD6,31612.87822885146,False,3,1025,0.0421972274780273
124,1e-08,1e-12,1e-15,SCSD8,-inf,False,3,286,0.0149786472320556
124,1e-08,1e-12,1e-15,SCTAP1,-inf,False,3,58,0.0016183853149414
124,1e-08,1e-12,1e-15,SCTAP2,-inf,False,3,96,0.01521897315979
124,1e-08,1e-12,1e-15,SCTAP3,-inf,False,3,38,0.0249183177947998
124,1e-08,1e-12,1e-15,SHARE1B,76589.31857918575,True,0,456,0.0038297176361083
124,1e-08,1e-12,1e-15,SHARE2B,415.7322407414188,True,0,210,0.0011615753173828
124,1e-08,1e-12,1e-15,SHIP04L,-1793324.5379703536,True,0,773,0.0107371807098388
124,1e-08,1e-12,1e-15,SHIP04S,-1798714.7004453936,True,0,608,0.0067853927612304
124,1e-08,1e-12,1e-15,SHIP08L,-1909055.2113891335,True,0,1514,0.0442209243774414
124,1e-08,1e-12,1e-15,SHIP08S,-1920098.2105346206,True,0,1214,0.025848388671875
124,1e-08,1e-12,1e-15,SHIP12L,-1470187.919329265,True,0,2081,0.1106066703796386
124,1e-08,1e-12,1e-15,SHIP12S,-1489236.134406127,True,0,1568,0.0562202930450439
124,1e-08,1e-12,1e-15,STOCFOR1,27393.472718621397,True,0,258,0.0020434856414794
124,1e-08,1e-12,1e-15,STOCFOR2,-inf,False,3,2818,2.1653530597686768
124,1e-08,1e-12,1e-15,STOCFOR3,-inf,False,3,5922,276.4172124862671
124,1e-08,1e-12,1e-15,TRUSS,359489.9419150482,False,3,2225,9.67889404296875
124,1e-08,1e-12,1e-15,WOOD1P,-inf,False,1,10000,1.325752019882202
124,1e-08,1e-12,1e-15,WOODW,-inf,False,3,34,0.0385055541992187
