param_idx,fea_tol,tol_piv,tol_ratio_diff,problem,fun,success,status,num_iter,exec_time
0,0.0001,1e-05,1e-11,25FV47,-9091.89177764894,False,1,10000,15.091384410858154
0,0.0001,1e-05,1e-11,ADLITTLE,-225494.96316238047,True,0,144,0.0017931461334228
0,0.0001,1e-05,1e-11,AFIRO,464.7531428571428,True,0,30,0.001321792602539
0,0.0001,1e-05,1e-11,AGG,36291233.286576286,True,0,612,0.0159485340118408
0,0.0001,1e-05,1e-11,AGG2,20239252.355977103,True,0,571,0.0076301097869873
0,0.0001,1e-05,1e-11,AGG3,-10312115.935089232,True,0,588,0.0105502605438232
0,0.0001,1e-05,1e-11,BANDM,158.62801845002156,True,0,1253,0.0506770610809326
0,0.0001,1e-05,1e-11,BEACONFD,-33592.48580719998,True,0,210,0.0033388137817382
0,0.0001,1e-05,1e-11,BLEND,30.81214984582829,True,0,148,0.0014448165893554
0,0.0001,1e-05,1e-11,BNL1,-1977.6295615231422,True,0,4356,2.50219464302063
0,0.0001,1e-05,1e-11,BNL2,-inf,False,1,10000,64.31857323646545
0,0.0001,1e-05,1e-11,BRANDY,-1518.5098964874944,True,0,703,0.0125138759613037
0,0.0001,1e-05,1e-11,D2Q06C,-inf,False,1,10000,91.4542338848114
0,0.0001,1e-05,1e-11,DEGEN2,1436.4949999999983,True,0,2751,0.2812802791595459
0,0.0001,1e-05,1e-11,DEGEN3,-inf,False,1,10000,40.64260816574097
0,0.0001,1e-05,1e-11,E226,18.75192906637472,True,0,737,0.0177278518676757
0,0.0001,1e-05,1e-11,FFFFF800,-inf,False,2,1461,0.148510456085205
0,0.0001,1e-05,1e-11,ISRAEL,896644.8218630484,True,0,950,0.0191273689270019
0,0.0001,1e-05,1e-11,LOTFI,25.264706061880013,True,0,264,0.002875804901123
0,0.0001,1e-05,1e-11,MAROS-R7,-1497185.166479643,True,0,4315,56.642486572265625
0,0.0001,1e-05,1e-11,QAP12,-inf,False,1,10000,375.3742997646332
0,0.0001,1e-05,1e-11,QAP15,-inf,False,1,10000,1322.5132477283478
0,0.0001,1e-05,1e-11,QAP8,-inf,False,1,10000,18.286396265029907
0,0.0001,1e-05,1e-11,SC105,52.20206121170722,True,0,138,0.0017261505126953
0,0.0001,1e-05,1e-11,SC205,52.20206121182398,True,0,314,0.0073416233062744
0,0.0001,1e-05,1e-11,SC50A,64.57507705856449,True,0,59,0.0009877681732177
0,0.0001,1e-05,1e-11,SC50B,70.0,True,0,62,0.000983715057373
0,0.0001,1e-05,1e-11,SCAGR25,14753433.060785834,True,0,1646,0.1600277423858642
0,0.0001,1e-05,1e-11,SCAGR7,2331389.824330985,True,0,270,0.0028712749481201
0,0.0001,1e-05,1e-11,SCFXM1,-18416.75902841995,True,0,801,0.0315735340118408
0,0.0001,1e-05,1e-11,SCFXM2,-36660.26156500209,True,0,1629,0.3144149780273437
0,0.0001,1e-05,1e-11,SCFXM3,-54901.25454975151,True,0,2499,2.038738965988159
0,0.0001,1e-05,1e-11,SCORPION,-1875.8517318290158,True,0,466,0.009653091430664
0,0.0001,1e-05,1e-11,SCRS8,-449.41749452873216,True,0,1507,0.1292412281036377
0,0.0001,1e-05,1e-11,SCSD1,-8.66666667433337,True,0,363,0.0056769847869873
0,0.0001,1e-05,1e-11,SCSD6,-50.500000078262346,True,0,663,0.0258285999298095
0,0.0001,1e-05,1e-11,SCSD8,-904.9999999254596,True,0,1998,0.9484803676605223
0,0.0001,1e-05,1e-11,SCTAP1,-1412.2500000000616,True,0,862,0.0357968807220459
0,0.0001,1e-05,1e-11,SCTAP2,-inf,False,3,686,0.798192024230957
0,0.0001,1e-05,1e-11,SCTAP3,-1424.0000000005905,True,0,6978,27.105655908584595
0,0.0001,1e-05,1e-11,SHARE1B,76589.31857918575,True,0,456,0.0044279098510742
0,0.0001,1e-05,1e-11,SHARE2B,415.732240741419,True,0,204,0.0017144680023193
0,0.0001,1e-05,1e-11,SHIP04L,-1793324.5379703536,True,0,777,0.0121822357177734
0,0.0001,1e-05,1e-11,SHIP04S,-1798714.7004453933,True,0,606,0.0071616172790527
0,0.0001,1e-05,1e-11,SHIP08L,-1909055.211389134,True,0,1518,0.0487785339355468
0,0.0001,1e-05,1e-11,SHIP08S,-1920098.2105346203,True,0,1215,0.0283336639404296
0,0.0001,1e-05,1e-11,SHIP12L,-1470187.919329265,True,0,2060,0.1051757335662841
0,0.0001,1e-05,1e-11,SHIP12S,-1489236.134406127,True,0,1568,0.0541365146636962
0,0.0001,1e-05,1e-11,STOCFOR1,41131.976219436205,True,0,259,0.0025362968444824
0,0.0001,1e-05,1e-11,STOCFOR2,39024.408537882045,True,0,4273,13.676777124404907
0,0.0001,1e-05,1e-11,STOCFOR3,-inf,False,1,10000,341.06487584114075
0,0.0001,1e-05,1e-11,TRUSS,-490193.67208101606,False,1,10000,65.02069020271301
0,0.0001,1e-05,1e-11,WOOD1P,-inf,False,3,70,0.0117816925048828
0,0.0001,1e-05,1e-11,WOODW,-1.097431252412218,True,0,2482,12.436497688293455
1,0.0001,1e-05,1e-12,25FV47,-7610.933451797614,False,1,10000,15.262250661849976
1,0.0001,1e-05,1e-12,ADLITTLE,-225494.96316238047,True,0,144,0.0006802082061767
1,0.0001,1e-05,1e-12,AFIRO,464.7531428571428,True,0,30,0.0002036094665527
1,0.0001,1e-05,1e-12,AGG,36291233.286576286,True,0,610,0.0140197277069091
1,0.0001,1e-05,1e-12,AGG2,20239252.355977103,True,0,571,0.0068907737731933
1,0.0001,1e-05,1e-12,AGG3,-10312115.935089232,True,0,588,0.010009765625
1,0.0001,1e-05,1e-12,BANDM,158.62801845025237,True,0,1363,0.0545060634613037
1,0.0001,1e-05,1e-12,BEACONFD,-33592.48580719998,True,0,210,0.0026454925537109
1,0.0001,1e-05,1e-12,BLEND,30.81214984582829,True,0,148,0.0007009506225585
1,0.0001,1e-05,1e-12,BNL1,-1977.6295615229444,True,0,3872,2.069765090942383
1,0.0001,1e-05,1e-12,BNL2,-13296.25560756109,False,1,10000,64.33375215530396
1,0.0001,1e-05,1e-12,BRANDY,-1518.5098964937695,True,0,951,0.0166115760803222
1,0.0001,1e-05,1e-12,D2Q06C,-inf,False,1,10000,92.0270471572876
1,0.0001,1e-05,1e-12,DEGEN2,1436.4949999999976,True,0,3102,0.3332979679107666
1,0.0001,1e-05,1e-12,DEGEN3,-inf,False,1,10000,40.65268611907959
1,0.0001,1e-05,1e-12,E226,18.75192906637468,True,0,738,0.0169980525970459
1,0.0001,1e-05,1e-12,FFFFF800,-inf,False,2,1506,0.1583335399627685
1,0.0001,1e-05,1e-12,ISRAEL,896644.8218630381,True,0,913,0.0177233219146728
1,0.0001,1e-05,1e-12,LOTFI,25.264706061880016,True,0,265,0.0022740364074707
1,0.0001,1e-05,1e-12,MAROS-R7,-1497185.166479643,True,0,4315,56.46801280975342
1,0.0001,1e-05,1e-12,QAP12,-inf,False,1,10000,387.11973571777344
1,0.0001,1e-05,1e-12,QAP15,-inf,False,1,10000,1324.543601512909
1,0.0001,1e-05,1e-12,QAP8,-inf,False,1,10000,18.581215620040897
1,0.0001,1e-05,1e-12,SC105,52.20206121170722,True,0,138,0.0010416507720947
1,0.0001,1e-05,1e-12,SC205,52.202061211805145,True,0,304,0.0064425468444824
1,0.0001,1e-05,1e-12,SC50A,64.57507705856449,True,0,59,0.0003464221954345
1,0.0001,1e-05,1e-12,SC50B,70.0,True,0,62,0.0002880096435546
1,0.0001,1e-05,1e-12,SCAGR25,14753434.37440923,True,0,1634,0.1570422649383545
1,0.0001,1e-05,1e-12,SCAGR7,2331389.824330985,True,0,270,0.0021555423736572
1,0.0001,1e-05,1e-12,SCFXM1,-18416.75902841879,True,0,845,0.033757209777832
1,0.0001,1e-05,1e-12,SCFXM2,-36660.261565001405,True,0,1603,0.32440185546875
1,0.0001,1e-05,1e-12,SCFXM3,-54901.25454975134,True,0,2481,1.8828258514404297
1,0.0001,1e-05,1e-12,SCORPION,-1875.8517318290158,True,0,466,0.0091578960418701
1,0.0001,1e-05,1e-12,SCRS8,-531.119254753136,True,0,1537,0.1376845836639404
1,0.0001,1e-05,1e-12,SCSD1,-8.666666674333367,True,0,367,0.0051512718200683
1,0.0001,1e-05,1e-12,SCSD6,-50.500000078262346,True,0,663,0.0254750251770019
1,0.0001,1e-05,1e-12,SCSD8,-904.9999999254597,True,0,1963,0.9088258743286132
1,0.0001,1e-05,1e-12,SCTAP1,-1412.2500000000002,True,0,813,0.0327615737915039
1,0.0001,1e-05,1e-12,SCTAP2,-inf,False,1,10000,26.58891534805298
1,0.0001,1e-05,1e-12,SCTAP3,-inf,False,1,10000,46.42293930053711
1,0.0001,1e-05,1e-12,SHARE1B,76589.31857918575,True,0,456,0.0038247108459472
1,0.0001,1e-05,1e-12,SHARE2B,415.732240741419,True,0,204,0.0010392665863037
1,0.0001,1e-05,1e-12,SHIP04L,-1793324.5379703536,True,0,777,0.0117485523223876
1,0.0001,1e-05,1e-12,SHIP04S,-1798714.7004453933,True,0,606,0.0064296722412109
1,0.0001,1e-05,1e-12,SHIP08L,-1909055.211389134,True,0,1518,0.0466558933258056
1,0.0001,1e-05,1e-12,SHIP08S,-1920098.2105346203,True,0,1215,0.0266103744506835
1,0.0001,1e-05,1e-12,SHIP12L,-1470187.919329265,True,0,2060,0.1037843227386474
1,0.0001,1e-05,1e-12,SHIP12S,-1489236.134406127,True,0,1568,0.0531985759735107
1,0.0001,1e-05,1e-12,STOCFOR1,41131.976219436176,True,0,259,0.0018033981323242
1,0.0001,1e-05,1e-12,STOCFOR2,39024.40853788116,True,0,4272,13.68791913986206
1,0.0001,1e-05,1e-12,STOCFOR3,-inf,False,1,10000,341.5927679538727
1,0.0001,1e-05,1e-12,TRUSS,-528517.2109136587,False,1,10000,64.7717056274414
1,0.0001,1e-05,1e-12,WOOD1P,-inf,False,3,221,0.0302751064300537
1,0.0001,1e-05,1e-12,WOODW,-inf,False,3,1035,3.143657684326172
2,0.0001,1e-05,1e-13,25FV47,-7736.1331505949765,False,1,10000,15.37753200531006
2,0.0001,1e-05,1e-13,ADLITTLE,-225494.96316238047,True,0,144,0.0005865097045898
2,0.0001,1e-05,1e-13,AFIRO,464.7531428571428,True,0,30,0.0001962184906005
2,0.0001,1e-05,1e-13,AGG,36291233.286576286,True,0,609,0.0130252838134765
2,0.0001,1e-05,1e-13,AGG2,20239252.355977103,True,0,571,0.006610631942749
2,0.0001,1e-05,1e-13,AGG3,-10312115.935089232,True,0,588,0.0096008777618408
2,0.0001,1e-05,1e-13,BANDM,158.62801845024026,True,0,1333,0.0525462627410888
2,0.0001,1e-05,1e-13,BEACONFD,-33592.48580719998,True,0,210,0.0026006698608398
2,0.0001,1e-05,1e-13,BLEND,30.81214984582808,True,0,165,0.0007867813110351
2,0.0001,1e-05,1e-13,BNL1,-1977.6295615227593,True,0,4467,2.5830636024475098
2,0.0001,1e-05,1e-13,BNL2,-inf,False,1,10000,64.20538449287415
2,0.0001,1e-05,1e-13,BRANDY,-1518.509896485441,True,0,780,0.0133063793182373
2,0.0001,1e-05,1e-13,D2Q06C,-inf,False,1,10000,89.11075043678284
2,0.0001,1e-05,1e-13,DEGEN2,1435.1779999999994,True,0,2819,0.2877893447875976
2,0.0001,1e-05,1e-13,DEGEN3,-inf,False,1,10000,40.62389039993286
2,0.0001,1e-05,1e-13,E226,18.75192906637468,True,0,738,0.0170114040374755
2,0.0001,1e-05,1e-13,FFFFF800,-inf,False,2,1466,0.145714521408081
2,0.0001,1e-05,1e-13,ISRAEL,896644.8218630381,True,0,913,0.0177295207977294
2,0.0001,1e-05,1e-13,LOTFI,25.26470606188001,True,0,276,0.0023441314697265
2,0.0001,1e-05,1e-13,MAROS-R7,-1497185.166479643,True,0,4315,56.563477993011475
2,0.0001,1e-05,1e-13,QAP12,-inf,False,1,10000,360.1253671646118
2,0.0001,1e-05,1e-13,QAP15,-inf,False,1,10000,1249.8831412792206
2,0.0001,1e-05,1e-13,QAP8,-inf,False,1,10000,18.72709584236145
2,0.0001,1e-05,1e-13,SC105,52.20206121170722,True,0,139,0.0010714530944824
2,0.0001,1e-05,1e-13,SC205,52.20206121170649,True,0,322,0.0069050788879394
2,0.0001,1e-05,1e-13,SC50A,64.57507705856449,True,0,59,0.0002641677856445
2,0.0001,1e-05,1e-13,SC50B,70.0,True,0,62,0.0003097057342529
2,0.0001,1e-05,1e-13,SCAGR25,14753433.063131807,True,0,1631,0.155973196029663
2,0.0001,1e-05,1e-13,SCAGR7,2331389.824330985,True,0,270,0.0023496150970458
2,0.0001,1e-05,1e-13,SCFXM1,-18416.759028417593,True,0,847,0.0347218513488769
2,0.0001,1e-05,1e-13,SCFXM2,-36660.261564997534,True,0,1603,0.2898948192596435
2,0.0001,1e-05,1e-13,SCFXM3,-54901.254549746605,True,0,2505,2.087388515472412
2,0.0001,1e-05,1e-13,SCORPION,-1875.8517318290158,True,0,466,0.0090563297271728
2,0.0001,1e-05,1e-13,SCRS8,-449.41749452893407,True,0,1606,0.1716291904449463
2,0.0001,1e-05,1e-13,SCSD1,-8.66666667433336,True,0,385,0.0053675174713134
2,0.0001,1e-05,1e-13,SCSD6,-50.50000007826237,True,0,708,0.0272495746612548
2,0.0001,1e-05,1e-13,SCSD8,-904.999999925461,True,0,2070,1.0076777935028076
2,0.0001,1e-05,1e-13,SCTAP1,-1412.249999999997,True,0,797,0.0310208797454834
2,0.0001,1e-05,1e-13,SCTAP2,-inf,False,3,1326,2.1202526092529297
2,0.0001,1e-05,1e-13,SCTAP3,-inf,False,1,10000,44.568135023117065
2,0.0001,1e-05,1e-13,SHARE1B,76589.31857918575,True,0,456,0.0036976337432861
2,0.0001,1e-05,1e-13,SHARE2B,415.732240741419,True,0,204,0.0009970664978027
2,0.0001,1e-05,1e-13,SHIP04L,-1793324.5379703536,True,0,777,0.0116174221038818
2,0.0001,1e-05,1e-13,SHIP04S,-1798714.7004453933,True,0,606,0.0063560009002685
2,0.0001,1e-05,1e-13,SHIP08L,-1909055.211389134,True,0,1518,0.0453803539276123
2,0.0001,1e-05,1e-13,SHIP08S,-1920098.2105346203,True,0,1215,0.0262565612792968
2,0.0001,1e-05,1e-13,SHIP12L,-1470187.919329265,True,0,2060,0.103795051574707
2,0.0001,1e-05,1e-13,SHIP12S,-1489236.134406127,True,0,1568,0.0534517765045166
2,0.0001,1e-05,1e-13,STOCFOR1,41131.97621943616,True,0,259,0.0018308162689208
2,0.0001,1e-05,1e-13,STOCFOR2,39024.40853788207,True,0,4250,13.68814730644226
2,0.0001,1e-05,1e-13,STOCFOR3,-inf,False,1,10000,343.1247413158417
2,0.0001,1e-05,1e-13,TRUSS,-511910.6864898863,False,1,10000,64.11347270011902
2,0.0001,1e-05,1e-13,WOOD1P,-inf,False,3,263,0.0372412204742431
2,0.0001,1e-05,1e-13,WOODW,-inf,False,1,10000,59.835753440856934
3,0.0001,1e-05,1e-14,25FV47,-9293.842122505854,False,1,10000,15.464797019958496
3,0.0001,1e-05,1e-14,ADLITTLE,-225494.96316238047,True,0,144,0.0005714893341064
3,0.0001,1e-05,1e-14,AFIRO,464.7531428571428,True,0,30,0.000190258026123
3,0.0001,1e-05,1e-14,AGG,36291233.286576286,True,0,609,0.0129544734954833
3,0.0001,1e-05,1e-14,AGG2,20239252.355977103,True,0,571,0.0068836212158203
3,0.0001,1e-05,1e-14,AGG3,-10312115.935089232,True,0,588,0.0096192359924316
3,0.0001,1e-05,1e-14,BANDM,158.6280184499312,True,0,1261,0.050189733505249
3,0.0001,1e-05,1e-14,BEACONFD,-33592.48580719996,True,0,212,0.0025622844696044
3,0.0001,1e-05,1e-14,BLEND,30.81214984582823,True,0,161,0.0007405281066894
3,0.0001,1e-05,1e-14,BNL1,-1977.6295615241413,True,0,4656,2.655181407928467
3,0.0001,1e-05,1e-14,BNL2,-7058.577107619767,False,1,10000,63.36488628387451
3,0.0001,1e-05,1e-14,BRANDY,-1518.5098964881197,True,0,647,0.0104484558105468
3,0.0001,1e-05,1e-14,D2Q06C,-inf,False,1,10000,91.5218665599823
3,0.0001,1e-05,1e-14,DEGEN2,1435.1779999999806,True,0,3022,0.303372859954834
3,0.0001,1e-05,1e-14,DEGEN3,-inf,False,1,10000,40.72217679023743
3,0.0001,1e-05,1e-14,E226,18.75192906621691,True,0,840,0.0201144218444824
3,0.0001,1e-05,1e-14,FFFFF800,-inf,False,2,1465,0.1341598033905029
3,0.0001,1e-05,1e-14,ISRAEL,896644.8218630381,True,0,913,0.0178027153015136
3,0.0001,1e-05,1e-14,LOTFI,25.26470606188001,True,0,276,0.0023806095123291
3,0.0001,1e-05,1e-14,MAROS-R7,-1497185.166479643,True,0,4315,56.7965989112854
3,0.0001,1e-05,1e-14,QAP12,-inf,False,1,10000,375.3267228603363
3,0.0001,1e-05,1e-14,QAP15,-inf,False,1,10000,1360.0135917663574
3,0.0001,1e-05,1e-14,QAP8,-256.89585806075826,False,1,10000,18.72002649307251
3,0.0001,1e-05,1e-14,SC105,52.20206121170724,True,0,134,0.0009934902191162
3,0.0001,1e-05,1e-14,SC205,52.2020612117079,True,0,325,0.0069427490234375
3,0.0001,1e-05,1e-14,SC50A,64.57507705856449,True,0,59,0.0002665519714355
3,0.0001,1e-05,1e-14,SC50B,70.0,True,0,62,0.0002787113189697
3,0.0001,1e-05,1e-14,SCAGR25,14753433.064155417,True,0,1763,0.174274206161499
3,0.0001,1e-05,1e-14,SCAGR7,2331389.8243309762,True,0,250,0.0019061565399169
3,0.0001,1e-05,1e-14,SCFXM1,-18416.759028346125,True,0,896,0.0364186763763427
3,0.0001,1e-05,1e-14,SCFXM2,-36660.26156499932,True,0,1747,0.3399107456207275
3,0.0001,1e-05,1e-14,SCFXM3,-54901.254549742924,True,0,2510,2.0572047233581543
3,0.0001,1e-05,1e-14,SCORPION,-1875.8517318290155,True,0,466,0.0089244842529296
3,0.0001,1e-05,1e-14,SCRS8,-536.9613499483563,True,0,1437,0.1265733242034912
3,0.0001,1e-05,1e-14,SCSD1,-8.666666674333365,True,0,512,0.0070230960845947
3,0.0001,1e-05,1e-14,SCSD6,-50.500000078262325,True,0,809,0.0319194793701171
3,0.0001,1e-05,1e-14,SCSD8,-904.9999999254622,True,0,1717,0.763200044631958
3,0.0001,1e-05,1e-14,SCTAP1,-1412.2499999999982,True,0,875,0.0347344875335693
3,0.0001,1e-05,1e-14,SCTAP2,-inf,False,1,10000,26.079796314239506
3,0.0001,1e-05,1e-14,SCTAP3,-inf,False,3,1037,2.4998691082000732
3,0.0001,1e-05,1e-14,SHARE1B,76589.31857918575,True,0,456,0.0038502216339111
3,0.0001,1e-05,1e-14,SHARE2B,415.732240741419,True,0,203,0.0010464191436767
3,0.0001,1e-05,1e-14,SHIP04L,-1793324.5379703536,True,0,775,0.0110602378845214
3,0.0001,1e-05,1e-14,SHIP04S,-1798714.7004453933,True,0,606,0.0065433979034423
3,0.0001,1e-05,1e-14,SHIP08L,-1909055.211389134,True,0,1518,0.0450634956359863
3,0.0001,1e-05,1e-14,SHIP08S,-1920098.2105346203,True,0,1215,0.0260193347930908
3,0.0001,1e-05,1e-14,SHIP12L,-1470187.919329265,True,0,2060,0.1072132587432861
3,0.0001,1e-05,1e-14,SHIP12S,-1489236.134406127,True,0,1569,0.053943395614624
3,0.0001,1e-05,1e-14,STOCFOR1,41131.976219436154,True,0,260,0.0018591880798339
3,0.0001,1e-05,1e-14,STOCFOR2,39024.408537882206,True,0,4225,13.504725217819214
3,0.0001,1e-05,1e-14,STOCFOR3,-inf,False,1,10000,354.52870082855225
3,0.0001,1e-05,1e-14,TRUSS,-483206.8293941396,False,1,10000,64.76822233200073
3,0.0001,1e-05,1e-14,WOOD1P,-inf,False,3,1619,0.1896681785583496
3,0.0001,1e-05,1e-14,WOODW,-inf,False,3,510,1.072476148605347
4,0.0001,1e-05,1e-15,25FV47,-8104.690684770465,False,1,10000,15.262024402618408
4,0.0001,1e-05,1e-15,ADLITTLE,-225494.96316238047,True,0,144,0.0005979537963867
4,0.0001,1e-05,1e-15,AFIRO,464.7531428571428,True,0,30,0.0001888275146484
4,0.0001,1e-05,1e-15,AGG,36291233.286576286,True,0,609,0.0127208232879638
4,0.0001,1e-05,1e-15,AGG2,20239252.355977103,True,0,572,0.0065751075744628
4,0.0001,1e-05,1e-15,AGG3,-10312115.935089232,True,0,588,0.0095999240875244
4,0.0001,1e-05,1e-15,BANDM,158.6280183873048,True,0,1459,0.0576734542846679
4,0.0001,1e-05,1e-15,BEACONFD,-33592.48580719996,True,0,212,0.0026302337646484
4,0.0001,1e-05,1e-15,BLEND,30.81214984582805,True,0,180,0.0008234977722167
4,0.0001,1e-05,1e-15,BNL1,-1977.629561522581,True,0,4341,2.457057476043701
4,0.0001,1e-05,1e-15,BNL2,-14709.029239367563,False,1,10000,63.52118802070618
4,0.0001,1e-05,1e-15,BRANDY,-1518.5098964880663,True,0,704,0.011512279510498
4,0.0001,1e-05,1e-15,D2Q06C,-inf,False,1,10000,90.56303644180298
4,0.0001,1e-05,1e-15,DEGEN2,1435.1779999999912,True,0,2594,0.2547180652618408
4,0.0001,1e-05,1e-15,DEGEN3,-inf,False,1,10000,41.08895683288574
4,0.0001,1e-05,1e-15,E226,18.751929066345806,True,0,785,0.0185821056365966
4,0.0001,1e-05,1e-15,FFFFF800,-inf,False,2,1449,0.1330361366271972
4,0.0001,1e-05,1e-15,ISRAEL,896644.8218630381,True,0,913,0.0177538394927978
4,0.0001,1e-05,1e-15,LOTFI,25.26470606188001,True,0,270,0.0023715496063232
4,0.0001,1e-05,1e-15,MAROS-R7,-1497185.166479643,True,0,4315,56.714309215545654
4,0.0001,1e-05,1e-15,QAP12,-inf,False,1,10000,357.84106063842773
4,0.0001,1e-05,1e-15,QAP15,-inf,False,1,10000,1180.481279850006
4,0.0001,1e-05,1e-15,QAP8,-inf,False,1,10000,19.02353072166443
4,0.0001,1e-05,1e-15,SC105,52.2020612117072,True,0,131,0.0010533332824707
4,0.0001,1e-05,1e-15,SC205,52.20206121167227,True,0,274,0.005610704421997
4,0.0001,1e-05,1e-15,SC50A,64.57507705856449,True,0,59,0.0002660751342773
4,0.0001,1e-05,1e-15,SC50B,70.0,True,0,62,0.0002784729003906
4,0.0001,1e-05,1e-15,SCAGR25,66190438.76294363,False,3,1648,0.1696150302886963
4,0.0001,1e-05,1e-15,SCAGR7,2331389.8243310177,True,0,267,0.0020849704742431
4,0.0001,1e-05,1e-15,SCFXM1,-18416.759028350636,True,0,749,0.0276186466217041
4,0.0001,1e-05,1e-15,SCFXM2,-36660.261564998276,True,0,1562,0.2551889419555664
4,0.0001,1e-05,1e-15,SCFXM3,-54901.25454972762,True,0,2428,1.9491033554077148
4,0.0001,1e-05,1e-15,SCORPION,-1875.8517318290153,True,0,466,0.008735179901123
4,0.0001,1e-05,1e-15,SCRS8,-391.6472105614773,True,0,1473,0.1352503299713134
4,0.0001,1e-05,1e-15,SCSD1,-8.666666674333507,True,0,439,0.0058534145355224
4,0.0001,1e-05,1e-15,SCSD6,-50.50000007826234,True,0,630,0.0232994556427001
4,0.0001,1e-05,1e-15,SCSD8,-904.9999999254507,True,0,1598,0.6939077377319336
4,0.0001,1e-05,1e-15,SCTAP1,-1412.2499999999889,True,0,810,0.0295882225036621
4,0.0001,1e-05,1e-15,SCTAP2,-inf,False,1,10000,26.309870719909668
4,0.0001,1e-05,1e-15,SCTAP3,-inf,False,1,10000,48.17826509475708
4,0.0001,1e-05,1e-15,SHARE1B,76589.31857918575,True,0,456,0.0036995410919189
4,0.0001,1e-05,1e-15,SHARE2B,415.7322407414188,True,0,210,0.0010690689086914
4,0.0001,1e-05,1e-15,SHIP04L,-1793324.5379703536,True,0,773,0.0110454559326171
4,0.0001,1e-05,1e-15,SHIP04S,-1798714.7004453936,True,0,608,0.0064930915832519
4,0.0001,1e-05,1e-15,SHIP08L,-1909055.2113891335,True,0,1514,0.0453653335571289
4,0.0001,1e-05,1e-15,SHIP08S,-1920098.2105346206,True,0,1214,0.0250837802886962
4,0.0001,1e-05,1e-15,SHIP12L,-1470187.919329265,True,0,2081,0.1063563823699951
4,0.0001,1e-05,1e-15,SHIP12S,-1489236.134406127,True,0,1568,0.0540268421173095
4,0.0001,1e-05,1e-15,STOCFOR1,41131.97621943676,True,0,268,0.0019991397857666
4,0.0001,1e-05,1e-15,STOCFOR2,39024.40853785458,True,0,4240,13.899884939193726
4,0.0001,1e-05,1e-15,STOCFOR3,-inf,False,1,10000,439.80007910728455
4,0.0001,1e-05,1e-15,TRUSS,-552458.925614366,False,1,10000,65.04445433616638
4,0.0001,1e-05,1e-15,WOOD1P,-inf,False,3,878,0.1021203994750976
4,0.0001,1e-05,1e-15,WOODW,-1.0974312524155225,True,0,2591,12.941086053848268
5,0.0001,1e-06,1e-11,25FV47,-9091.89177764894,False,1,10000,15.357588768005373
5,0.0001,1e-06,1e-11,ADLITTLE,-225494.96316238047,True,0,144,0.0005824565887451
5,0.0001,1e-06,1e-11,AFIRO,464.7531428571428,True,0,30,0.0002293586730957
5,0.0001,1e-06,1e-11,AGG,36291233.286576286,True,0,612,0.0128140449523925
5,0.0001,1e-06,1e-11,AGG2,20239252.355977103,True,0,571,0.0065455436706542
5,0.0001,1e-06,1e-11,AGG3,-10312115.935089232,True,0,588,0.0096461772918701
5,0.0001,1e-06,1e-11,BANDM,158.62801845002156,True,0,1253,0.0480296611785888
5,0.0001,1e-06,1e-11,BEACONFD,-33592.48580719998,True,0,210,0.0026271343231201
5,0.0001,1e-06,1e-11,BLEND,30.81214984582829,True,0,148,0.0007033348083496
5,0.0001,1e-06,1e-11,BNL1,-1977.6295615231422,True,0,4356,2.442434072494507
5,0.0001,1e-06,1e-11,BNL2,-inf,False,1,10000,63.62195873260498
5,0.0001,1e-06,1e-11,BRANDY,-inf,False,3,146,0.002856969833374
5,0.0001,1e-06,1e-11,D2Q06C,-inf,False,1,10000,91.4826807975769
5,0.0001,1e-06,1e-11,DEGEN2,1436.4949999999983,True,0,2751,0.2808618545532226
5,0.0001,1e-06,1e-11,DEGEN3,-inf,False,1,10000,41.45359706878662
5,0.0001,1e-06,1e-11,E226,18.75192906637472,True,0,737,0.0169987678527832
5,0.0001,1e-06,1e-11,FFFFF800,-inf,False,2,1461,0.1494698524475097
5,0.0001,1e-06,1e-11,ISRAEL,896644.8218630484,True,0,950,0.0185201168060302
5,0.0001,1e-06,1e-11,LOTFI,25.264706061880013,True,0,264,0.0021986961364746
5,0.0001,1e-06,1e-11,MAROS-R7,-1497185.1664796427,True,0,4317,56.479992628097534
5,0.0001,1e-06,1e-11,QAP12,-inf,False,1,10000,377.5047867298126
5,0.0001,1e-06,1e-11,QAP15,-inf,False,1,10000,1326.8018190860748
5,0.0001,1e-06,1e-11,QAP8,-inf,False,1,10000,18.538224697113037
5,0.0001,1e-06,1e-11,SC105,52.20206121170722,True,0,138,0.001108169555664
5,0.0001,1e-06,1e-11,SC205,52.20206121182398,True,0,314,0.0067331790924072
5,0.0001,1e-06,1e-11,SC50A,64.57507705856449,True,0,59,0.0002937316894531
5,0.0001,1e-06,1e-11,SC50B,70.0,True,0,62,0.0003049373626708
5,0.0001,1e-06,1e-11,SCAGR25,14753433.060785834,True,0,1646,0.1830031871795654
5,0.0001,1e-06,1e-11,SCAGR7,2331389.824330985,True,0,270,0.0021700859069824
5,0.0001,1e-06,1e-11,SCFXM1,-18416.75902841995,True,0,801,0.0310289859771728
5,0.0001,1e-06,1e-11,SCFXM2,-36660.26156500209,True,0,1629,0.3460438251495361
5,0.0001,1e-06,1e-11,SCFXM3,-54901.25454975151,True,0,2499,2.093271493911743
5,0.0001,1e-06,1e-11,SCORPION,-1875.8517318290158,True,0,466,0.0088922977447509
5,0.0001,1e-06,1e-11,SCRS8,-449.41749452873216,True,0,1507,0.1327364444732666
5,0.0001,1e-06,1e-11,SCSD1,-8.66666667433337,True,0,363,0.0050528049468994
5,0.0001,1e-06,1e-11,SCSD6,-50.500000078262346,True,0,663,0.0251028537750244
5,0.0001,1e-06,1e-11,SCSD8,-904.9999999254596,True,0,1998,0.9291269779205322
5,0.0001,1e-06,1e-11,SCTAP1,-1412.2500000000616,True,0,862,0.0352067947387695
5,0.0001,1e-06,1e-11,SCTAP2,-inf,False,3,1280,2.194242477416992
5,0.0001,1e-06,1e-11,SCTAP3,-inf,False,3,1122,2.5860774517059326
5,0.0001,1e-06,1e-11,SHARE1B,76589.31857918575,True,0,456,0.0037128925323486
5,0.0001,1e-06,1e-11,SHARE2B,415.732240741419,True,0,204,0.0010371208190917
5,0.0001,1e-06,1e-11,SHIP04L,-1793324.5379703536,True,0,777,0.0109825134277343
5,0.0001,1e-06,1e-11,SHIP04S,-1798714.7004453933,True,0,606,0.0064468383789062
5,0.0001,1e-06,1e-11,SHIP08L,-1909055.211389134,True,0,1518,0.0439817905426025
5,0.0001,1e-06,1e-11,SHIP08S,-1920098.2105346203,True,0,1215,0.0253896713256835
5,0.0001,1e-06,1e-11,SHIP12L,-1470187.919329265,True,0,2060,0.1049051284790039
5,0.0001,1e-06,1e-11,SHIP12S,-1489236.134406127,True,0,1568,0.0544300079345703
5,0.0001,1e-06,1e-11,STOCFOR1,41131.976219436205,True,0,259,0.0018815994262695
5,0.0001,1e-06,1e-11,STOCFOR2,39024.408537882045,True,0,4273,13.92935848236084
5,0.0001,1e-06,1e-11,STOCFOR3,-inf,False,1,10000,341.74285078048706
5,0.0001,1e-06,1e-11,TRUSS,-490193.67208101606,False,1,10000,64.63096332550049
5,0.0001,1e-06,1e-11,WOOD1P,-inf,False,3,68,0.0106744766235351
5,0.0001,1e-06,1e-11,WOODW,-1.0974312524129746,True,0,2571,12.695219039916992
6,0.0001,1e-06,1e-12,25FV47,-7724.2208835559595,False,1,10000,15.226711511611938
6,0.0001,1e-06,1e-12,ADLITTLE,-225494.96316238047,True,0,144,0.0005607604980468
6,0.0001,1e-06,1e-12,AFIRO,464.7531428571428,True,0,30,0.0001969337463378
6,0.0001,1e-06,1e-12,AGG,36291233.286576286,True,0,610,0.012740135192871
6,0.0001,1e-06,1e-12,AGG2,20239252.355977103,True,0,571,0.0065913200378417
6,0.0001,1e-06,1e-12,AGG3,-10312115.935089232,True,0,588,0.0096936225891113
6,0.0001,1e-06,1e-12,BANDM,158.62801845025237,True,0,1363,0.0537455081939697
6,0.0001,1e-06,1e-12,BEACONFD,-33592.48580719998,True,0,210,0.0025422573089599
6,0.0001,1e-06,1e-12,BLEND,30.81214984582829,True,0,148,0.0006837844848632
6,0.0001,1e-06,1e-12,BNL1,-1977.6295615229444,True,0,3872,2.082102060317993
6,0.0001,1e-06,1e-12,BNL2,-13296.25560756109,False,1,10000,63.38333034515381
6,0.0001,1e-06,1e-12,BRANDY,-1518.5098964937695,True,0,951,0.0167233943939209
6,0.0001,1e-06,1e-12,D2Q06C,-inf,False,1,10000,91.83968210220335
6,0.0001,1e-06,1e-12,DEGEN2,1436.4949999999976,True,0,3102,0.3219318389892578
6,0.0001,1e-06,1e-12,DEGEN3,-inf,False,1,10000,41.39227485656738
6,0.0001,1e-06,1e-12,E226,18.75192906637468,True,0,738,0.0171947479248046
6,0.0001,1e-06,1e-12,FFFFF800,-inf,False,2,1506,0.1589071750640869
6,0.0001,1e-06,1e-12,ISRAEL,896644.8218630381,True,0,913,0.0177299976348876
6,0.0001,1e-06,1e-12,LOTFI,25.264706061880016,True,0,265,0.0021944046020507
6,0.0001,1e-06,1e-12,MAROS-R7,-1497185.1664796427,True,0,4317,55.80024075508118
6,0.0001,1e-06,1e-12,QAP12,-inf,False,1,10000,384.6495478153229
6,0.0001,1e-06,1e-12,QAP15,-inf,False,1,10000,1333.4419836997986
6,0.0001,1e-06,1e-12,QAP8,-inf,False,1,10000,18.72768998146057
6,0.0001,1e-06,1e-12,SC105,52.20206121170722,True,0,138,0.0010454654693603
6,0.0001,1e-06,1e-12,SC205,52.202061211805145,True,0,304,0.0063776969909667
6,0.0001,1e-06,1e-12,SC50A,64.57507705856449,True,0,59,0.0002672672271728
6,0.0001,1e-06,1e-12,SC50B,70.0,True,0,62,0.0002810955047607
6,0.0001,1e-06,1e-12,SCAGR25,14753432.178237759,True,0,1540,0.1449153423309326
6,0.0001,1e-06,1e-12,SCAGR7,2331389.824330985,True,0,270,0.0021314620971679
6,0.0001,1e-06,1e-12,SCFXM1,-18416.75902841879,True,0,845,0.0336453914642334
6,0.0001,1e-06,1e-12,SCFXM2,-36660.261565001405,True,0,1603,0.3191816806793213
6,0.0001,1e-06,1e-12,SCFXM3,-54901.25454975134,True,0,2481,1.8812012672424316
6,0.0001,1e-06,1e-12,SCORPION,-1875.8517318290158,True,0,466,0.0087959766387939
6,0.0001,1e-06,1e-12,SCRS8,-531.119254753136,True,0,1537,0.1339941024780273
6,0.0001,1e-06,1e-12,SCSD1,-8.666666674333367,True,0,367,0.0050635337829589
6,0.0001,1e-06,1e-12,SCSD6,-50.500000078262346,True,0,663,0.0251650810241699
6,0.0001,1e-06,1e-12,SCSD8,-904.9999999254597,True,0,1963,0.9184455871582032
6,0.0001,1e-06,1e-12,SCTAP1,-1412.2500000000002,True,0,813,0.0322668552398681
6,0.0001,1e-06,1e-12,SCTAP2,-inf,False,3,784,1.0320188999176023
6,0.0001,1e-06,1e-12,SCTAP3,-inf,False,3,820,1.6016926765441897
6,0.0001,1e-06,1e-12,SHARE1B,76589.31857918575,True,0,456,0.0036838054656982
6,0.0001,1e-06,1e-12,SHARE2B,415.732240741419,True,0,204,0.0010194778442382
6,0.0001,1e-06,1e-12,SHIP04L,-1793324.5379703536,True,0,777,0.0109865665435791
6,0.0001,1e-06,1e-12,SHIP04S,-1798714.7004453933,True,0,606,0.0063629150390625
6,0.0001,1e-06,1e-12,SHIP08L,-1909055.211389134,True,0,1518,0.0440714359283447
6,0.0001,1e-06,1e-12,SHIP08S,-1920098.2105346203,True,0,1215,0.0254135131835937
6,0.0001,1e-06,1e-12,SHIP12L,-1470187.919329265,True,0,2060,0.1050820350646972
6,0.0001,1e-06,1e-12,SHIP12S,-1489236.134406127,True,0,1568,0.0545651912689209
6,0.0001,1e-06,1e-12,STOCFOR1,41131.976219436176,True,0,259,0.0018198490142822
6,0.0001,1e-06,1e-12,STOCFOR2,39024.40853788116,True,0,4272,13.982638835906982
6,0.0001,1e-06,1e-12,STOCFOR3,-inf,False,1,10000,342.13827419281006
6,0.0001,1e-06,1e-12,TRUSS,-528517.2109136587,False,1,10000,65.06204557418823
6,0.0001,1e-06,1e-12,WOOD1P,-inf,False,3,200,0.0286672115325927
6,0.0001,1e-06,1e-12,WOODW,-inf,False,3,426,0.8237099647521973
7,0.0001,1e-06,1e-13,25FV47,-8618.378814231652,False,1,10000,15.589591264724731
7,0.0001,1e-06,1e-13,ADLITTLE,-225494.96316238047,True,0,144,0.0006284713745117
7,0.0001,1e-06,1e-13,AFIRO,464.7531428571428,True,0,30,0.0001993179321289
7,0.0001,1e-06,1e-13,AGG,36291233.286576286,True,0,609,0.0126886367797851
7,0.0001,1e-06,1e-13,AGG2,20239252.355977103,True,0,571,0.0065476894378662
7,0.0001,1e-06,1e-13,AGG3,-10312115.935089232,True,0,588,0.0096049308776855
7,0.0001,1e-06,1e-13,BANDM,158.62801845024026,True,0,1333,0.0522718429565429
7,0.0001,1e-06,1e-13,BEACONFD,-33592.48580719998,True,0,210,0.0025198459625244
7,0.0001,1e-06,1e-13,BLEND,30.81214984582808,True,0,165,0.0007498264312744
7,0.0001,1e-06,1e-13,BNL1,-1977.6295615227593,True,0,4467,2.7317326068878174
7,0.0001,1e-06,1e-13,BNL2,-inf,False,1,10000,63.62672400474548
7,0.0001,1e-06,1e-13,BRANDY,-1518.509896485441,True,0,780,0.0132410526275634
7,0.0001,1e-06,1e-13,D2Q06C,-inf,False,1,10000,89.16933274269104
7,0.0001,1e-06,1e-13,DEGEN2,1435.1779999999994,True,0,2819,0.2875816822052002
7,0.0001,1e-06,1e-13,DEGEN3,-inf,False,1,10000,41.15059280395508
7,0.0001,1e-06,1e-13,E226,18.75192906637468,True,0,738,0.0169992446899414
7,0.0001,1e-06,1e-13,FFFFF800,-inf,False,2,1466,0.1438896656036377
7,0.0001,1e-06,1e-13,ISRAEL,896644.8218630381,True,0,913,0.0178179740905761
7,0.0001,1e-06,1e-13,LOTFI,25.26470606188001,True,0,276,0.0023543834686279
7,0.0001,1e-06,1e-13,MAROS-R7,-1497185.1664796427,True,0,4317,56.045053482055664
7,0.0001,1e-06,1e-13,QAP12,-inf,False,1,10000,365.63513231277466
7,0.0001,1e-06,1e-13,QAP15,-inf,False,1,10000,1266.946254491806
7,0.0001,1e-06,1e-13,QAP8,-inf,False,1,10000,18.444822311401367
7,0.0001,1e-06,1e-13,SC105,52.20206121170722,True,0,139,0.0010385513305664
7,0.0001,1e-06,1e-13,SC205,52.20206121170649,True,0,322,0.0069684982299804
7,0.0001,1e-06,1e-13,SC50A,64.57507705856449,True,0,59,0.0002663135528564
7,0.0001,1e-06,1e-13,SC50B,70.0,True,0,62,0.0002799034118652
7,0.0001,1e-06,1e-13,SCAGR25,14753433.06344632,True,0,1689,0.1630432605743408
7,0.0001,1e-06,1e-13,SCAGR7,2331389.824330985,True,0,270,0.0021448135375976
7,0.0001,1e-06,1e-13,SCFXM1,-18416.759028417593,True,0,847,0.0340633392333984
7,0.0001,1e-06,1e-13,SCFXM2,-36660.261564997534,True,0,1603,0.2730872631072998
7,0.0001,1e-06,1e-13,SCFXM3,-54901.254549747006,True,0,2491,2.031224250793457
7,0.0001,1e-06,1e-13,SCORPION,-1875.8517318290158,True,0,466,0.0090119838714599
7,0.0001,1e-06,1e-13,SCRS8,-449.41749452893407,True,0,1606,0.1623260974884033
7,0.0001,1e-06,1e-13,SCSD1,-8.66666667433336,True,0,385,0.0054304599761962
7,0.0001,1e-06,1e-13,SCSD6,-50.50000007826237,True,0,708,0.0275228023529052
7,0.0001,1e-06,1e-13,SCSD8,-904.999999925461,True,0,2070,1.0396296977996826
7,0.0001,1e-06,1e-13,SCTAP1,-1412.249999999997,True,0,797,0.0311486721038818
7,0.0001,1e-06,1e-13,SCTAP2,-inf,False,1,10000,27.725465774536133
7,0.0001,1e-06,1e-13,SCTAP3,-inf,False,1,10000,46.87418866157532
7,0.0001,1e-06,1e-13,SHARE1B,76589.31857918575,True,0,456,0.0037331581115722
7,0.0001,1e-06,1e-13,SHARE2B,415.732240741419,True,0,204,0.0011236667633056
7,0.0001,1e-06,1e-13,SHIP04L,-1793324.5379703536,True,0,777,0.0116128921508789
7,0.0001,1e-06,1e-13,SHIP04S,-1798714.7004453933,True,0,606,0.0063617229461669
7,0.0001,1e-06,1e-13,SHIP08L,-1909055.211389134,True,0,1518,0.0466659069061279
7,0.0001,1e-06,1e-13,SHIP08S,-1920098.2105346203,True,0,1215,0.0253455638885498
7,0.0001,1e-06,1e-13,SHIP12L,-1470187.919329265,True,0,2060,0.1042406558990478
7,0.0001,1e-06,1e-13,SHIP12S,-1489236.134406127,True,0,1568,0.0540547370910644
7,0.0001,1e-06,1e-13,STOCFOR1,41131.97621943616,True,0,259,0.0018253326416015
7,0.0001,1e-06,1e-13,STOCFOR2,39024.40853788207,True,0,4250,13.81318473815918
7,0.0001,1e-06,1e-13,STOCFOR3,-inf,False,1,10000,343.88037157058716
7,0.0001,1e-06,1e-13,TRUSS,-511910.6864898863,False,1,10000,64.6034803390503
7,0.0001,1e-06,1e-13,WOOD1P,-inf,False,3,323,0.0515260696411132
7,0.0001,1e-06,1e-13,WOODW,-inf,False,3,760,1.9580280780792236
8,0.0001,1e-06,1e-14,25FV47,-7517.238775092248,False,1,10000,15.250479936599731
8,0.0001,1e-06,1e-14,ADLITTLE,-225494.96316238047,True,0,144,0.000594139099121
8,0.0001,1e-06,1e-14,AFIRO,464.7531428571428,True,0,30,0.00020432472229
8,0.0001,1e-06,1e-14,AGG,36291233.286576286,True,0,609,0.0134811401367187
8,0.0001,1e-06,1e-14,AGG2,20239252.355977103,True,0,571,0.0067846775054931
8,0.0001,1e-06,1e-14,AGG3,-10312115.935089232,True,0,588,0.0099110603332519
8,0.0001,1e-06,1e-14,BANDM,158.6280184499312,True,0,1261,0.052009105682373
8,0.0001,1e-06,1e-14,BEACONFD,-33592.48580719996,True,0,212,0.0028111934661865
8,0.0001,1e-06,1e-14,BLEND,30.81214984582823,True,0,161,0.0008008480072021
8,0.0001,1e-06,1e-14,BNL1,-1977.6295615241102,True,0,4659,2.790571451187134
8,0.0001,1e-06,1e-14,BNL2,-7058.577107619767,False,1,10000,63.1977641582489
8,0.0001,1e-06,1e-14,BRANDY,-1518.5098964881197,True,0,647,0.0104067325592041
8,0.0001,1e-06,1e-14,D2Q06C,-inf,False,1,10000,90.55539608001708
8,0.0001,1e-06,1e-14,DEGEN2,1435.1779999999806,True,0,3022,0.3015365600585937
8,0.0001,1e-06,1e-14,DEGEN3,-inf,False,1,10000,41.12456774711609
8,0.0001,1e-06,1e-14,E226,18.75192906621691,True,0,840,0.0202224254608154
8,0.0001,1e-06,1e-14,FFFFF800,-inf,False,2,1465,0.132211685180664
8,0.0001,1e-06,1e-14,ISRAEL,896644.8218630381,True,0,913,0.0178334712982177
8,0.0001,1e-06,1e-14,LOTFI,25.26470606188001,True,0,276,0.00234055519104
8,0.0001,1e-06,1e-14,MAROS-R7,-1497185.1664796427,True,0,4317,56.08381748199463
8,0.0001,1e-06,1e-14,QAP12,-inf,False,1,10000,378.1068851947784
8,0.0001,1e-06,1e-14,QAP15,-inf,False,1,10000,1354.8239600658417
8,0.0001,1e-06,1e-14,QAP8,-256.89585806075826,False,1,10000,18.5179386138916
8,0.0001,1e-06,1e-14,SC105,52.20206121170724,True,0,134,0.0010008811950683
8,0.0001,1e-06,1e-14,SC205,52.2020612117079,True,0,325,0.0070459842681884
8,0.0001,1e-06,1e-14,SC50A,64.57507705856449,True,0,59,0.0002706050872802
8,0.0001,1e-06,1e-14,SC50B,70.0,True,0,62,0.0002853870391845
8,0.0001,1e-06,1e-14,SCAGR25,14753433.049928935,True,0,1701,0.1668658256530761
8,0.0001,1e-06,1e-14,SCAGR7,2331389.8243309762,True,0,250,0.0019314289093017
8,0.0001,1e-06,1e-14,SCFXM1,-18416.759028346125,True,0,896,0.0365552902221679
8,0.0001,1e-06,1e-14,SCFXM2,-36660.26156499932,True,0,1747,0.3227596282958984
8,0.0001,1e-06,1e-14,SCFXM3,-54901.254549742924,True,0,2510,2.034060001373291
8,0.0001,1e-06,1e-14,SCORPION,-1875.8517318290155,True,0,466,0.00974702835083
8,0.0001,1e-06,1e-14,SCRS8,-536.9613499483563,True,0,1437,0.1289677619934082
8,0.0001,1e-06,1e-14,SCSD1,-8.666666674333365,True,0,512,0.007112979888916
8,0.0001,1e-06,1e-14,SCSD6,-50.500000078262325,True,0,809,0.0334579944610595
8,0.0001,1e-06,1e-14,SCSD8,-904.9999999254622,True,0,1717,0.789360761642456
8,0.0001,1e-06,1e-14,SCTAP1,-1412.2499999999982,True,0,875,0.0350315570831298
8,0.0001,1e-06,1e-14,SCTAP2,-inf,False,3,903,1.122994899749756
8,0.0001,1e-06,1e-14,SCTAP3,-inf,False,3,308,0.2500827312469482
8,0.0001,1e-06,1e-14,SHARE1B,76589.31857918575,True,0,456,0.0037658214569091
8,0.0001,1e-06,1e-14,SHARE2B,415.732240741419,True,0,203,0.0010063648223876
8,0.0001,1e-06,1e-14,SHIP04L,-1793324.5379703536,True,0,775,0.0107696056365966
8,0.0001,1e-06,1e-14,SHIP04S,-1798714.7004453933,True,0,606,0.0062582492828369
8,0.0001,1e-06,1e-14,SHIP08L,-1909055.211389134,True,0,1518,0.0442357063293457
8,0.0001,1e-06,1e-14,SHIP08S,-1920098.2105346203,True,0,1215,0.0252556800842285
8,0.0001,1e-06,1e-14,SHIP12L,-1470187.919329265,True,0,2060,0.1042816638946533
8,0.0001,1e-06,1e-14,SHIP12S,-1489236.134406127,True,0,1569,0.0541427135467529
8,0.0001,1e-06,1e-14,STOCFOR1,41131.976219436154,True,0,260,0.0018649101257324
8,0.0001,1e-06,1e-14,STOCFOR2,39024.408537882206,True,0,4225,13.606104850769045
8,0.0001,1e-06,1e-14,STOCFOR3,-inf,False,1,10000,356.11075019836426
8,0.0001,1e-06,1e-14,TRUSS,-483206.8293941396,False,1,10000,65.05388116836548
8,0.0001,1e-06,1e-14,WOOD1P,-inf,False,3,140,0.0212378501892089
8,0.0001,1e-06,1e-14,WOODW,-inf,False,3,445,0.8770368099212646
9,0.0001,1e-06,1e-15,25FV47,-8104.690684770465,False,1,10000,15.128403186798096
9,0.0001,1e-06,1e-15,ADLITTLE,-225494.96316238047,True,0,144,0.0005679130554199
9,0.0001,1e-06,1e-15,AFIRO,464.7531428571428,True,0,30,0.0001957416534423
9,0.0001,1e-06,1e-15,AGG,36291233.286576286,True,0,609,0.013019323348999
9,0.0001,1e-06,1e-15,AGG2,20239252.355977103,True,0,572,0.0065453052520751
9,0.0001,1e-06,1e-15,AGG3,-10312115.935089232,True,0,588,0.0095791816711425
9,0.0001,1e-06,1e-15,BANDM,158.62801835423582,True,0,1605,0.0638873577117919
9,0.0001,1e-06,1e-15,BEACONFD,-33592.48580719996,True,0,212,0.0025420188903808
9,0.0001,1e-06,1e-15,BLEND,30.81214984582805,True,0,180,0.0008196830749511
9,0.0001,1e-06,1e-15,BNL1,-1977.6295615228416,True,0,4340,2.592708110809326
9,0.0001,1e-06,1e-15,BNL2,-14709.029239367563,False,1,10000,63.69492864608765
9,0.0001,1e-06,1e-15,BRANDY,-1518.5098964880663,True,0,704,0.0115325450897216
9,0.0001,1e-06,1e-15,D2Q06C,-inf,False,1,10000,91.86728954315186
9,0.0001,1e-06,1e-15,DEGEN2,1435.1779999999912,True,0,2594,0.2554645538330078
9,0.0001,1e-06,1e-15,DEGEN3,-inf,False,1,10000,41.20485877990723
9,0.0001,1e-06,1e-15,E226,18.751929066345806,True,0,785,0.0187575817108154
9,0.0001,1e-06,1e-15,FFFFF800,-inf,False,2,1449,0.1313090324401855
9,0.0001,1e-06,1e-15,ISRAEL,896644.8218630381,True,0,913,0.0177690982818603
9,0.0001,1e-06,1e-15,LOTFI,25.26470606188001,True,0,270,0.0022664070129394
9,0.0001,1e-06,1e-15,MAROS-R7,-1497185.1664796427,True,0,4317,56.01992440223694
9,0.0001,1e-06,1e-15,QAP12,-inf,False,1,10000,356.1949257850647
9,0.0001,1e-06,1e-15,QAP15,-inf,False,1,10000,1141.2424819469452
9,0.0001,1e-06,1e-15,QAP8,-inf,False,1,10000,18.849178075790405
9,0.0001,1e-06,1e-15,SC105,52.2020612117072,True,0,131,0.0009846687316894
9,0.0001,1e-06,1e-15,SC205,52.20206121167227,True,0,274,0.0056447982788085
9,0.0001,1e-06,1e-15,SC50A,64.57507705856449,True,0,59,0.0002698898315429
9,0.0001,1e-06,1e-15,SC50B,70.0,True,0,62,0.0002830028533935
9,0.0001,1e-06,1e-15,SCAGR25,-inf,False,2,1103,0.1024067401885986
9,0.0001,1e-06,1e-15,SCAGR7,2331389.8243310177,True,0,267,0.0020527839660644
9,0.0001,1e-06,1e-15,SCFXM1,-18416.759028350636,True,0,749,0.0275776386260986
9,0.0001,1e-06,1e-15,SCFXM2,-36660.261564998276,True,0,1562,0.2420268058776855
9,0.0001,1e-06,1e-15,SCFXM3,-54901.25454972762,True,0,2428,1.919816255569458
9,0.0001,1e-06,1e-15,SCORPION,-1875.8517318290153,True,0,466,0.0089197158813476
9,0.0001,1e-06,1e-15,SCRS8,-391.6472105614773,True,0,1473,0.1303029060363769
9,0.0001,1e-06,1e-15,SCSD1,-8.666666674333507,True,0,439,0.0061080455780029
9,0.0001,1e-06,1e-15,SCSD6,-50.50000007826234,True,0,630,0.0237772464752197
9,0.0001,1e-06,1e-15,SCSD8,-904.9999999254507,True,0,1598,0.7210009098052979
9,0.0001,1e-06,1e-15,SCTAP1,-1412.2499999999889,True,0,810,0.0295627117156982
9,0.0001,1e-06,1e-15,SCTAP2,-inf,False,3,1500,2.418109655380249
9,0.0001,1e-06,1e-15,SCTAP3,-inf,False,3,1313,3.700393915176392
9,0.0001,1e-06,1e-15,SHARE1B,76589.31857918575,True,0,456,0.0038399696350097
9,0.0001,1e-06,1e-15,SHARE2B,415.7322407414188,True,0,210,0.0010404586791992
9,0.0001,1e-06,1e-15,SHIP04L,-1793324.5379703536,True,0,773,0.0110261440277099
9,0.0001,1e-06,1e-15,SHIP04S,-1798714.7004453936,True,0,608,0.0062987804412841
9,0.0001,1e-06,1e-15,SHIP08L,-1909055.2113891335,True,0,1514,0.0465838909149169
9,0.0001,1e-06,1e-15,SHIP08S,-1920098.2105346206,True,0,1214,0.025120735168457
9,0.0001,1e-06,1e-15,SHIP12L,-1470187.919329265,True,0,2081,0.1068017482757568
9,0.0001,1e-06,1e-15,SHIP12S,-1489236.134406127,True,0,1568,0.0542020797729492
9,0.0001,1e-06,1e-15,STOCFOR1,41131.97621943676,True,0,268,0.0020475387573242
9,0.0001,1e-06,1e-15,STOCFOR2,39024.40853785458,True,0,4240,13.977783918380736
9,0.0001,1e-06,1e-15,STOCFOR3,-inf,False,3,9974,452.1957633495331
9,0.0001,1e-06,1e-15,TRUSS,-552458.925614366,False,1,10000,65.58210468292236
9,0.0001,1e-06,1e-15,WOOD1P,-inf,False,3,120,0.0182733535766601
9,0.0001,1e-06,1e-15,WOODW,-inf,False,3,431,0.8362998962402344
10,0.0001,1e-07,1e-11,25FV47,-9091.89177764894,False,1,10000,15.247743844985962
10,0.0001,1e-07,1e-11,ADLITTLE,-225494.96316238047,True,0,144,0.0005674362182617
10,0.0001,1e-07,1e-11,AFIRO,464.7531428571428,True,0,30,0.000195026397705
10,0.0001,1e-07,1e-11,AGG,36291233.286576286,True,0,612,0.0130712985992431
10,0.0001,1e-07,1e-11,AGG2,20239252.355977103,True,0,571,0.006542682647705
10,0.0001,1e-07,1e-11,AGG3,-10312115.935089232,True,0,588,0.0095522403717041
10,0.0001,1e-07,1e-11,BANDM,158.62801845002156,True,0,1253,0.048408031463623
10,0.0001,1e-07,1e-11,BEACONFD,-33592.48580719998,True,0,210,0.0026266574859619
10,0.0001,1e-07,1e-11,BLEND,30.81214984582829,True,0,148,0.0006904602050781
10,0.0001,1e-07,1e-11,BNL1,-1977.6295615231422,True,0,4356,2.564457893371582
10,0.0001,1e-07,1e-11,BNL2,-inf,False,1,10000,63.85181403160095
10,0.0001,1e-07,1e-11,BRANDY,-1518.5325854360578,True,0,805,0.0136854648590087
10,0.0001,1e-07,1e-11,D2Q06C,-inf,False,1,10000,91.50327897071838
10,0.0001,1e-07,1e-11,DEGEN2,1436.4949999999983,True,0,2751,0.2818703651428222
10,0.0001,1e-07,1e-11,DEGEN3,-inf,False,1,10000,41.62946176528931
10,0.0001,1e-07,1e-11,E226,18.75192906637472,True,0,737,0.0170326232910156
10,0.0001,1e-07,1e-11,FFFFF800,-inf,False,2,1454,0.1489911079406738
10,0.0001,1e-07,1e-11,ISRAEL,896644.8218630484,True,0,950,0.0184037685394287
10,0.0001,1e-07,1e-11,LOTFI,25.264706061880013,True,0,264,0.0021834373474121
10,0.0001,1e-07,1e-11,MAROS-R7,-1497185.1664796427,True,0,4317,56.01957654953003
10,0.0001,1e-07,1e-11,QAP12,-inf,False,3,5369,180.20255970954895
10,0.0001,1e-07,1e-11,QAP15,-inf,False,1,10000,1334.957337141037
10,0.0001,1e-07,1e-11,QAP8,-inf,False,1,10000,18.377524375915527
10,0.0001,1e-07,1e-11,SC105,52.20206121170722,True,0,138,0.0010731220245361
10,0.0001,1e-07,1e-11,SC205,52.20206121182398,True,0,314,0.0066840648651123
10,0.0001,1e-07,1e-11,SC50A,64.57507705856449,True,0,59,0.0002713203430175
10,0.0001,1e-07,1e-11,SC50B,70.0,True,0,62,0.0002868175506591
10,0.0001,1e-07,1e-11,SCAGR25,14753433.060785834,True,0,1646,0.1593270301818847
10,0.0001,1e-07,1e-11,SCAGR7,2331389.824330985,True,0,270,0.0021753311157226
10,0.0001,1e-07,1e-11,SCFXM1,-18416.75902841995,True,0,801,0.0308670997619628
10,0.0001,1e-07,1e-11,SCFXM2,-36660.26156500209,True,0,1629,0.3268675804138183
10,0.0001,1e-07,1e-11,SCFXM3,-54901.25454975151,True,0,2499,2.058100700378418
10,0.0001,1e-07,1e-11,SCORPION,-1875.8517318290158,True,0,466,0.0087954998016357
10,0.0001,1e-07,1e-11,SCRS8,-449.41749452873216,True,0,1507,0.1282601356506347
10,0.0001,1e-07,1e-11,SCSD1,-8.66666667433337,True,0,363,0.0050458908081054
10,0.0001,1e-07,1e-11,SCSD6,-50.500000078262346,True,0,663,0.0251033306121826
10,0.0001,1e-07,1e-11,SCSD8,-inf,False,3,616,0.1124095916748046
10,0.0001,1e-07,1e-11,SCTAP1,-1412.2500000000616,True,0,862,0.0351259708404541
10,0.0001,1e-07,1e-11,SCTAP2,-inf,False,3,316,0.184079885482788
10,0.0001,1e-07,1e-11,SCTAP3,-inf,False,3,904,1.9405436515808103
10,0.0001,1e-07,1e-11,SHARE1B,76589.31857918575,True,0,456,0.0037469863891601
10,0.0001,1e-07,1e-11,SHARE2B,415.732240741419,True,0,204,0.0010149478912353
10,0.0001,1e-07,1e-11,SHIP04L,-1793324.5379703536,True,0,777,0.0108771324157714
10,0.0001,1e-07,1e-11,SHIP04S,-1798714.7004453933,True,0,606,0.0062887668609619
10,0.0001,1e-07,1e-11,SHIP08L,-1909055.211389134,True,0,1518,0.0441200733184814
10,0.0001,1e-07,1e-11,SHIP08S,-1920098.2105346203,True,0,1215,0.0253429412841796
10,0.0001,1e-07,1e-11,SHIP12L,-1470187.919329265,True,0,2060,0.1048023700714111
10,0.0001,1e-07,1e-11,SHIP12S,-1489236.134406127,True,0,1568,0.0543930530548095
10,0.0001,1e-07,1e-11,STOCFOR1,41131.976219436205,True,0,259,0.0018360614776611
10,0.0001,1e-07,1e-11,STOCFOR2,39024.408537882045,True,0,4273,14.015149593353271
10,0.0001,1e-07,1e-11,STOCFOR3,-inf,False,1,10000,340.7598216533661
10,0.0001,1e-07,1e-11,TRUSS,-613488.0583542016,False,3,4968,28.477488040924072
10,0.0001,1e-07,1e-11,WOOD1P,-inf,False,3,141,0.0170695781707763
10,0.0001,1e-07,1e-11,WOODW,-inf,False,3,808,2.29642915725708
11,0.0001,1e-07,1e-12,25FV47,-7724.2208835559595,False,1,10000,15.144855976104736
11,0.0001,1e-07,1e-12,ADLITTLE,-225494.96316238047,True,0,144,0.0005831718444824
11,0.0001,1e-07,1e-12,AFIRO,464.7531428571428,True,0,30,0.0002040863037109
11,0.0001,1e-07,1e-12,AGG,36291233.286576286,True,0,610,0.0131475925445556
11,0.0001,1e-07,1e-12,AGG2,20239252.355977103,True,0,571,0.006641149520874
11,0.0001,1e-07,1e-12,AGG3,-10312115.935089232,True,0,588,0.0098044872283935
11,0.0001,1e-07,1e-12,BANDM,158.62801845025237,True,0,1363,0.053955078125
11,0.0001,1e-07,1e-12,BEACONFD,-33592.48580719998,True,0,210,0.0025537014007568
11,0.0001,1e-07,1e-12,BLEND,30.81214984582829,True,0,148,0.0006942749023437
11,0.0001,1e-07,1e-12,BNL1,-1977.6295615229444,True,0,3872,2.1821370124816895
11,0.0001,1e-07,1e-12,BNL2,-13296.25560756109,False,1,10000,63.93420910835266
11,0.0001,1e-07,1e-12,BRANDY,-1518.5098964937695,True,0,951,0.0167059898376464
11,0.0001,1e-07,1e-12,D2Q06C,-inf,False,1,10000,92.39666295051576
11,0.0001,1e-07,1e-12,DEGEN2,1436.4949999999976,True,0,3102,0.3213260173797607
11,0.0001,1e-07,1e-12,DEGEN3,-inf,False,1,10000,41.37584829330444
11,0.0001,1e-07,1e-12,E226,18.75192906637468,True,0,738,0.0170543193817138
11,0.0001,1e-07,1e-12,FFFFF800,-inf,False,2,1496,0.1549770832061767
11,0.0001,1e-07,1e-12,ISRAEL,896644.8218630381,True,0,913,0.0178403854370117
11,0.0001,1e-07,1e-12,LOTFI,25.264706061880016,True,0,265,0.0022194385528564
11,0.0001,1e-07,1e-12,MAROS-R7,-1497185.1664796427,True,0,4317,56.12737679481506
11,0.0001,1e-07,1e-12,QAP12,-inf,False,1,10000,374.9810297489166
11,0.0001,1e-07,1e-12,QAP15,-inf,False,1,10000,1348.8458495140076
11,0.0001,1e-07,1e-12,QAP8,-inf,False,1,10000,18.427316427230835
11,0.0001,1e-07,1e-12,SC105,52.20206121170722,True,0,138,0.0010721683502197
11,0.0001,1e-07,1e-12,SC205,52.202061211805145,True,0,304,0.0064625740051269
11,0.0001,1e-07,1e-12,SC50A,64.57507705856449,True,0,59,0.0003466606140136
11,0.0001,1e-07,1e-12,SC50B,70.0,True,0,62,0.0003180503845214
11,0.0001,1e-07,1e-12,SCAGR25,14753433.841695532,True,0,1617,0.1547820568084716
11,0.0001,1e-07,1e-12,SCAGR7,2331389.824330985,True,0,270,0.0021529197692871
11,0.0001,1e-07,1e-12,SCFXM1,-18416.75902841879,True,0,845,0.0338659286499023
11,0.0001,1e-07,1e-12,SCFXM2,-36660.261565001405,True,0,1603,0.3201971054077148
11,0.0001,1e-07,1e-12,SCFXM3,-54901.25454975134,True,0,2481,1.8562157154083252
11,0.0001,1e-07,1e-12,SCORPION,-1875.8517318290158,True,0,466,0.0090126991271972
11,0.0001,1e-07,1e-12,SCRS8,-531.119254753136,True,0,1537,0.1348497867584228
11,0.0001,1e-07,1e-12,SCSD1,-8.666666674333367,True,0,367,0.0050463676452636
11,0.0001,1e-07,1e-12,SCSD6,-50.500000078262346,True,0,663,0.0250825881958007
11,0.0001,1e-07,1e-12,SCSD8,-inf,False,3,618,0.1254148483276367
11,0.0001,1e-07,1e-12,SCTAP1,-1412.2500000000002,True,0,813,0.032304048538208
11,0.0001,1e-07,1e-12,SCTAP2,-inf,False,3,308,0.1703133583068847
11,0.0001,1e-07,1e-12,SCTAP3,-inf,False,3,814,1.5914101600646973
11,0.0001,1e-07,1e-12,SHARE1B,76589.31857918575,True,0,456,0.0037097930908203
11,0.0001,1e-07,1e-12,SHARE2B,415.732240741419,True,0,204,0.0010135173797607
11,0.0001,1e-07,1e-12,SHIP04L,-1793324.5379703536,True,0,777,0.01094651222229
11,0.0001,1e-07,1e-12,SHIP04S,-1798714.7004453933,True,0,606,0.0069007873535156
11,0.0001,1e-07,1e-12,SHIP08L,-1909055.211389134,True,0,1518,0.0442538261413574
11,0.0001,1e-07,1e-12,SHIP08S,-1920098.2105346203,True,0,1215,0.0255231857299804
11,0.0001,1e-07,1e-12,SHIP12L,-1470187.919329265,True,0,2060,0.1051273345947265
11,0.0001,1e-07,1e-12,SHIP12S,-1489236.134406127,True,0,1568,0.0545544624328613
11,0.0001,1e-07,1e-12,STOCFOR1,41131.976219436176,True,0,259,0.0018432140350341
11,0.0001,1e-07,1e-12,STOCFOR2,39024.40853788116,True,0,4272,14.093923330307009
11,0.0001,1e-07,1e-12,STOCFOR3,-inf,False,1,10000,343.9751899242401
11,0.0001,1e-07,1e-12,TRUSS,-528490.7296828276,False,1,10000,65.49478840827942
11,0.0001,1e-07,1e-12,WOOD1P,-inf,False,3,126,0.0200731754302978
11,0.0001,1e-07,1e-12,WOODW,-inf,False,3,422,0.8157141208648682
12,0.0001,1e-07,1e-13,25FV47,-inf,False,3,6248,8.967427968978882
12,0.0001,1e-07,1e-13,ADLITTLE,-225494.96316238047,True,0,144,0.0005741119384765
12,0.0001,1e-07,1e-13,AFIRO,464.7531428571428,True,0,30,0.0002012252807617
12,0.0001,1e-07,1e-13,AGG,36291233.286576286,True,0,609,0.0129876136779785
12,0.0001,1e-07,1e-13,AGG2,20239252.355977103,True,0,571,0.0065622329711914
12,0.0001,1e-07,1e-13,AGG3,-10312115.935089232,True,0,588,0.0095603466033935
12,0.0001,1e-07,1e-13,BANDM,158.62801845024026,True,0,1333,0.0532004833221435
12,0.0001,1e-07,1e-13,BEACONFD,-33592.48580719998,True,0,210,0.0026454925537109
12,0.0001,1e-07,1e-13,BLEND,30.81214984582808,True,0,165,0.0007636547088623
12,0.0001,1e-07,1e-13,BNL1,-1977.6295615227593,True,0,4467,2.6118597984313965
12,0.0001,1e-07,1e-13,BNL2,-inf,False,1,10000,63.556984424591064
12,0.0001,1e-07,1e-13,BRANDY,-1518.509896485441,True,0,780,0.013282299041748
12,0.0001,1e-07,1e-13,D2Q06C,-inf,False,3,9293,80.87697458267212
12,0.0001,1e-07,1e-13,DEGEN2,1435.1779999999994,True,0,2819,0.288581371307373
12,0.0001,1e-07,1e-13,DEGEN3,-inf,False,1,10000,41.20692682266235
12,0.0001,1e-07,1e-13,E226,18.75192906637468,True,0,738,0.0170509815216064
12,0.0001,1e-07,1e-13,FFFFF800,-inf,False,2,1447,0.1431522369384765
12,0.0001,1e-07,1e-13,ISRAEL,896644.8218630381,True,0,913,0.0178749561309814
12,0.0001,1e-07,1e-13,LOTFI,25.26470606188001,True,0,276,0.0023829936981201
12,0.0001,1e-07,1e-13,MAROS-R7,-1497185.1664796427,True,0,4317,56.44347810745239
12,0.0001,1e-07,1e-13,QAP12,-inf,False,1,10000,374.6452808380127
12,0.0001,1e-07,1e-13,QAP15,-inf,False,1,10000,1261.783187866211
12,0.0001,1e-07,1e-13,QAP8,-inf,False,1,10000,18.403306007385257
12,0.0001,1e-07,1e-13,SC105,52.20206121170722,True,0,139,0.0010468959808349
12,0.0001,1e-07,1e-13,SC205,52.20206121170649,True,0,322,0.0070199966430664
12,0.0001,1e-07,1e-13,SC50A,64.57507705856449,True,0,59,0.000274658203125
12,0.0001,1e-07,1e-13,SC50B,70.0,True,0,62,0.0002861022949218
12,0.0001,1e-07,1e-13,SCAGR25,14753433.058337394,True,0,1757,0.1720862388610839
12,0.0001,1e-07,1e-13,SCAGR7,2331389.824330985,True,0,270,0.0021696090698242
12,0.0001,1e-07,1e-13,SCFXM1,-18416.759028417593,True,0,847,0.0337312221527099
12,0.0001,1e-07,1e-13,SCFXM2,-36660.261564997534,True,0,1603,0.2867898941040039
12,0.0001,1e-07,1e-13,SCFXM3,-54901.254549747006,True,0,2491,2.0299036502838135
12,0.0001,1e-07,1e-13,SCORPION,-1875.8517318290158,True,0,466,0.0088238716125488
12,0.0001,1e-07,1e-13,SCRS8,-449.41749452893407,True,0,1606,0.1690013408660888
12,0.0001,1e-07,1e-13,SCSD1,-8.66666667433336,True,0,385,0.0053775310516357
12,0.0001,1e-07,1e-13,SCSD6,-50.50000007826237,True,0,708,0.0274109840393066
12,0.0001,1e-07,1e-13,SCSD8,-inf,False,3,747,0.1860620975494384
12,0.0001,1e-07,1e-13,SCTAP1,-1412.249999999997,True,0,797,0.0312309265136718
12,0.0001,1e-07,1e-13,SCTAP2,-inf,False,3,330,0.1977839469909668
12,0.0001,1e-07,1e-13,SCTAP3,-inf,False,3,987,2.370617389678955
12,0.0001,1e-07,1e-13,SHARE1B,76589.31857918575,True,0,456,0.0038444995880126
12,0.0001,1e-07,1e-13,SHARE2B,415.732240741419,True,0,204,0.0010530948638916
12,0.0001,1e-07,1e-13,SHIP04L,-1793324.5379703536,True,0,777,0.0112433433532714
12,0.0001,1e-07,1e-13,SHIP04S,-1798714.7004453933,True,0,606,0.0067389011383056
12,0.0001,1e-07,1e-13,SHIP08L,-1909055.211389134,True,0,1518,0.0454916954040527
12,0.0001,1e-07,1e-13,SHIP08S,-1920098.2105346203,True,0,1215,0.0261759757995605
12,0.0001,1e-07,1e-13,SHIP12L,-1470187.919329265,True,0,2060,0.10784912109375
12,0.0001,1e-07,1e-13,SHIP12S,-1489236.134406127,True,0,1568,0.0559041500091552
12,0.0001,1e-07,1e-13,STOCFOR1,41131.97621943616,True,0,259,0.0019261837005615
12,0.0001,1e-07,1e-13,STOCFOR2,39024.40853788207,True,0,4250,13.914210081100464
12,0.0001,1e-07,1e-13,STOCFOR3,-inf,False,1,10000,341.1043367385864
12,0.0001,1e-07,1e-13,TRUSS,-511910.6864898863,False,1,10000,65.02739095687866
12,0.0001,1e-07,1e-13,WOOD1P,-inf,False,3,130,0.0202777385711669
12,0.0001,1e-07,1e-13,WOODW,-inf,False,3,513,1.1086010932922363
13,0.0001,1e-07,1e-14,25FV47,-inf,False,3,2303,2.460998296737671
13,0.0001,1e-07,1e-14,ADLITTLE,-225494.96316238047,True,0,144,0.0005838871002197
13,0.0001,1e-07,1e-14,AFIRO,464.7531428571428,True,0,30,0.0002050399780273
13,0.0001,1e-07,1e-14,AGG,36291233.286576286,True,0,609,0.0132899284362792
13,0.0001,1e-07,1e-14,AGG2,20239252.355977103,True,0,571,0.0066616535186767
13,0.0001,1e-07,1e-14,AGG3,-10312115.935089232,True,0,588,0.0097479820251464
13,0.0001,1e-07,1e-14,BANDM,158.6280184499312,True,0,1261,0.0510170459747314
13,0.0001,1e-07,1e-14,BEACONFD,-33592.48580719996,True,0,212,0.0025937557220458
13,0.0001,1e-07,1e-14,BLEND,30.81214984582823,True,0,161,0.0007610321044921
13,0.0001,1e-07,1e-14,BNL1,-1977.6295615241102,True,0,4659,2.693309545516968
13,0.0001,1e-07,1e-14,BNL2,-7058.577107619767,False,1,10000,63.5255229473114
13,0.0001,1e-07,1e-14,BRANDY,-1518.5098964881197,True,0,647,0.0105009078979492
13,0.0001,1e-07,1e-14,D2Q06C,-inf,False,1,10000,90.35590171813963
13,0.0001,1e-07,1e-14,DEGEN2,1435.1779999999806,True,0,3022,0.3025815486907959
13,0.0001,1e-07,1e-14,DEGEN3,-inf,False,1,10000,41.423550844192505
13,0.0001,1e-07,1e-14,E226,18.75192906621691,True,0,840,0.0201325416564941
13,0.0001,1e-07,1e-14,FFFFF800,-inf,False,2,1455,0.1338145732879638
13,0.0001,1e-07,1e-14,ISRAEL,896644.8218630381,True,0,913,0.017838716506958
13,0.0001,1e-07,1e-14,LOTFI,25.26470606188001,True,0,276,0.0024056434631347
13,0.0001,1e-07,1e-14,MAROS-R7,-1497185.1664796427,True,0,4317,55.80818176269531
13,0.0001,1e-07,1e-14,QAP12,-inf,False,1,10000,375.2049536705017
13,0.0001,1e-07,1e-14,QAP15,-inf,False,1,10000,1359.475144863129
13,0.0001,1e-07,1e-14,QAP8,-256.89585806075826,False,1,10000,18.49390459060669
13,0.0001,1e-07,1e-14,SC105,52.20206121170724,True,0,134,0.0010066032409667
13,0.0001,1e-07,1e-14,SC205,52.2020612117079,True,0,325,0.0069694519042968
13,0.0001,1e-07,1e-14,SC50A,64.57507705856449,True,0,59,0.0002734661102294
13,0.0001,1e-07,1e-14,SC50B,70.0,True,0,62,0.0002880096435546
13,0.0001,1e-07,1e-14,SCAGR25,14753433.04952144,True,0,1643,0.1593298912048339
13,0.0001,1e-07,1e-14,SCAGR7,2331389.8243309762,True,0,250,0.00191330909729
13,0.0001,1e-07,1e-14,SCFXM1,-18416.759028346125,True,0,896,0.0362308025360107
13,0.0001,1e-07,1e-14,SCFXM2,-36660.26156499932,True,0,1747,0.3348414897918701
13,0.0001,1e-07,1e-14,SCFXM3,-54901.254549742924,True,0,2510,2.0322859287261963
13,0.0001,1e-07,1e-14,SCORPION,-1875.8517318290155,True,0,466,0.0090119838714599
13,0.0001,1e-07,1e-14,SCRS8,-536.9613499483563,True,0,1437,0.1266093254089355
13,0.0001,1e-07,1e-14,SCSD1,-8.341051645408305,False,3,436,0.0061128139495849
13,0.0001,1e-07,1e-14,SCSD6,-50.500000078262325,True,0,809,0.0321357250213623
13,0.0001,1e-07,1e-14,SCSD8,-inf,False,3,1636,0.7843997478485107
13,0.0001,1e-07,1e-14,SCTAP1,-1412.2499999999982,True,0,875,0.0347809791564941
13,0.0001,1e-07,1e-14,SCTAP2,-inf,False,1,10000,25.336275815963745
13,0.0001,1e-07,1e-14,SCTAP3,-inf,False,3,249,0.1488912105560302
13,0.0001,1e-07,1e-14,SHARE1B,76589.31857918575,True,0,456,0.0037140846252441
13,0.0001,1e-07,1e-14,SHARE2B,415.732240741419,True,0,203,0.0010428428649902
13,0.0001,1e-07,1e-14,SHIP04L,-1793324.5379703536,True,0,775,0.0108077526092529
13,0.0001,1e-07,1e-14,SHIP04S,-1798714.7004453933,True,0,606,0.0068984031677246
13,0.0001,1e-07,1e-14,SHIP08L,-1909055.211389134,True,0,1518,0.0442690849304199
13,0.0001,1e-07,1e-14,SHIP08S,-1920098.2105346203,True,0,1215,0.0254685878753662
13,0.0001,1e-07,1e-14,SHIP12L,-1470187.919329265,True,0,2060,0.1052868366241455
13,0.0001,1e-07,1e-14,SHIP12S,-1489236.134406127,True,0,1569,0.0545542240142822
13,0.0001,1e-07,1e-14,STOCFOR1,41131.976219436154,True,0,260,0.0018620491027832
13,0.0001,1e-07,1e-14,STOCFOR2,39024.408537882206,True,0,4225,13.70011019706726
13,0.0001,1e-07,1e-14,STOCFOR3,-inf,False,1,10000,355.2950415611267
13,0.0001,1e-07,1e-14,TRUSS,-483206.8293941396,False,1,10000,65.50624108314514
13,0.0001,1e-07,1e-14,WOOD1P,-inf,False,3,125,0.0198686122894287
13,0.0001,1e-07,1e-14,WOODW,-inf,False,3,614,1.4730606079101562
14,0.0001,1e-07,1e-15,25FV47,-8104.690684770465,False,1,10000,15.134499073028564
14,0.0001,1e-07,1e-15,ADLITTLE,-225494.96316238047,True,0,144,0.0005693435668945
14,0.0001,1e-07,1e-15,AFIRO,464.7531428571428,True,0,30,0.000199556350708
14,0.0001,1e-07,1e-15,AGG,36291233.286576286,True,0,609,0.0131182670593261
14,0.0001,1e-07,1e-15,AGG2,20239252.355977103,True,0,572,0.0066885948181152
14,0.0001,1e-07,1e-15,AGG3,-10312115.935089232,True,0,588,0.0097138881683349
14,0.0001,1e-07,1e-15,BANDM,218.43989902587813,True,0,1866,0.0783827304840087
14,0.0001,1e-07,1e-15,BEACONFD,-33592.48580719996,True,0,212,0.0026404857635498
14,0.0001,1e-07,1e-15,BLEND,30.81214984582805,True,0,180,0.0008246898651123
14,0.0001,1e-07,1e-15,BNL1,-1977.6295615222102,True,0,4336,2.4706437587738037
14,0.0001,1e-07,1e-15,BNL2,-14709.029239367563,False,1,10000,63.64932346343994
14,0.0001,1e-07,1e-15,BRANDY,-1518.5098964880663,True,0,704,0.0116162300109863
14,0.0001,1e-07,1e-15,D2Q06C,-inf,False,3,2139,6.67801833152771
14,0.0001,1e-07,1e-15,DEGEN2,1435.1779999999912,True,0,2594,0.2555704116821289
14,0.0001,1e-07,1e-15,DEGEN3,-inf,False,1,10000,41.444939374923706
14,0.0001,1e-07,1e-15,E226,18.751929066345806,True,0,785,0.0186631679534912
14,0.0001,1e-07,1e-15,FFFFF800,-inf,False,2,1426,0.128657579421997
14,0.0001,1e-07,1e-15,ISRAEL,896644.8218630381,True,0,913,0.0177092552185058
14,0.0001,1e-07,1e-15,LOTFI,25.26470606188001,True,0,270,0.0023674964904785
14,0.0001,1e-07,1e-15,MAROS-R7,-1497185.1664796427,True,0,4317,56.16420531272888
14,0.0001,1e-07,1e-15,QAP12,-inf,False,1,10000,352.40215587615967
14,0.0001,1e-07,1e-15,QAP15,-inf,False,1,10000,1061.2152004241943
14,0.0001,1e-07,1e-15,QAP8,-inf,False,1,10000,18.900567531585693
14,0.0001,1e-07,1e-15,SC105,52.2020612117072,True,0,131,0.0010883808135986
14,0.0001,1e-07,1e-15,SC205,52.20206121167227,True,0,274,0.0056385993957519
14,0.0001,1e-07,1e-15,SC50A,64.57507705856449,True,0,59,0.0002834796905517
14,0.0001,1e-07,1e-15,SC50B,70.0,True,0,62,0.0002894401550292
14,0.0001,1e-07,1e-15,SCAGR25,-inf,False,2,1103,0.1025567054748535
14,0.0001,1e-07,1e-15,SCAGR7,2331389.8243310177,True,0,267,0.0020709037780761
14,0.0001,1e-07,1e-15,SCFXM1,-18416.759028350636,True,0,749,0.0276577472686767
14,0.0001,1e-07,1e-15,SCFXM2,-36660.261564998276,True,0,1562,0.250779390335083
14,0.0001,1e-07,1e-15,SCFXM3,-54901.25454972762,True,0,2428,1.922840595245361
14,0.0001,1e-07,1e-15,SCORPION,-1875.8517318290153,True,0,466,0.0095880031585693
14,0.0001,1e-07,1e-15,SCRS8,-391.6472105614773,True,0,1473,0.1375980377197265
14,0.0001,1e-07,1e-15,SCSD1,-8.666666674333507,True,0,439,0.005974531173706
14,0.0001,1e-07,1e-15,SCSD6,-50.50000007826234,True,0,630,0.0238058567047119
14,0.0001,1e-07,1e-15,SCSD8,-inf,False,3,1017,0.3672819137573242
14,0.0001,1e-07,1e-15,SCTAP1,-1412.2499999999889,True,0,810,0.0304701328277587
14,0.0001,1e-07,1e-15,SCTAP2,-inf,False,1,10000,26.38385653495789
14,0.0001,1e-07,1e-15,SCTAP3,-inf,False,3,589,0.9180943965911864
14,0.0001,1e-07,1e-15,SHARE1B,76589.31857918575,True,0,456,0.0037224292755126
14,0.0001,1e-07,1e-15,SHARE2B,415.7322407414188,True,0,210,0.0010318756103515
14,0.0001,1e-07,1e-15,SHIP04L,-1793324.5379703536,True,0,773,0.0104885101318359
14,0.0001,1e-07,1e-15,SHIP04S,-1798714.7004453936,True,0,608,0.0064873695373535
14,0.0001,1e-07,1e-15,SHIP08L,-1909055.2113891335,True,0,1514,0.0440917015075683
14,0.0001,1e-07,1e-15,SHIP08S,-1920098.2105346206,True,0,1214,0.0252037048339843
14,0.0001,1e-07,1e-15,SHIP12L,-1470187.919329265,True,0,2081,0.1078841686248779
14,0.0001,1e-07,1e-15,SHIP12S,-1489236.134406127,True,0,1568,0.0548937320709228
14,0.0001,1e-07,1e-15,STOCFOR1,41131.97621943676,True,0,268,0.0020198822021484
14,0.0001,1e-07,1e-15,STOCFOR2,39024.40853785458,True,0,4240,14.28173804283142
14,0.0001,1e-07,1e-15,STOCFOR3,-inf,False,1,10000,469.4191865921021
14,0.0001,1e-07,1e-15,TRUSS,-552458.925614366,False,1,10000,65.87405395507812
14,0.0001,1e-07,1e-15,WOOD1P,-inf,False,3,120,0.0183560848236084
14,0.0001,1e-07,1e-15,WOODW,-inf,False,3,474,0.9846935272216796
15,1e-05,1e-05,1e-11,25FV47,-9091.89177764894,False,1,10000,15.254060745239258
15,1e-05,1e-05,1e-11,ADLITTLE,-225494.96316238047,True,0,144,0.0005719661712646
15,1e-05,1e-05,1e-11,AFIRO,464.7531428571428,True,0,30,0.0002002716064453
15,1e-05,1e-05,1e-11,AGG,36291233.286576286,True,0,612,0.01318359375
15,1e-05,1e-05,1e-11,AGG2,20239252.355977103,True,0,571,0.0066432952880859
15,1e-05,1e-05,1e-11,AGG3,-10312115.935089232,True,0,588,0.0096254348754882
15,1e-05,1e-05,1e-11,BANDM,158.62801845002156,True,0,1253,0.0484647750854492
15,1e-05,1e-05,1e-11,BEACONFD,-33592.48580719998,True,0,210,0.0025618076324462
15,1e-05,1e-05,1e-11,BLEND,30.81214984582829,True,0,148,0.000690221786499
15,1e-05,1e-05,1e-11,BNL1,-1977.6295615231422,True,0,4356,2.4571146965026855
15,1e-05,1e-05,1e-11,BNL2,-inf,False,1,10000,63.79944896697998
15,1e-05,1e-05,1e-11,BRANDY,-1518.5098964874944,True,0,703,0.0123171806335449
15,1e-05,1e-05,1e-11,D2Q06C,-inf,False,1,10000,91.71427202224731
15,1e-05,1e-05,1e-11,DEGEN2,1436.4949999999983,True,0,2751,0.3077192306518554
15,1e-05,1e-05,1e-11,DEGEN3,-inf,False,1,10000,41.623356342315674
15,1e-05,1e-05,1e-11,E226,18.75192906637472,True,0,737,0.0175914764404296
15,1e-05,1e-05,1e-11,FFFFF800,-inf,False,2,1461,0.1526272296905517
15,1e-05,1e-05,1e-11,ISRAEL,896644.8218630484,True,0,950,0.0187983512878417
15,1e-05,1e-05,1e-11,LOTFI,25.264706061880013,True,0,264,0.0022320747375488
15,1e-05,1e-05,1e-11,MAROS-R7,-1497185.166479643,True,0,4315,56.12836480140686
15,1e-05,1e-05,1e-11,QAP12,-inf,False,1,10000,375.27230048179626
15,1e-05,1e-05,1e-11,QAP15,-inf,False,1,10000,1308.5867536067965
15,1e-05,1e-05,1e-11,QAP8,-inf,False,1,10000,18.388627767562863
15,1e-05,1e-05,1e-11,SC105,52.20206121170722,True,0,138,0.0012707710266113
15,1e-05,1e-05,1e-11,SC205,52.20206121182398,True,0,314,0.008080244064331
15,1e-05,1e-05,1e-11,SC50A,64.57507705856449,True,0,59,0.0003299713134765
15,1e-05,1e-05,1e-11,SC50B,70.0,True,0,62,0.0003514289855957
15,1e-05,1e-05,1e-11,SCAGR25,14753433.060785834,True,0,1646,0.1715991497039795
15,1e-05,1e-05,1e-11,SCAGR7,2331389.824330985,True,0,270,0.0022413730621337
15,1e-05,1e-05,1e-11,SCFXM1,-18416.75902841995,True,0,801,0.0315804481506347
15,1e-05,1e-05,1e-11,SCFXM2,-36660.26156500209,True,0,1629,0.344815731048584
15,1e-05,1e-05,1e-11,SCFXM3,-54901.25454975151,True,0,2499,2.05876088142395
15,1e-05,1e-05,1e-11,SCORPION,-1875.8517318290158,True,0,466,0.0088052749633789
15,1e-05,1e-05,1e-11,SCRS8,-449.41749452873216,True,0,1507,0.129669189453125
15,1e-05,1e-05,1e-11,SCSD1,-8.66666667433337,True,0,363,0.0050368309020996
15,1e-05,1e-05,1e-11,SCSD6,-50.500000078262346,True,0,663,0.0250260829925537
15,1e-05,1e-05,1e-11,SCSD8,-904.9999999254596,True,0,1998,0.9483590126037598
15,1e-05,1e-05,1e-11,SCTAP1,-1412.2500000000616,True,0,862,0.0350329875946044
15,1e-05,1e-05,1e-11,SCTAP2,-inf,False,3,686,0.7998757362365723
15,1e-05,1e-05,1e-11,SCTAP3,-1424.0000000005905,True,0,6978,27.662397146224976
15,1e-05,1e-05,1e-11,SHARE1B,76589.31857918575,True,0,456,0.0039186477661132
15,1e-05,1e-05,1e-11,SHARE2B,415.732240741419,True,0,204,0.0010511875152587
15,1e-05,1e-05,1e-11,SHIP04L,-1793324.5379703536,True,0,777,0.0119006633758544
15,1e-05,1e-05,1e-11,SHIP04S,-1798714.7004453933,True,0,606,0.0064344406127929
15,1e-05,1e-05,1e-11,SHIP08L,-1909055.211389134,True,0,1518,0.0464093685150146
15,1e-05,1e-05,1e-11,SHIP08S,-1920098.2105346203,True,0,1215,0.0256557464599609
15,1e-05,1e-05,1e-11,SHIP12L,-1470187.919329265,True,0,2060,0.1068360805511474
15,1e-05,1e-05,1e-11,SHIP12S,-1489236.134406127,True,0,1568,0.0558273792266845
15,1e-05,1e-05,1e-11,STOCFOR1,41131.976219436205,True,0,259,0.0019257068634033
15,1e-05,1e-05,1e-11,STOCFOR2,39024.408537882045,True,0,4273,14.105429887771606
15,1e-05,1e-05,1e-11,STOCFOR3,-inf,False,1,10000,341.280241727829
15,1e-05,1e-05,1e-11,TRUSS,-490193.67208101606,False,1,10000,65.293461561203
15,1e-05,1e-05,1e-11,WOOD1P,-inf,False,3,70,0.0108911991119384
15,1e-05,1e-05,1e-11,WOODW,-1.097431252412218,True,0,2482,12.39186429977417
16,1e-05,1e-05,1e-12,25FV47,-7610.933451797614,False,1,10000,15.115317106246948
16,1e-05,1e-05,1e-12,ADLITTLE,-225494.96316238047,True,0,144,0.0005700588226318
16,1e-05,1e-05,1e-12,AFIRO,464.7531428571428,True,0,30,0.0001990795135498
16,1e-05,1e-05,1e-12,AGG,36291233.286576286,True,0,610,0.0126821994781494
16,1e-05,1e-05,1e-12,AGG2,20239252.355977103,True,0,571,0.0065221786499023
16,1e-05,1e-05,1e-12,AGG3,-10312115.935089232,True,0,588,0.0095880031585693
16,1e-05,1e-05,1e-12,BANDM,158.62801845025237,True,0,1363,0.0538568496704101
16,1e-05,1e-05,1e-12,BEACONFD,-33592.48580719998,True,0,210,0.0025262832641601
16,1e-05,1e-05,1e-12,BLEND,30.81214984582829,True,0,148,0.000699758529663
16,1e-05,1e-05,1e-12,BNL1,-1977.6295615229444,True,0,3872,2.088853359222412
16,1e-05,1e-05,1e-12,BNL2,-13296.25560756109,False,1,10000,63.57957172393799
16,1e-05,1e-05,1e-12,BRANDY,-1518.5098964937695,True,0,951,0.017031192779541
16,1e-05,1e-05,1e-12,D2Q06C,-inf,False,1,10000,93.32681345939636
16,1e-05,1e-05,1e-12,DEGEN2,1436.4949999999976,True,0,3102,0.3293733596801758
16,1e-05,1e-05,1e-12,DEGEN3,-inf,False,1,10000,41.581788539886475
16,1e-05,1e-05,1e-12,E226,18.75192906637468,True,0,738,0.0171594619750976
16,1e-05,1e-05,1e-12,FFFFF800,-inf,False,2,1506,0.1579499244689941
16,1e-05,1e-05,1e-12,ISRAEL,896644.8218630381,True,0,913,0.0178885459899902
16,1e-05,1e-05,1e-12,LOTFI,25.264706061880016,True,0,266,0.002206802368164
16,1e-05,1e-05,1e-12,MAROS-R7,-1497185.166479643,True,0,4315,56.07803249359131
16,1e-05,1e-05,1e-12,QAP12,-inf,False,1,10000,385.5474565029144
16,1e-05,1e-05,1e-12,QAP15,-inf,False,1,10000,1340.0720267295835
16,1e-05,1e-05,1e-12,QAP8,-inf,False,1,10000,18.393588304519653
16,1e-05,1e-05,1e-12,SC105,52.20206121170722,True,0,138,0.0010592937469482
16,1e-05,1e-05,1e-12,SC205,52.202061211805145,True,0,304,0.0065491199493408
16,1e-05,1e-05,1e-12,SC50A,64.57507705856449,True,0,59,0.0002777576446533
16,1e-05,1e-05,1e-12,SC50B,70.0,True,0,62,0.0002923011779785
16,1e-05,1e-05,1e-12,SCAGR25,-inf,False,2,1281,0.1140646934509277
16,1e-05,1e-05,1e-12,SCAGR7,2331389.824330985,True,0,270,0.0021705627441406
16,1e-05,1e-05,1e-12,SCFXM1,-18416.75902841879,True,0,845,0.034067153930664
16,1e-05,1e-05,1e-12,SCFXM2,-36660.261565001405,True,0,1603,0.3206310272216797
16,1e-05,1e-05,1e-12,SCFXM3,-54901.25454975134,True,0,2481,1.8562722206115725
16,1e-05,1e-05,1e-12,SCORPION,-1875.8517318290158,True,0,466,0.009042739868164
16,1e-05,1e-05,1e-12,SCRS8,-531.119254753136,True,0,1537,0.1340694427490234
16,1e-05,1e-05,1e-12,SCSD1,-8.666666674333367,True,0,367,0.0050935745239257
16,1e-05,1e-05,1e-12,SCSD6,-50.500000078262346,True,0,663,0.0254418849945068
16,1e-05,1e-05,1e-12,SCSD8,-904.9999999254597,True,0,1963,0.9226360321044922
16,1e-05,1e-05,1e-12,SCTAP1,-1412.2500000000002,True,0,813,0.0320944786071777
16,1e-05,1e-05,1e-12,SCTAP2,-inf,False,1,10000,26.492668390274048
16,1e-05,1e-05,1e-12,SCTAP3,-inf,False,1,10000,47.172847270965576
16,1e-05,1e-05,1e-12,SHARE1B,76589.31857918575,True,0,456,0.0037763118743896
16,1e-05,1e-05,1e-12,SHARE2B,415.732240741419,True,0,204,0.0010368824005126
16,1e-05,1e-05,1e-12,SHIP04L,-1793324.5379703536,True,0,777,0.0117018222808837
16,1e-05,1e-05,1e-12,SHIP04S,-1798714.7004453933,True,0,606,0.0063896179199218
16,1e-05,1e-05,1e-12,SHIP08L,-1909055.211389134,True,0,1518,0.0462472438812255
16,1e-05,1e-05,1e-12,SHIP08S,-1920098.2105346203,True,0,1215,0.0256659984588623
16,1e-05,1e-05,1e-12,SHIP12L,-1470187.919329265,True,0,2060,0.1068537235260009
16,1e-05,1e-05,1e-12,SHIP12S,-1489236.134406127,True,0,1568,0.0555312633514404
16,1e-05,1e-05,1e-12,STOCFOR1,41131.976219436176,True,0,259,0.0019111633300781
16,1e-05,1e-05,1e-12,STOCFOR2,39024.40853788116,True,0,4272,14.092693090438845
16,1e-05,1e-05,1e-12,STOCFOR3,-inf,False,1,10000,344.9805884361267
16,1e-05,1e-05,1e-12,TRUSS,-528517.2109136587,False,1,10000,65.55851483345032
16,1e-05,1e-05,1e-12,WOOD1P,-inf,False,3,221,0.0304567813873291
16,1e-05,1e-05,1e-12,WOODW,-inf,False,3,1035,3.1609511375427246
17,1e-05,1e-05,1e-13,25FV47,-7736.1331505949765,False,1,10000,15.25759482383728
17,1e-05,1e-05,1e-13,ADLITTLE,-225494.96316238047,True,0,144,0.0007333755493164
17,1e-05,1e-05,1e-13,AFIRO,464.7531428571428,True,0,30,0.0002200603485107
17,1e-05,1e-05,1e-13,AGG,36291233.286576286,True,0,609,0.0136172771453857
17,1e-05,1e-05,1e-13,AGG2,20239252.355977103,True,0,571,0.0069618225097656
17,1e-05,1e-05,1e-13,AGG3,-10312115.935089232,True,0,588,0.0102415084838867
17,1e-05,1e-05,1e-13,BANDM,158.62801845024026,True,0,1333,0.0556626319885253
17,1e-05,1e-05,1e-13,BEACONFD,-33592.48580719998,True,0,210,0.0027768611907958
17,1e-05,1e-05,1e-13,BLEND,30.81214984582808,True,0,165,0.0008189678192138
17,1e-05,1e-05,1e-13,BNL1,-1977.6295615227593,True,0,4467,2.6155803203582764
17,1e-05,1e-05,1e-13,BNL2,-inf,False,1,10000,63.82149720191955
17,1e-05,1e-05,1e-13,BRANDY,-1518.509896485441,True,0,780,0.0133278369903564
17,1e-05,1e-05,1e-13,D2Q06C,-inf,False,1,10000,89.16450142860413
17,1e-05,1e-05,1e-13,DEGEN2,1435.1779999999994,True,0,2819,0.2918088436126709
17,1e-05,1e-05,1e-13,DEGEN3,-inf,False,1,10000,41.28202724456787
17,1e-05,1e-05,1e-13,E226,18.75192906637468,True,0,738,0.0179297924041748
17,1e-05,1e-05,1e-13,FFFFF800,-inf,False,2,1466,0.1516611576080322
17,1e-05,1e-05,1e-13,ISRAEL,896644.8218630381,True,0,913,0.0185325145721435
17,1e-05,1e-05,1e-13,LOTFI,25.26470606188001,True,0,277,0.0024681091308593
17,1e-05,1e-05,1e-13,MAROS-R7,-1497185.166479643,True,0,4315,55.84346127510071
17,1e-05,1e-05,1e-13,QAP12,-inf,False,1,10000,354.92954564094543
17,1e-05,1e-05,1e-13,QAP15,-inf,False,1,10000,1269.0657141208649
17,1e-05,1e-05,1e-13,QAP8,-inf,False,1,10000,18.49928116798401
17,1e-05,1e-05,1e-13,SC105,52.20206121170722,True,0,139,0.0011165142059326
17,1e-05,1e-05,1e-13,SC205,52.20206121170649,True,0,322,0.0073049068450927
17,1e-05,1e-05,1e-13,SC50A,64.57507705856449,True,0,59,0.0003001689910888
17,1e-05,1e-05,1e-13,SC50B,70.0,True,0,62,0.0003046989440917
17,1e-05,1e-05,1e-13,SCAGR25,14753433.063131807,True,0,1631,0.162783145904541
17,1e-05,1e-05,1e-13,SCAGR7,2331389.824330985,True,0,270,0.0022363662719726
17,1e-05,1e-05,1e-13,SCFXM1,-18416.759028417593,True,0,847,0.0348951816558837
17,1e-05,1e-05,1e-13,SCFXM2,-36660.261564997534,True,0,1603,0.2912952899932861
17,1e-05,1e-05,1e-13,SCFXM3,-54901.254549746605,True,0,2505,2.0668210983276367
17,1e-05,1e-05,1e-13,SCORPION,-1875.8517318290158,True,0,466,0.0089430809020996
17,1e-05,1e-05,1e-13,SCRS8,-449.41749452893407,True,0,1606,0.1688995361328125
17,1e-05,1e-05,1e-13,SCSD1,-8.66666667433336,True,0,385,0.0053763389587402
17,1e-05,1e-05,1e-13,SCSD6,-50.50000007826237,True,0,708,0.0274131298065185
17,1e-05,1e-05,1e-13,SCSD8,-904.999999925461,True,0,2070,1.0289552211761477
17,1e-05,1e-05,1e-13,SCTAP1,-1412.249999999997,True,0,797,0.031348705291748
17,1e-05,1e-05,1e-13,SCTAP2,-inf,False,3,1326,2.1053617000579834
17,1e-05,1e-05,1e-13,SCTAP3,-inf,False,1,10000,45.16426205635071
17,1e-05,1e-05,1e-13,SHARE1B,76589.31857918575,True,0,456,0.003753662109375
17,1e-05,1e-05,1e-13,SHARE2B,415.732240741419,True,0,204,0.0011007785797119
17,1e-05,1e-05,1e-13,SHIP04L,-1793324.5379703536,True,0,777,0.0115275382995605
17,1e-05,1e-05,1e-13,SHIP04S,-1798714.7004453933,True,0,606,0.0063104629516601
17,1e-05,1e-05,1e-13,SHIP08L,-1909055.211389134,True,0,1518,0.0456142425537109
17,1e-05,1e-05,1e-13,SHIP08S,-1920098.2105346203,True,0,1215,0.0254750251770019
17,1e-05,1e-05,1e-13,SHIP12L,-1470187.919329265,True,0,2060,0.1059496402740478
17,1e-05,1e-05,1e-13,SHIP12S,-1489236.134406127,True,0,1568,0.0551450252532959
17,1e-05,1e-05,1e-13,STOCFOR1,41131.97621943616,True,0,259,0.0018322467803955
17,1e-05,1e-05,1e-13,STOCFOR2,39024.40853788207,True,0,4250,13.890695095062256
17,1e-05,1e-05,1e-13,STOCFOR3,-inf,False,1,10000,344.35321712493896
17,1e-05,1e-05,1e-13,TRUSS,-511910.6864898863,False,1,10000,64.85055255889893
17,1e-05,1e-05,1e-13,WOOD1P,-inf,False,3,263,0.0376577377319335
17,1e-05,1e-05,1e-13,WOODW,-inf,False,1,10000,60.25754165649414
18,1e-05,1e-05,1e-14,25FV47,-9293.842122505854,False,1,10000,15.2437641620636
18,1e-05,1e-05,1e-14,ADLITTLE,-225494.96316238047,True,0,144,0.0005795955657958
18,1e-05,1e-05,1e-14,AFIRO,464.7531428571428,True,0,30,0.0002017021179199
18,1e-05,1e-05,1e-14,AGG,36291233.286576286,True,0,609,0.0127527713775634
18,1e-05,1e-05,1e-14,AGG2,20239252.355977103,True,0,571,0.0065267086029052
18,1e-05,1e-05,1e-14,AGG3,-10312115.935089232,True,0,588,0.0096120834350585
18,1e-05,1e-05,1e-14,BANDM,158.6280184499312,True,0,1261,0.0501189231872558
18,1e-05,1e-05,1e-14,BEACONFD,-33592.48580719996,True,0,212,0.0027439594268798
18,1e-05,1e-05,1e-14,BLEND,30.81214984582823,True,0,161,0.0007550716400146
18,1e-05,1e-05,1e-14,BNL1,-1977.6295615241413,True,0,4656,2.6802778244018555
18,1e-05,1e-05,1e-14,BNL2,-7058.577107619767,False,1,10000,63.49910092353821
18,1e-05,1e-05,1e-14,BRANDY,-1518.5098964881197,True,0,647,0.0105054378509521
18,1e-05,1e-05,1e-14,D2Q06C,-inf,False,1,10000,91.46426653862
18,1e-05,1e-05,1e-14,DEGEN2,1435.1779999999806,True,0,3022,0.3267314434051513
18,1e-05,1e-05,1e-14,DEGEN3,-inf,False,1,10000,41.36813306808472
18,1e-05,1e-05,1e-14,E226,18.75192906621691,True,0,840,0.0209853649139404
18,1e-05,1e-05,1e-14,FFFFF800,-inf,False,2,1465,0.1373517513275146
18,1e-05,1e-05,1e-14,ISRAEL,896644.8218630381,True,0,913,0.0183682441711425
18,1e-05,1e-05,1e-14,LOTFI,25.26470606188001,True,0,277,0.0024645328521728
18,1e-05,1e-05,1e-14,MAROS-R7,-1497185.166479643,True,0,4315,56.09485197067261
18,1e-05,1e-05,1e-14,QAP12,-inf,False,1,10000,372.1675808429718
18,1e-05,1e-05,1e-14,QAP15,-inf,False,1,10000,1353.0706441402435
18,1e-05,1e-05,1e-14,QAP8,-256.89585806075826,False,1,10000,18.500661611557007
18,1e-05,1e-05,1e-14,SC105,52.20206121170724,True,0,134,0.0010368824005126
18,1e-05,1e-05,1e-14,SC205,52.2020612117079,True,0,325,0.0069427490234375
18,1e-05,1e-05,1e-14,SC50A,64.57507705856449,True,0,59,0.0002887248992919
18,1e-05,1e-05,1e-14,SC50B,70.0,True,0,62,0.0002930164337158
18,1e-05,1e-05,1e-14,SCAGR25,14753433.064155417,True,0,1763,0.1753909587860107
18,1e-05,1e-05,1e-14,SCAGR7,2331389.8243309762,True,0,250,0.0019268989562988
18,1e-05,1e-05,1e-14,SCFXM1,-18416.759028346125,True,0,896,0.036205768585205
18,1e-05,1e-05,1e-14,SCFXM2,-36660.26156499932,True,0,1747,0.3349242210388183
18,1e-05,1e-05,1e-14,SCFXM3,-54901.254549742924,True,0,2510,2.030407428741455
18,1e-05,1e-05,1e-14,SCORPION,-1875.8517318290155,True,0,466,0.0088081359863281
18,1e-05,1e-05,1e-14,SCRS8,-536.9613499483563,True,0,1437,0.1263983249664306
18,1e-05,1e-05,1e-14,SCSD1,-8.666666674333365,True,0,512,0.0070540904998779
18,1e-05,1e-05,1e-14,SCSD6,-50.500000078262325,True,0,809,0.031977891921997
18,1e-05,1e-05,1e-14,SCSD8,-904.9999999254622,True,0,1717,0.7747774124145508
18,1e-05,1e-05,1e-14,SCTAP1,-1412.2499999999982,True,0,875,0.0353772640228271
18,1e-05,1e-05,1e-14,SCTAP2,-inf,False,1,10000,25.962579488754272
18,1e-05,1e-05,1e-14,SCTAP3,-inf,False,3,1037,2.518348455429077
18,1e-05,1e-05,1e-14,SHARE1B,76589.31857918575,True,0,456,0.0037736892700195
18,1e-05,1e-05,1e-14,SHARE2B,415.732240741419,True,0,203,0.0010244846343994
18,1e-05,1e-05,1e-14,SHIP04L,-1793324.5379703536,True,0,775,0.0114500522613525
18,1e-05,1e-05,1e-14,SHIP04S,-1798714.7004453933,True,0,606,0.0063912868499755
18,1e-05,1e-05,1e-14,SHIP08L,-1909055.211389134,True,0,1518,0.0460965633392334
18,1e-05,1e-05,1e-14,SHIP08S,-1920098.2105346203,True,0,1215,0.025541067123413
18,1e-05,1e-05,1e-14,SHIP12L,-1470187.919329265,True,0,2060,0.1069543361663818
18,1e-05,1e-05,1e-14,SHIP12S,-1489236.134406127,True,0,1569,0.055819034576416
18,1e-05,1e-05,1e-14,STOCFOR1,41131.976219436154,True,0,260,0.0019021034240722
18,1e-05,1e-05,1e-14,STOCFOR2,39024.408537882206,True,0,4225,13.748901844024658
18,1e-05,1e-05,1e-14,STOCFOR3,-inf,False,1,10000,356.99998569488525
18,1e-05,1e-05,1e-14,TRUSS,-483206.8293941396,False,1,10000,65.46863079071045
18,1e-05,1e-05,1e-14,WOOD1P,-inf,False,3,1619,0.190495491027832
18,1e-05,1e-05,1e-14,WOODW,-inf,False,3,510,1.0689465999603271
19,1e-05,1e-05,1e-15,25FV47,-8104.690684770465,False,1,10000,15.206575393676758
19,1e-05,1e-05,1e-15,ADLITTLE,-225494.96316238047,True,0,144,0.0006024837493896
19,1e-05,1e-05,1e-15,AFIRO,464.7531428571428,True,0,30,0.00020432472229
19,1e-05,1e-05,1e-15,AGG,36291233.286576286,True,0,609,0.013016939163208
19,1e-05,1e-05,1e-15,AGG2,20239252.355977103,True,0,572,0.0066657066345214
19,1e-05,1e-05,1e-15,AGG3,-10312115.935089232,True,0,588,0.0096421241760253
19,1e-05,1e-05,1e-15,BANDM,158.6280183873048,True,0,1459,0.0577104091644287
19,1e-05,1e-05,1e-15,BEACONFD,-33592.48580719996,True,0,212,0.0025696754455566
19,1e-05,1e-05,1e-15,BLEND,30.81214984582805,True,0,180,0.0008285045623779
19,1e-05,1e-05,1e-15,BNL1,-1977.629561522581,True,0,4341,2.474853038787842
19,1e-05,1e-05,1e-15,BNL2,-14709.029239367563,False,1,10000,63.59165930747986
19,1e-05,1e-05,1e-15,BRANDY,-1518.5098964880663,True,0,704,0.011523962020874
19,1e-05,1e-05,1e-15,D2Q06C,-inf,False,1,10000,91.40616226196288
19,1e-05,1e-05,1e-15,DEGEN2,1435.1779999999912,True,0,2594,0.2775499820709228
19,1e-05,1e-05,1e-15,DEGEN3,-inf,False,1,10000,41.392117500305176
19,1e-05,1e-05,1e-15,E226,18.751929066345806,True,0,785,0.018665075302124
19,1e-05,1e-05,1e-15,FFFFF800,-inf,False,2,1449,0.1349468231201172
19,1e-05,1e-05,1e-15,ISRAEL,896644.8218630381,True,0,913,0.0177516937255859
19,1e-05,1e-05,1e-15,LOTFI,25.26470606188001,True,0,271,0.0023000240325927
19,1e-05,1e-05,1e-15,MAROS-R7,-1497185.166479643,True,0,4315,56.05769085884094
19,1e-05,1e-05,1e-15,QAP12,-inf,False,1,10000,362.1466088294983
19,1e-05,1e-05,1e-15,QAP15,-inf,False,1,10000,1184.0181694030762
19,1e-05,1e-05,1e-15,QAP8,-inf,False,1,10000,18.844321966171265
19,1e-05,1e-05,1e-15,SC105,52.2020612117072,True,0,131,0.0009975433349609
19,1e-05,1e-05,1e-15,SC205,52.20206121167227,True,0,274,0.0056109428405761
19,1e-05,1e-05,1e-15,SC50A,64.57507705856449,True,0,59,0.0002777576446533
19,1e-05,1e-05,1e-15,SC50B,70.0,True,0,62,0.0002927780151367
19,1e-05,1e-05,1e-15,SCAGR25,66579053.7158208,False,3,1646,0.1690208911895752
19,1e-05,1e-05,1e-15,SCAGR7,2331389.8243310177,True,0,267,0.0020396709442138
19,1e-05,1e-05,1e-15,SCFXM1,-18416.759028350636,True,0,749,0.0276103019714355
19,1e-05,1e-05,1e-15,SCFXM2,-36660.261564998276,True,0,1562,0.2618963718414306
19,1e-05,1e-05,1e-15,SCFXM3,-54901.25454972762,True,0,2428,1.9102706909179688
19,1e-05,1e-05,1e-15,SCORPION,-1875.8517318290153,True,0,466,0.0089433193206787
19,1e-05,1e-05,1e-15,SCRS8,-391.6472105614773,True,0,1473,0.1403312683105468
19,1e-05,1e-05,1e-15,SCSD1,-8.666666674333507,True,0,439,0.0059795379638671
19,1e-05,1e-05,1e-15,SCSD6,-50.50000007826234,True,0,630,0.023381233215332
19,1e-05,1e-05,1e-15,SCSD8,-904.9999999254507,True,0,1598,0.7027850151062012
19,1e-05,1e-05,1e-15,SCTAP1,-1412.2499999999889,True,0,810,0.0302519798278808
19,1e-05,1e-05,1e-15,SCTAP2,-inf,False,1,10000,26.22816276550293
19,1e-05,1e-05,1e-15,SCTAP3,-inf,False,1,10000,49.00923681259155
19,1e-05,1e-05,1e-15,SHARE1B,76589.31857918575,True,0,456,0.0037384033203125
19,1e-05,1e-05,1e-15,SHARE2B,415.7322407414188,True,0,210,0.0010356903076171
19,1e-05,1e-05,1e-15,SHIP04L,-1793324.5379703536,True,0,773,0.0111544132232666
19,1e-05,1e-05,1e-15,SHIP04S,-1798714.7004453936,True,0,608,0.0071582794189453
19,1e-05,1e-05,1e-15,SHIP08L,-1909055.2113891335,True,0,1514,0.0467245578765869
19,1e-05,1e-05,1e-15,SHIP08S,-1920098.2105346206,True,0,1214,0.0252554416656494
19,1e-05,1e-05,1e-15,SHIP12L,-1470187.919329265,True,0,2081,0.1071195602416992
19,1e-05,1e-05,1e-15,SHIP12S,-1489236.134406127,True,0,1568,0.0544400215148925
19,1e-05,1e-05,1e-15,STOCFOR1,41131.97621943676,True,0,268,0.0020027160644531
19,1e-05,1e-05,1e-15,STOCFOR2,39024.40853785458,True,0,4240,14.003287076950071
19,1e-05,1e-05,1e-15,STOCFOR3,-inf,False,1,10000,441.1921186447144
19,1e-05,1e-05,1e-15,TRUSS,-552458.925614366,False,1,10000,65.93250250816345
19,1e-05,1e-05,1e-15,WOOD1P,-inf,False,3,878,0.1015889644622802
19,1e-05,1e-05,1e-15,WOODW,-1.0974312524155225,True,0,2591,12.962945938110352
20,1e-05,1e-06,1e-11,25FV47,-9091.89177764894,False,1,10000,15.15489387512207
20,1e-05,1e-06,1e-11,ADLITTLE,-225494.96316238047,True,0,144,0.0005750656127929
20,1e-05,1e-06,1e-11,AFIRO,464.7531428571428,True,0,30,0.0002033710479736
20,1e-05,1e-06,1e-11,AGG,36291233.286576286,True,0,612,0.013200044631958
20,1e-05,1e-06,1e-11,AGG2,20239252.355977103,True,0,571,0.0066926479339599
20,1e-05,1e-06,1e-11,AGG3,-10312115.935089232,True,0,588,0.0096728801727294
20,1e-05,1e-06,1e-11,BANDM,158.62801845002156,True,0,1253,0.0487477779388427
20,1e-05,1e-06,1e-11,BEACONFD,-33592.48580719998,True,0,210,0.0025882720947265
20,1e-05,1e-06,1e-11,BLEND,30.81214984582829,True,0,148,0.0007057189941406
20,1e-05,1e-06,1e-11,BNL1,-1977.6295615231422,True,0,4356,2.4600563049316406
20,1e-05,1e-06,1e-11,BNL2,-inf,False,1,10000,63.714285373687744
20,1e-05,1e-06,1e-11,BRANDY,-inf,False,3,146,0.0028543472290039
20,1e-05,1e-06,1e-11,D2Q06C,-inf,False,1,10000,91.93120956420898
20,1e-05,1e-06,1e-11,DEGEN2,1436.4949999999983,True,0,2751,0.2884502410888672
20,1e-05,1e-06,1e-11,DEGEN3,-inf,False,1,10000,41.35941696166992
20,1e-05,1e-06,1e-11,E226,18.75192906637472,True,0,737,0.0171670913696289
20,1e-05,1e-06,1e-11,FFFFF800,-inf,False,2,1461,0.1534755229949951
20,1e-05,1e-06,1e-11,ISRAEL,896644.8218630484,True,0,950,0.0185072422027587
20,1e-05,1e-06,1e-11,LOTFI,25.264706061880013,True,0,264,0.0022015571594238
20,1e-05,1e-06,1e-11,MAROS-R7,-1497185.1664796427,True,0,4317,55.87136220932007
20,1e-05,1e-06,1e-11,QAP12,-inf,False,1,10000,373.5225872993469
20,1e-05,1e-06,1e-11,QAP15,-inf,False,1,10000,1337.0570986270905
20,1e-05,1e-06,1e-11,QAP8,-inf,False,1,10000,18.31563448905945
20,1e-05,1e-06,1e-11,SC105,52.20206121170722,True,0,138,0.0010581016540527
20,1e-05,1e-06,1e-11,SC205,52.20206121182398,True,0,314,0.0067677497863769
20,1e-05,1e-06,1e-11,SC50A,64.57507705856449,True,0,59,0.0002803802490234
20,1e-05,1e-06,1e-11,SC50B,70.0,True,0,62,0.0002932548522949
20,1e-05,1e-06,1e-11,SCAGR25,14753433.060785834,True,0,1646,0.1600732803344726
20,1e-05,1e-06,1e-11,SCAGR7,2331389.824330985,True,0,270,0.0021729469299316
20,1e-05,1e-06,1e-11,SCFXM1,-18416.75902841995,True,0,801,0.0309491157531738
20,1e-05,1e-06,1e-11,SCFXM2,-36660.26156500209,True,0,1629,0.353173017501831
20,1e-05,1e-06,1e-11,SCFXM3,-54901.25454975151,True,0,2499,2.0557172298431396
20,1e-05,1e-06,1e-11,SCORPION,-1875.8517318290158,True,0,466,0.0088143348693847
20,1e-05,1e-06,1e-11,SCRS8,-449.41749452873216,True,0,1507,0.1393563747406005
20,1e-05,1e-06,1e-11,SCSD1,-8.66666667433337,True,0,363,0.005181074142456
20,1e-05,1e-06,1e-11,SCSD6,-50.500000078262346,True,0,663,0.0253114700317382
20,1e-05,1e-06,1e-11,SCSD8,-904.9999999254596,True,0,1998,0.9376699924468994
20,1e-05,1e-06,1e-11,SCTAP1,-1412.2500000000616,True,0,862,0.0353436470031738
20,1e-05,1e-06,1e-11,SCTAP2,-inf,False,3,1280,2.1738433837890625
20,1e-05,1e-06,1e-11,SCTAP3,-inf,False,3,1122,2.592332601547241
20,1e-05,1e-06,1e-11,SHARE1B,76589.31857918575,True,0,456,0.0037586688995361
20,1e-05,1e-06,1e-11,SHARE2B,415.732240741419,True,0,204,0.0010337829589843
20,1e-05,1e-06,1e-11,SHIP04L,-1793324.5379703536,True,0,777,0.0111217498779296
20,1e-05,1e-06,1e-11,SHIP04S,-1798714.7004453933,True,0,606,0.0064723491668701
20,1e-05,1e-06,1e-11,SHIP08L,-1909055.211389134,True,0,1518,0.0444502830505371
20,1e-05,1e-06,1e-11,SHIP08S,-1920098.2105346203,True,0,1215,0.0255608558654785
20,1e-05,1e-06,1e-11,SHIP12L,-1470187.919329265,True,0,2060,0.1057260036468505
20,1e-05,1e-06,1e-11,SHIP12S,-1489236.134406127,True,0,1568,0.054642915725708
20,1e-05,1e-06,1e-11,STOCFOR1,41131.976219436205,True,0,259,0.0019223690032958
20,1e-05,1e-06,1e-11,STOCFOR2,39024.408537882045,True,0,4273,14.062306880950928
20,1e-05,1e-06,1e-11,STOCFOR3,-inf,False,1,10000,342.00692796707153
20,1e-05,1e-06,1e-11,TRUSS,-490193.67208101606,False,1,10000,65.10339951515198
20,1e-05,1e-06,1e-11,WOOD1P,-inf,False,3,68,0.0107204914093017
20,1e-05,1e-06,1e-11,WOODW,-1.0974312524129746,True,0,2571,12.70340347290039
21,1e-05,1e-06,1e-12,25FV47,-7724.2208835559595,False,1,10000,15.085752725601196
21,1e-05,1e-06,1e-12,ADLITTLE,-225494.96316238047,True,0,144,0.0006124973297119
21,1e-05,1e-06,1e-12,AFIRO,464.7531428571428,True,0,30,0.0002186298370361
21,1e-05,1e-06,1e-12,AGG,36291233.286576286,True,0,610,0.0137014389038085
21,1e-05,1e-06,1e-12,AGG2,20239252.355977103,True,0,571,0.0068974494934082
21,1e-05,1e-06,1e-12,AGG3,-10312115.935089232,True,0,588,0.010007619857788
21,1e-05,1e-06,1e-12,BANDM,158.62801845025237,True,0,1363,0.0543923377990722
21,1e-05,1e-06,1e-12,BEACONFD,-33592.48580719998,True,0,210,0.0025713443756103
21,1e-05,1e-06,1e-12,BLEND,30.81214984582829,True,0,148,0.0007150173187255
21,1e-05,1e-06,1e-12,BNL1,-1977.6295615229444,True,0,3872,2.0922889709472656
21,1e-05,1e-06,1e-12,BNL2,-13296.25560756109,False,1,10000,63.6068971157074
21,1e-05,1e-06,1e-12,BRANDY,-1518.5098964937695,True,0,951,0.0166466236114501
21,1e-05,1e-06,1e-12,D2Q06C,-inf,False,1,10000,92.19128942489624
21,1e-05,1e-06,1e-12,DEGEN2,1436.4949999999976,True,0,3102,0.3223302364349365
21,1e-05,1e-06,1e-12,DEGEN3,-inf,False,1,10000,41.47065734863281
21,1e-05,1e-06,1e-12,E226,18.75192906637468,True,0,738,0.0171258449554443
21,1e-05,1e-06,1e-12,FFFFF800,-inf,False,2,1506,0.1623570919036865
21,1e-05,1e-06,1e-12,ISRAEL,896644.8218630381,True,0,913,0.0177347660064697
21,1e-05,1e-06,1e-12,LOTFI,25.264706061880016,True,0,266,0.0022189617156982
21,1e-05,1e-06,1e-12,MAROS-R7,-1497185.1664796427,True,0,4317,55.86293911933899
21,1e-05,1e-06,1e-12,QAP12,-inf,False,1,10000,381.44440960884094
21,1e-05,1e-06,1e-12,QAP15,-inf,False,1,10000,1335.913863658905
21,1e-05,1e-06,1e-12,QAP8,-inf,False,1,10000,18.372379302978516
21,1e-05,1e-06,1e-12,SC105,52.20206121170722,True,0,138,0.0010638236999511
21,1e-05,1e-06,1e-12,SC205,52.202061211805145,True,0,304,0.0065419673919677
21,1e-05,1e-06,1e-12,SC50A,64.57507705856449,True,0,59,0.0003595352172851
21,1e-05,1e-06,1e-12,SC50B,70.0,True,0,62,0.0002994537353515
21,1e-05,1e-06,1e-12,SCAGR25,14753432.178237759,True,0,1540,0.146254301071167
21,1e-05,1e-06,1e-12,SCAGR7,2331389.824330985,True,0,270,0.00215744972229
21,1e-05,1e-06,1e-12,SCFXM1,-18416.75902841879,True,0,845,0.0338578224182128
21,1e-05,1e-06,1e-12,SCFXM2,-36660.261565001405,True,0,1603,0.3320765495300293
21,1e-05,1e-06,1e-12,SCFXM3,-54901.25454975134,True,0,2481,1.8428611755371096
21,1e-05,1e-06,1e-12,SCORPION,-1875.8517318290158,True,0,466,0.008812665939331
21,1e-05,1e-06,1e-12,SCRS8,-531.119254753136,True,0,1537,0.141556978225708
21,1e-05,1e-06,1e-12,SCSD1,-8.666666674333367,True,0,367,0.0050795078277587
21,1e-05,1e-06,1e-12,SCSD6,-50.500000078262346,True,0,663,0.0252068042755126
21,1e-05,1e-06,1e-12,SCSD8,-904.9999999254597,True,0,1963,0.9164152145385742
21,1e-05,1e-06,1e-12,SCTAP1,-1412.2500000000002,True,0,813,0.0324265956878662
21,1e-05,1e-06,1e-12,SCTAP2,-inf,False,3,784,1.0270118713378906
21,1e-05,1e-06,1e-12,SCTAP3,-inf,False,3,820,1.6070797443389893
21,1e-05,1e-06,1e-12,SHARE1B,76589.31857918575,True,0,456,0.003746747970581
21,1e-05,1e-06,1e-12,SHARE2B,415.732240741419,True,0,204,0.0010333061218261
21,1e-05,1e-06,1e-12,SHIP04L,-1793324.5379703536,True,0,777,0.0117263793945312
21,1e-05,1e-06,1e-12,SHIP04S,-1798714.7004453933,True,0,606,0.0064430236816406
21,1e-05,1e-06,1e-12,SHIP08L,-1909055.211389134,True,0,1518,0.0443830490112304
21,1e-05,1e-06,1e-12,SHIP08S,-1920098.2105346203,True,0,1215,0.0256619453430175
21,1e-05,1e-06,1e-12,SHIP12L,-1470187.919329265,True,0,2060,0.105353832244873
21,1e-05,1e-06,1e-12,SHIP12S,-1489236.134406127,True,0,1568,0.0545217990875244
21,1e-05,1e-06,1e-12,STOCFOR1,41131.976219436176,True,0,259,0.0018625259399414
21,1e-05,1e-06,1e-12,STOCFOR2,39024.40853788116,True,0,4272,14.095381736755373
21,1e-05,1e-06,1e-12,STOCFOR3,-inf,False,1,10000,344.2509825229645
21,1e-05,1e-06,1e-12,TRUSS,-528517.2109136587,False,1,10000,65.69647526741028
21,1e-05,1e-06,1e-12,WOOD1P,-inf,False,3,200,0.0284833908081054
21,1e-05,1e-06,1e-12,WOODW,-inf,False,3,426,0.8202857971191406
22,1e-05,1e-06,1e-13,25FV47,-8618.378814231652,False,1,10000,15.193972110748293
22,1e-05,1e-06,1e-13,ADLITTLE,-225494.96316238047,True,0,144,0.0005781650543212
22,1e-05,1e-06,1e-13,AFIRO,464.7531428571428,True,0,30,0.0002069473266601
22,1e-05,1e-06,1e-13,AGG,36291233.286576286,True,0,609,0.0131604671478271
22,1e-05,1e-06,1e-13,AGG2,20239252.355977103,True,0,571,0.0067367553710937
22,1e-05,1e-06,1e-13,AGG3,-10312115.935089232,True,0,588,0.0097177028656005
22,1e-05,1e-06,1e-13,BANDM,158.62801845024026,True,0,1333,0.0527403354644775
22,1e-05,1e-06,1e-13,BEACONFD,-33592.48580719998,True,0,210,0.002568244934082
22,1e-05,1e-06,1e-13,BLEND,30.81214984582808,True,0,165,0.0007674694061279
22,1e-05,1e-06,1e-13,BNL1,-1977.6295615227593,True,0,4467,2.6363754272460938
22,1e-05,1e-06,1e-13,BNL2,-inf,False,1,10000,63.91459679603577
22,1e-05,1e-06,1e-13,BRANDY,-1518.509896485441,True,0,780,0.0134074687957763
22,1e-05,1e-06,1e-13,D2Q06C,-inf,False,1,10000,89.45921993255615
22,1e-05,1e-06,1e-13,DEGEN2,1435.1779999999994,True,0,2819,0.3023333549499511
22,1e-05,1e-06,1e-13,DEGEN3,-inf,False,1,10000,41.19239521026611
22,1e-05,1e-06,1e-13,E226,18.75192906637468,True,0,738,0.0173590183258056
22,1e-05,1e-06,1e-13,FFFFF800,-inf,False,2,1466,0.1494207382202148
22,1e-05,1e-06,1e-13,ISRAEL,896644.8218630381,True,0,913,0.0176334381103515
22,1e-05,1e-06,1e-13,LOTFI,25.26470606188001,True,0,277,0.0023856163024902
22,1e-05,1e-06,1e-13,MAROS-R7,-1497185.1664796427,True,0,4317,55.99525833129883
22,1e-05,1e-06,1e-13,QAP12,-inf,False,1,10000,351.2210268974304
22,1e-05,1e-06,1e-13,QAP15,-inf,False,1,10000,1258.9810917377472
22,1e-05,1e-06,1e-13,QAP8,-inf,False,1,10000,18.460155963897705
22,1e-05,1e-06,1e-13,SC105,52.20206121170722,True,0,139,0.0011072158813476
22,1e-05,1e-06,1e-13,SC205,52.20206121170649,True,0,322,0.0069308280944824
22,1e-05,1e-06,1e-13,SC50A,64.57507705856449,True,0,59,0.0002882480621337
22,1e-05,1e-06,1e-13,SC50B,70.0,True,0,62,0.0002954006195068
22,1e-05,1e-06,1e-13,SCAGR25,14753433.06344632,True,0,1689,0.1644835472106933
22,1e-05,1e-06,1e-13,SCAGR7,2331389.824330985,True,0,270,0.0021610260009765
22,1e-05,1e-06,1e-13,SCFXM1,-18416.759028417593,True,0,847,0.0339505672454834
22,1e-05,1e-06,1e-13,SCFXM2,-36660.261564997534,True,0,1603,0.3002781867980957
22,1e-05,1e-06,1e-13,SCFXM3,-54901.254549747006,True,0,2491,2.031914234161377
22,1e-05,1e-06,1e-13,SCORPION,-1875.8517318290158,True,0,466,0.0090501308441162
22,1e-05,1e-06,1e-13,SCRS8,-449.41749452893407,True,0,1606,0.182565689086914
22,1e-05,1e-06,1e-13,SCSD1,-8.66666667433336,True,0,385,0.0054233074188232
22,1e-05,1e-06,1e-13,SCSD6,-50.50000007826237,True,0,708,0.0275173187255859
22,1e-05,1e-06,1e-13,SCSD8,-904.999999925461,True,0,2070,1.0091371536254885
22,1e-05,1e-06,1e-13,SCTAP1,-1412.249999999997,True,0,797,0.0334398746490478
22,1e-05,1e-06,1e-13,SCTAP2,-inf,False,1,10000,27.610974550247192
22,1e-05,1e-06,1e-13,SCTAP3,-inf,False,1,10000,47.315181732177734
22,1e-05,1e-06,1e-13,SHARE1B,76589.31857918575,True,0,456,0.0038509368896484
22,1e-05,1e-06,1e-13,SHARE2B,415.732240741419,True,0,204,0.0010530948638916
22,1e-05,1e-06,1e-13,SHIP04L,-1793324.5379703536,True,0,777,0.0119132995605468
22,1e-05,1e-06,1e-13,SHIP04S,-1798714.7004453933,True,0,606,0.0065474510192871
22,1e-05,1e-06,1e-13,SHIP08L,-1909055.211389134,True,0,1518,0.0474834442138671
22,1e-05,1e-06,1e-13,SHIP08S,-1920098.2105346203,True,0,1215,0.0259153842926025
22,1e-05,1e-06,1e-13,SHIP12L,-1470187.919329265,True,0,2060,0.1079177856445312
22,1e-05,1e-06,1e-13,SHIP12S,-1489236.134406127,True,0,1568,0.0561041831970214
22,1e-05,1e-06,1e-13,STOCFOR1,41131.97621943616,True,0,259,0.0019171237945556
22,1e-05,1e-06,1e-13,STOCFOR2,39024.40853788207,True,0,4250,13.933840274810793
22,1e-05,1e-06,1e-13,STOCFOR3,-inf,False,1,10000,343.08551049232483
22,1e-05,1e-06,1e-13,TRUSS,-511910.6864898863,False,1,10000,64.86838912963867
22,1e-05,1e-06,1e-13,WOOD1P,-inf,False,3,323,0.0523476600646972
22,1e-05,1e-06,1e-13,WOODW,-inf,False,3,760,1.958646774291992
23,1e-05,1e-06,1e-14,25FV47,-7517.238775092248,False,1,10000,15.162149429321287
23,1e-05,1e-06,1e-14,ADLITTLE,-225494.96316238047,True,0,144,0.0005831718444824
23,1e-05,1e-06,1e-14,AFIRO,464.7531428571428,True,0,30,0.0002098083496093
23,1e-05,1e-06,1e-14,AGG,36291233.286576286,True,0,609,0.0130953788757324
23,1e-05,1e-06,1e-14,AGG2,20239252.355977103,True,0,571,0.0067384243011474
23,1e-05,1e-06,1e-14,AGG3,-10312115.935089232,True,0,588,0.0097265243530273
23,1e-05,1e-06,1e-14,BANDM,158.6280184499312,True,0,1261,0.0505857467651367
23,1e-05,1e-06,1e-14,BEACONFD,-33592.48580719996,True,0,212,0.0026907920837402
23,1e-05,1e-06,1e-14,BLEND,30.81214984582823,True,0,161,0.0007557868957519
23,1e-05,1e-06,1e-14,BNL1,-1977.6295615241102,True,0,4659,2.680185556411743
23,1e-05,1e-06,1e-14,BNL2,-7058.577107619767,False,1,10000,63.65995812416077
23,1e-05,1e-06,1e-14,BRANDY,-1518.5098964881197,True,0,647,0.0104904174804687
23,1e-05,1e-06,1e-14,D2Q06C,-inf,False,1,10000,90.6678342819214
23,1e-05,1e-06,1e-14,DEGEN2,1435.1779999999806,True,0,3022,0.3172314167022705
23,1e-05,1e-06,1e-14,DEGEN3,-inf,False,1,10000,41.47354555130005
23,1e-05,1e-06,1e-14,E226,18.75192906621691,True,0,840,0.020176887512207
23,1e-05,1e-06,1e-14,FFFFF800,-inf,False,2,1465,0.1376540660858154
23,1e-05,1e-06,1e-14,ISRAEL,896644.8218630381,True,0,913,0.017902135848999
23,1e-05,1e-06,1e-14,LOTFI,25.26470606188001,True,0,277,0.0024666786193847
23,1e-05,1e-06,1e-14,MAROS-R7,-1497185.1664796427,True,0,4317,57.0448055267334
23,1e-05,1e-06,1e-14,QAP12,-inf,False,1,10000,372.5614912509918
23,1e-05,1e-06,1e-14,QAP15,-inf,False,1,10000,1349.3964104652405
23,1e-05,1e-06,1e-14,QAP8,-256.89585806075826,False,1,10000,18.537818431854248
23,1e-05,1e-06,1e-14,SC105,52.20206121170724,True,0,134,0.0010473728179931
23,1e-05,1e-06,1e-14,SC205,52.2020612117079,True,0,325,0.0070228576660156
23,1e-05,1e-06,1e-14,SC50A,64.57507705856449,True,0,59,0.0002827644348144
23,1e-05,1e-06,1e-14,SC50B,70.0,True,0,62,0.0003180503845214
23,1e-05,1e-06,1e-14,SCAGR25,14753433.049928935,True,0,1701,0.1689047813415527
23,1e-05,1e-06,1e-14,SCAGR7,2331389.8243309762,True,0,250,0.0019724369049072
23,1e-05,1e-06,1e-14,SCFXM1,-18416.759028346125,True,0,896,0.036320686340332
23,1e-05,1e-06,1e-14,SCFXM2,-36660.26156499932,True,0,1747,0.3443164825439453
23,1e-05,1e-06,1e-14,SCFXM3,-54901.254549742924,True,0,2510,2.030513286590576
23,1e-05,1e-06,1e-14,SCORPION,-1875.8517318290155,True,0,466,0.0088906288146972
23,1e-05,1e-06,1e-14,SCRS8,-536.9613499483563,True,0,1437,0.1315100193023681
23,1e-05,1e-06,1e-14,SCSD1,-8.666666674333365,True,0,512,0.0071911811828613
23,1e-05,1e-06,1e-14,SCSD6,-50.500000078262325,True,0,809,0.0321438312530517
23,1e-05,1e-06,1e-14,SCSD8,-904.9999999254622,True,0,1717,0.7730627059936523
23,1e-05,1e-06,1e-14,SCTAP1,-1412.2499999999982,True,0,875,0.0364730358123779
23,1e-05,1e-06,1e-14,SCTAP2,-inf,False,3,903,1.1213572025299072
23,1e-05,1e-06,1e-14,SCTAP3,-inf,False,3,308,0.2541587352752685
23,1e-05,1e-06,1e-14,SHARE1B,76589.31857918575,True,0,456,0.0038602352142333
23,1e-05,1e-06,1e-14,SHARE2B,415.732240741419,True,0,203,0.0010962486267089
23,1e-05,1e-06,1e-14,SHIP04L,-1793324.5379703536,True,0,775,0.0112044811248779
23,1e-05,1e-06,1e-14,SHIP04S,-1798714.7004453933,True,0,606,0.0065870285034179
23,1e-05,1e-06,1e-14,SHIP08L,-1909055.211389134,True,0,1518,0.0450923442840576
23,1e-05,1e-06,1e-14,SHIP08S,-1920098.2105346203,True,0,1215,0.0259966850280761
23,1e-05,1e-06,1e-14,SHIP12L,-1470187.919329265,True,0,2060,0.1085386276245117
23,1e-05,1e-06,1e-14,SHIP12S,-1489236.134406127,True,0,1569,0.0560784339904785
23,1e-05,1e-06,1e-14,STOCFOR1,41131.976219436154,True,0,260,0.0019552707672119
23,1e-05,1e-06,1e-14,STOCFOR2,39024.408537882206,True,0,4225,13.759288787841797
23,1e-05,1e-06,1e-14,STOCFOR3,-inf,False,1,10000,355.74624824523926
23,1e-05,1e-06,1e-14,TRUSS,-483206.8293941396,False,1,10000,65.26718759536743
23,1e-05,1e-06,1e-14,WOOD1P,-inf,False,3,140,0.0216217041015625
23,1e-05,1e-06,1e-14,WOODW,-inf,False,3,445,0.8790006637573242
24,1e-05,1e-06,1e-15,25FV47,-8104.690684770465,False,1,10000,15.071979522705078
24,1e-05,1e-06,1e-15,ADLITTLE,-225494.96316238047,True,0,144,0.0005853176116943
24,1e-05,1e-06,1e-15,AFIRO,464.7531428571428,True,0,30,0.0002102851867675
24,1e-05,1e-06,1e-15,AGG,36291233.286576286,True,0,609,0.0132632255554199
24,1e-05,1e-06,1e-15,AGG2,20239252.355977103,True,0,572,0.0068457126617431
24,1e-05,1e-06,1e-15,AGG3,-10312115.935089232,True,0,588,0.0098617076873779
24,1e-05,1e-06,1e-15,BANDM,158.62801835423582,True,0,1605,0.0641193389892578
24,1e-05,1e-06,1e-15,BEACONFD,-33592.48580719996,True,0,212,0.0026664733886718
24,1e-05,1e-06,1e-15,BLEND,30.81214984582805,True,0,180,0.0008473396301269
24,1e-05,1e-06,1e-15,BNL1,-1977.6295615228416,True,0,4340,2.478996753692627
24,1e-05,1e-06,1e-15,BNL2,-14709.029239367563,False,1,10000,63.75174331665039
24,1e-05,1e-06,1e-15,BRANDY,-1518.5098964880663,True,0,704,0.0115251541137695
24,1e-05,1e-06,1e-15,D2Q06C,-inf,False,1,10000,92.11471343040466
24,1e-05,1e-06,1e-15,DEGEN2,1435.1779999999912,True,0,2594,0.2575812339782715
24,1e-05,1e-06,1e-15,DEGEN3,-inf,False,1,10000,41.33004975318909
24,1e-05,1e-06,1e-15,E226,18.751929066345806,True,0,785,0.0191679000854492
24,1e-05,1e-06,1e-15,FFFFF800,-inf,False,2,1449,0.1395788192749023
24,1e-05,1e-06,1e-15,ISRAEL,896644.8218630381,True,0,913,0.0181500911712646
24,1e-05,1e-06,1e-15,LOTFI,25.26470606188001,True,0,271,0.0023512840270996
24,1e-05,1e-06,1e-15,MAROS-R7,-1497185.1664796427,True,0,4317,56.697335720062256
24,1e-05,1e-06,1e-15,QAP12,-inf,False,1,10000,358.9561276435852
24,1e-05,1e-06,1e-15,QAP15,-inf,False,1,10000,1142.964267730713
24,1e-05,1e-06,1e-15,QAP8,-inf,False,1,10000,18.78896474838257
24,1e-05,1e-06,1e-15,SC105,52.2020612117072,True,0,131,0.0010778903961181
24,1e-05,1e-06,1e-15,SC205,52.20206121167227,True,0,274,0.005681037902832
24,1e-05,1e-06,1e-15,SC50A,64.57507705856449,True,0,59,0.0002837181091308
24,1e-05,1e-06,1e-15,SC50B,70.0,True,0,62,0.0002970695495605
24,1e-05,1e-06,1e-15,SCAGR25,14753503.684825294,True,0,1526,0.1556198596954345
24,1e-05,1e-06,1e-15,SCAGR7,2331389.8243310177,True,0,267,0.0020935535430908
24,1e-05,1e-06,1e-15,SCFXM1,-18416.759028350636,True,0,749,0.0277063846588134
24,1e-05,1e-06,1e-15,SCFXM2,-36660.261564998276,True,0,1562,0.261350154876709
24,1e-05,1e-06,1e-15,SCFXM3,-54901.25454972762,True,0,2428,1.905468225479126
24,1e-05,1e-06,1e-15,SCORPION,-1875.8517318290153,True,0,466,0.0088083744049072
24,1e-05,1e-06,1e-15,SCRS8,-391.6472105614773,True,0,1473,0.1425502300262451
24,1e-05,1e-06,1e-15,SCSD1,-8.666666674333507,True,0,439,0.0058326721191406
24,1e-05,1e-06,1e-15,SCSD6,-50.50000007826234,True,0,630,0.0232703685760498
24,1e-05,1e-06,1e-15,SCSD8,-904.9999999254507,True,0,1598,0.6989967823028564
24,1e-05,1e-06,1e-15,SCTAP1,-1412.2499999999889,True,0,810,0.0297095775604248
24,1e-05,1e-06,1e-15,SCTAP2,-inf,False,3,1500,2.4059953689575195
24,1e-05,1e-06,1e-15,SCTAP3,-inf,False,3,1313,3.7155141830444336
24,1e-05,1e-06,1e-15,SHARE1B,76589.31857918575,True,0,456,0.0037994384765625
24,1e-05,1e-06,1e-15,SHARE2B,415.7322407414188,True,0,210,0.001086950302124
24,1e-05,1e-06,1e-15,SHIP04L,-1793324.5379703536,True,0,773,0.0111749172210693
24,1e-05,1e-06,1e-15,SHIP04S,-1798714.7004453936,True,0,608,0.0066084861755371
24,1e-05,1e-06,1e-15,SHIP08L,-1909055.2113891335,True,0,1514,0.0468881130218505
24,1e-05,1e-06,1e-15,SHIP08S,-1920098.2105346206,True,0,1214,0.0254268646240234
24,1e-05,1e-06,1e-15,SHIP12L,-1470187.919329265,True,0,2081,0.1093885898590087
24,1e-05,1e-06,1e-15,SHIP12S,-1489236.134406127,True,0,1568,0.0558235645294189
24,1e-05,1e-06,1e-15,STOCFOR1,41131.97621943676,True,0,268,0.0020194053649902
24,1e-05,1e-06,1e-15,STOCFOR2,39024.40853785458,True,0,4240,14.030470848083496
24,1e-05,1e-06,1e-15,STOCFOR3,-inf,False,3,9974,453.0031118392944
24,1e-05,1e-06,1e-15,TRUSS,-552458.925614366,False,1,10000,65.52933645248413
24,1e-05,1e-06,1e-15,WOOD1P,-inf,False,3,120,0.0189886093139648
24,1e-05,1e-06,1e-15,WOODW,-inf,False,3,431,0.8427138328552246
25,1e-05,1e-07,1e-11,25FV47,-9091.89177764894,False,1,10000,15.433048486709597
25,1e-05,1e-07,1e-11,ADLITTLE,-225494.96316238047,True,0,144,0.0005841255187988
25,1e-05,1e-07,1e-11,AFIRO,464.7531428571428,True,0,30,0.0002105236053466
25,1e-05,1e-07,1e-11,AGG,36291233.286576286,True,0,612,0.0132777690887451
25,1e-05,1e-07,1e-11,AGG2,20239252.355977103,True,0,571,0.0067470073699951
25,1e-05,1e-07,1e-11,AGG3,-10312115.935089232,True,0,588,0.0097112655639648
25,1e-05,1e-07,1e-11,BANDM,158.62801845002156,True,0,1253,0.0489966869354248
25,1e-05,1e-07,1e-11,BEACONFD,-33592.48580719998,True,0,210,0.0026166439056396
25,1e-05,1e-07,1e-11,BLEND,30.81214984582829,True,0,148,0.0007157325744628
25,1e-05,1e-07,1e-11,BNL1,-1977.6295615231422,True,0,4356,2.4584310054779053
25,1e-05,1e-07,1e-11,BNL2,-inf,False,1,10000,63.90246891975403
25,1e-05,1e-07,1e-11,BRANDY,-1518.5325854360578,True,0,805,0.013711929321289
25,1e-05,1e-07,1e-11,D2Q06C,-inf,False,1,10000,91.79823899269104
25,1e-05,1e-07,1e-11,DEGEN2,1436.4949999999983,True,0,2751,0.282522439956665
25,1e-05,1e-07,1e-11,DEGEN3,-inf,False,1,10000,41.516640186309814
25,1e-05,1e-07,1e-11,E226,18.75192906637472,True,0,737,0.0172867774963378
25,1e-05,1e-07,1e-11,FFFFF800,-inf,False,2,1454,0.156001329421997
25,1e-05,1e-07,1e-11,ISRAEL,896644.8218630484,True,0,950,0.0185620784759521
25,1e-05,1e-07,1e-11,LOTFI,25.264706061880013,True,0,264,0.0022234916687011
25,1e-05,1e-07,1e-11,MAROS-R7,-1497185.1664796427,True,0,4317,57.02439856529236
25,1e-05,1e-07,1e-11,QAP12,-inf,False,3,5369,178.59708952903748
25,1e-05,1e-07,1e-11,QAP15,-inf,False,1,10000,1325.8224968910215
25,1e-05,1e-07,1e-11,QAP8,-inf,False,1,10000,18.313303470611572
25,1e-05,1e-07,1e-11,SC105,52.20206121170722,True,0,138,0.0010690689086914
25,1e-05,1e-07,1e-11,SC205,52.20206121182398,True,0,314,0.0067315101623535
25,1e-05,1e-07,1e-11,SC50A,64.57507705856449,True,0,59,0.0002887248992919
25,1e-05,1e-07,1e-11,SC50B,70.0,True,0,62,0.0003015995025634
25,1e-05,1e-07,1e-11,SCAGR25,14753433.060785834,True,0,1646,0.161233901977539
25,1e-05,1e-07,1e-11,SCAGR7,2331389.824330985,True,0,270,0.0021688938140869
25,1e-05,1e-07,1e-11,SCFXM1,-18416.75902841995,True,0,801,0.0310344696044921
25,1e-05,1e-07,1e-11,SCFXM2,-36660.26156500209,True,0,1629,0.3498115539550781
25,1e-05,1e-07,1e-11,SCFXM3,-54901.25454975151,True,0,2499,2.060093402862549
25,1e-05,1e-07,1e-11,SCORPION,-1875.8517318290158,True,0,466,0.0096981525421142
25,1e-05,1e-07,1e-11,SCRS8,-449.41749452873216,True,0,1507,0.1508102416992187
25,1e-05,1e-07,1e-11,SCSD1,-8.66666667433337,True,0,363,0.0055599212646484
25,1e-05,1e-07,1e-11,SCSD6,-50.500000078262346,True,0,663,0.0275440216064453
25,1e-05,1e-07,1e-11,SCSD8,-inf,False,3,616,0.1307637691497802
25,1e-05,1e-07,1e-11,SCTAP1,-1412.2500000000616,True,0,862,0.0385527610778808
25,1e-05,1e-07,1e-11,SCTAP2,-inf,False,3,316,0.1909754276275634
25,1e-05,1e-07,1e-11,SCTAP3,-inf,False,3,904,1.9701004028320312
25,1e-05,1e-07,1e-11,SHARE1B,76589.31857918575,True,0,456,0.0040850639343261
25,1e-05,1e-07,1e-11,SHARE2B,415.732240741419,True,0,204,0.00114107131958
25,1e-05,1e-07,1e-11,SHIP04L,-1793324.5379703536,True,0,777,0.0118093490600585
25,1e-05,1e-07,1e-11,SHIP04S,-1798714.7004453933,True,0,606,0.0071222782135009
25,1e-05,1e-07,1e-11,SHIP08L,-1909055.211389134,True,0,1518,0.0447728633880615
25,1e-05,1e-07,1e-11,SHIP08S,-1920098.2105346203,True,0,1215,0.0255136489868164
25,1e-05,1e-07,1e-11,SHIP12L,-1470187.919329265,True,0,2060,0.1072585582733154
25,1e-05,1e-07,1e-11,SHIP12S,-1489236.134406127,True,0,1568,0.0554108619689941
25,1e-05,1e-07,1e-11,STOCFOR1,41131.976219436205,True,0,259,0.0018343925476074
25,1e-05,1e-07,1e-11,STOCFOR2,39024.408537882045,True,0,4273,14.105496644973757
25,1e-05,1e-07,1e-11,STOCFOR3,-inf,False,1,10000,342.853538274765
25,1e-05,1e-07,1e-11,TRUSS,-613488.0583542016,False,3,4968,28.425026655197144
25,1e-05,1e-07,1e-11,WOOD1P,-inf,False,3,141,0.0186409950256347
25,1e-05,1e-07,1e-11,WOODW,-inf,False,3,808,2.299290895462036
26,1e-05,1e-07,1e-12,25FV47,-7724.2208835559595,False,1,10000,15.040069818496704
26,1e-05,1e-07,1e-12,ADLITTLE,-225494.96316238047,True,0,144,0.0005850791931152
26,1e-05,1e-07,1e-12,AFIRO,464.7531428571428,True,0,30,0.0002119541168212
26,1e-05,1e-07,1e-12,AGG,36291233.286576286,True,0,610,0.0131452083587646
26,1e-05,1e-07,1e-12,AGG2,20239252.355977103,True,0,571,0.0067582130432128
26,1e-05,1e-07,1e-12,AGG3,-10312115.935089232,True,0,588,0.0097637176513671
26,1e-05,1e-07,1e-12,BANDM,158.62801845025237,True,0,1363,0.0535581111907959
26,1e-05,1e-07,1e-12,BEACONFD,-33592.48580719998,True,0,210,0.0025804042816162
26,1e-05,1e-07,1e-12,BLEND,30.81214984582829,True,0,148,0.0007064342498779
26,1e-05,1e-07,1e-12,BNL1,-1977.6295615229444,True,0,3872,2.094832181930542
26,1e-05,1e-07,1e-12,BNL2,-13296.25560756109,False,1,10000,63.749348878860474
26,1e-05,1e-07,1e-12,BRANDY,-1518.5098964937695,True,0,951,0.0166893005371093
26,1e-05,1e-07,1e-12,D2Q06C,-inf,False,1,10000,92.4827733039856
26,1e-05,1e-07,1e-12,DEGEN2,1436.4949999999976,True,0,3102,0.3304443359375
26,1e-05,1e-07,1e-12,DEGEN3,-inf,False,1,10000,41.45468592643738
26,1e-05,1e-07,1e-12,E226,18.75192906637468,True,0,738,0.0171382427215576
26,1e-05,1e-07,1e-12,FFFFF800,-inf,False,2,1496,0.161698579788208
26,1e-05,1e-07,1e-12,ISRAEL,896644.8218630381,True,0,913,0.017780065536499
26,1e-05,1e-07,1e-12,LOTFI,25.264706061880016,True,0,266,0.0022380352020263
26,1e-05,1e-07,1e-12,MAROS-R7,-1497185.1664796427,True,0,4317,56.82766008377075
26,1e-05,1e-07,1e-12,QAP12,-inf,False,1,10000,379.8032481670379
26,1e-05,1e-07,1e-12,QAP15,-inf,False,1,10000,1351.7252504825592
26,1e-05,1e-07,1e-12,QAP8,-inf,False,1,10000,18.334972620010376
26,1e-05,1e-07,1e-12,SC105,52.20206121170722,True,0,138,0.0010848045349121
26,1e-05,1e-07,1e-12,SC205,52.202061211805145,True,0,304,0.0064823627471923
26,1e-05,1e-07,1e-12,SC50A,64.57507705856449,True,0,59,0.0002844333648681
26,1e-05,1e-07,1e-12,SC50B,70.0,True,0,62,0.0002994537353515
26,1e-05,1e-07,1e-12,SCAGR25,-inf,False,2,1251,0.1106855869293212
26,1e-05,1e-07,1e-12,SCAGR7,2331389.824330985,True,0,270,0.0021579265594482
26,1e-05,1e-07,1e-12,SCFXM1,-18416.75902841879,True,0,845,0.0336983203887939
26,1e-05,1e-07,1e-12,SCFXM2,-36660.261565001405,True,0,1603,0.3196816444396972
26,1e-05,1e-07,1e-12,SCFXM3,-54901.25454975134,True,0,2481,1.8412859439849856
26,1e-05,1e-07,1e-12,SCORPION,-1875.8517318290158,True,0,466,0.008782148361206
26,1e-05,1e-07,1e-12,SCRS8,-531.119254753136,True,0,1537,0.1394972801208496
26,1e-05,1e-07,1e-12,SCSD1,-8.666666674333367,True,0,367,0.005129337310791
26,1e-05,1e-07,1e-12,SCSD6,-50.500000078262346,True,0,663,0.0252141952514648
26,1e-05,1e-07,1e-12,SCSD8,-inf,False,3,618,0.1253383159637451
26,1e-05,1e-07,1e-12,SCTAP1,-1412.2500000000002,True,0,813,0.0323121547698974
26,1e-05,1e-07,1e-12,SCTAP2,-inf,False,3,308,0.1697514057159423
26,1e-05,1e-07,1e-12,SCTAP3,-inf,False,3,814,1.5935161113739014
26,1e-05,1e-07,1e-12,SHARE1B,76589.31857918575,True,0,456,0.0037133693695068
26,1e-05,1e-07,1e-12,SHARE2B,415.732240741419,True,0,204,0.0010221004486083
26,1e-05,1e-07,1e-12,SHIP04L,-1793324.5379703536,True,0,777,0.0109255313873291
26,1e-05,1e-07,1e-12,SHIP04S,-1798714.7004453933,True,0,606,0.0065410137176513
26,1e-05,1e-07,1e-12,SHIP08L,-1909055.211389134,True,0,1518,0.0441977977752685
26,1e-05,1e-07,1e-12,SHIP08S,-1920098.2105346203,True,0,1215,0.0255539417266845
26,1e-05,1e-07,1e-12,SHIP12L,-1470187.919329265,True,0,2060,0.1071829795837402
26,1e-05,1e-07,1e-12,SHIP12S,-1489236.134406127,True,0,1568,0.0554609298706054
26,1e-05,1e-07,1e-12,STOCFOR1,41131.976219436176,True,0,259,0.0018393993377685
26,1e-05,1e-07,1e-12,STOCFOR2,39024.40853788116,True,0,4272,14.136425495147703
26,1e-05,1e-07,1e-12,STOCFOR3,-inf,False,1,10000,341.1536338329315
26,1e-05,1e-07,1e-12,TRUSS,-528490.7296828276,False,1,10000,65.38622307777405
26,1e-05,1e-07,1e-12,WOOD1P,-inf,False,3,126,0.0198366641998291
26,1e-05,1e-07,1e-12,WOODW,-inf,False,3,422,0.8142359256744385
27,1e-05,1e-07,1e-13,25FV47,-inf,False,3,6248,8.917081117630005
27,1e-05,1e-07,1e-13,ADLITTLE,-225494.96316238047,True,0,144,0.0006561279296875
27,1e-05,1e-07,1e-13,AFIRO,464.7531428571428,True,0,30,0.0002305507659912
27,1e-05,1e-07,1e-13,AGG,36291233.286576286,True,0,609,0.013162612915039
27,1e-05,1e-07,1e-13,AGG2,20239252.355977103,True,0,571,0.0066938400268554
27,1e-05,1e-07,1e-13,AGG3,-10312115.935089232,True,0,588,0.0096855163574218
27,1e-05,1e-07,1e-13,BANDM,158.62801845024026,True,0,1333,0.052372932434082
27,1e-05,1e-07,1e-13,BEACONFD,-33592.48580719998,True,0,210,0.0025701522827148
27,1e-05,1e-07,1e-13,BLEND,30.81214984582808,True,0,165,0.0007722377777099
27,1e-05,1e-07,1e-13,BNL1,-1977.6295615227593,True,0,4467,2.611072540283203
27,1e-05,1e-07,1e-13,BNL2,-inf,False,1,10000,64.08033537864685
27,1e-05,1e-07,1e-13,BRANDY,-1518.509896485441,True,0,780,0.0133891105651855
27,1e-05,1e-07,1e-13,D2Q06C,-inf,False,3,9293,81.64312672615051
27,1e-05,1e-07,1e-13,DEGEN2,1435.1779999999994,True,0,2819,0.3028035163879394
27,1e-05,1e-07,1e-13,DEGEN3,-inf,False,1,10000,41.278087854385376
27,1e-05,1e-07,1e-13,E226,18.75192906637468,True,0,738,0.0180718898773193
27,1e-05,1e-07,1e-13,FFFFF800,-inf,False,2,1447,0.1533479690551757
27,1e-05,1e-07,1e-13,ISRAEL,896644.8218630381,True,0,913,0.0184316635131835
27,1e-05,1e-07,1e-13,LOTFI,25.26470606188001,True,0,277,0.0024895668029785
27,1e-05,1e-07,1e-13,MAROS-R7,-1497185.1664796427,True,0,4317,56.76711893081665
27,1e-05,1e-07,1e-13,QAP12,-inf,False,1,10000,366.54748606681824
27,1e-05,1e-07,1e-13,QAP15,-inf,False,1,10000,1264.091634273529
27,1e-05,1e-07,1e-13,QAP8,-inf,False,1,10000,18.428736448287964
27,1e-05,1e-07,1e-13,SC105,52.20206121170722,True,0,139,0.0010643005371093
27,1e-05,1e-07,1e-13,SC205,52.20206121170649,True,0,322,0.0069732666015625
27,1e-05,1e-07,1e-13,SC50A,64.57507705856449,True,0,59,0.00028657913208
27,1e-05,1e-07,1e-13,SC50B,70.0,True,0,62,0.000300645828247
27,1e-05,1e-07,1e-13,SCAGR25,14753433.058337394,True,0,1757,0.1736047267913818
27,1e-05,1e-07,1e-13,SCAGR7,2331389.824330985,True,0,270,0.002181053161621
27,1e-05,1e-07,1e-13,SCFXM1,-18416.759028417593,True,0,847,0.0336506366729736
27,1e-05,1e-07,1e-13,SCFXM2,-36660.261564997534,True,0,1603,0.2871749401092529
27,1e-05,1e-07,1e-13,SCFXM3,-54901.254549747006,True,0,2491,2.019369840621948
27,1e-05,1e-07,1e-13,SCORPION,-1875.8517318290158,True,0,466,0.008859634399414
27,1e-05,1e-07,1e-13,SCRS8,-449.41749452893407,True,0,1606,0.1818268299102783
27,1e-05,1e-07,1e-13,SCSD1,-8.66666667433336,True,0,385,0.0053670406341552
27,1e-05,1e-07,1e-13,SCSD6,-50.50000007826237,True,0,708,0.0273280143737792
27,1e-05,1e-07,1e-13,SCSD8,-inf,False,3,747,0.1861007213592529
27,1e-05,1e-07,1e-13,SCTAP1,-1412.249999999997,True,0,797,0.0313305854797363
27,1e-05,1e-07,1e-13,SCTAP2,-inf,False,3,330,0.2019319534301757
27,1e-05,1e-07,1e-13,SCTAP3,-inf,False,3,987,2.3646068572998047
27,1e-05,1e-07,1e-13,SHARE1B,76589.31857918575,True,0,456,0.003741979598999
27,1e-05,1e-07,1e-13,SHARE2B,415.732240741419,True,0,204,0.0011203289031982
27,1e-05,1e-07,1e-13,SHIP04L,-1793324.5379703536,True,0,777,0.0116090774536132
27,1e-05,1e-07,1e-13,SHIP04S,-1798714.7004453933,True,0,606,0.0070719718933105
27,1e-05,1e-07,1e-13,SHIP08L,-1909055.211389134,True,0,1518,0.0444862842559814
27,1e-05,1e-07,1e-13,SHIP08S,-1920098.2105346203,True,0,1215,0.0255236625671386
27,1e-05,1e-07,1e-13,SHIP12L,-1470187.919329265,True,0,2060,0.1071689128875732
27,1e-05,1e-07,1e-13,SHIP12S,-1489236.134406127,True,0,1568,0.0553424358367919
27,1e-05,1e-07,1e-13,STOCFOR1,41131.97621943616,True,0,259,0.001847505569458
27,1e-05,1e-07,1e-13,STOCFOR2,39024.40853788207,True,0,4250,13.936865091323853
27,1e-05,1e-07,1e-13,STOCFOR3,-inf,False,1,10000,345.6547966003418
27,1e-05,1e-07,1e-13,TRUSS,-511910.6864898863,False,1,10000,64.99642086029053
27,1e-05,1e-07,1e-13,WOOD1P,-inf,False,3,130,0.0202522277832031
27,1e-05,1e-07,1e-13,WOODW,-inf,False,3,513,1.1116943359375
28,1e-05,1e-07,1e-14,25FV47,-inf,False,3,2303,2.4367880821228027
28,1e-05,1e-07,1e-14,ADLITTLE,-225494.96316238047,True,0,144,0.0005829334259033
28,1e-05,1e-07,1e-14,AFIRO,464.7531428571428,True,0,30,0.0002107620239257
28,1e-05,1e-07,1e-14,AGG,36291233.286576286,True,0,609,0.0132691860198974
28,1e-05,1e-07,1e-14,AGG2,20239252.355977103,True,0,571,0.0068650245666503
28,1e-05,1e-07,1e-14,AGG3,-10312115.935089232,True,0,588,0.0098981857299804
28,1e-05,1e-07,1e-14,BANDM,158.6280184499312,True,0,1261,0.0501110553741455
28,1e-05,1e-07,1e-14,BEACONFD,-33592.48580719996,True,0,212,0.0027449131011962
28,1e-05,1e-07,1e-14,BLEND,30.81214984582823,True,0,161,0.0007693767547607
28,1e-05,1e-07,1e-14,BNL1,-1977.6295615241102,True,0,4659,2.610114812850952
28,1e-05,1e-07,1e-14,BNL2,-7058.577107619767,False,1,10000,63.725138425827026
28,1e-05,1e-07,1e-14,BRANDY,-1518.5098964881197,True,0,647,0.0105400085449218
28,1e-05,1e-07,1e-14,D2Q06C,-inf,False,1,10000,90.81223797798155
28,1e-05,1e-07,1e-14,DEGEN2,1435.1779999999806,True,0,3022,0.3147962093353271
28,1e-05,1e-07,1e-14,DEGEN3,-inf,False,1,10000,41.50125980377197
28,1e-05,1e-07,1e-14,E226,18.75192906621691,True,0,840,0.0202836990356445
28,1e-05,1e-07,1e-14,FFFFF800,-inf,False,2,1455,0.1356196403503418
28,1e-05,1e-07,1e-14,ISRAEL,896644.8218630381,True,0,913,0.0179078578948974
28,1e-05,1e-07,1e-14,LOTFI,25.26470606188001,True,0,277,0.0024294853210449
28,1e-05,1e-07,1e-14,MAROS-R7,-1497185.1664796427,True,0,4317,56.859172105789185
28,1e-05,1e-07,1e-14,QAP12,-inf,False,1,10000,376.32482409477234
28,1e-05,1e-07,1e-14,QAP15,-inf,False,1,10000,1340.3985226154327
28,1e-05,1e-07,1e-14,QAP8,-256.89585806075826,False,1,10000,18.543652296066284
28,1e-05,1e-07,1e-14,SC105,52.20206121170724,True,0,134,0.001028299331665
28,1e-05,1e-07,1e-14,SC205,52.2020612117079,True,0,325,0.0071542263031005
28,1e-05,1e-07,1e-14,SC50A,64.57507705856449,True,0,59,0.0003066062927246
28,1e-05,1e-07,1e-14,SC50B,70.0,True,0,62,0.0003113746643066
28,1e-05,1e-07,1e-14,SCAGR25,14753433.04952144,True,0,1643,0.1623225212097168
28,1e-05,1e-07,1e-14,SCAGR7,2331389.8243309762,True,0,250,0.0020079612731933
28,1e-05,1e-07,1e-14,SCFXM1,-18416.759028346125,True,0,896,0.0364887714385986
28,1e-05,1e-07,1e-14,SCFXM2,-36660.26156499932,True,0,1747,0.3363733291625976
28,1e-05,1e-07,1e-14,SCFXM3,-54901.254549742924,True,0,2510,2.0186641216278076
28,1e-05,1e-07,1e-14,SCORPION,-1875.8517318290155,True,0,466,0.0093195438385009
28,1e-05,1e-07,1e-14,SCRS8,-536.9613499483563,True,0,1437,0.1319925785064697
28,1e-05,1e-07,1e-14,SCSD1,-8.341051645408305,False,3,436,0.0062413215637207
28,1e-05,1e-07,1e-14,SCSD6,-50.500000078262325,True,0,809,0.0336325168609619
28,1e-05,1e-07,1e-14,SCSD8,-inf,False,3,1636,0.7961204051971436
28,1e-05,1e-07,1e-14,SCTAP1,-1412.2499999999982,True,0,875,0.0346477031707763
28,1e-05,1e-07,1e-14,SCTAP2,-inf,False,1,10000,25.204466819763184
28,1e-05,1e-07,1e-14,SCTAP3,-inf,False,3,249,0.1502981185913086
28,1e-05,1e-07,1e-14,SHARE1B,76589.31857918575,True,0,456,0.0037310123443603
28,1e-05,1e-07,1e-14,SHARE2B,415.732240741419,True,0,203,0.0010278224945068
28,1e-05,1e-07,1e-14,SHIP04L,-1793324.5379703536,True,0,775,0.0113124847412109
28,1e-05,1e-07,1e-14,SHIP04S,-1798714.7004453933,True,0,606,0.0070314407348632
28,1e-05,1e-07,1e-14,SHIP08L,-1909055.211389134,True,0,1518,0.0440571308135986
28,1e-05,1e-07,1e-14,SHIP08S,-1920098.2105346203,True,0,1215,0.0254981517791748
28,1e-05,1e-07,1e-14,SHIP12L,-1470187.919329265,True,0,2060,0.1065506935119628
28,1e-05,1e-07,1e-14,SHIP12S,-1489236.134406127,True,0,1569,0.0553119182586669
28,1e-05,1e-07,1e-14,STOCFOR1,41131.976219436154,True,0,260,0.0019023418426513
28,1e-05,1e-07,1e-14,STOCFOR2,39024.408537882206,True,0,4225,13.674782276153564
28,1e-05,1e-07,1e-14,STOCFOR3,-inf,False,1,10000,353.45062470436096
28,1e-05,1e-07,1e-14,TRUSS,-483206.8293941396,False,1,10000,65.22715616226196
28,1e-05,1e-07,1e-14,WOOD1P,-inf,False,3,125,0.0197968482971191
28,1e-05,1e-07,1e-14,WOODW,-inf,False,3,614,1.48390793800354
29,1e-05,1e-07,1e-15,25FV47,-8104.690684770465,False,1,10000,15.17986512184143
29,1e-05,1e-07,1e-15,ADLITTLE,-225494.96316238047,True,0,144,0.0005857944488525
29,1e-05,1e-07,1e-15,AFIRO,464.7531428571428,True,0,30,0.0002126693725585
29,1e-05,1e-07,1e-15,AGG,36291233.286576286,True,0,609,0.0131235122680664
29,1e-05,1e-07,1e-15,AGG2,20239252.355977103,True,0,572,0.0066363811492919
29,1e-05,1e-07,1e-15,AGG3,-10312115.935089232,True,0,588,0.009671926498413
29,1e-05,1e-07,1e-15,BANDM,195.16329683112048,True,0,1996,0.0842361450195312
29,1e-05,1e-07,1e-15,BEACONFD,-33592.48580719996,True,0,212,0.0025837421417236
29,1e-05,1e-07,1e-15,BLEND,30.81214984582805,True,0,180,0.000842809677124
29,1e-05,1e-07,1e-15,BNL1,-1977.6295615222102,True,0,4336,2.411466121673584
29,1e-05,1e-07,1e-15,BNL2,-14709.029239367563,False,1,10000,63.74014163017273
29,1e-05,1e-07,1e-15,BRANDY,-1518.5098964880663,True,0,704,0.0114803314208984
29,1e-05,1e-07,1e-15,D2Q06C,-inf,False,3,2139,6.6984405517578125
29,1e-05,1e-07,1e-15,DEGEN2,1435.1779999999912,True,0,2594,0.2635104656219482
29,1e-05,1e-07,1e-15,DEGEN3,-inf,False,1,10000,41.27365064620972
29,1e-05,1e-07,1e-15,E226,18.751929066345806,True,0,785,0.0185451507568359
29,1e-05,1e-07,1e-15,FFFFF800,-inf,False,2,1426,0.128547191619873
29,1e-05,1e-07,1e-15,ISRAEL,896644.8218630381,True,0,913,0.0177359580993652
29,1e-05,1e-07,1e-15,LOTFI,25.26470606188001,True,0,271,0.0023131370544433
29,1e-05,1e-07,1e-15,MAROS-R7,-1497185.1664796427,True,0,4317,56.843167543411255
29,1e-05,1e-07,1e-15,QAP12,-inf,False,1,10000,365.7489709854126
29,1e-05,1e-07,1e-15,QAP15,-inf,False,1,10000,1061.4265224933624
29,1e-05,1e-07,1e-15,QAP8,-inf,False,1,10000,18.80627918243408
29,1e-05,1e-07,1e-15,SC105,52.2020612117072,True,0,131,0.0009992122650146
29,1e-05,1e-07,1e-15,SC205,52.20206121167227,True,0,274,0.0055902004241943
29,1e-05,1e-07,1e-15,SC50A,64.57507705856449,True,0,59,0.000288963317871
29,1e-05,1e-07,1e-15,SC50B,70.0,True,0,62,0.0003011226654052
29,1e-05,1e-07,1e-15,SCAGR25,14753503.684825294,True,0,1526,0.1555047035217285
29,1e-05,1e-07,1e-15,SCAGR7,2331389.8243310177,True,0,267,0.002079963684082
29,1e-05,1e-07,1e-15,SCFXM1,-18416.759028350636,True,0,749,0.0276317596435546
29,1e-05,1e-07,1e-15,SCFXM2,-36660.261564998276,True,0,1562,0.2589304447174072
29,1e-05,1e-07,1e-15,SCFXM3,-54901.25454972762,True,0,2428,1.911344289779663
29,1e-05,1e-07,1e-15,SCORPION,-1875.8517318290153,True,0,466,0.0097517967224121
29,1e-05,1e-07,1e-15,SCRS8,-391.6472105614773,True,0,1473,0.1434774398803711
29,1e-05,1e-07,1e-15,SCSD1,-8.666666674333507,True,0,439,0.0062167644500732
29,1e-05,1e-07,1e-15,SCSD6,-50.50000007826234,True,0,630,0.0249428749084472
29,1e-05,1e-07,1e-15,SCSD8,-inf,False,3,1017,0.3735980987548828
29,1e-05,1e-07,1e-15,SCTAP1,-1412.2499999999889,True,0,810,0.0319709777832031
29,1e-05,1e-07,1e-15,SCTAP2,-inf,False,1,10000,26.174293756484985
29,1e-05,1e-07,1e-15,SCTAP3,-inf,False,3,589,0.914649248123169
29,1e-05,1e-07,1e-15,SHARE1B,76589.31857918575,True,0,456,0.0037496089935302
29,1e-05,1e-07,1e-15,SHARE2B,415.7322407414188,True,0,210,0.001039981842041
29,1e-05,1e-07,1e-15,SHIP04L,-1793324.5379703536,True,0,773,0.011049747467041
29,1e-05,1e-07,1e-15,SHIP04S,-1798714.7004453936,True,0,608,0.0063807964324951
29,1e-05,1e-07,1e-15,SHIP08L,-1909055.2113891335,True,0,1514,0.0441610813140869
29,1e-05,1e-07,1e-15,SHIP08S,-1920098.2105346206,True,0,1214,0.0252315998077392
29,1e-05,1e-07,1e-15,SHIP12L,-1470187.919329265,True,0,2081,0.1085402965545654
29,1e-05,1e-07,1e-15,SHIP12S,-1489236.134406127,True,0,1568,0.0552194118499755
29,1e-05,1e-07,1e-15,STOCFOR1,41131.97621943676,True,0,268,0.0020422935485839
29,1e-05,1e-07,1e-15,STOCFOR2,39024.40853785458,True,0,4240,14.09437894821167
29,1e-05,1e-07,1e-15,STOCFOR3,-inf,False,1,10000,464.6433391571045
29,1e-05,1e-07,1e-15,TRUSS,-552458.925614366,False,1,10000,65.27665948867798
29,1e-05,1e-07,1e-15,WOOD1P,-inf,False,3,120,0.0182466506958007
29,1e-05,1e-07,1e-15,WOODW,-inf,False,3,474,0.9757773876190186
30,1e-06,1e-05,1e-11,25FV47,-9091.89177764894,False,1,10000,15.15864896774292
30,1e-06,1e-05,1e-11,ADLITTLE,-225494.96316238047,True,0,144,0.0005877017974853
30,1e-06,1e-05,1e-11,AFIRO,464.7531428571428,True,0,30,0.0002171993255615
30,1e-06,1e-05,1e-11,AGG,36291233.286576286,True,0,612,0.0131537914276123
30,1e-06,1e-05,1e-11,AGG2,20239252.355977103,True,0,571,0.0072813034057617
30,1e-06,1e-05,1e-11,AGG3,-10312115.935089232,True,0,588,0.0095694065093994
30,1e-06,1e-05,1e-11,BANDM,158.62801845002156,True,0,1253,0.0482888221740722
30,1e-06,1e-05,1e-11,BEACONFD,-33592.48580719998,True,0,210,0.002577781677246
30,1e-06,1e-05,1e-11,BLEND,30.81214984582829,True,0,148,0.0007157325744628
30,1e-06,1e-05,1e-11,BNL1,-1977.6295615231422,True,0,4356,2.4098117351531982
30,1e-06,1e-05,1e-11,BNL2,-inf,False,1,10000,63.86794114112854
30,1e-06,1e-05,1e-11,BRANDY,-1518.5098964874944,True,0,703,0.0119178295135498
30,1e-06,1e-05,1e-11,D2Q06C,-inf,False,1,10000,91.80057978630066
30,1e-06,1e-05,1e-11,DEGEN2,1436.4949999999983,True,0,2751,0.2878081798553467
30,1e-06,1e-05,1e-11,DEGEN3,-inf,False,1,10000,41.43894839286804
30,1e-06,1e-05,1e-11,E226,18.75192906637472,True,0,737,0.0170834064483642
30,1e-06,1e-05,1e-11,FFFFF800,-555679.5648175079,True,0,1715,0.1932065486907959
30,1e-06,1e-05,1e-11,ISRAEL,896644.8218630484,True,0,950,0.0184175968170166
30,1e-06,1e-05,1e-11,LOTFI,25.264706061880013,True,0,264,0.0022017955780029
30,1e-06,1e-05,1e-11,MAROS-R7,-1497185.166479643,True,0,4315,56.69341802597046
30,1e-06,1e-05,1e-11,QAP12,-inf,False,1,10000,360.8168258666992
30,1e-06,1e-05,1e-11,QAP15,-inf,False,1,10000,1311.734616279602
30,1e-06,1e-05,1e-11,QAP8,-inf,False,1,10000,18.354729175567627
30,1e-06,1e-05,1e-11,SC105,52.20206121170722,True,0,138,0.0010626316070556
30,1e-06,1e-05,1e-11,SC205,52.20206121182398,True,0,314,0.0067191123962402
30,1e-06,1e-05,1e-11,SC50A,64.57507705856449,True,0,59,0.0002908706665039
30,1e-06,1e-05,1e-11,SC50B,70.0,True,0,62,0.0003039836883544
30,1e-06,1e-05,1e-11,SCAGR25,14753433.060785834,True,0,1646,0.1594133377075195
30,1e-06,1e-05,1e-11,SCAGR7,2331389.824330985,True,0,270,0.0021822452545166
30,1e-06,1e-05,1e-11,SCFXM1,-18416.75902841995,True,0,801,0.0310237407684326
30,1e-06,1e-05,1e-11,SCFXM2,-36660.26156500209,True,0,1629,0.3411905765533447
30,1e-06,1e-05,1e-11,SCFXM3,-54901.25454975151,True,0,2499,2.058223009109497
30,1e-06,1e-05,1e-11,SCORPION,-1875.8517318290158,True,0,466,0.0098562240600585
30,1e-06,1e-05,1e-11,SCRS8,-449.41749452873216,True,0,1507,0.1394321918487548
30,1e-06,1e-05,1e-11,SCSD1,-8.66666667433337,True,0,363,0.0054326057434082
30,1e-06,1e-05,1e-11,SCSD6,-50.500000078262346,True,0,663,0.0269551277160644
30,1e-06,1e-05,1e-11,SCSD8,-904.9999999254596,True,0,1998,0.9655678272247314
30,1e-06,1e-05,1e-11,SCTAP1,-1412.2500000000616,True,0,862,0.034977912902832
30,1e-06,1e-05,1e-11,SCTAP2,-inf,False,3,686,0.7915427684783936
30,1e-06,1e-05,1e-11,SCTAP3,-1424.0000000005905,True,0,6978,27.53813409805298
30,1e-06,1e-05,1e-11,SHARE1B,76589.31857918575,True,0,456,0.0037603378295898
30,1e-06,1e-05,1e-11,SHARE2B,415.732240741419,True,0,204,0.0010428428649902
30,1e-06,1e-05,1e-11,SHIP04L,-1793324.5379703536,True,0,777,0.0115463733673095
30,1e-06,1e-05,1e-11,SHIP04S,-1798714.7004453933,True,0,606,0.0063498020172119
30,1e-06,1e-05,1e-11,SHIP08L,-1909055.211389134,True,0,1518,0.0468730926513671
30,1e-06,1e-05,1e-11,SHIP08S,-1920098.2105346203,True,0,1215,0.0254766941070556
30,1e-06,1e-05,1e-11,SHIP12L,-1470187.919329265,True,0,2060,0.1069843769073486
30,1e-06,1e-05,1e-11,SHIP12S,-1489236.134406127,True,0,1568,0.0552866458892822
30,1e-06,1e-05,1e-11,STOCFOR1,41131.976219436205,True,0,259,0.0019111633300781
30,1e-06,1e-05,1e-11,STOCFOR2,39024.408537882045,True,0,4273,14.25781774520874
30,1e-06,1e-05,1e-11,STOCFOR3,-inf,False,1,10000,344.15215516090393
30,1e-06,1e-05,1e-11,TRUSS,-490193.67208101606,False,1,10000,64.97587871551514
30,1e-06,1e-05,1e-11,WOOD1P,-inf,False,3,70,0.0109496116638183
30,1e-06,1e-05,1e-11,WOODW,-1.097431252412218,True,0,2482,12.330372333526611
31,1e-06,1e-05,1e-12,25FV47,-7610.933451797614,False,1,10000,15.042941570281982
31,1e-06,1e-05,1e-12,ADLITTLE,-225494.96316238047,True,0,144,0.0005900859832763
31,1e-06,1e-05,1e-12,AFIRO,464.7531428571428,True,0,30,0.0002152919769287
31,1e-06,1e-05,1e-12,AGG,36291233.286576286,True,0,610,0.0131564140319824
31,1e-06,1e-05,1e-12,AGG2,20239252.355977103,True,0,571,0.0067687034606933
31,1e-06,1e-05,1e-12,AGG3,-10312115.935089232,True,0,588,0.0098166465759277
31,1e-06,1e-05,1e-12,BANDM,158.62801845025237,True,0,1363,0.0540876388549804
31,1e-06,1e-05,1e-12,BEACONFD,-33592.48580719998,True,0,210,0.002558946609497
31,1e-06,1e-05,1e-12,BLEND,30.81214984582829,True,0,148,0.0007057189941406
31,1e-06,1e-05,1e-12,BNL1,-1977.6295615229444,True,0,3872,2.042381525039673
31,1e-06,1e-05,1e-12,BNL2,-13296.25560756109,False,1,10000,63.66512417793274
31,1e-06,1e-05,1e-12,BRANDY,-1518.5098964937695,True,0,951,0.0167739391326904
31,1e-06,1e-05,1e-12,D2Q06C,-inf,False,1,10000,92.11593651771544
31,1e-06,1e-05,1e-12,DEGEN2,1436.4949999999976,True,0,3102,0.3339004516601562
31,1e-06,1e-05,1e-12,DEGEN3,-inf,False,1,10000,41.46406149864197
31,1e-06,1e-05,1e-12,E226,18.75192906637468,True,0,738,0.0173676013946533
31,1e-06,1e-05,1e-12,FFFFF800,-555679.5648175086,True,0,1737,0.1996581554412841
31,1e-06,1e-05,1e-12,ISRAEL,896644.8218630381,True,0,913,0.0181858539581298
31,1e-06,1e-05,1e-12,LOTFI,25.264706061880016,True,0,266,0.0022521018981933
31,1e-06,1e-05,1e-12,MAROS-R7,-1497185.166479643,True,0,4315,56.58477187156677
31,1e-06,1e-05,1e-12,QAP12,-inf,False,1,10000,385.1434643268585
31,1e-06,1e-05,1e-12,QAP15,-inf,False,1,10000,1331.8219215869904
31,1e-06,1e-05,1e-12,QAP8,-inf,False,1,10000,18.343174934387207
31,1e-06,1e-05,1e-12,SC105,52.20206121170722,True,0,138,0.0010664463043212
31,1e-06,1e-05,1e-12,SC205,52.202061211805145,True,0,304,0.0064783096313476
31,1e-06,1e-05,1e-12,SC50A,64.57507705856449,True,0,59,0.0003662109375
31,1e-06,1e-05,1e-12,SC50B,70.0,True,0,62,0.0003111362457275
31,1e-06,1e-05,1e-12,SCAGR25,-inf,False,2,1281,0.1126761436462402
31,1e-06,1e-05,1e-12,SCAGR7,2331389.824330985,True,0,270,0.0021984577178955
31,1e-06,1e-05,1e-12,SCFXM1,-18416.75902841879,True,0,845,0.0336239337921142
31,1e-06,1e-05,1e-12,SCFXM2,-36660.261565001405,True,0,1603,0.3192048072814941
31,1e-06,1e-05,1e-12,SCFXM3,-54901.25454975134,True,0,2481,1.842807054519653
31,1e-06,1e-05,1e-12,SCORPION,-1875.8517318290158,True,0,466,0.0089831352233886
31,1e-06,1e-05,1e-12,SCRS8,-531.119254753136,True,0,1537,0.1333227157592773
31,1e-06,1e-05,1e-12,SCSD1,-8.666666674333367,True,0,367,0.0051655769348144
31,1e-06,1e-05,1e-12,SCSD6,-50.500000078262346,True,0,663,0.0253517627716064
31,1e-06,1e-05,1e-12,SCSD8,-904.9999999254597,True,0,1963,0.921983003616333
31,1e-06,1e-05,1e-12,SCTAP1,-1412.2500000000002,True,0,813,0.0321764945983886
31,1e-06,1e-05,1e-12,SCTAP2,-inf,False,1,10000,26.31798219680786
31,1e-06,1e-05,1e-12,SCTAP3,-inf,False,1,10000,47.11479806900024
31,1e-06,1e-05,1e-12,SHARE1B,76589.31857918575,True,0,456,0.0038104057312011
31,1e-06,1e-05,1e-12,SHARE2B,415.732240741419,True,0,204,0.0010459423065185
31,1e-06,1e-05,1e-12,SHIP04L,-1793324.5379703536,True,0,777,0.0114686489105224
31,1e-06,1e-05,1e-12,SHIP04S,-1798714.7004453933,True,0,606,0.0063123703002929
31,1e-06,1e-05,1e-12,SHIP08L,-1909055.211389134,True,0,1518,0.0465972423553466
31,1e-06,1e-05,1e-12,SHIP08S,-1920098.2105346203,True,0,1215,0.0255177021026611
31,1e-06,1e-05,1e-12,SHIP12L,-1470187.919329265,True,0,2060,0.1063647270202636
31,1e-06,1e-05,1e-12,SHIP12S,-1489236.134406127,True,0,1568,0.0552685260772705
31,1e-06,1e-05,1e-12,STOCFOR1,41131.976219436176,True,0,259,0.0018932819366455
31,1e-06,1e-05,1e-12,STOCFOR2,39024.40853788116,True,0,4272,14.063990116119385
31,1e-06,1e-05,1e-12,STOCFOR3,-inf,False,1,10000,340.7373957633972
31,1e-06,1e-05,1e-12,TRUSS,-528517.2109136587,False,1,10000,65.37370371818542
31,1e-06,1e-05,1e-12,WOOD1P,-inf,False,3,221,0.0303308963775634
31,1e-06,1e-05,1e-12,WOODW,-inf,False,3,1035,3.136381149291992
32,1e-06,1e-05,1e-13,25FV47,-7736.1331505949765,False,1,10000,15.127076387405396
32,1e-06,1e-05,1e-13,ADLITTLE,-225494.96316238047,True,0,144,0.0005891323089599
32,1e-06,1e-05,1e-13,AFIRO,464.7531428571428,True,0,30,0.0002186298370361
32,1e-06,1e-05,1e-13,AGG,36291233.286576286,True,0,609,0.0130212306976318
32,1e-06,1e-05,1e-13,AGG2,20239252.355977103,True,0,571,0.0066673755645751
32,1e-06,1e-05,1e-13,AGG3,-10312115.935089232,True,0,588,0.0096523761749267
32,1e-06,1e-05,1e-13,BANDM,158.62801845024026,True,0,1333,0.0523097515106201
32,1e-06,1e-05,1e-13,BEACONFD,-33592.48580719998,True,0,210,0.0026886463165283
32,1e-06,1e-05,1e-13,BLEND,30.81214984582808,True,0,165,0.0007743835449218
32,1e-06,1e-05,1e-13,BNL1,-1977.6295615227593,True,0,4467,2.5536177158355713
32,1e-06,1e-05,1e-13,BNL2,-inf,False,1,10000,63.98668670654297
32,1e-06,1e-05,1e-13,BRANDY,-1518.509896485441,True,0,780,0.0133476257324218
32,1e-06,1e-05,1e-13,D2Q06C,-inf,False,1,10000,89.2127640247345
32,1e-06,1e-05,1e-13,DEGEN2,1435.1779999999994,True,0,2819,0.2922534942626953
32,1e-06,1e-05,1e-13,DEGEN3,-inf,False,1,10000,41.030319690704346
32,1e-06,1e-05,1e-13,E226,18.75192906637468,True,0,738,0.0170843601226806
32,1e-06,1e-05,1e-13,FFFFF800,-555679.5648175065,True,0,1782,0.2003333568572998
32,1e-06,1e-05,1e-13,ISRAEL,896644.8218630381,True,0,913,0.0177235603332519
32,1e-06,1e-05,1e-13,LOTFI,25.26470606188001,True,0,277,0.0023944377899169
32,1e-06,1e-05,1e-13,MAROS-R7,-1497185.166479643,True,0,4315,56.654008626937866
32,1e-06,1e-05,1e-13,QAP12,-inf,False,1,10000,359.77325963974
32,1e-06,1e-05,1e-13,QAP15,-inf,False,1,10000,1252.5982429981232
32,1e-06,1e-05,1e-13,QAP8,-inf,False,1,10000,18.41691541671753
32,1e-06,1e-05,1e-13,SC105,52.20206121170722,True,0,139,0.0010657310485839
32,1e-06,1e-05,1e-13,SC205,52.20206121170649,True,0,322,0.0069973468780517
32,1e-06,1e-05,1e-13,SC50A,64.57507705856449,True,0,59,0.0002903938293457
32,1e-06,1e-05,1e-13,SC50B,70.0,True,0,62,0.0003032684326171
32,1e-06,1e-05,1e-13,SCAGR25,14753433.063131807,True,0,1631,0.1566686630249023
32,1e-06,1e-05,1e-13,SCAGR7,2331389.824330985,True,0,270,0.0021948814392089
32,1e-06,1e-05,1e-13,SCFXM1,-18416.759028417593,True,0,847,0.0337278842926025
32,1e-06,1e-05,1e-13,SCFXM2,-36660.261564997534,True,0,1603,0.2865841388702392
32,1e-06,1e-05,1e-13,SCFXM3,-54901.254549746605,True,0,2505,2.036888599395752
32,1e-06,1e-05,1e-13,SCORPION,-1875.8517318290158,True,0,466,0.0087764263153076
32,1e-06,1e-05,1e-13,SCRS8,-449.41749452893407,True,0,1606,0.1684536933898925
32,1e-06,1e-05,1e-13,SCSD1,-8.66666667433336,True,0,385,0.0054349899291992
32,1e-06,1e-05,1e-13,SCSD6,-50.50000007826237,True,0,708,0.027538776397705
32,1e-06,1e-05,1e-13,SCSD8,-904.999999925461,True,0,2070,1.0267398357391355
32,1e-06,1e-05,1e-13,SCTAP1,-1412.249999999997,True,0,797,0.0311510562896728
32,1e-06,1e-05,1e-13,SCTAP2,-inf,False,3,1326,2.0952022075653076
32,1e-06,1e-05,1e-13,SCTAP3,-inf,False,1,10000,45.01561117172241
32,1e-06,1e-05,1e-13,SHARE1B,76589.31857918575,True,0,456,0.0037472248077392
32,1e-06,1e-05,1e-13,SHARE2B,415.732240741419,True,0,204,0.0010347366333007
32,1e-06,1e-05,1e-13,SHIP04L,-1793324.5379703536,True,0,777,0.0114989280700683
32,1e-06,1e-05,1e-13,SHIP04S,-1798714.7004453933,True,0,606,0.0062992572784423
32,1e-06,1e-05,1e-13,SHIP08L,-1909055.211389134,True,0,1518,0.0464811325073242
32,1e-06,1e-05,1e-13,SHIP08S,-1920098.2105346203,True,0,1215,0.025496482849121
32,1e-06,1e-05,1e-13,SHIP12L,-1470187.919329265,True,0,2060,0.106494665145874
32,1e-06,1e-05,1e-13,SHIP12S,-1489236.134406127,True,0,1568,0.05523681640625
32,1e-06,1e-05,1e-13,STOCFOR1,41131.97621943616,True,0,259,0.0018517971038818
32,1e-06,1e-05,1e-13,STOCFOR2,39024.40853788207,True,0,4250,13.937772274017334
32,1e-06,1e-05,1e-13,STOCFOR3,-inf,False,1,10000,342.6198489665985
32,1e-06,1e-05,1e-13,TRUSS,-511910.6864898863,False,1,10000,64.70986366271973
32,1e-06,1e-05,1e-13,WOOD1P,-inf,False,3,263,0.0372796058654785
32,1e-06,1e-05,1e-13,WOODW,-inf,False,1,10000,59.6947546005249
33,1e-06,1e-05,1e-14,25FV47,-9293.842122505854,False,1,10000,15.140677452087402
33,1e-06,1e-05,1e-14,ADLITTLE,-225494.96316238047,True,0,144,0.0005929470062255
33,1e-06,1e-05,1e-14,AFIRO,464.7531428571428,True,0,30,0.0002179145812988
33,1e-06,1e-05,1e-14,AGG,36291233.286576286,True,0,609,0.0130176544189453
33,1e-06,1e-05,1e-14,AGG2,20239252.355977103,True,0,571,0.0066661834716796
33,1e-06,1e-05,1e-14,AGG3,-10312115.935089232,True,0,588,0.0096795558929443
33,1e-06,1e-05,1e-14,BANDM,158.6280184499312,True,0,1261,0.0499682426452636
33,1e-06,1e-05,1e-14,BEACONFD,-33592.48580719996,True,0,212,0.0025768280029296
33,1e-06,1e-05,1e-14,BLEND,30.81214984582823,True,0,161,0.0007638931274414
33,1e-06,1e-05,1e-14,BNL1,-1977.6295615241413,True,0,4656,2.6048524379730225
33,1e-06,1e-05,1e-14,BNL2,-7058.577107619767,False,1,10000,63.41403698921203
33,1e-06,1e-05,1e-14,BRANDY,-1518.5098964881197,True,0,647,0.0104334354400634
33,1e-06,1e-05,1e-14,D2Q06C,-inf,False,1,10000,91.59450006484984
33,1e-06,1e-05,1e-14,DEGEN2,1435.1779999999806,True,0,3022,0.3033766746520996
33,1e-06,1e-05,1e-14,DEGEN3,-inf,False,1,10000,41.370311975479126
33,1e-06,1e-05,1e-14,E226,18.75192906621691,True,0,840,0.0199024677276611
33,1e-06,1e-05,1e-14,FFFFF800,-555679.5648175069,True,0,1760,0.1859951019287109
33,1e-06,1e-05,1e-14,ISRAEL,896644.8218630381,True,0,913,0.0177845954895019
33,1e-06,1e-05,1e-14,LOTFI,25.26470606188001,True,0,277,0.002413272857666
33,1e-06,1e-05,1e-14,MAROS-R7,-1497185.166479643,True,0,4315,56.55486822128296
33,1e-06,1e-05,1e-14,QAP12,-inf,False,1,10000,383.726441860199
33,1e-06,1e-05,1e-14,QAP15,-inf,False,1,10000,1334.7584018707275
33,1e-06,1e-05,1e-14,QAP8,-256.89585806075826,False,1,10000,18.416204690933228
33,1e-06,1e-05,1e-14,SC105,52.20206121170724,True,0,134,0.001086950302124
33,1e-06,1e-05,1e-14,SC205,52.2020612117079,True,0,325,0.0072369575500488
33,1e-06,1e-05,1e-14,SC50A,64.57507705856449,True,0,59,0.000303030014038
33,1e-06,1e-05,1e-14,SC50B,70.0,True,0,62,0.0003185272216796
33,1e-06,1e-05,1e-14,SCAGR25,14753433.064155417,True,0,1763,0.1779999732971191
33,1e-06,1e-05,1e-14,SCAGR7,2331389.8243309762,True,0,250,0.0019819736480712
33,1e-06,1e-05,1e-14,SCFXM1,-18416.759028346125,True,0,896,0.0370285511016845
33,1e-06,1e-05,1e-14,SCFXM2,-36660.26156499932,True,0,1747,0.3495900630950928
33,1e-06,1e-05,1e-14,SCFXM3,-54901.254549742924,True,0,2510,2.030794620513916
33,1e-06,1e-05,1e-14,SCORPION,-1875.8517318290155,True,0,466,0.0093681812286376
33,1e-06,1e-05,1e-14,SCRS8,-536.9613499483563,True,0,1437,0.1323633193969726
33,1e-06,1e-05,1e-14,SCSD1,-8.666666674333365,True,0,512,0.0071146488189697
33,1e-06,1e-05,1e-14,SCSD6,-50.500000078262325,True,0,809,0.0321149826049804
33,1e-06,1e-05,1e-14,SCSD8,-904.9999999254622,True,0,1717,0.7801592350006104
33,1e-06,1e-05,1e-14,SCTAP1,-1412.2499999999982,True,0,875,0.0362107753753662
33,1e-06,1e-05,1e-14,SCTAP2,-inf,False,1,10000,25.776620149612427
33,1e-06,1e-05,1e-14,SCTAP3,-inf,False,3,1037,2.5009889602661133
33,1e-06,1e-05,1e-14,SHARE1B,76589.31857918575,True,0,456,0.0037562847137451
33,1e-06,1e-05,1e-14,SHARE2B,415.732240741419,True,0,203,0.0010261535644531
33,1e-06,1e-05,1e-14,SHIP04L,-1793324.5379703536,True,0,775,0.010754108428955
33,1e-06,1e-05,1e-14,SHIP04S,-1798714.7004453933,True,0,606,0.0069661140441894
33,1e-06,1e-05,1e-14,SHIP08L,-1909055.211389134,True,0,1518,0.0441296100616455
33,1e-06,1e-05,1e-14,SHIP08S,-1920098.2105346203,True,0,1215,0.025414228439331
33,1e-06,1e-05,1e-14,SHIP12L,-1470187.919329265,True,0,2060,0.1066439151763916
33,1e-06,1e-05,1e-14,SHIP12S,-1489236.134406127,True,0,1569,0.0552694797515869
33,1e-06,1e-05,1e-14,STOCFOR1,41131.976219436154,True,0,260,0.001896858215332
33,1e-06,1e-05,1e-14,STOCFOR2,39024.408537882206,True,0,4225,13.674741983413696
33,1e-06,1e-05,1e-14,STOCFOR3,-inf,False,1,10000,354.04656529426575
33,1e-06,1e-05,1e-14,TRUSS,-483206.8293941396,False,1,10000,65.24091053009033
33,1e-06,1e-05,1e-14,WOOD1P,-inf,False,3,1619,0.1875715255737304
33,1e-06,1e-05,1e-14,WOODW,-inf,False,3,510,1.0671513080596924
34,1e-06,1e-05,1e-15,25FV47,-8104.690684770465,False,1,10000,15.07423996925354
34,1e-06,1e-05,1e-15,ADLITTLE,-225494.96316238047,True,0,144,0.0005924701690673
34,1e-06,1e-05,1e-15,AFIRO,464.7531428571428,True,0,30,0.0002210140228271
34,1e-06,1e-05,1e-15,AGG,36291233.286576286,True,0,609,0.0130927562713623
34,1e-06,1e-05,1e-15,AGG2,20239252.355977103,True,0,572,0.0067195892333984
34,1e-06,1e-05,1e-15,AGG3,-10312115.935089232,True,0,588,0.0096209049224853
34,1e-06,1e-05,1e-15,BANDM,158.6280183873048,True,0,1459,0.0574183464050293
34,1e-06,1e-05,1e-15,BEACONFD,-33592.48580719996,True,0,212,0.0026483535766601
34,1e-06,1e-05,1e-15,BLEND,30.81214984582805,True,0,180,0.0008392333984375
34,1e-06,1e-05,1e-15,BNL1,-1977.629561522581,True,0,4341,2.4160988330841064
34,1e-06,1e-05,1e-15,BNL2,-14709.029239367563,False,1,10000,63.588483810424805
34,1e-06,1e-05,1e-15,BRANDY,-1518.5098964880663,True,0,704,0.0122575759887695
34,1e-06,1e-05,1e-15,D2Q06C,-inf,False,1,10000,91.64987063407898
34,1e-06,1e-05,1e-15,DEGEN2,1435.1779999999912,True,0,2594,0.2705874443054199
34,1e-06,1e-05,1e-15,DEGEN3,-inf,False,1,10000,41.213351011276245
34,1e-06,1e-05,1e-15,E226,18.751929066345806,True,0,785,0.018625259399414
34,1e-06,1e-05,1e-15,FFFFF800,-555679.5648175101,True,0,1734,0.1888701915740966
34,1e-06,1e-05,1e-15,ISRAEL,896644.8218630381,True,0,913,0.0182166099548339
34,1e-06,1e-05,1e-15,LOTFI,25.26470606188001,True,0,271,0.0023567676544189
34,1e-06,1e-05,1e-15,MAROS-R7,-1497185.166479643,True,0,4315,56.664318799972534
34,1e-06,1e-05,1e-15,QAP12,-inf,False,1,10000,363.287793636322
34,1e-06,1e-05,1e-15,QAP15,-inf,False,1,10000,1178.6262562274933
34,1e-06,1e-05,1e-15,QAP8,-inf,False,1,10000,18.880348205566406
34,1e-06,1e-05,1e-15,SC105,52.2020612117072,True,0,131,0.0010857582092285
34,1e-06,1e-05,1e-15,SC205,52.20206121167227,True,0,274,0.0057094097137451
34,1e-06,1e-05,1e-15,SC50A,64.57507705856449,True,0,59,0.0002985000610351
34,1e-06,1e-05,1e-15,SC50B,70.0,True,0,62,0.0003104209899902
34,1e-06,1e-05,1e-15,SCAGR25,66579053.7158208,False,3,1646,0.1695291996002197
34,1e-06,1e-05,1e-15,SCAGR7,2331389.8243310177,True,0,267,0.0021135807037353
34,1e-06,1e-05,1e-15,SCFXM1,-18416.759028350636,True,0,749,0.0277225971221923
34,1e-06,1e-05,1e-15,SCFXM2,-36660.261564998276,True,0,1562,0.2600119113922119
34,1e-06,1e-05,1e-15,SCFXM3,-54901.25454972762,True,0,2428,1.9138059616088867
34,1e-06,1e-05,1e-15,SCORPION,-1875.8517318290153,True,0,466,0.0094709396362304
34,1e-06,1e-05,1e-15,SCRS8,-391.6472105614773,True,0,1473,0.1446475982666015
34,1e-06,1e-05,1e-15,SCSD1,-8.666666674333507,True,0,439,0.0062203407287597
34,1e-06,1e-05,1e-15,SCSD6,-50.50000007826234,True,0,630,0.0248849391937255
34,1e-06,1e-05,1e-15,SCSD8,-904.9999999254507,True,0,1598,0.7166078090667725
34,1e-06,1e-05,1e-15,SCTAP1,-1412.2499999999889,True,0,810,0.0325629711151123
34,1e-06,1e-05,1e-15,SCTAP2,-inf,False,1,10000,25.9913866519928
34,1e-06,1e-05,1e-15,SCTAP3,-inf,False,1,10000,48.804792165756226
34,1e-06,1e-05,1e-15,SHARE1B,76589.31857918575,True,0,456,0.0037477016448974
34,1e-06,1e-05,1e-15,SHARE2B,415.7322407414188,True,0,210,0.0010547637939453
34,1e-06,1e-05,1e-15,SHIP04L,-1793324.5379703536,True,0,773,0.0111060142517089
34,1e-06,1e-05,1e-15,SHIP04S,-1798714.7004453936,True,0,608,0.0070981979370117
34,1e-06,1e-05,1e-15,SHIP08L,-1909055.2113891335,True,0,1514,0.0457944869995117
34,1e-06,1e-05,1e-15,SHIP08S,-1920098.2105346206,True,0,1214,0.0251533985137939
34,1e-06,1e-05,1e-15,SHIP12L,-1470187.919329265,True,0,2081,0.1086323261260986
34,1e-06,1e-05,1e-15,SHIP12S,-1489236.134406127,True,0,1568,0.0570020675659179
34,1e-06,1e-05,1e-15,STOCFOR1,41131.97621943676,True,0,268,0.0020482540130615
34,1e-06,1e-05,1e-15,STOCFOR2,39024.40853785458,True,0,4240,13.99846887588501
34,1e-06,1e-05,1e-15,STOCFOR3,-inf,False,1,10000,438.8116986751557
34,1e-06,1e-05,1e-15,TRUSS,-552458.925614366,False,1,10000,65.33128142356873
34,1e-06,1e-05,1e-15,WOOD1P,-inf,False,3,878,0.1057586669921875
34,1e-06,1e-05,1e-15,WOODW,-1.0974312524155225,True,0,2591,12.971569776535034
35,1e-06,1e-06,1e-11,25FV47,-9091.89177764894,False,1,10000,15.210834980010986
35,1e-06,1e-06,1e-11,ADLITTLE,-225494.96316238047,True,0,144,0.0006027221679687
35,1e-06,1e-06,1e-11,AFIRO,464.7531428571428,True,0,30,0.0002241134643554
35,1e-06,1e-06,1e-11,AGG,36291233.286576286,True,0,612,0.0132582187652587
35,1e-06,1e-06,1e-11,AGG2,20239252.355977103,True,0,571,0.0067026615142822
35,1e-06,1e-06,1e-11,AGG3,-10312115.935089232,True,0,588,0.0096769332885742
35,1e-06,1e-06,1e-11,BANDM,158.62801845002156,True,0,1253,0.0487582683563232
35,1e-06,1e-06,1e-11,BEACONFD,-33592.48580719998,True,0,210,0.0025715827941894
35,1e-06,1e-06,1e-11,BLEND,30.81214984582829,True,0,148,0.0007205009460449
35,1e-06,1e-06,1e-11,BNL1,-1977.6295615231422,True,0,4356,2.4139678478240967
35,1e-06,1e-06,1e-11,BNL2,-inf,False,1,10000,63.86314606666565
35,1e-06,1e-06,1e-11,BRANDY,-inf,False,3,146,0.0028879642486572
35,1e-06,1e-06,1e-11,D2Q06C,-inf,False,1,10000,91.56732082366943
35,1e-06,1e-06,1e-11,DEGEN2,1436.4949999999983,True,0,2751,0.281043529510498
35,1e-06,1e-06,1e-11,DEGEN3,-inf,False,1,10000,41.40507912635803
35,1e-06,1e-06,1e-11,E226,18.75192906637472,True,0,737,0.0169203281402587
35,1e-06,1e-06,1e-11,FFFFF800,-555679.5648175078,True,0,1715,0.1933455467224121
35,1e-06,1e-06,1e-11,ISRAEL,896644.8218630484,True,0,950,0.0183143615722656
35,1e-06,1e-06,1e-11,LOTFI,25.264706061880013,True,0,264,0.0021986961364746
35,1e-06,1e-06,1e-11,MAROS-R7,-1497185.1664796427,True,0,4317,56.725141763687134
35,1e-06,1e-06,1e-11,QAP12,-inf,False,1,10000,380.284113407135
35,1e-06,1e-06,1e-11,QAP15,-inf,False,1,10000,1315.5122678279877
35,1e-06,1e-06,1e-11,QAP8,-inf,False,1,10000,18.33352541923523
35,1e-06,1e-06,1e-11,SC105,52.20206121170722,True,0,138,0.0010817050933837
35,1e-06,1e-06,1e-11,SC205,52.20206121182398,True,0,314,0.0067112445831298
35,1e-06,1e-06,1e-11,SC50A,64.57507705856449,True,0,59,0.0002965927124023
35,1e-06,1e-06,1e-11,SC50B,70.0,True,0,62,0.0003092288970947
35,1e-06,1e-06,1e-11,SCAGR25,14753433.060785834,True,0,1646,0.1590814590454101
35,1e-06,1e-06,1e-11,SCAGR7,2331389.824330985,True,0,270,0.0021805763244628
35,1e-06,1e-06,1e-11,SCFXM1,-18416.75902841995,True,0,801,0.0309197902679443
35,1e-06,1e-06,1e-11,SCFXM2,-36660.26156500209,True,0,1629,0.3528773784637451
35,1e-06,1e-06,1e-11,SCFXM3,-54901.25454975151,True,0,2499,2.054718255996704
35,1e-06,1e-06,1e-11,SCORPION,-1875.8517318290158,True,0,466,0.0090022087097167
35,1e-06,1e-06,1e-11,SCRS8,-449.41749452873216,True,0,1507,0.1392652988433838
35,1e-06,1e-06,1e-11,SCSD1,-8.66666667433337,True,0,363,0.0050511360168457
35,1e-06,1e-06,1e-11,SCSD6,-50.500000078262346,True,0,663,0.0251171588897705
35,1e-06,1e-06,1e-11,SCSD8,-904.9999999254596,True,0,1998,0.9389810562133788
35,1e-06,1e-06,1e-11,SCTAP1,-1412.2500000000616,True,0,862,0.0351169109344482
35,1e-06,1e-06,1e-11,SCTAP2,-inf,False,3,1280,2.1689515113830566
35,1e-06,1e-06,1e-11,SCTAP3,-inf,False,3,1122,2.5861897468566895
35,1e-06,1e-06,1e-11,SHARE1B,76589.31857918575,True,0,456,0.003713846206665
35,1e-06,1e-06,1e-11,SHARE2B,415.732240741419,True,0,204,0.0010390281677246
35,1e-06,1e-06,1e-11,SHIP04L,-1793324.5379703536,True,0,777,0.0110738277435302
35,1e-06,1e-06,1e-11,SHIP04S,-1798714.7004453933,True,0,606,0.0064423084259033
35,1e-06,1e-06,1e-11,SHIP08L,-1909055.211389134,True,0,1518,0.0441107749938964
35,1e-06,1e-06,1e-11,SHIP08S,-1920098.2105346203,True,0,1215,0.0255284309387207
35,1e-06,1e-06,1e-11,SHIP12L,-1470187.919329265,True,0,2060,0.1071949005126953
35,1e-06,1e-06,1e-11,SHIP12S,-1489236.134406127,True,0,1568,0.0555469989776611
35,1e-06,1e-06,1e-11,STOCFOR1,41131.976219436205,True,0,259,0.0018537044525146
35,1e-06,1e-06,1e-11,STOCFOR2,39024.408537882045,True,0,4273,14.06831169128418
35,1e-06,1e-06,1e-11,STOCFOR3,-inf,False,1,10000,341.82791781425476
35,1e-06,1e-06,1e-11,TRUSS,-490193.67208101606,False,1,10000,65.03808522224426
35,1e-06,1e-06,1e-11,WOOD1P,-inf,False,3,68,0.0118792057037353
35,1e-06,1e-06,1e-11,WOODW,-1.0974312524129746,True,0,2571,12.665515422821043
36,1e-06,1e-06,1e-12,25FV47,-7724.2208835559595,False,1,10000,15.050292491912842
36,1e-06,1e-06,1e-12,ADLITTLE,-225494.96316238047,True,0,144,0.0006308555603027
36,1e-06,1e-06,1e-12,AFIRO,464.7531428571428,True,0,30,0.0002338886260986
36,1e-06,1e-06,1e-12,AGG,36291233.286576286,True,0,610,0.0135951042175292
36,1e-06,1e-06,1e-12,AGG2,20239252.355977103,True,0,571,0.0068833827972412
36,1e-06,1e-06,1e-12,AGG3,-10312115.935089232,True,0,588,0.0100083351135253
36,1e-06,1e-06,1e-12,BANDM,158.62801845025237,True,0,1363,0.0554120540618896
36,1e-06,1e-06,1e-12,BEACONFD,-33592.48580719998,True,0,210,0.0026459693908691
36,1e-06,1e-06,1e-12,BLEND,30.81214984582829,True,0,148,0.0007507801055908
36,1e-06,1e-06,1e-12,BNL1,-1977.6295615229444,True,0,3872,2.051034450531006
36,1e-06,1e-06,1e-12,BNL2,-13296.25560756109,False,1,10000,63.66554570198059
36,1e-06,1e-06,1e-12,BRANDY,-1518.5098964937695,True,0,951,0.0164904594421386
36,1e-06,1e-06,1e-12,D2Q06C,-inf,False,1,10000,92.11852192878725
36,1e-06,1e-06,1e-12,DEGEN2,1436.4949999999976,True,0,3102,0.3203935623168945
36,1e-06,1e-06,1e-12,DEGEN3,-inf,False,1,10000,41.44936418533325
36,1e-06,1e-06,1e-12,E226,18.75192906637468,True,0,738,0.0170705318450927
36,1e-06,1e-06,1e-12,FFFFF800,-555679.5648175083,True,0,1735,0.2081732749938964
36,1e-06,1e-06,1e-12,ISRAEL,896644.8218630381,True,0,913,0.0176515579223632
36,1e-06,1e-06,1e-12,LOTFI,25.264706061880016,True,0,266,0.0022416114807128
36,1e-06,1e-06,1e-12,MAROS-R7,-1497185.1664796427,True,0,4317,56.60659456253052
36,1e-06,1e-06,1e-12,QAP12,-inf,False,1,10000,388.1664574146271
36,1e-06,1e-06,1e-12,QAP15,-inf,False,1,10000,1329.9336948394775
36,1e-06,1e-06,1e-12,QAP8,-inf,False,1,10000,18.41768455505371
36,1e-06,1e-06,1e-12,SC105,52.20206121170722,True,0,138,0.0010652542114257
36,1e-06,1e-06,1e-12,SC205,52.202061211805145,True,0,304,0.0064754486083984
36,1e-06,1e-06,1e-12,SC50A,64.57507705856449,True,0,59,0.0002970695495605
36,1e-06,1e-06,1e-12,SC50B,70.0,True,0,62,0.0003106594085693
36,1e-06,1e-06,1e-12,SCAGR25,14753432.178237734,True,0,1541,0.1445615291595459
36,1e-06,1e-06,1e-12,SCAGR7,2331389.824330985,True,0,270,0.0021662712097167
36,1e-06,1e-06,1e-12,SCFXM1,-18416.75902841879,True,0,845,0.0335626602172851
36,1e-06,1e-06,1e-12,SCFXM2,-36660.261565001405,True,0,1603,0.3313062191009521
36,1e-06,1e-06,1e-12,SCFXM3,-54901.25454975134,True,0,2481,1.8490116596221924
36,1e-06,1e-06,1e-12,SCORPION,-1875.8517318290158,True,0,466,0.0090880393981933
36,1e-06,1e-06,1e-12,SCRS8,-531.119254753136,True,0,1537,0.1442534923553466
36,1e-06,1e-06,1e-12,SCSD1,-8.666666674333367,True,0,367,0.0052216053009033
36,1e-06,1e-06,1e-12,SCSD6,-50.500000078262346,True,0,663,0.0257563591003417
36,1e-06,1e-06,1e-12,SCSD8,-904.9999999254597,True,0,1963,0.9235451221466064
36,1e-06,1e-06,1e-12,SCTAP1,-1412.2500000000002,True,0,813,0.0319314002990722
36,1e-06,1e-06,1e-12,SCTAP2,-inf,False,3,784,1.0231153964996338
36,1e-06,1e-06,1e-12,SCTAP3,-inf,False,3,820,1.6025381088256836
36,1e-06,1e-06,1e-12,SHARE1B,76589.31857918575,True,0,456,0.0037269592285156
36,1e-06,1e-06,1e-12,SHARE2B,415.732240741419,True,0,204,0.0010435581207275
36,1e-06,1e-06,1e-12,SHIP04L,-1793324.5379703536,True,0,777,0.0109808444976806
36,1e-06,1e-06,1e-12,SHIP04S,-1798714.7004453933,True,0,606,0.006441593170166
36,1e-06,1e-06,1e-12,SHIP08L,-1909055.211389134,True,0,1518,0.0440850257873535
36,1e-06,1e-06,1e-12,SHIP08S,-1920098.2105346203,True,0,1215,0.0254933834075927
36,1e-06,1e-06,1e-12,SHIP12L,-1470187.919329265,True,0,2060,0.1071608066558837
36,1e-06,1e-06,1e-12,SHIP12S,-1489236.134406127,True,0,1568,0.0556366443634033
36,1e-06,1e-06,1e-12,STOCFOR1,41131.976219436176,True,0,259,0.0018730163574218
36,1e-06,1e-06,1e-12,STOCFOR2,39024.40853788116,True,0,4272,14.022063970565796
36,1e-06,1e-06,1e-12,STOCFOR3,-inf,False,1,10000,340.2974216938019
36,1e-06,1e-06,1e-12,TRUSS,-528517.2109136587,False,1,10000,65.34987235069275
36,1e-06,1e-06,1e-12,WOOD1P,-inf,False,3,200,0.0283377170562744
36,1e-06,1e-06,1e-12,WOODW,-inf,False,3,426,0.8235785961151123
37,1e-06,1e-06,1e-13,25FV47,-8618.378814231652,False,1,10000,15.198465824127195
37,1e-06,1e-06,1e-13,ADLITTLE,-225494.96316238047,True,0,144,0.0006649494171142
37,1e-06,1e-06,1e-13,AFIRO,464.7531428571428,True,0,30,0.0002355575561523
37,1e-06,1e-06,1e-13,AGG,36291233.286576286,True,0,609,0.0127656459808349
37,1e-06,1e-06,1e-13,AGG2,20239252.355977103,True,0,571,0.0066504478454589
37,1e-06,1e-06,1e-13,AGG3,-10312115.935089232,True,0,588,0.0097086429595947
37,1e-06,1e-06,1e-13,BANDM,158.62801845024026,True,0,1333,0.0525696277618408
37,1e-06,1e-06,1e-13,BEACONFD,-33592.48580719998,True,0,210,0.0025577545166015
37,1e-06,1e-06,1e-13,BLEND,30.81214984582808,True,0,165,0.0007932186126708
37,1e-06,1e-06,1e-13,BNL1,-1977.6295615227593,True,0,4467,2.558450937271118
37,1e-06,1e-06,1e-13,BNL2,-inf,False,1,10000,63.8450620174408
37,1e-06,1e-06,1e-13,BRANDY,-1518.509896485441,True,0,780,0.0133957862854003
37,1e-06,1e-06,1e-13,D2Q06C,-inf,False,1,10000,89.18647027015686
37,1e-06,1e-06,1e-13,DEGEN2,1435.1779999999994,True,0,2819,0.3068211078643799
37,1e-06,1e-06,1e-13,DEGEN3,-inf,False,1,10000,41.06938338279724
37,1e-06,1e-06,1e-13,E226,18.75192906637468,True,0,738,0.0174083709716796
37,1e-06,1e-06,1e-13,FFFFF800,-555679.5648175066,True,0,1785,0.2185955047607422
37,1e-06,1e-06,1e-13,ISRAEL,896644.8218630381,True,0,913,0.0181725025177001
37,1e-06,1e-06,1e-13,LOTFI,25.26470606188001,True,0,277,0.0024809837341308
37,1e-06,1e-06,1e-13,MAROS-R7,-1497185.1664796427,True,0,4317,56.59164834022522
37,1e-06,1e-06,1e-13,QAP12,-inf,False,1,10000,359.8470673561096
37,1e-06,1e-06,1e-13,QAP15,-inf,False,1,10000,1239.9900937080383
37,1e-06,1e-06,1e-13,QAP8,-inf,False,1,10000,18.500398635864254
37,1e-06,1e-06,1e-13,SC105,52.20206121170722,True,0,139,0.0010709762573242
37,1e-06,1e-06,1e-13,SC205,52.20206121170649,True,0,322,0.0069477558135986
37,1e-06,1e-06,1e-13,SC50A,64.57507705856449,True,0,59,0.0002977848052978
37,1e-06,1e-06,1e-13,SC50B,70.0,True,0,62,0.0003094673156738
37,1e-06,1e-06,1e-13,SCAGR25,14753433.06344632,True,0,1689,0.1638598442077636
37,1e-06,1e-06,1e-13,SCAGR7,2331389.824330985,True,0,270,0.0021679401397705
37,1e-06,1e-06,1e-13,SCFXM1,-18416.759028417593,True,0,847,0.0338542461395263
37,1e-06,1e-06,1e-13,SCFXM2,-36660.261564997534,True,0,1603,0.3004977703094482
37,1e-06,1e-06,1e-13,SCFXM3,-54901.254549747006,True,0,2491,2.017827033996582
37,1e-06,1e-06,1e-13,SCORPION,-1875.8517318290158,True,0,466,0.0088047981262207
37,1e-06,1e-06,1e-13,SCRS8,-449.41749452893407,True,0,1606,0.1836214065551757
37,1e-06,1e-06,1e-13,SCSD1,-8.66666667433336,True,0,385,0.0053918361663818
37,1e-06,1e-06,1e-13,SCSD6,-50.50000007826237,True,0,708,0.0273041725158691
37,1e-06,1e-06,1e-13,SCSD8,-904.999999925461,True,0,2070,1.0172300338745115
37,1e-06,1e-06,1e-13,SCTAP1,-1412.249999999997,True,0,797,0.0330002307891845
37,1e-06,1e-06,1e-13,SCTAP2,-inf,False,1,10000,27.56747055053711
37,1e-06,1e-06,1e-13,SCTAP3,-inf,False,1,10000,47.22364282608032
37,1e-06,1e-06,1e-13,SHARE1B,76589.31857918575,True,0,456,0.0037250518798828
37,1e-06,1e-06,1e-13,SHARE2B,415.732240741419,True,0,204,0.0011131763458251
37,1e-06,1e-06,1e-13,SHIP04L,-1793324.5379703536,True,0,777,0.0117123126983642
37,1e-06,1e-06,1e-13,SHIP04S,-1798714.7004453933,True,0,606,0.0064558982849121
37,1e-06,1e-06,1e-13,SHIP08L,-1909055.211389134,True,0,1518,0.0459671020507812
37,1e-06,1e-06,1e-13,SHIP08S,-1920098.2105346203,True,0,1215,0.0254833698272705
37,1e-06,1e-06,1e-13,SHIP12L,-1470187.919329265,True,0,2060,0.1071667671203613
37,1e-06,1e-06,1e-13,SHIP12S,-1489236.134406127,True,0,1568,0.0555794239044189
37,1e-06,1e-06,1e-13,STOCFOR1,41131.97621943616,True,0,259,0.0019125938415527
37,1e-06,1e-06,1e-13,STOCFOR2,39024.40853788207,True,0,4250,13.89992070198059
37,1e-06,1e-06,1e-13,STOCFOR3,-inf,False,1,10000,341.4879615306854
37,1e-06,1e-06,1e-13,TRUSS,-511910.6864898863,False,1,10000,64.82066035270691
37,1e-06,1e-06,1e-13,WOOD1P,-inf,False,3,323,0.0518391132354736
37,1e-06,1e-06,1e-13,WOODW,-inf,False,3,760,1.954334735870361
38,1e-06,1e-06,1e-14,25FV47,-7517.238775092248,False,1,10000,15.131044626235962
38,1e-06,1e-06,1e-14,ADLITTLE,-225494.96316238047,True,0,144,0.0006382465362548
38,1e-06,1e-06,1e-14,AFIRO,464.7531428571428,True,0,30,0.00022554397583
38,1e-06,1e-06,1e-14,AGG,36291233.286576286,True,0,609,0.0127360820770263
38,1e-06,1e-06,1e-14,AGG2,20239252.355977103,True,0,571,0.0066809654235839
38,1e-06,1e-06,1e-14,AGG3,-10312115.935089232,True,0,588,0.0097076892852783
38,1e-06,1e-06,1e-14,BANDM,158.6280184499312,True,0,1261,0.0501203536987304
38,1e-06,1e-06,1e-14,BEACONFD,-33592.48580719996,True,0,212,0.0026636123657226
38,1e-06,1e-06,1e-14,BLEND,30.81214984582823,True,0,161,0.000786542892456
38,1e-06,1e-06,1e-14,BNL1,-1977.6295615241102,True,0,4659,2.606815814971924
38,1e-06,1e-06,1e-14,BNL2,-7058.577107619767,False,1,10000,63.4864821434021
38,1e-06,1e-06,1e-14,BRANDY,-1518.5098964881197,True,0,647,0.0105619430541992
38,1e-06,1e-06,1e-14,D2Q06C,-inf,False,1,10000,90.43243360519408
38,1e-06,1e-06,1e-14,DEGEN2,1435.1779999999806,True,0,3022,0.3065063953399658
38,1e-06,1e-06,1e-14,DEGEN3,-inf,False,1,10000,41.34916114807129
38,1e-06,1e-06,1e-14,E226,18.75192906621691,True,0,840,0.0200772285461425
38,1e-06,1e-06,1e-14,FFFFF800,-555679.5648175069,True,0,1760,0.1976032257080078
38,1e-06,1e-06,1e-14,ISRAEL,896644.8218630381,True,0,913,0.017773151397705
38,1e-06,1e-06,1e-14,LOTFI,25.26470606188001,True,0,277,0.0024328231811523
38,1e-06,1e-06,1e-14,MAROS-R7,-1497185.1664796427,True,0,4317,56.725706577301025
38,1e-06,1e-06,1e-14,QAP12,-inf,False,1,10000,379.33978295326233
38,1e-06,1e-06,1e-14,QAP15,-inf,False,1,10000,1345.4981932640076
38,1e-06,1e-06,1e-14,QAP8,-256.89585806075826,False,1,10000,18.44894552230835
38,1e-06,1e-06,1e-14,SC105,52.20206121170724,True,0,134,0.0010292530059814
38,1e-06,1e-06,1e-14,SC205,52.2020612117079,True,0,325,0.0070035457611083
38,1e-06,1e-06,1e-14,SC50A,64.57507705856449,True,0,59,0.0002999305725097
38,1e-06,1e-06,1e-14,SC50B,70.0,True,0,62,0.0003113746643066
38,1e-06,1e-06,1e-14,SCAGR25,14753433.049928935,True,0,1701,0.1668930053710937
38,1e-06,1e-06,1e-14,SCAGR7,2331389.8243309762,True,0,250,0.0019853115081787
38,1e-06,1e-06,1e-14,SCFXM1,-18416.759028346125,True,0,896,0.0362334251403808
38,1e-06,1e-06,1e-14,SCFXM2,-36660.26156499932,True,0,1747,0.3444595336914062
38,1e-06,1e-06,1e-14,SCFXM3,-54901.254549742924,True,0,2510,2.013537645339966
38,1e-06,1e-06,1e-14,SCORPION,-1875.8517318290155,True,0,466,0.0087819099426269
38,1e-06,1e-06,1e-14,SCRS8,-536.9613499483563,True,0,1437,0.1336686611175537
38,1e-06,1e-06,1e-14,SCSD1,-8.666666674333365,True,0,512,0.007096529006958
38,1e-06,1e-06,1e-14,SCSD6,-50.500000078262325,True,0,809,0.0319337844848632
38,1e-06,1e-06,1e-14,SCSD8,-904.9999999254622,True,0,1717,0.7723138332366943
38,1e-06,1e-06,1e-14,SCTAP1,-1412.2499999999982,True,0,875,0.0345463752746582
38,1e-06,1e-06,1e-14,SCTAP2,-inf,False,3,903,1.1145474910736084
38,1e-06,1e-06,1e-14,SCTAP3,-inf,False,3,308,0.2535493373870849
38,1e-06,1e-06,1e-14,SHARE1B,76589.31857918575,True,0,456,0.0037205219268798
38,1e-06,1e-06,1e-14,SHARE2B,415.732240741419,True,0,203,0.0010464191436767
38,1e-06,1e-06,1e-14,SHIP04L,-1793324.5379703536,True,0,775,0.0108253955841064
38,1e-06,1e-06,1e-14,SHIP04S,-1798714.7004453933,True,0,606,0.0064356327056884
38,1e-06,1e-06,1e-14,SHIP08L,-1909055.211389134,True,0,1518,0.0441920757293701
38,1e-06,1e-06,1e-14,SHIP08S,-1920098.2105346203,True,0,1215,0.0256321430206298
38,1e-06,1e-06,1e-14,SHIP12L,-1470187.919329265,True,0,2060,0.1076703071594238
38,1e-06,1e-06,1e-14,SHIP12S,-1489236.134406127,True,0,1569,0.0559384822845459
38,1e-06,1e-06,1e-14,STOCFOR1,41131.976219436154,True,0,260,0.001924991607666
38,1e-06,1e-06,1e-14,STOCFOR2,39024.408537882206,True,0,4225,13.68249487876892
38,1e-06,1e-06,1e-14,STOCFOR3,-inf,False,1,10000,355.33671259880066
38,1e-06,1e-06,1e-14,TRUSS,-483206.8293941396,False,1,10000,65.1936137676239
38,1e-06,1e-06,1e-14,WOOD1P,-inf,False,3,140,0.0215198993682861
38,1e-06,1e-06,1e-14,WOODW,-inf,False,3,445,0.8778407573699951
39,1e-06,1e-06,1e-15,25FV47,-8104.690684770465,False,1,10000,15.112229824066162
39,1e-06,1e-06,1e-15,ADLITTLE,-225494.96316238047,True,0,144,0.0006215572357177
39,1e-06,1e-06,1e-15,AFIRO,464.7531428571428,True,0,30,0.0002353191375732
39,1e-06,1e-06,1e-15,AGG,36291233.286576286,True,0,609,0.0132958889007568
39,1e-06,1e-06,1e-15,AGG2,20239252.355977103,True,0,572,0.0067667961120605
39,1e-06,1e-06,1e-15,AGG3,-10312115.935089232,True,0,588,0.0096702575683593
39,1e-06,1e-06,1e-15,BANDM,158.62801835423582,True,0,1605,0.0633583068847656
39,1e-06,1e-06,1e-15,BEACONFD,-33592.48580719996,True,0,212,0.0026552677154541
39,1e-06,1e-06,1e-15,BLEND,30.81214984582805,True,0,180,0.0008461475372314
39,1e-06,1e-06,1e-15,BNL1,-1977.6295615228416,True,0,4340,2.415111780166626
39,1e-06,1e-06,1e-15,BNL2,-14709.029239367563,False,1,10000,63.58858323097229
39,1e-06,1e-06,1e-15,BRANDY,-1518.5098964880663,True,0,704,0.011521577835083
39,1e-06,1e-06,1e-15,D2Q06C,-inf,False,1,10000,91.80819082260132
39,1e-06,1e-06,1e-15,DEGEN2,1435.1779999999912,True,0,2594,0.2588281631469726
39,1e-06,1e-06,1e-15,DEGEN3,-inf,False,1,10000,41.31735134124756
39,1e-06,1e-06,1e-15,E226,18.751929066345806,True,0,785,0.0184876918792724
39,1e-06,1e-06,1e-15,FFFFF800,-555679.5648175101,True,0,1734,0.1940913200378418
39,1e-06,1e-06,1e-15,ISRAEL,896644.8218630381,True,0,913,0.0176479816436767
39,1e-06,1e-06,1e-15,LOTFI,25.26470606188001,True,0,271,0.0023293495178222
39,1e-06,1e-06,1e-15,MAROS-R7,-1497185.1664796427,True,0,4317,56.68564319610596
39,1e-06,1e-06,1e-15,QAP12,-inf,False,1,10000,359.3787000179291
39,1e-06,1e-06,1e-15,QAP15,-inf,False,1,10000,1138.010640859604
39,1e-06,1e-06,1e-15,QAP8,-inf,False,1,10000,18.84419345855713
39,1e-06,1e-06,1e-15,SC105,52.2020612117072,True,0,131,0.0010006427764892
39,1e-06,1e-06,1e-15,SC205,52.20206121167227,True,0,274,0.0055606365203857
39,1e-06,1e-06,1e-15,SC50A,64.57507705856449,True,0,59,0.0003120899200439
39,1e-06,1e-06,1e-15,SC50B,70.0,True,0,62,0.0003168582916259
39,1e-06,1e-06,1e-15,SCAGR25,14753503.684784837,True,0,1613,0.1665949821472168
39,1e-06,1e-06,1e-15,SCAGR7,2331389.8243310177,True,0,267,0.0020759105682373
39,1e-06,1e-06,1e-15,SCFXM1,-18416.759028350636,True,0,749,0.0275859832763671
39,1e-06,1e-06,1e-15,SCFXM2,-36660.261564998276,True,0,1562,0.2594151496887207
39,1e-06,1e-06,1e-15,SCFXM3,-54901.25454972762,True,0,2428,1.9061386585235596
39,1e-06,1e-06,1e-15,SCORPION,-1875.8517318290153,True,0,466,0.0087659358978271
39,1e-06,1e-06,1e-15,SCRS8,-391.6472105614773,True,0,1473,0.1438360214233398
39,1e-06,1e-06,1e-15,SCSD1,-8.666666674333507,True,0,439,0.0057859420776367
39,1e-06,1e-06,1e-15,SCSD6,-50.50000007826234,True,0,630,0.0231306552886962
39,1e-06,1e-06,1e-15,SCSD8,-904.9999999254507,True,0,1598,0.6979806423187256
39,1e-06,1e-06,1e-15,SCTAP1,-1412.2499999999889,True,0,810,0.0295550823211669
39,1e-06,1e-06,1e-15,SCTAP2,-inf,False,3,1500,2.398756504058838
39,1e-06,1e-06,1e-15,SCTAP3,-inf,False,3,1313,3.708054304122925
39,1e-06,1e-06,1e-15,SHARE1B,76589.31857918575,True,0,456,0.0037217140197753
39,1e-06,1e-06,1e-15,SHARE2B,415.7322407414188,True,0,210,0.0010693073272705
39,1e-06,1e-06,1e-15,SHIP04L,-1793324.5379703536,True,0,773,0.0104689598083496
39,1e-06,1e-06,1e-15,SHIP04S,-1798714.7004453936,True,0,608,0.006500244140625
39,1e-06,1e-06,1e-15,SHIP08L,-1909055.2113891335,True,0,1514,0.0452127456665039
39,1e-06,1e-06,1e-15,SHIP08S,-1920098.2105346206,True,0,1214,0.0254139900207519
39,1e-06,1e-06,1e-15,SHIP12L,-1470187.919329265,True,0,2081,0.1090188026428222
39,1e-06,1e-06,1e-15,SHIP12S,-1489236.134406127,True,0,1568,0.0556733608245849
39,1e-06,1e-06,1e-15,STOCFOR1,41131.97621943676,True,0,268,0.0019881725311279
39,1e-06,1e-06,1e-15,STOCFOR2,39024.40853785458,True,0,4240,14.01248049736023
39,1e-06,1e-06,1e-15,STOCFOR3,-inf,False,3,9974,457.10107707977295
39,1e-06,1e-06,1e-15,TRUSS,-552458.925614366,False,1,10000,65.49102306365967
39,1e-06,1e-06,1e-15,WOOD1P,-inf,False,3,120,0.018303632736206
39,1e-06,1e-06,1e-15,WOODW,-inf,False,3,431,0.8334028720855713
40,1e-06,1e-07,1e-11,25FV47,-9091.89177764894,False,1,10000,15.078448057174684
40,1e-06,1e-07,1e-11,ADLITTLE,-225494.96316238047,True,0,144,0.0006062984466552
40,1e-06,1e-07,1e-11,AFIRO,464.7531428571428,True,0,30,0.0002272129058837
40,1e-06,1e-07,1e-11,AGG,36291233.286576286,True,0,612,0.0132505893707275
40,1e-06,1e-07,1e-11,AGG2,20239252.355977103,True,0,571,0.0068025588989257
40,1e-06,1e-07,1e-11,AGG3,-10312115.935089232,True,0,588,0.0097713470458984
40,1e-06,1e-07,1e-11,BANDM,158.62801845002156,True,0,1253,0.0486688613891601
40,1e-06,1e-07,1e-11,BEACONFD,-33592.48580719998,True,0,210,0.0025687217712402
40,1e-06,1e-07,1e-11,BLEND,30.81214984582829,True,0,148,0.0007233619689941
40,1e-06,1e-07,1e-11,BNL1,-1977.6295615231422,True,0,4356,2.405167579650879
40,1e-06,1e-07,1e-11,BNL2,-inf,False,1,10000,63.93804121017456
40,1e-06,1e-07,1e-11,BRANDY,-1518.5325854360578,True,0,805,0.0137605667114257
40,1e-06,1e-07,1e-11,D2Q06C,-inf,False,1,10000,91.51384019851685
40,1e-06,1e-07,1e-11,DEGEN2,1436.4949999999983,True,0,2751,0.2818789482116699
40,1e-06,1e-07,1e-11,DEGEN3,-inf,False,1,10000,41.46026158332825
40,1e-06,1e-07,1e-11,E226,18.75192906637472,True,0,737,0.01707124710083
40,1e-06,1e-07,1e-11,FFFFF800,-inf,False,2,1464,0.1580593585968017
40,1e-06,1e-07,1e-11,ISRAEL,896644.8218630484,True,0,950,0.0184302330017089
40,1e-06,1e-07,1e-11,LOTFI,25.264706061880013,True,0,264,0.0022196769714355
40,1e-06,1e-07,1e-11,MAROS-R7,-1497185.1664796427,True,0,4317,56.74013996124267
40,1e-06,1e-07,1e-11,QAP12,-inf,False,3,5369,179.94113945961
40,1e-06,1e-07,1e-11,QAP15,-inf,False,1,10000,1319.9779510498047
40,1e-06,1e-07,1e-11,QAP8,-inf,False,1,10000,18.213338375091553
40,1e-06,1e-07,1e-11,SC105,52.20206121170722,True,0,138,0.0011208057403564
40,1e-06,1e-07,1e-11,SC205,52.20206121182398,True,0,314,0.0067842006683349
40,1e-06,1e-07,1e-11,SC50A,64.57507705856449,True,0,59,0.0003125667572021
40,1e-06,1e-07,1e-11,SC50B,70.0,True,0,62,0.0003302097320556
40,1e-06,1e-07,1e-11,SCAGR25,14753433.060785834,True,0,1646,0.1610352993011474
40,1e-06,1e-07,1e-11,SCAGR7,2331389.824330985,True,0,270,0.0021862983703613
40,1e-06,1e-07,1e-11,SCFXM1,-18416.75902841995,True,0,801,0.0308461189270019
40,1e-06,1e-07,1e-11,SCFXM2,-36660.26156500209,True,0,1629,0.3493449687957763
40,1e-06,1e-07,1e-11,SCFXM3,-54901.25454975151,True,0,2499,2.052150249481201
40,1e-06,1e-07,1e-11,SCORPION,-1875.8517318290158,True,0,466,0.0099780559539794
40,1e-06,1e-07,1e-11,SCRS8,-449.41749452873216,True,0,1507,0.1447610855102539
40,1e-06,1e-07,1e-11,SCSD1,-8.66666667433337,True,0,363,0.0054755210876464
40,1e-06,1e-07,1e-11,SCSD6,-50.500000078262346,True,0,663,0.0273582935333251
40,1e-06,1e-07,1e-11,SCSD8,-inf,False,3,616,0.1317310333251953
40,1e-06,1e-07,1e-11,SCTAP1,-1412.2500000000616,True,0,862,0.0383739471435546
40,1e-06,1e-07,1e-11,SCTAP2,-inf,False,3,316,0.1875174045562744
40,1e-06,1e-07,1e-11,SCTAP3,-inf,False,3,904,1.9704277515411377
40,1e-06,1e-07,1e-11,SHARE1B,76589.31857918575,True,0,456,0.0039944648742675
40,1e-06,1e-07,1e-11,SHARE2B,415.732240741419,True,0,204,0.0011236667633056
40,1e-06,1e-07,1e-11,SHIP04L,-1793324.5379703536,True,0,777,0.0116174221038818
40,1e-06,1e-07,1e-11,SHIP04S,-1798714.7004453933,True,0,606,0.0072832107543945
40,1e-06,1e-07,1e-11,SHIP08L,-1909055.211389134,True,0,1518,0.0463495254516601
40,1e-06,1e-07,1e-11,SHIP08S,-1920098.2105346203,True,0,1215,0.0268371105194091
40,1e-06,1e-07,1e-11,SHIP12L,-1470187.919329265,True,0,2060,0.1111810207366943
40,1e-06,1e-07,1e-11,SHIP12S,-1489236.134406127,True,0,1568,0.055631399154663
40,1e-06,1e-07,1e-11,STOCFOR1,41131.976219436205,True,0,259,0.0018866062164306
40,1e-06,1e-07,1e-11,STOCFOR2,39024.408537882045,True,0,4273,14.055379390716553
40,1e-06,1e-07,1e-11,STOCFOR3,-inf,False,1,10000,344.97296690940857
40,1e-06,1e-07,1e-11,TRUSS,-613488.0583542016,False,3,4968,28.41474676132202
40,1e-06,1e-07,1e-11,WOOD1P,-inf,False,3,141,0.0174653530120849
40,1e-06,1e-07,1e-11,WOODW,-inf,False,3,808,2.2761335372924805
41,1e-06,1e-07,1e-12,25FV47,-7724.2208835559595,False,1,10000,14.975686073303224
41,1e-06,1e-07,1e-12,ADLITTLE,-225494.96316238047,True,0,144,0.000603437423706
41,1e-06,1e-07,1e-12,AFIRO,464.7531428571428,True,0,30,0.000227928161621
41,1e-06,1e-07,1e-12,AGG,36291233.286576286,True,0,610,0.0131115913391113
41,1e-06,1e-07,1e-12,AGG2,20239252.355977103,True,0,571,0.0067675113677978
41,1e-06,1e-07,1e-12,AGG3,-10312115.935089232,True,0,588,0.0098574161529541
41,1e-06,1e-07,1e-12,BANDM,158.62801845025237,True,0,1363,0.0533967018127441
41,1e-06,1e-07,1e-12,BEACONFD,-33592.48580719998,True,0,210,0.0025956630706787
41,1e-06,1e-07,1e-12,BLEND,30.81214984582829,True,0,148,0.0007252693176269
41,1e-06,1e-07,1e-12,BNL1,-1977.6295615229444,True,0,3872,2.0470802783966064
41,1e-06,1e-07,1e-12,BNL2,-13296.25560756109,False,1,10000,63.43487596511841
41,1e-06,1e-07,1e-12,BRANDY,-1518.5098964937695,True,0,951,0.017646312713623
41,1e-06,1e-07,1e-12,D2Q06C,-inf,False,1,10000,92.03546071052553
41,1e-06,1e-07,1e-12,DEGEN2,1436.4949999999976,True,0,3102,0.3218309879302978
41,1e-06,1e-07,1e-12,DEGEN3,-inf,False,1,10000,41.28634715080261
41,1e-06,1e-07,1e-12,E226,18.75192906637468,True,0,738,0.0170412063598632
41,1e-06,1e-07,1e-12,FFFFF800,-inf,False,2,1511,0.1606440544128418
41,1e-06,1e-07,1e-12,ISRAEL,896644.8218630381,True,0,913,0.0176661014556884
41,1e-06,1e-07,1e-12,LOTFI,25.264706061880016,True,0,266,0.0022475719451904
41,1e-06,1e-07,1e-12,MAROS-R7,-1497185.1664796427,True,0,4317,56.60278415679931
41,1e-06,1e-07,1e-12,QAP12,-inf,False,1,10000,379.39728331565857
41,1e-06,1e-07,1e-12,QAP15,-inf,False,1,10000,1330.4364495277405
41,1e-06,1e-07,1e-12,QAP8,-inf,False,1,10000,18.21860671043396
41,1e-06,1e-07,1e-12,SC105,52.20206121170722,True,0,138,0.0010781288146972
41,1e-06,1e-07,1e-12,SC205,52.202061211805145,True,0,304,0.0065028667449951
41,1e-06,1e-07,1e-12,SC50A,64.57507705856449,True,0,59,0.0003764629364013
41,1e-06,1e-07,1e-12,SC50B,70.0,True,0,62,0.0003254413604736
41,1e-06,1e-07,1e-12,SCAGR25,14753433.841691228,True,0,1621,0.1550066471099853
41,1e-06,1e-07,1e-12,SCAGR7,2331389.824330985,True,0,270,0.0021834373474121
41,1e-06,1e-07,1e-12,SCFXM1,-18416.75902841879,True,0,845,0.0337111949920654
41,1e-06,1e-07,1e-12,SCFXM2,-36660.261565001405,True,0,1603,0.3249063491821289
41,1e-06,1e-07,1e-12,SCFXM3,-54901.25454975134,True,0,2481,1.835416555404663
41,1e-06,1e-07,1e-12,SCORPION,-1875.8517318290158,True,0,466,0.0090131759643554
41,1e-06,1e-07,1e-12,SCRS8,-531.119254753136,True,0,1537,0.1369030475616455
41,1e-06,1e-07,1e-12,SCSD1,-8.666666674333367,True,0,367,0.0051209926605224
41,1e-06,1e-07,1e-12,SCSD6,-50.500000078262346,True,0,663,0.0253338813781738
41,1e-06,1e-07,1e-12,SCSD8,-inf,False,3,618,0.1265769004821777
41,1e-06,1e-07,1e-12,SCTAP1,-1412.2500000000002,True,0,813,0.0322790145874023
41,1e-06,1e-07,1e-12,SCTAP2,-inf,False,3,308,0.1689803600311279
41,1e-06,1e-07,1e-12,SCTAP3,-inf,False,3,814,1.5946307182312012
41,1e-06,1e-07,1e-12,SHARE1B,76589.31857918575,True,0,456,0.00372314453125
41,1e-06,1e-07,1e-12,SHARE2B,415.732240741419,True,0,204,0.0010499954223632
41,1e-06,1e-07,1e-12,SHIP04L,-1793324.5379703536,True,0,777,0.0110409259796142
41,1e-06,1e-07,1e-12,SHIP04S,-1798714.7004453933,True,0,606,0.0063796043395996
41,1e-06,1e-07,1e-12,SHIP08L,-1909055.211389134,True,0,1518,0.0440495014190673
41,1e-06,1e-07,1e-12,SHIP08S,-1920098.2105346203,True,0,1215,0.0257501602172851
41,1e-06,1e-07,1e-12,SHIP12L,-1470187.919329265,True,0,2060,0.1077420711517334
41,1e-06,1e-07,1e-12,SHIP12S,-1489236.134406127,True,0,1568,0.0556979179382324
41,1e-06,1e-07,1e-12,STOCFOR1,41131.976219436176,True,0,259,0.0018811225891113
41,1e-06,1e-07,1e-12,STOCFOR2,39024.40853788116,True,0,4272,14.078282833099363
41,1e-06,1e-07,1e-12,STOCFOR3,-inf,False,1,10000,344.27547812461853
41,1e-06,1e-07,1e-12,TRUSS,-528490.7296828276,False,1,10000,65.28415894508362
41,1e-06,1e-07,1e-12,WOOD1P,-inf,False,3,126,0.0196001529693603
41,1e-06,1e-07,1e-12,WOODW,-inf,False,3,422,0.8099703788757324
42,1e-06,1e-07,1e-13,25FV47,-inf,False,3,6248,8.914090156555176
42,1e-06,1e-07,1e-13,ADLITTLE,-225494.96316238047,True,0,144,0.0006589889526367
42,1e-06,1e-07,1e-13,AFIRO,464.7531428571428,True,0,30,0.0002462863922119
42,1e-06,1e-07,1e-13,AGG,36291233.286576286,True,0,609,0.0139482021331787
42,1e-06,1e-07,1e-13,AGG2,20239252.355977103,True,0,571,0.0073432922363281
42,1e-06,1e-07,1e-13,AGG3,-10312115.935089232,True,0,588,0.0103027820587158
42,1e-06,1e-07,1e-13,BANDM,158.62801845024026,True,0,1333,0.0557057857513427
42,1e-06,1e-07,1e-13,BEACONFD,-33592.48580719998,True,0,210,0.0027182102203369
42,1e-06,1e-07,1e-13,BLEND,30.81214984582808,True,0,165,0.0008432865142822
42,1e-06,1e-07,1e-13,BNL1,-1977.6295615227593,True,0,4467,2.548945426940918
42,1e-06,1e-07,1e-13,BNL2,-inf,False,1,10000,63.82378125190735
42,1e-06,1e-07,1e-13,BRANDY,-1518.509896485441,True,0,780,0.0133464336395263
42,1e-06,1e-07,1e-13,D2Q06C,-inf,False,3,9293,81.26382827758789
42,1e-06,1e-07,1e-13,DEGEN2,1435.1779999999994,True,0,2819,0.2916991710662842
42,1e-06,1e-07,1e-13,DEGEN3,-inf,False,1,10000,41.04845309257507
42,1e-06,1e-07,1e-13,E226,18.75192906637468,True,0,738,0.0178351402282714
42,1e-06,1e-07,1e-13,FFFFF800,-inf,False,2,1450,0.1516675949096679
42,1e-06,1e-07,1e-13,ISRAEL,896644.8218630381,True,0,913,0.0181961059570312
42,1e-06,1e-07,1e-13,LOTFI,25.26470606188001,True,0,277,0.0024783611297607
42,1e-06,1e-07,1e-13,MAROS-R7,-1497185.1664796427,True,0,4317,56.76204204559326
42,1e-06,1e-07,1e-13,QAP12,-inf,False,1,10000,375.75126814842224
42,1e-06,1e-07,1e-13,QAP15,-inf,False,1,10000,1250.841713666916
42,1e-06,1e-07,1e-13,QAP8,-inf,False,1,10000,18.35877752304077
42,1e-06,1e-07,1e-13,SC105,52.20206121170722,True,0,139,0.0010921955108642
42,1e-06,1e-07,1e-13,SC205,52.20206121170649,True,0,322,0.0070328712463378
42,1e-06,1e-07,1e-13,SC50A,64.57507705856449,True,0,59,0.0003054141998291
42,1e-06,1e-07,1e-13,SC50B,70.0,True,0,62,0.0003199577331542
42,1e-06,1e-07,1e-13,SCAGR25,14753433.058337394,True,0,1757,0.1725232601165771
42,1e-06,1e-07,1e-13,SCAGR7,2331389.824330985,True,0,270,0.0022339820861816
42,1e-06,1e-07,1e-13,SCFXM1,-18416.759028417593,True,0,847,0.0340893268585205
42,1e-06,1e-07,1e-13,SCFXM2,-36660.261564997534,True,0,1603,0.2967438697814941
42,1e-06,1e-07,1e-13,SCFXM3,-54901.254549747006,True,0,2491,2.0207226276397705
42,1e-06,1e-07,1e-13,SCORPION,-1875.8517318290158,True,0,466,0.0088303089141845
42,1e-06,1e-07,1e-13,SCRS8,-449.41749452893407,True,0,1606,0.1784060001373291
42,1e-06,1e-07,1e-13,SCSD1,-8.66666667433336,True,0,385,0.0054290294647216
42,1e-06,1e-07,1e-13,SCSD6,-50.50000007826237,True,0,708,0.0273740291595459
42,1e-06,1e-07,1e-13,SCSD8,-inf,False,3,747,0.1884779930114746
42,1e-06,1e-07,1e-13,SCTAP1,-1412.249999999997,True,0,797,0.0311532020568847
42,1e-06,1e-07,1e-13,SCTAP2,-inf,False,3,330,0.1961581707000732
42,1e-06,1e-07,1e-13,SCTAP3,-inf,False,3,987,2.3931868076324463
42,1e-06,1e-07,1e-13,SHARE1B,76589.31857918575,True,0,456,0.00400972366333
42,1e-06,1e-07,1e-13,SHARE2B,415.732240741419,True,0,204,0.001152753829956
42,1e-06,1e-07,1e-13,SHIP04L,-1793324.5379703536,True,0,777,0.0116667747497558
42,1e-06,1e-07,1e-13,SHIP04S,-1798714.7004453933,True,0,606,0.0067610740661621
42,1e-06,1e-07,1e-13,SHIP08L,-1909055.211389134,True,0,1518,0.0461976528167724
42,1e-06,1e-07,1e-13,SHIP08S,-1920098.2105346203,True,0,1215,0.0268807411193847
42,1e-06,1e-07,1e-13,SHIP12L,-1470187.919329265,True,0,2060,0.1124842166900634
42,1e-06,1e-07,1e-13,SHIP12S,-1489236.134406127,True,0,1568,0.058180809020996
42,1e-06,1e-07,1e-13,STOCFOR1,41131.97621943616,True,0,259,0.0020320415496826
42,1e-06,1e-07,1e-13,STOCFOR2,39024.40853788207,True,0,4250,13.894497632980348
42,1e-06,1e-07,1e-13,STOCFOR3,-inf,False,1,10000,342.4415295124054
42,1e-06,1e-07,1e-13,TRUSS,-511910.6864898863,False,1,10000,64.72834348678589
42,1e-06,1e-07,1e-13,WOOD1P,-inf,False,3,130,0.0204575061798095
42,1e-06,1e-07,1e-13,WOODW,-inf,False,3,513,1.111461877822876
43,1e-06,1e-07,1e-14,25FV47,-inf,False,3,2303,2.4337499141693115
43,1e-06,1e-07,1e-14,ADLITTLE,-225494.96316238047,True,0,144,0.0005958080291748
43,1e-06,1e-07,1e-14,AFIRO,464.7531428571428,True,0,30,0.0002319812774658
43,1e-06,1e-07,1e-14,AGG,36291233.286576286,True,0,609,0.0126814842224121
43,1e-06,1e-07,1e-14,AGG2,20239252.355977103,True,0,571,0.0066592693328857
43,1e-06,1e-07,1e-14,AGG3,-10312115.935089232,True,0,588,0.009753942489624
43,1e-06,1e-07,1e-14,BANDM,158.6280184499312,True,0,1261,0.0506384372711181
43,1e-06,1e-07,1e-14,BEACONFD,-33592.48580719996,True,0,212,0.0026125907897949
43,1e-06,1e-07,1e-14,BLEND,30.81214984582823,True,0,161,0.0007805824279785
43,1e-06,1e-07,1e-14,BNL1,-1977.6295615241102,True,0,4659,2.607954502105713
43,1e-06,1e-07,1e-14,BNL2,-7058.577107619767,False,1,10000,63.52067756652832
43,1e-06,1e-07,1e-14,BRANDY,-1518.5098964881197,True,0,647,0.0104532241821289
43,1e-06,1e-07,1e-14,D2Q06C,-inf,False,1,10000,90.54269075393675
43,1e-06,1e-07,1e-14,DEGEN2,1435.1779999999806,True,0,3022,0.3108108043670654
43,1e-06,1e-07,1e-14,DEGEN3,-inf,False,1,10000,41.321998596191406
43,1e-06,1e-07,1e-14,E226,18.75192906621691,True,0,840,0.0205373764038085
43,1e-06,1e-07,1e-14,FFFFF800,-inf,False,2,1458,0.1385691165924072
43,1e-06,1e-07,1e-14,ISRAEL,896644.8218630381,True,0,913,0.0179812908172607
43,1e-06,1e-07,1e-14,LOTFI,25.26470606188001,True,0,277,0.0024685859680175
43,1e-06,1e-07,1e-14,MAROS-R7,-1497185.1664796427,True,0,4317,56.59627842903137
43,1e-06,1e-07,1e-14,QAP12,-inf,False,1,10000,383.52038764953613
43,1e-06,1e-07,1e-14,QAP15,-inf,False,1,10000,1341.7884101867676
43,1e-06,1e-07,1e-14,QAP8,-256.89585806075826,False,1,10000,18.407435417175293
43,1e-06,1e-07,1e-14,SC105,52.20206121170724,True,0,134,0.0011007785797119
43,1e-06,1e-07,1e-14,SC205,52.2020612117079,True,0,325,0.0071358680725097
43,1e-06,1e-07,1e-14,SC50A,64.57507705856449,True,0,59,0.0003166198730468
43,1e-06,1e-07,1e-14,SC50B,70.0,True,0,62,0.0003249645233154
43,1e-06,1e-07,1e-14,SCAGR25,14753433.04952144,True,0,1643,0.1602871417999267
43,1e-06,1e-07,1e-14,SCAGR7,2331389.8243309762,True,0,250,0.0019600391387939
43,1e-06,1e-07,1e-14,SCFXM1,-18416.759028346125,True,0,896,0.0364418029785156
43,1e-06,1e-07,1e-14,SCFXM2,-36660.26156499932,True,0,1747,0.3462944030761719
43,1e-06,1e-07,1e-14,SCFXM3,-54901.254549742924,True,0,2510,2.0417120456695557
43,1e-06,1e-07,1e-14,SCORPION,-1875.8517318290155,True,0,466,0.0097558498382568
43,1e-06,1e-07,1e-14,SCRS8,-536.9613499483563,True,0,1437,0.1422841548919677
43,1e-06,1e-07,1e-14,SCSD1,-8.341051645408305,False,3,436,0.0066664218902587
43,1e-06,1e-07,1e-14,SCSD6,-50.500000078262325,True,0,809,0.0352041721343994
43,1e-06,1e-07,1e-14,SCSD8,-inf,False,3,1636,0.7948334217071533
43,1e-06,1e-07,1e-14,SCTAP1,-1412.2499999999982,True,0,875,0.0382940769195556
43,1e-06,1e-07,1e-14,SCTAP2,-inf,False,1,10000,25.06860899925232
43,1e-06,1e-07,1e-14,SCTAP3,-inf,False,3,249,0.1506388187408447
43,1e-06,1e-07,1e-14,SHARE1B,76589.31857918575,True,0,456,0.0037524700164794
43,1e-06,1e-07,1e-14,SHARE2B,415.732240741419,True,0,203,0.0010640621185302
43,1e-06,1e-07,1e-14,SHIP04L,-1793324.5379703536,True,0,775,0.0108404159545898
43,1e-06,1e-07,1e-14,SHIP04S,-1798714.7004453933,True,0,606,0.0064170360565185
43,1e-06,1e-07,1e-14,SHIP08L,-1909055.211389134,True,0,1518,0.0440654754638671
43,1e-06,1e-07,1e-14,SHIP08S,-1920098.2105346203,True,0,1215,0.0257234573364257
43,1e-06,1e-07,1e-14,SHIP12L,-1470187.919329265,True,0,2060,0.1069691181182861
43,1e-06,1e-07,1e-14,SHIP12S,-1489236.134406127,True,0,1569,0.0556890964508056
43,1e-06,1e-07,1e-14,STOCFOR1,41131.976219436154,True,0,260,0.0019302368164062
43,1e-06,1e-07,1e-14,STOCFOR2,39024.408537882206,True,0,4225,13.724467992782593
43,1e-06,1e-07,1e-14,STOCFOR3,-inf,False,1,10000,355.64007782936096
43,1e-06,1e-07,1e-14,TRUSS,-483206.8293941396,False,1,10000,65.2810161113739
43,1e-06,1e-07,1e-14,WOOD1P,-inf,False,3,125,0.019578218460083
43,1e-06,1e-07,1e-14,WOODW,-inf,False,3,614,1.4686932563781738
44,1e-06,1e-07,1e-15,25FV47,-8104.690684770465,False,1,10000,15.0283043384552
44,1e-06,1e-07,1e-15,ADLITTLE,-225494.96316238047,True,0,144,0.0006067752838134
44,1e-06,1e-07,1e-15,AFIRO,464.7531428571428,True,0,30,0.0002329349517822
44,1e-06,1e-07,1e-15,AGG,36291233.286576286,True,0,609,0.0129251480102539
44,1e-06,1e-07,1e-15,AGG2,20239252.355977103,True,0,572,0.0067353248596191
44,1e-06,1e-07,1e-15,AGG3,-10312115.935089232,True,0,588,0.0097544193267822
44,1e-06,1e-07,1e-15,BANDM,195.16329683112048,True,0,1996,0.0845363140106201
44,1e-06,1e-07,1e-15,BEACONFD,-33592.48580719996,True,0,212,0.0026977062225341
44,1e-06,1e-07,1e-15,BLEND,30.81214984582805,True,0,180,0.0008645057678222
44,1e-06,1e-07,1e-15,BNL1,-1977.6295615222102,True,0,4336,2.4270787239074707
44,1e-06,1e-07,1e-15,BNL2,-14709.029239367563,False,1,10000,63.55213522911072
44,1e-06,1e-07,1e-15,BRANDY,-1518.5098964880663,True,0,704,0.0116662979125976
44,1e-06,1e-07,1e-15,D2Q06C,-inf,False,3,2139,6.7067039012908936
44,1e-06,1e-07,1e-15,DEGEN2,1435.1779999999912,True,0,2594,0.2551808357238769
44,1e-06,1e-07,1e-15,DEGEN3,-inf,False,1,10000,41.26953983306885
44,1e-06,1e-07,1e-15,E226,18.751929066345806,True,0,785,0.0186405181884765
44,1e-06,1e-07,1e-15,FFFFF800,-inf,False,2,1457,0.137204885482788
44,1e-06,1e-07,1e-15,ISRAEL,896644.8218630381,True,0,913,0.0179316997528076
44,1e-06,1e-07,1e-15,LOTFI,25.26470606188001,True,0,271,0.002326488494873
44,1e-06,1e-07,1e-15,MAROS-R7,-1497185.1664796427,True,0,4317,56.7015495300293
44,1e-06,1e-07,1e-15,QAP12,-inf,False,1,10000,363.61141705513
44,1e-06,1e-07,1e-15,QAP15,-inf,False,1,10000,1059.0337443351746
44,1e-06,1e-07,1e-15,QAP8,-inf,False,1,10000,18.74540638923645
44,1e-06,1e-07,1e-15,SC105,52.2020612117072,True,0,131,0.0010952949523925
44,1e-06,1e-07,1e-15,SC205,52.20206121167227,True,0,274,0.0056765079498291
44,1e-06,1e-07,1e-15,SC50A,64.57507705856449,True,0,59,0.00030517578125
44,1e-06,1e-07,1e-15,SC50B,70.0,True,0,62,0.0003209114074707
44,1e-06,1e-07,1e-15,SCAGR25,14753503.684784837,True,0,1613,0.1652405261993408
44,1e-06,1e-07,1e-15,SCAGR7,2331389.8243310177,True,0,267,0.0021147727966308
44,1e-06,1e-07,1e-15,SCFXM1,-18416.759028350636,True,0,749,0.0275802612304687
44,1e-06,1e-07,1e-15,SCFXM2,-36660.261564998276,True,0,1562,0.2580368518829345
44,1e-06,1e-07,1e-15,SCFXM3,-54901.25454972762,True,0,2428,1.9048011302948
44,1e-06,1e-07,1e-15,SCORPION,-1875.8517318290153,True,0,466,0.0087852478027343
44,1e-06,1e-07,1e-15,SCRS8,-391.6472105614773,True,0,1473,0.1368641853332519
44,1e-06,1e-07,1e-15,SCSD1,-8.666666674333507,True,0,439,0.0058093070983886
44,1e-06,1e-07,1e-15,SCSD6,-50.50000007826234,True,0,630,0.0232801437377929
44,1e-06,1e-07,1e-15,SCSD8,-inf,False,3,1017,0.3629095554351806
44,1e-06,1e-07,1e-15,SCTAP1,-1412.2499999999889,True,0,810,0.0297143459320068
44,1e-06,1e-07,1e-15,SCTAP2,-inf,False,1,10000,26.067906379699707
44,1e-06,1e-07,1e-15,SCTAP3,-inf,False,3,589,0.917363166809082
44,1e-06,1e-07,1e-15,SHARE1B,76589.31857918575,True,0,456,0.003786563873291
44,1e-06,1e-07,1e-15,SHARE2B,415.7322407414188,True,0,210,0.0010576248168945
44,1e-06,1e-07,1e-15,SHIP04L,-1793324.5379703536,True,0,773,0.0106198787689208
44,1e-06,1e-07,1e-15,SHIP04S,-1798714.7004453936,True,0,608,0.0066065788269042
44,1e-06,1e-07,1e-15,SHIP08L,-1909055.2113891335,True,0,1514,0.0441055297851562
44,1e-06,1e-07,1e-15,SHIP08S,-1920098.2105346206,True,0,1214,0.0254490375518798
44,1e-06,1e-07,1e-15,SHIP12L,-1470187.919329265,True,0,2081,0.1090059280395507
44,1e-06,1e-07,1e-15,SHIP12S,-1489236.134406127,True,0,1568,0.0556337833404541
44,1e-06,1e-07,1e-15,STOCFOR1,41131.97621943676,True,0,268,0.0020408630371093
44,1e-06,1e-07,1e-15,STOCFOR2,39024.40853785458,True,0,4240,13.974048137664797
44,1e-06,1e-07,1e-15,STOCFOR3,-inf,False,1,10000,465.4321804046631
44,1e-06,1e-07,1e-15,TRUSS,-552458.925614366,False,1,10000,65.42103791236877
44,1e-06,1e-07,1e-15,WOOD1P,-inf,False,3,120,0.0184683799743652
44,1e-06,1e-07,1e-15,WOODW,-inf,False,3,474,0.9783179759979248
45,1e-07,1e-05,1e-11,25FV47,-9091.89177764894,False,1,10000,15.068455934524536
45,1e-07,1e-05,1e-11,ADLITTLE,-225494.96316238047,True,0,144,0.0005979537963867
45,1e-07,1e-05,1e-11,AFIRO,464.7531428571428,True,0,30,0.0002338886260986
45,1e-07,1e-05,1e-11,AGG,36291233.286576286,True,0,612,0.012852668762207
45,1e-07,1e-05,1e-11,AGG2,20239252.355977103,True,0,571,0.0066533088684082
45,1e-07,1e-05,1e-11,AGG3,-10312115.935089232,True,0,588,0.009763479232788
45,1e-07,1e-05,1e-11,BANDM,158.62801845002156,True,0,1253,0.0481815338134765
45,1e-07,1e-05,1e-11,BEACONFD,-33592.48580719998,True,0,210,0.0026032924652099
45,1e-07,1e-05,1e-11,BLEND,30.81214984582829,True,0,148,0.000737190246582
45,1e-07,1e-05,1e-11,BNL1,-1977.6295615231422,True,0,4356,2.39160680770874
45,1e-07,1e-05,1e-11,BNL2,-inf,False,1,10000,64.12763619422913
45,1e-07,1e-05,1e-11,BRANDY,-1518.5098964874944,True,0,703,0.0119695663452148
45,1e-07,1e-05,1e-11,D2Q06C,-inf,False,1,10000,91.60113334655762
45,1e-07,1e-05,1e-11,DEGEN2,1436.4949999999983,True,0,2751,0.2837703227996826
45,1e-07,1e-05,1e-11,DEGEN3,-inf,False,1,10000,41.43526220321655
45,1e-07,1e-05,1e-11,E226,18.75192906637472,True,0,737,0.0170609951019287
45,1e-07,1e-05,1e-11,FFFFF800,-555679.5648175079,True,0,1715,0.1961507797241211
45,1e-07,1e-05,1e-11,ISRAEL,896644.8218630484,True,0,950,0.0183732509613037
45,1e-07,1e-05,1e-11,LOTFI,25.264706061880013,True,0,264,0.0022330284118652
45,1e-07,1e-05,1e-11,MAROS-R7,-1497185.166479643,True,0,4315,56.62102508544922
45,1e-07,1e-05,1e-11,QAP12,-inf,False,1,10000,379.33385825157166
45,1e-07,1e-05,1e-11,QAP15,-inf,False,1,10000,1321.8442664146423
45,1e-07,1e-05,1e-11,QAP8,-inf,False,1,10000,18.240068435668945
45,1e-07,1e-05,1e-11,SC105,52.20206121170722,True,0,138,0.0010581016540527
45,1e-07,1e-05,1e-11,SC205,52.20206121182398,True,0,314,0.0066673755645751
45,1e-07,1e-05,1e-11,SC50A,64.57507705856449,True,0,59,0.0003082752227783
45,1e-07,1e-05,1e-11,SC50B,70.0,True,0,62,0.0003223419189453
45,1e-07,1e-05,1e-11,SCAGR25,14753433.060785834,True,0,1646,0.1606733798980713
45,1e-07,1e-05,1e-11,SCAGR7,2331389.824330985,True,0,270,0.0022037029266357
45,1e-07,1e-05,1e-11,SCFXM1,-18416.75902841995,True,0,801,0.0309593677520751
45,1e-07,1e-05,1e-11,SCFXM2,-36660.26156500209,True,0,1629,0.3449175357818603
45,1e-07,1e-05,1e-11,SCFXM3,-54901.25454975151,True,0,2499,2.0542118549346924
45,1e-07,1e-05,1e-11,SCORPION,-1875.8517318290158,True,0,466,0.0088598728179931
45,1e-07,1e-05,1e-11,SCRS8,-449.41749452873216,True,0,1507,0.1352193355560302
45,1e-07,1e-05,1e-11,SCSD1,-8.66666667433337,True,0,363,0.0050442218780517
45,1e-07,1e-05,1e-11,SCSD6,-50.500000078262346,True,0,663,0.0252037048339843
45,1e-07,1e-05,1e-11,SCSD8,-904.9999999254596,True,0,1998,0.9448416233062744
45,1e-07,1e-05,1e-11,SCTAP1,-1412.2500000000616,True,0,862,0.0360279083251953
45,1e-07,1e-05,1e-11,SCTAP2,-inf,False,3,686,0.7953078746795654
45,1e-07,1e-05,1e-11,SCTAP3,-1424.0000000005905,True,0,6978,27.588793516159058
45,1e-07,1e-05,1e-11,SHARE1B,76589.31857918575,True,0,456,0.0038368701934814
45,1e-07,1e-05,1e-11,SHARE2B,415.732240741419,True,0,204,0.0010771751403808
45,1e-07,1e-05,1e-11,SHIP04L,-1793324.5379703536,True,0,777,0.0118086338043212
45,1e-07,1e-05,1e-11,SHIP04S,-1798714.7004453933,True,0,606,0.0065128803253173
45,1e-07,1e-05,1e-11,SHIP08L,-1909055.211389134,True,0,1518,0.0465161800384521
45,1e-07,1e-05,1e-11,SHIP08S,-1920098.2105346203,True,0,1215,0.0258536338806152
45,1e-07,1e-05,1e-11,SHIP12L,-1470187.919329265,True,0,2060,0.107999563217163
45,1e-07,1e-05,1e-11,SHIP12S,-1489236.134406127,True,0,1568,0.0564332008361816
45,1e-07,1e-05,1e-11,STOCFOR1,41131.976219436205,True,0,259,0.0019512176513671
45,1e-07,1e-05,1e-11,STOCFOR2,39024.408537882045,True,0,4273,14.078339338302612
45,1e-07,1e-05,1e-11,STOCFOR3,-inf,False,1,10000,342.006343126297
45,1e-07,1e-05,1e-11,TRUSS,-490193.67208101606,False,1,10000,65.01919841766357
45,1e-07,1e-05,1e-11,WOOD1P,-inf,False,3,70,0.0114743709564208
45,1e-07,1e-05,1e-11,WOODW,-1.0974312524122334,True,0,2470,12.274161100387571
46,1e-07,1e-05,1e-12,25FV47,-7610.933451797614,False,1,10000,15.021199226379396
46,1e-07,1e-05,1e-12,ADLITTLE,-225494.96316238047,True,0,144,0.0005984306335449
46,1e-07,1e-05,1e-12,AFIRO,464.7531428571428,True,0,30,0.0002336502075195
46,1e-07,1e-05,1e-12,AGG,36291233.286576286,True,0,610,0.0127923488616943
46,1e-07,1e-05,1e-12,AGG2,20239252.355977103,True,0,571,0.0066537857055664
46,1e-07,1e-05,1e-12,AGG3,-10312115.935089232,True,0,588,0.0097613334655761
46,1e-07,1e-05,1e-12,BANDM,158.62801845025237,True,0,1363,0.0539357662200927
46,1e-07,1e-05,1e-12,BEACONFD,-33592.48580719998,True,0,210,0.0025949478149414
46,1e-07,1e-05,1e-12,BLEND,30.81214984582829,True,0,148,0.0007309913635253
46,1e-07,1e-05,1e-12,BNL1,-1977.6295615229444,True,0,3872,2.0264151096343994
46,1e-07,1e-05,1e-12,BNL2,-13296.25560756109,False,1,10000,63.63991379737854
46,1e-07,1e-05,1e-12,BRANDY,-1518.5098964937695,True,0,951,0.017186164855957
46,1e-07,1e-05,1e-12,D2Q06C,-inf,False,1,10000,92.06185269355774
46,1e-07,1e-05,1e-12,DEGEN2,1436.4949999999976,True,0,3102,0.3354198932647705
46,1e-07,1e-05,1e-12,DEGEN3,-inf,False,1,10000,41.57323718070984
46,1e-07,1e-05,1e-12,E226,18.75192906637468,True,0,738,0.0170600414276123
46,1e-07,1e-05,1e-12,FFFFF800,-555679.5648175086,True,0,1737,0.2022831439971923
46,1e-07,1e-05,1e-12,ISRAEL,896644.8218630381,True,0,913,0.0176749229431152
46,1e-07,1e-05,1e-12,LOTFI,25.264706061880016,True,0,266,0.0022532939910888
46,1e-07,1e-05,1e-12,MAROS-R7,-1497185.166479643,True,0,4315,56.79453420639038
46,1e-07,1e-05,1e-12,QAP12,-inf,False,1,10000,380.5732820034027
46,1e-07,1e-05,1e-12,QAP15,-inf,False,1,10000,1320.8296537399292
46,1e-07,1e-05,1e-12,QAP8,-inf,False,1,10000,18.44806981086731
46,1e-07,1e-05,1e-12,SC105,52.20206121170722,True,0,138,0.0010900497436523
46,1e-07,1e-05,1e-12,SC205,52.202061211805145,True,0,304,0.0065357685089111
46,1e-07,1e-05,1e-12,SC50A,64.57507705856449,True,0,59,0.0003116130828857
46,1e-07,1e-05,1e-12,SC50B,70.0,True,0,62,0.0003232955932617
46,1e-07,1e-05,1e-12,SCAGR25,14753434.374419656,True,0,1754,0.1725344657897949
46,1e-07,1e-05,1e-12,SCAGR7,2331389.824330985,True,0,270,0.0022180080413818
46,1e-07,1e-05,1e-12,SCFXM1,-18416.75902841879,True,0,845,0.0337123870849609
46,1e-07,1e-05,1e-12,SCFXM2,-36660.261565001405,True,0,1603,0.3354690074920654
46,1e-07,1e-05,1e-12,SCFXM3,-54901.25454975134,True,0,2481,1.836822271347046
46,1e-07,1e-05,1e-12,SCORPION,-1875.8517318290158,True,0,466,0.0088498592376708
46,1e-07,1e-05,1e-12,SCRS8,-531.119254753136,True,0,1537,0.1383209228515625
46,1e-07,1e-05,1e-12,SCSD1,-8.666666674333367,True,0,367,0.0051445960998535
46,1e-07,1e-05,1e-12,SCSD6,-50.500000078262346,True,0,663,0.0253157615661621
46,1e-07,1e-05,1e-12,SCSD8,-904.9999999254597,True,0,1963,0.911005973815918
46,1e-07,1e-05,1e-12,SCTAP1,-1412.2500000000002,True,0,813,0.032311201095581
46,1e-07,1e-05,1e-12,SCTAP2,-inf,False,1,10000,26.275447130203247
46,1e-07,1e-05,1e-12,SCTAP3,-inf,False,1,10000,47.17694878578186
46,1e-07,1e-05,1e-12,SHARE1B,76589.31857918575,True,0,456,0.0039348602294921
46,1e-07,1e-05,1e-12,SHARE2B,415.732240741419,True,0,204,0.0011022090911865
46,1e-07,1e-05,1e-12,SHIP04L,-1793324.5379703536,True,0,777,0.011960744857788
46,1e-07,1e-05,1e-12,SHIP04S,-1798714.7004453933,True,0,606,0.0065791606903076
46,1e-07,1e-05,1e-12,SHIP08L,-1909055.211389134,True,0,1518,0.047551155090332
46,1e-07,1e-05,1e-12,SHIP08S,-1920098.2105346203,True,0,1215,0.0258266925811767
46,1e-07,1e-05,1e-12,SHIP12L,-1470187.919329265,True,0,2060,0.108654499053955
46,1e-07,1e-05,1e-12,SHIP12S,-1489236.134406127,True,0,1568,0.0564067363739013
46,1e-07,1e-05,1e-12,STOCFOR1,41131.976219436176,True,0,259,0.0019140243530273
46,1e-07,1e-05,1e-12,STOCFOR2,39024.40853788116,True,0,4272,14.039401292800903
46,1e-07,1e-05,1e-12,STOCFOR3,-inf,False,1,10000,342.8923692703247
46,1e-07,1e-05,1e-12,TRUSS,-528517.2109136587,False,1,10000,65.44934940338135
46,1e-07,1e-05,1e-12,WOOD1P,-inf,False,3,221,0.0304641723632812
46,1e-07,1e-05,1e-12,WOODW,-inf,False,3,1035,3.1384389400482178
47,1e-07,1e-05,1e-13,25FV47,-7736.1331505949765,False,1,10000,15.289416790008543
47,1e-07,1e-05,1e-13,ADLITTLE,-225494.96316238047,True,0,144,0.0006933212280273
47,1e-07,1e-05,1e-13,AFIRO,464.7531428571428,True,0,30,0.0002515316009521
47,1e-07,1e-05,1e-13,AGG,36291233.286576286,True,0,609,0.0133543014526367
47,1e-07,1e-05,1e-13,AGG2,20239252.355977103,True,0,571,0.0068066120147705
47,1e-07,1e-05,1e-13,AGG3,-10312115.935089232,True,0,588,0.0097794532775878
47,1e-07,1e-05,1e-13,BANDM,158.62801845024026,True,0,1333,0.0527412891387939
47,1e-07,1e-05,1e-13,BEACONFD,-33592.48580719998,True,0,210,0.0025975704193115
47,1e-07,1e-05,1e-13,BLEND,30.81214984582808,True,0,165,0.0008015632629394
47,1e-07,1e-05,1e-13,BNL1,-1977.6295615227593,True,0,4467,2.521411418914795
47,1e-07,1e-05,1e-13,BNL2,-inf,False,1,10000,63.90359592437744
47,1e-07,1e-05,1e-13,BRANDY,-1518.509896485441,True,0,780,0.013301134109497
47,1e-07,1e-05,1e-13,D2Q06C,-inf,False,1,10000,89.27441143989563
47,1e-07,1e-05,1e-13,DEGEN2,1435.1779999999994,True,0,2819,0.3147826194763183
47,1e-07,1e-05,1e-13,DEGEN3,-inf,False,1,10000,40.99117708206177
47,1e-07,1e-05,1e-13,E226,18.75192906637468,True,0,738,0.0170485973358154
47,1e-07,1e-05,1e-13,FFFFF800,-555679.5648175065,True,0,1782,0.2094452381134033
47,1e-07,1e-05,1e-13,ISRAEL,896644.8218630381,True,0,913,0.0177109241485595
47,1e-07,1e-05,1e-13,LOTFI,25.26470606188001,True,0,277,0.0024034976959228
47,1e-07,1e-05,1e-13,MAROS-R7,-1497185.166479643,True,0,4315,56.696972370147705
47,1e-07,1e-05,1e-13,QAP12,-inf,False,1,10000,361.0887053012848
47,1e-07,1e-05,1e-13,QAP15,-inf,False,1,10000,1255.4647028446198
47,1e-07,1e-05,1e-13,QAP8,-inf,False,1,10000,18.41670799255371
47,1e-07,1e-05,1e-13,SC105,52.20206121170722,True,0,139,0.0010888576507568
47,1e-07,1e-05,1e-13,SC205,52.20206121170649,True,0,322,0.0070266723632812
47,1e-07,1e-05,1e-13,SC50A,64.57507705856449,True,0,59,0.0003213882446289
47,1e-07,1e-05,1e-13,SC50B,70.0,True,0,62,0.0003261566162109
47,1e-07,1e-05,1e-13,SCAGR25,14753433.063131807,True,0,1631,0.1573312282562255
47,1e-07,1e-05,1e-13,SCAGR7,2331389.824330985,True,0,270,0.0021679401397705
47,1e-07,1e-05,1e-13,SCFXM1,-18416.759028417593,True,0,847,0.0337138175964355
47,1e-07,1e-05,1e-13,SCFXM2,-36660.261564997534,True,0,1603,0.2936303615570068
47,1e-07,1e-05,1e-13,SCFXM3,-54901.254549746605,True,0,2505,2.036374807357788
47,1e-07,1e-05,1e-13,SCORPION,-1875.8517318290158,True,0,466,0.0090742111206054
47,1e-07,1e-05,1e-13,SCRS8,-449.41749452893407,True,0,1606,0.1871569156646728
47,1e-07,1e-05,1e-13,SCSD1,-8.66666667433336,True,0,385,0.0054168701171875
47,1e-07,1e-05,1e-13,SCSD6,-50.50000007826237,True,0,708,0.0275204181671142
47,1e-07,1e-05,1e-13,SCSD8,-904.999999925461,True,0,2070,1.001453161239624
47,1e-07,1e-05,1e-13,SCTAP1,-1412.249999999997,True,0,797,0.0313508510589599
47,1e-07,1e-05,1e-13,SCTAP2,-inf,False,3,1326,2.0883758068084717
47,1e-07,1e-05,1e-13,SCTAP3,-inf,False,1,10000,45.044607639312744
47,1e-07,1e-05,1e-13,SHARE1B,76589.31857918575,True,0,456,0.0041382312774658
47,1e-07,1e-05,1e-13,SHARE2B,415.732240741419,True,0,204,0.0012648105621337
47,1e-07,1e-05,1e-13,SHIP04L,-1793324.5379703536,True,0,777,0.0125322341918945
47,1e-07,1e-05,1e-13,SHIP04S,-1798714.7004453933,True,0,606,0.0069386959075927
47,1e-07,1e-05,1e-13,SHIP08L,-1909055.211389134,True,0,1518,0.0496129989624023
47,1e-07,1e-05,1e-13,SHIP08S,-1920098.2105346203,True,0,1215,0.027048110961914
47,1e-07,1e-05,1e-13,SHIP12L,-1470187.919329265,True,0,2060,0.1136655807495117
47,1e-07,1e-05,1e-13,SHIP12S,-1489236.134406127,True,0,1568,0.0592899322509765
47,1e-07,1e-05,1e-13,STOCFOR1,41131.97621943616,True,0,259,0.0020830631256103
47,1e-07,1e-05,1e-13,STOCFOR2,39024.40853788207,True,0,4250,13.92802906036377
47,1e-07,1e-05,1e-13,STOCFOR3,-inf,False,1,10000,341.8865330219269
47,1e-07,1e-05,1e-13,TRUSS,-511910.6864898863,False,1,10000,64.86057806015015
47,1e-07,1e-05,1e-13,WOOD1P,-inf,False,3,263,0.0380799770355224
47,1e-07,1e-05,1e-13,WOODW,-inf,False,1,10000,59.80432939529419
48,1e-07,1e-05,1e-14,25FV47,-9293.842122505854,False,1,10000,15.182292938232422
48,1e-07,1e-05,1e-14,ADLITTLE,-225494.96316238047,True,0,144,0.0006117820739746
48,1e-07,1e-05,1e-14,AFIRO,464.7531428571428,True,0,30,0.0002360343933105
48,1e-07,1e-05,1e-14,AGG,36291233.286576286,True,0,609,0.0131762027740478
48,1e-07,1e-05,1e-14,AGG2,20239252.355977103,True,0,571,0.0067601203918457
48,1e-07,1e-05,1e-14,AGG3,-10312115.935089232,True,0,588,0.0097527503967285
48,1e-07,1e-05,1e-14,BANDM,158.6280184499312,True,0,1261,0.0503504276275634
48,1e-07,1e-05,1e-14,BEACONFD,-33592.48580719996,True,0,212,0.0027024745941162
48,1e-07,1e-05,1e-14,BLEND,30.81214984582823,True,0,161,0.0008249282836914
48,1e-07,1e-05,1e-14,BNL1,-1977.6295615241413,True,0,4656,2.563131809234619
48,1e-07,1e-05,1e-14,BNL2,-7058.577107619767,False,1,10000,63.484283447265625
48,1e-07,1e-05,1e-14,BRANDY,-1518.5098964881197,True,0,647,0.0105159282684326
48,1e-07,1e-05,1e-14,D2Q06C,-inf,False,1,10000,91.49629139900208
48,1e-07,1e-05,1e-14,DEGEN2,1435.1779999999806,True,0,3022,0.3366167545318603
48,1e-07,1e-05,1e-14,DEGEN3,-inf,False,1,10000,41.24988031387329
48,1e-07,1e-05,1e-14,E226,18.75192906621691,True,0,840,0.0204308032989501
48,1e-07,1e-05,1e-14,FFFFF800,-555679.5648175069,True,0,1760,0.1965084075927734
48,1e-07,1e-05,1e-14,ISRAEL,896644.8218630381,True,0,913,0.0179133415222167
48,1e-07,1e-05,1e-14,LOTFI,25.26470606188001,True,0,277,0.0024399757385253
48,1e-07,1e-05,1e-14,MAROS-R7,-1497185.166479643,True,0,4315,56.643701791763306
48,1e-07,1e-05,1e-14,QAP12,-inf,False,1,10000,381.9252727031708
48,1e-07,1e-05,1e-14,QAP15,-inf,False,1,10000,1355.812024116516
48,1e-07,1e-05,1e-14,QAP8,-256.89585806075826,False,1,10000,18.45091032981873
48,1e-07,1e-05,1e-14,SC105,52.20206121170724,True,0,134,0.0010628700256347
48,1e-07,1e-05,1e-14,SC205,52.2020612117079,True,0,325,0.0071439743041992
48,1e-07,1e-05,1e-14,SC50A,64.57507705856449,True,0,59,0.0003144741058349
48,1e-07,1e-05,1e-14,SC50B,70.0,True,0,62,0.00032639503479
48,1e-07,1e-05,1e-14,SCAGR25,14753433.064155417,True,0,1763,0.1776621341705322
48,1e-07,1e-05,1e-14,SCAGR7,2331389.8243309762,True,0,250,0.0019905567169189
48,1e-07,1e-05,1e-14,SCFXM1,-18416.759028346125,True,0,896,0.0367789268493652
48,1e-07,1e-05,1e-14,SCFXM2,-36660.26156499932,True,0,1747,0.3500947952270508
48,1e-07,1e-05,1e-14,SCFXM3,-54901.254549742924,True,0,2510,2.014336347579956
48,1e-07,1e-05,1e-14,SCORPION,-1875.8517318290155,True,0,466,0.0088491439819335
48,1e-07,1e-05,1e-14,SCRS8,-536.9613499483563,True,0,1437,0.1293814182281494
48,1e-07,1e-05,1e-14,SCSD1,-8.666666674333365,True,0,512,0.0071985721588134
48,1e-07,1e-05,1e-14,SCSD6,-50.500000078262325,True,0,809,0.0322217941284179
48,1e-07,1e-05,1e-14,SCSD8,-904.9999999254622,True,0,1717,0.7755610942840576
48,1e-07,1e-05,1e-14,SCTAP1,-1412.2499999999982,True,0,875,0.0347483158111572
48,1e-07,1e-05,1e-14,SCTAP2,-inf,False,1,10000,25.768930673599243
48,1e-07,1e-05,1e-14,SCTAP3,-inf,False,3,1037,2.5048904418945312
48,1e-07,1e-05,1e-14,SHARE1B,76589.31857918575,True,0,456,0.0037939548492431
48,1e-07,1e-05,1e-14,SHARE2B,415.732240741419,True,0,203,0.001065969467163
48,1e-07,1e-05,1e-14,SHIP04L,-1793324.5379703536,True,0,775,0.0108437538146972
48,1e-07,1e-05,1e-14,SHIP04S,-1798714.7004453933,True,0,606,0.0071046352386474
48,1e-07,1e-05,1e-14,SHIP08L,-1909055.211389134,True,0,1518,0.0443074703216552
48,1e-07,1e-05,1e-14,SHIP08S,-1920098.2105346203,True,0,1215,0.0256166458129882
48,1e-07,1e-05,1e-14,SHIP12L,-1470187.919329265,True,0,2060,0.1075243949890136
48,1e-07,1e-05,1e-14,SHIP12S,-1489236.134406127,True,0,1569,0.0558369159698486
48,1e-07,1e-05,1e-14,STOCFOR1,41131.976219436154,True,0,260,0.0020148754119873
48,1e-07,1e-05,1e-14,STOCFOR2,39024.408537882206,True,0,4225,13.690648794174194
48,1e-07,1e-05,1e-14,STOCFOR3,-inf,False,1,10000,354.14482402801514
48,1e-07,1e-05,1e-14,TRUSS,-483206.8293941396,False,1,10000,65.26266431808472
48,1e-07,1e-05,1e-14,WOOD1P,-inf,False,3,1619,0.1904869079589843
48,1e-07,1e-05,1e-14,WOODW,-inf,False,3,510,1.0780401229858398
49,1e-07,1e-05,1e-15,25FV47,-8104.690684770465,False,1,10000,15.182000637054443
49,1e-07,1e-05,1e-15,ADLITTLE,-225494.96316238047,True,0,144,0.0006473064422607
49,1e-07,1e-05,1e-15,AFIRO,464.7531428571428,True,0,30,0.0002491474151611
49,1e-07,1e-05,1e-15,AGG,36291233.286576286,True,0,609,0.0136537551879882
49,1e-07,1e-05,1e-15,AGG2,20239252.355977103,True,0,572,0.0069904327392578
49,1e-07,1e-05,1e-15,AGG3,-10312115.935089232,True,0,588,0.010038137435913
49,1e-07,1e-05,1e-15,BANDM,-inf,False,2,1201,0.0469164848327636
49,1e-07,1e-05,1e-15,BEACONFD,-33592.48580719996,True,0,212,0.0026867389678955
49,1e-07,1e-05,1e-15,BLEND,30.81214984582805,True,0,180,0.000892162322998
49,1e-07,1e-05,1e-15,BNL1,-1977.629561522581,True,0,4341,2.462139129638672
49,1e-07,1e-05,1e-15,BNL2,-14709.029239367563,False,1,10000,63.840603828430176
49,1e-07,1e-05,1e-15,BRANDY,-1518.5098964880663,True,0,704,0.0123281478881835
49,1e-07,1e-05,1e-15,D2Q06C,-inf,False,1,10000,91.51186800003052
49,1e-07,1e-05,1e-15,DEGEN2,1435.1779999999912,True,0,2594,0.257807970046997
49,1e-07,1e-05,1e-15,DEGEN3,-inf,False,1,10000,41.2852566242218
49,1e-07,1e-05,1e-15,E226,18.751929066345806,True,0,785,0.018517255783081
49,1e-07,1e-05,1e-15,FFFFF800,-555679.5648175101,True,0,1734,0.1844000816345214
49,1e-07,1e-05,1e-15,ISRAEL,896644.8218630381,True,0,913,0.0179536342620849
49,1e-07,1e-05,1e-15,LOTFI,25.26470606188001,True,0,271,0.0024130344390869
49,1e-07,1e-05,1e-15,MAROS-R7,-1497185.166479643,True,0,4315,56.7567937374115
49,1e-07,1e-05,1e-15,QAP12,-inf,False,1,10000,370.8478548526764
49,1e-07,1e-05,1e-15,QAP15,-inf,False,1,10000,1179.8328924179075
49,1e-07,1e-05,1e-15,QAP8,-inf,False,1,10000,18.815304040908813
49,1e-07,1e-05,1e-15,SC105,52.2020612117072,True,0,131,0.00108003616333
49,1e-07,1e-05,1e-15,SC205,52.20206121167227,True,0,274,0.0056903362274169
49,1e-07,1e-05,1e-15,SC50A,64.57507705856449,True,0,59,0.0003225803375244
49,1e-07,1e-05,1e-15,SC50B,70.0,True,0,62,0.000335693359375
49,1e-07,1e-05,1e-15,SCAGR25,67052098.12247347,False,3,1651,0.171032428741455
49,1e-07,1e-05,1e-15,SCAGR7,2331389.8243310177,True,0,267,0.0021140575408935
49,1e-07,1e-05,1e-15,SCFXM1,-18416.759028350636,True,0,749,0.027822732925415
49,1e-07,1e-05,1e-15,SCFXM2,-36660.261564998276,True,0,1562,0.2658267021179199
49,1e-07,1e-05,1e-15,SCFXM3,-54901.25454972762,True,0,2428,1.9117958545684817
49,1e-07,1e-05,1e-15,SCORPION,-1875.8517318290153,True,0,466,0.0090150833129882
49,1e-07,1e-05,1e-15,SCRS8,-391.6472105614773,True,0,1473,0.1371207237243652
49,1e-07,1e-05,1e-15,SCSD1,-8.666666674333507,True,0,439,0.0058748722076416
49,1e-07,1e-05,1e-15,SCSD6,-50.50000007826234,True,0,630,0.0232975482940673
49,1e-07,1e-05,1e-15,SCSD8,-904.9999999254507,True,0,1598,0.7028450965881348
49,1e-07,1e-05,1e-15,SCTAP1,-1412.2499999999889,True,0,810,0.0298666954040527
49,1e-07,1e-05,1e-15,SCTAP2,-inf,False,1,10000,25.98816156387329
49,1e-07,1e-05,1e-15,SCTAP3,-inf,False,1,10000,48.869539737701416
49,1e-07,1e-05,1e-15,SHARE1B,76589.31857918575,True,0,456,0.0037946701049804
49,1e-07,1e-05,1e-15,SHARE2B,415.7322407414188,True,0,210,0.0010738372802734
49,1e-07,1e-05,1e-15,SHIP04L,-1793324.5379703536,True,0,773,0.0111825466156005
49,1e-07,1e-05,1e-15,SHIP04S,-1798714.7004453936,True,0,608,0.0071606636047363
49,1e-07,1e-05,1e-15,SHIP08L,-1909055.2113891335,True,0,1514,0.0459916591644287
49,1e-07,1e-05,1e-15,SHIP08S,-1920098.2105346206,True,0,1214,0.0253818035125732
49,1e-07,1e-05,1e-15,SHIP12L,-1470187.919329265,True,0,2081,0.1092455387115478
49,1e-07,1e-05,1e-15,SHIP12S,-1489236.134406127,True,0,1568,0.0556795597076416
49,1e-07,1e-05,1e-15,STOCFOR1,41131.97621943676,True,0,268,0.002058982849121
49,1e-07,1e-05,1e-15,STOCFOR2,39024.40853785458,True,0,4240,13.963527917861938
49,1e-07,1e-05,1e-15,STOCFOR3,-inf,False,1,10000,440.087096452713
49,1e-07,1e-05,1e-15,TRUSS,-552458.925614366,False,1,10000,65.46522951126099
49,1e-07,1e-05,1e-15,WOOD1P,-inf,False,3,878,0.1065151691436767
49,1e-07,1e-05,1e-15,WOODW,-1.0974312524165515,True,0,2644,13.348961114883425
50,1e-07,1e-06,1e-11,25FV47,-9091.89177764894,False,1,10000,15.173151016235352
50,1e-07,1e-06,1e-11,ADLITTLE,-225494.96316238047,True,0,144,0.0006539821624755
50,1e-07,1e-06,1e-11,AFIRO,464.7531428571428,True,0,30,0.0002534389495849
50,1e-07,1e-06,1e-11,AGG,36291233.286576286,True,0,612,0.0140738487243652
50,1e-07,1e-06,1e-11,AGG2,20239252.355977103,True,0,571,0.0072600841522216
50,1e-07,1e-06,1e-11,AGG3,-10312115.935089232,True,0,588,0.0104343891143798
50,1e-07,1e-06,1e-11,BANDM,158.62801845002156,True,0,1253,0.0495541095733642
50,1e-07,1e-06,1e-11,BEACONFD,-33592.48580719998,True,0,210,0.0027339458465576
50,1e-07,1e-06,1e-11,BLEND,30.81214984582829,True,0,148,0.000732421875
50,1e-07,1e-06,1e-11,BNL1,-1977.6295615231422,True,0,4356,2.4304487705230713
50,1e-07,1e-06,1e-11,BNL2,-inf,False,1,10000,63.84732699394226
50,1e-07,1e-06,1e-11,BRANDY,-inf,False,3,146,0.0028834342956542
50,1e-07,1e-06,1e-11,D2Q06C,-inf,False,1,10000,91.4992973804474
50,1e-07,1e-06,1e-11,DEGEN2,1436.4949999999983,True,0,2751,0.2859070301055908
50,1e-07,1e-06,1e-11,DEGEN3,-inf,False,1,10000,41.483503580093384
50,1e-07,1e-06,1e-11,E226,18.75192906637472,True,0,737,0.0171616077423095
50,1e-07,1e-06,1e-11,FFFFF800,-555679.5648175078,True,0,1715,0.1982107162475586
50,1e-07,1e-06,1e-11,ISRAEL,896644.8218630484,True,0,950,0.0184791088104248
50,1e-07,1e-06,1e-11,LOTFI,25.264706061880013,True,0,264,0.0022385120391845
50,1e-07,1e-06,1e-11,MAROS-R7,-1497185.1664796427,True,0,4317,56.796603202819824
50,1e-07,1e-06,1e-11,QAP12,-inf,False,1,10000,378.9515562057495
50,1e-07,1e-06,1e-11,QAP15,-inf,False,1,10000,1317.800478219986
50,1e-07,1e-06,1e-11,QAP8,-inf,False,1,10000,18.244553565979004
50,1e-07,1e-06,1e-11,SC105,52.20206121170722,True,0,138,0.001094102859497
50,1e-07,1e-06,1e-11,SC205,52.20206121182398,True,0,314,0.0067613124847412
50,1e-07,1e-06,1e-11,SC50A,64.57507705856449,True,0,59,0.0003111362457275
50,1e-07,1e-06,1e-11,SC50B,70.0,True,0,62,0.0003275871276855
50,1e-07,1e-06,1e-11,SCAGR25,14753433.060785834,True,0,1646,0.1599574089050293
50,1e-07,1e-06,1e-11,SCAGR7,2331389.824330985,True,0,270,0.0022087097167968
50,1e-07,1e-06,1e-11,SCFXM1,-18416.75902841995,True,0,801,0.0314393043518066
50,1e-07,1e-06,1e-11,SCFXM2,-36660.26156500209,True,0,1629,0.3579163551330566
50,1e-07,1e-06,1e-11,SCFXM3,-54901.25454975151,True,0,2499,2.048905372619629
50,1e-07,1e-06,1e-11,SCORPION,-1875.8517318290158,True,0,466,0.0090763568878173
50,1e-07,1e-06,1e-11,SCRS8,-449.41749452873216,True,0,1507,0.1379189491271972
50,1e-07,1e-06,1e-11,SCSD1,-8.66666667433337,True,0,363,0.0051703453063964
50,1e-07,1e-06,1e-11,SCSD6,-50.500000078262346,True,0,663,0.0253143310546875
50,1e-07,1e-06,1e-11,SCSD8,-904.9999999254596,True,0,1998,0.9508838653564452
50,1e-07,1e-06,1e-11,SCTAP1,-1412.2500000000616,True,0,862,0.036182165145874
50,1e-07,1e-06,1e-11,SCTAP2,-inf,False,3,1280,2.174647569656372
50,1e-07,1e-06,1e-11,SCTAP3,-inf,False,3,1122,2.594949960708618
50,1e-07,1e-06,1e-11,SHARE1B,76589.31857918575,True,0,456,0.0038113594055175
50,1e-07,1e-06,1e-11,SHARE2B,415.732240741419,True,0,204,0.0010757446289062
50,1e-07,1e-06,1e-11,SHIP04L,-1793324.5379703536,True,0,777,0.0109679698944091
50,1e-07,1e-06,1e-11,SHIP04S,-1798714.7004453933,True,0,606,0.0071110725402832
50,1e-07,1e-06,1e-11,SHIP08L,-1909055.211389134,True,0,1518,0.0440964698791503
50,1e-07,1e-06,1e-11,SHIP08S,-1920098.2105346203,True,0,1215,0.0254812240600585
50,1e-07,1e-06,1e-11,SHIP12L,-1470187.919329265,True,0,2060,0.1067349910736084
50,1e-07,1e-06,1e-11,SHIP12S,-1489236.134406127,True,0,1568,0.0553767681121826
50,1e-07,1e-06,1e-11,STOCFOR1,41131.976219436205,True,0,259,0.0019230842590332
50,1e-07,1e-06,1e-11,STOCFOR2,39024.408537882045,True,0,4273,14.06027865409851
50,1e-07,1e-06,1e-11,STOCFOR3,-inf,False,1,10000,342.554851770401
50,1e-07,1e-06,1e-11,TRUSS,-490193.67208101606,False,1,10000,64.91418170928955
50,1e-07,1e-06,1e-11,WOOD1P,-inf,False,3,68,0.0114433765411376
50,1e-07,1e-06,1e-11,WOODW,-1.097431252412951,True,0,2485,12.107816696166992
51,1e-07,1e-06,1e-12,25FV47,-7724.2208835559595,False,1,10000,15.040210008621216
51,1e-07,1e-06,1e-12,ADLITTLE,-225494.96316238047,True,0,144,0.0006566047668457
51,1e-07,1e-06,1e-12,AFIRO,464.7531428571428,True,0,30,0.0002405643463134
51,1e-07,1e-06,1e-12,AGG,36291233.286576286,True,0,610,0.0131747722625732
51,1e-07,1e-06,1e-12,AGG2,20239252.355977103,True,0,571,0.00677490234375
51,1e-07,1e-06,1e-12,AGG3,-10312115.935089232,True,0,588,0.0098311901092529
51,1e-07,1e-06,1e-12,BANDM,158.62801845025237,True,0,1363,0.0540413856506347
51,1e-07,1e-06,1e-12,BEACONFD,-33592.48580719998,True,0,210,0.0025959014892578
51,1e-07,1e-06,1e-12,BLEND,30.81214984582829,True,0,148,0.0007393360137939
51,1e-07,1e-06,1e-12,BNL1,-1977.6295615229444,True,0,3872,2.0697429180145264
51,1e-07,1e-06,1e-12,BNL2,-13296.25560756109,False,1,10000,63.458138942718506
51,1e-07,1e-06,1e-12,BRANDY,-1518.5098964937695,True,0,951,0.0166406631469726
51,1e-07,1e-06,1e-12,D2Q06C,-inf,False,1,10000,92.0334255695343
51,1e-07,1e-06,1e-12,DEGEN2,1436.4949999999976,True,0,3102,0.3282506465911865
51,1e-07,1e-06,1e-12,DEGEN3,-inf,False,1,10000,41.352418422698975
51,1e-07,1e-06,1e-12,E226,18.75192906637468,True,0,738,0.0170700550079345
51,1e-07,1e-06,1e-12,FFFFF800,-555679.5648175083,True,0,1735,0.2041506767272949
51,1e-07,1e-06,1e-12,ISRAEL,896644.8218630381,True,0,913,0.0189805030822753
51,1e-07,1e-06,1e-12,LOTFI,25.264706061880016,True,0,266,0.0024080276489257
51,1e-07,1e-06,1e-12,MAROS-R7,-1497185.1664796427,True,0,4317,56.72299575805664
51,1e-07,1e-06,1e-12,QAP12,-inf,False,1,10000,386.1843042373657
51,1e-07,1e-06,1e-12,QAP15,-inf,False,1,10000,1341.6924505233765
51,1e-07,1e-06,1e-12,QAP8,-inf,False,1,10000,18.35153603553772
51,1e-07,1e-06,1e-12,SC105,52.20206121170722,True,0,138,0.0011358261108398
51,1e-07,1e-06,1e-12,SC205,52.202061211805145,True,0,304,0.0065367221832275
51,1e-07,1e-06,1e-12,SC50A,64.57507705856449,True,0,59,0.0003974437713623
51,1e-07,1e-06,1e-12,SC50B,70.0,True,0,62,0.0003399848937988
51,1e-07,1e-06,1e-12,SCAGR25,14753432.178237738,True,0,1583,0.1509857177734375
51,1e-07,1e-06,1e-12,SCAGR7,2331389.824330985,True,0,270,0.0022058486938476
51,1e-07,1e-06,1e-12,SCFXM1,-18416.75902841879,True,0,845,0.0341198444366455
51,1e-07,1e-06,1e-12,SCFXM2,-36660.261565001405,True,0,1603,0.3348269462585449
51,1e-07,1e-06,1e-12,SCFXM3,-54901.25454975134,True,0,2481,1.837926149368286
51,1e-07,1e-06,1e-12,SCORPION,-1875.8517318290158,True,0,466,0.0090961456298828
51,1e-07,1e-06,1e-12,SCRS8,-531.119254753136,True,0,1537,0.1433734893798828
51,1e-07,1e-06,1e-12,SCSD1,-8.666666674333367,True,0,367,0.0057036876678466
51,1e-07,1e-06,1e-12,SCSD6,-50.500000078262346,True,0,663,0.0276200771331787
51,1e-07,1e-06,1e-12,SCSD8,-904.9999999254597,True,0,1963,0.9347283840179444
51,1e-07,1e-06,1e-12,SCTAP1,-1412.2500000000002,True,0,813,0.0324509143829345
51,1e-07,1e-06,1e-12,SCTAP2,-inf,False,3,784,1.0226783752441406
51,1e-07,1e-06,1e-12,SCTAP3,-inf,False,3,820,1.6041300296783447
51,1e-07,1e-06,1e-12,SHARE1B,76589.31857918575,True,0,456,0.00374436378479
51,1e-07,1e-06,1e-12,SHARE2B,415.732240741419,True,0,204,0.0010962486267089
51,1e-07,1e-06,1e-12,SHIP04L,-1793324.5379703536,True,0,777,0.0110135078430175
51,1e-07,1e-06,1e-12,SHIP04S,-1798714.7004453933,True,0,606,0.0071179866790771
51,1e-07,1e-06,1e-12,SHIP08L,-1909055.211389134,True,0,1518,0.0443513393402099
51,1e-07,1e-06,1e-12,SHIP08S,-1920098.2105346203,True,0,1215,0.0256068706512451
51,1e-07,1e-06,1e-12,SHIP12L,-1470187.919329265,True,0,2060,0.1069753170013427
51,1e-07,1e-06,1e-12,SHIP12S,-1489236.134406127,True,0,1568,0.0555362701416015
51,1e-07,1e-06,1e-12,STOCFOR1,41131.976219436176,True,0,259,0.0019042491912841
51,1e-07,1e-06,1e-12,STOCFOR2,39024.40853788116,True,0,4272,14.047791957855225
51,1e-07,1e-06,1e-12,STOCFOR3,-inf,False,1,10000,345.43755197525024
51,1e-07,1e-06,1e-12,TRUSS,-528517.2109136587,False,1,10000,65.32233119010925
51,1e-07,1e-06,1e-12,WOOD1P,-inf,False,3,200,0.0283124446868896
51,1e-07,1e-06,1e-12,WOODW,-inf,False,3,426,0.8229091167449951
52,1e-07,1e-06,1e-13,25FV47,-8618.378814231652,False,1,10000,15.181442499160768
52,1e-07,1e-06,1e-13,ADLITTLE,-225494.96316238047,True,0,144,0.0006210803985595
52,1e-07,1e-06,1e-13,AFIRO,464.7531428571428,True,0,30,0.0002458095550537
52,1e-07,1e-06,1e-13,AGG,36291233.286576286,True,0,609,0.0131173133850097
52,1e-07,1e-06,1e-13,AGG2,20239252.355977103,True,0,571,0.0067732334136962
52,1e-07,1e-06,1e-13,AGG3,-10312115.935089232,True,0,588,0.0097479820251464
52,1e-07,1e-06,1e-13,BANDM,158.62801845024026,True,0,1333,0.0530076026916503
52,1e-07,1e-06,1e-13,BEACONFD,-33592.48580719998,True,0,210,0.0026249885559082
52,1e-07,1e-06,1e-13,BLEND,30.81214984582808,True,0,165,0.0008070468902587
52,1e-07,1e-06,1e-13,BNL1,-1977.6295615227593,True,0,4467,2.558974266052246
52,1e-07,1e-06,1e-13,BNL2,-inf,False,1,10000,63.79895734786987
52,1e-07,1e-06,1e-13,BRANDY,-1518.509896485441,True,0,780,0.013622760772705
52,1e-07,1e-06,1e-13,D2Q06C,-inf,False,1,10000,89.17205500602722
52,1e-07,1e-06,1e-13,DEGEN2,1435.1779999999994,True,0,2819,0.2894046306610107
52,1e-07,1e-06,1e-13,DEGEN3,-inf,False,1,10000,41.118024826049805
52,1e-07,1e-06,1e-13,E226,18.75192906637468,True,0,738,0.0181233882904052
52,1e-07,1e-06,1e-13,FFFFF800,-555679.5648175066,True,0,1785,0.2140836715698242
52,1e-07,1e-06,1e-13,ISRAEL,896644.8218630381,True,0,913,0.0185835361480712
52,1e-07,1e-06,1e-13,LOTFI,25.26470606188001,True,0,277,0.0025672912597656
52,1e-07,1e-06,1e-13,MAROS-R7,-1497185.1664796427,True,0,4317,56.5801784992218
52,1e-07,1e-06,1e-13,QAP12,-inf,False,1,10000,365.1193106174469
52,1e-07,1e-06,1e-13,QAP15,-inf,False,1,10000,1250.0895161628723
52,1e-07,1e-06,1e-13,QAP8,-inf,False,1,10000,18.366095542907715
52,1e-07,1e-06,1e-13,SC105,52.20206121170722,True,0,139,0.0010950565338134
52,1e-07,1e-06,1e-13,SC205,52.20206121170649,True,0,322,0.0070409774780273
52,1e-07,1e-06,1e-13,SC50A,64.57507705856449,True,0,59,0.0003166198730468
52,1e-07,1e-06,1e-13,SC50B,70.0,True,0,62,0.0003318786621093
52,1e-07,1e-06,1e-13,SCAGR25,14753433.06344632,True,0,1689,0.1641626358032226
52,1e-07,1e-06,1e-13,SCAGR7,2331389.824330985,True,0,270,0.0022439956665039
52,1e-07,1e-06,1e-13,SCFXM1,-18416.759028417593,True,0,847,0.0338156223297119
52,1e-07,1e-06,1e-13,SCFXM2,-36660.261564997534,True,0,1603,0.3045051097869873
52,1e-07,1e-06,1e-13,SCFXM3,-54901.254549747006,True,0,2491,2.014150619506836
52,1e-07,1e-06,1e-13,SCORPION,-1875.8517318290158,True,0,466,0.0090799331665039
52,1e-07,1e-06,1e-13,SCRS8,-449.41749452893407,True,0,1606,0.183356761932373
52,1e-07,1e-06,1e-13,SCSD1,-8.66666667433336,True,0,385,0.0055038928985595
52,1e-07,1e-06,1e-13,SCSD6,-50.50000007826237,True,0,708,0.027433156967163
52,1e-07,1e-06,1e-13,SCSD8,-904.999999925461,True,0,2070,1.0145583152770996
52,1e-07,1e-06,1e-13,SCTAP1,-1412.249999999997,True,0,797,0.0313327312469482
52,1e-07,1e-06,1e-13,SCTAP2,-inf,False,1,10000,27.566298007965088
52,1e-07,1e-06,1e-13,SCTAP3,-inf,False,1,10000,47.27868056297302
52,1e-07,1e-06,1e-13,SHARE1B,76589.31857918575,True,0,456,0.0038850307464599
52,1e-07,1e-06,1e-13,SHARE2B,415.732240741419,True,0,204,0.0010783672332763
52,1e-07,1e-06,1e-13,SHIP04L,-1793324.5379703536,True,0,777,0.0117695331573486
52,1e-07,1e-06,1e-13,SHIP04S,-1798714.7004453933,True,0,606,0.0070912837982177
52,1e-07,1e-06,1e-13,SHIP08L,-1909055.211389134,True,0,1518,0.0462062358856201
52,1e-07,1e-06,1e-13,SHIP08S,-1920098.2105346203,True,0,1215,0.0254831314086914
52,1e-07,1e-06,1e-13,SHIP12L,-1470187.919329265,True,0,2060,0.1070408821105957
52,1e-07,1e-06,1e-13,SHIP12S,-1489236.134406127,True,0,1568,0.0557098388671875
52,1e-07,1e-06,1e-13,STOCFOR1,41131.97621943616,True,0,259,0.0019450187683105
52,1e-07,1e-06,1e-13,STOCFOR2,39024.40853788207,True,0,4250,13.91959524154663
52,1e-07,1e-06,1e-13,STOCFOR3,-inf,False,1,10000,342.69761753082275
52,1e-07,1e-06,1e-13,TRUSS,-511910.6864898863,False,1,10000,64.92567944526672
52,1e-07,1e-06,1e-13,WOOD1P,-inf,False,3,323,0.0524139404296875
52,1e-07,1e-06,1e-13,WOODW,-inf,False,3,760,1.966344118118286
53,1e-07,1e-06,1e-14,25FV47,-7517.238775092248,False,1,10000,15.129924058914185
53,1e-07,1e-06,1e-14,ADLITTLE,-225494.96316238047,True,0,144,0.000617504119873
53,1e-07,1e-06,1e-14,AFIRO,464.7531428571428,True,0,30,0.0002446174621582
53,1e-07,1e-06,1e-14,AGG,36291233.286576286,True,0,609,0.0131430625915527
53,1e-07,1e-06,1e-14,AGG2,20239252.355977103,True,0,571,0.0067508220672607
53,1e-07,1e-06,1e-14,AGG3,-10312115.935089232,True,0,588,0.0097498893737792
53,1e-07,1e-06,1e-14,BANDM,158.6280184499312,True,0,1261,0.0500993728637695
53,1e-07,1e-06,1e-14,BEACONFD,-33592.48580719996,True,0,212,0.0027532577514648
53,1e-07,1e-06,1e-14,BLEND,30.81214984582823,True,0,161,0.0007956027984619
53,1e-07,1e-06,1e-14,BNL1,-1977.6295615241102,True,0,4659,2.6210408210754395
53,1e-07,1e-06,1e-14,BNL2,-7058.577107619767,False,1,10000,63.42189908027649
53,1e-07,1e-06,1e-14,BRANDY,-1518.5098964881197,True,0,647,0.0104944705963134
53,1e-07,1e-06,1e-14,D2Q06C,-inf,False,1,10000,90.58655309677124
53,1e-07,1e-06,1e-14,DEGEN2,1435.1779999999806,True,0,3022,0.303443431854248
53,1e-07,1e-06,1e-14,DEGEN3,-inf,False,1,10000,41.29879212379456
53,1e-07,1e-06,1e-14,E226,18.75192906621691,True,0,840,0.0207014083862304
53,1e-07,1e-06,1e-14,FFFFF800,-555679.5648175069,True,0,1760,0.1976425647735595
53,1e-07,1e-06,1e-14,ISRAEL,896644.8218630381,True,0,913,0.0182604789733886
53,1e-07,1e-06,1e-14,LOTFI,25.26470606188001,True,0,277,0.0031812191009521
53,1e-07,1e-06,1e-14,MAROS-R7,-1497185.1664796427,True,0,4317,56.650813817977905
53,1e-07,1e-06,1e-14,QAP12,-inf,False,1,10000,387.1608426570892
53,1e-07,1e-06,1e-14,QAP15,-inf,False,1,10000,1357.60737490654
53,1e-07,1e-06,1e-14,QAP8,-256.89585806075826,False,1,10000,18.427378177642822
53,1e-07,1e-06,1e-14,SC105,52.20206121170724,True,0,134,0.0010678768157958
53,1e-07,1e-06,1e-14,SC205,52.2020612117079,True,0,325,0.0070605278015136
53,1e-07,1e-06,1e-14,SC50A,64.57507705856449,True,0,59,0.0003273487091064
53,1e-07,1e-06,1e-14,SC50B,70.0,True,0,62,0.0003318786621093
53,1e-07,1e-06,1e-14,SCAGR25,-inf,False,2,1276,0.1147515773773193
53,1e-07,1e-06,1e-14,SCAGR7,2331389.8243309762,True,0,250,0.0019648075103759
53,1e-07,1e-06,1e-14,SCFXM1,-18416.759028346125,True,0,896,0.0365347862243652
53,1e-07,1e-06,1e-14,SCFXM2,-36660.26156499932,True,0,1747,0.3477985858917236
53,1e-07,1e-06,1e-14,SCFXM3,-54901.254549742924,True,0,2510,2.016350030899048
53,1e-07,1e-06,1e-14,SCORPION,-1875.8517318290155,True,0,466,0.0090639591217041
53,1e-07,1e-06,1e-14,SCRS8,-536.9613499483563,True,0,1437,0.1323130130767822
53,1e-07,1e-06,1e-14,SCSD1,-8.666666674333365,True,0,512,0.0072298049926757
53,1e-07,1e-06,1e-14,SCSD6,-50.500000078262325,True,0,809,0.0321123600006103
53,1e-07,1e-06,1e-14,SCSD8,-904.9999999254622,True,0,1717,0.7744050025939941
53,1e-07,1e-06,1e-14,SCTAP1,-1412.2499999999982,True,0,875,0.0348930358886718
53,1e-07,1e-06,1e-14,SCTAP2,-inf,False,3,903,1.1130692958831787
53,1e-07,1e-06,1e-14,SCTAP3,-inf,False,3,308,0.2531311511993408
53,1e-07,1e-06,1e-14,SHARE1B,76589.31857918575,True,0,456,0.0037505626678466
53,1e-07,1e-06,1e-14,SHARE2B,415.732240741419,True,0,203,0.0010583400726318
53,1e-07,1e-06,1e-14,SHIP04L,-1793324.5379703536,True,0,775,0.0108933448791503
53,1e-07,1e-06,1e-14,SHIP04S,-1798714.7004453933,True,0,606,0.0064866542816162
53,1e-07,1e-06,1e-14,SHIP08L,-1909055.211389134,True,0,1518,0.0441420078277587
53,1e-07,1e-06,1e-14,SHIP08S,-1920098.2105346203,True,0,1215,0.0255699157714843
53,1e-07,1e-06,1e-14,SHIP12L,-1470187.919329265,True,0,2060,0.1070702075958252
53,1e-07,1e-06,1e-14,SHIP12S,-1489236.134406127,True,0,1569,0.055694580078125
53,1e-07,1e-06,1e-14,STOCFOR1,41131.976219436154,True,0,260,0.0019116401672363
53,1e-07,1e-06,1e-14,STOCFOR2,39024.408537882206,True,0,4225,13.693373680114746
53,1e-07,1e-06,1e-14,STOCFOR3,-inf,False,1,10000,352.52599716186523
53,1e-07,1e-06,1e-14,TRUSS,-483206.8293941396,False,1,10000,65.26531147956848
53,1e-07,1e-06,1e-14,WOOD1P,-inf,False,3,140,0.0216612815856933
53,1e-07,1e-06,1e-14,WOODW,-inf,False,3,445,0.8890669345855713
54,1e-07,1e-06,1e-15,25FV47,-8104.690684770465,False,1,10000,15.07863473892212
54,1e-07,1e-06,1e-15,ADLITTLE,-225494.96316238047,True,0,144,0.0006592273712158
54,1e-07,1e-06,1e-15,AFIRO,464.7531428571428,True,0,30,0.0002422332763671
54,1e-07,1e-06,1e-15,AGG,36291233.286576286,True,0,609,0.0132415294647216
54,1e-07,1e-06,1e-15,AGG2,20239252.355977103,True,0,572,0.0067932605743408
54,1e-07,1e-06,1e-15,AGG3,-10312115.935089232,True,0,588,0.0097460746765136
54,1e-07,1e-06,1e-15,BANDM,158.62801835423605,True,0,1605,0.0635907649993896
54,1e-07,1e-06,1e-15,BEACONFD,-33592.48580719996,True,0,212,0.0026271343231201
54,1e-07,1e-06,1e-15,BLEND,30.81214984582805,True,0,180,0.0008697509765625
54,1e-07,1e-06,1e-15,BNL1,-1977.6295615228416,True,0,4340,2.4338278770446777
54,1e-07,1e-06,1e-15,BNL2,-14709.029239367563,False,1,10000,63.654632806777954
54,1e-07,1e-06,1e-15,BRANDY,-1518.5098964880663,True,0,704,0.0115506649017333
54,1e-07,1e-06,1e-15,D2Q06C,-inf,False,1,10000,91.9209418296814
54,1e-07,1e-06,1e-15,DEGEN2,1435.1779999999912,True,0,2594,0.2564303874969482
54,1e-07,1e-06,1e-15,DEGEN3,-inf,False,1,10000,41.24401259422302
54,1e-07,1e-06,1e-15,E226,18.751929066345806,True,0,785,0.018552541732788
54,1e-07,1e-06,1e-15,FFFFF800,-555679.5648175101,True,0,1734,0.1900699138641357
54,1e-07,1e-06,1e-15,ISRAEL,896644.8218630381,True,0,913,0.0178501605987548
54,1e-07,1e-06,1e-15,LOTFI,25.26470606188001,True,0,271,0.0023484230041503
54,1e-07,1e-06,1e-15,MAROS-R7,-1497185.1664796427,True,0,4317,56.74502992630005
54,1e-07,1e-06,1e-15,QAP12,-inf,False,1,10000,360.99072885513306
54,1e-07,1e-06,1e-15,QAP15,-inf,False,1,10000,1131.69917011261
54,1e-07,1e-06,1e-15,QAP8,-inf,False,1,10000,18.76695942878723
54,1e-07,1e-06,1e-15,SC105,52.2020612117072,True,0,131,0.0011293888092041
54,1e-07,1e-06,1e-15,SC205,52.20206121167227,True,0,274,0.0057051181793212
54,1e-07,1e-06,1e-15,SC50A,64.57507705856449,True,0,59,0.0003230571746826
54,1e-07,1e-06,1e-15,SC50B,70.0,True,0,62,0.0003364086151123
54,1e-07,1e-06,1e-15,SCAGR25,14753503.68478484,True,0,1521,0.1548008918762207
54,1e-07,1e-06,1e-15,SCAGR7,2331389.8243310177,True,0,267,0.0021111965179443
54,1e-07,1e-06,1e-15,SCFXM1,-18416.759028350636,True,0,749,0.0276579856872558
54,1e-07,1e-06,1e-15,SCFXM2,-36660.261564998276,True,0,1562,0.26568603515625
54,1e-07,1e-06,1e-15,SCFXM3,-54901.25454972762,True,0,2428,1.9100546836853027
54,1e-07,1e-06,1e-15,SCORPION,-1875.8517318290153,True,0,466,0.0090410709381103
54,1e-07,1e-06,1e-15,SCRS8,-391.6472105614773,True,0,1473,0.1411664485931396
54,1e-07,1e-06,1e-15,SCSD1,-8.666666674333507,True,0,439,0.0058550834655761
54,1e-07,1e-06,1e-15,SCSD6,-50.50000007826234,True,0,630,0.0233829021453857
54,1e-07,1e-06,1e-15,SCSD8,-904.9999999254507,True,0,1598,0.7035126686096191
54,1e-07,1e-06,1e-15,SCTAP1,-1412.2499999999889,True,0,810,0.0301334857940673
54,1e-07,1e-06,1e-15,SCTAP2,-inf,False,3,1500,2.40242862701416
54,1e-07,1e-06,1e-15,SCTAP3,-inf,False,3,1313,3.741833209991455
54,1e-07,1e-06,1e-15,SHARE1B,76589.31857918575,True,0,456,0.0037322044372558
54,1e-07,1e-06,1e-15,SHARE2B,415.7322407414188,True,0,210,0.0010826587677001
54,1e-07,1e-06,1e-15,SHIP04L,-1793324.5379703536,True,0,773,0.0104889869689941
54,1e-07,1e-06,1e-15,SHIP04S,-1798714.7004453936,True,0,608,0.006594181060791
54,1e-07,1e-06,1e-15,SHIP08L,-1909055.2113891335,True,0,1514,0.0439536571502685
54,1e-07,1e-06,1e-15,SHIP08S,-1920098.2105346206,True,0,1214,0.0252878665924072
54,1e-07,1e-06,1e-15,SHIP12L,-1470187.919329265,True,0,2081,0.109227180480957
54,1e-07,1e-06,1e-15,SHIP12S,-1489236.134406127,True,0,1568,0.0557456016540527
54,1e-07,1e-06,1e-15,STOCFOR1,41131.97621943676,True,0,268,0.0020110607147216
54,1e-07,1e-06,1e-15,STOCFOR2,39024.40853785458,True,0,4240,14.012866735458374
54,1e-07,1e-06,1e-15,STOCFOR3,-inf,False,3,9974,455.2466187477112
54,1e-07,1e-06,1e-15,TRUSS,-552458.925614366,False,1,10000,65.34185123443604
54,1e-07,1e-06,1e-15,WOOD1P,-inf,False,3,120,0.0183770656585693
54,1e-07,1e-06,1e-15,WOODW,-inf,False,3,431,0.8358457088470459
55,1e-07,1e-07,1e-11,25FV47,-9091.89177764894,False,1,10000,15.119987726211548
55,1e-07,1e-07,1e-11,ADLITTLE,-225494.96316238047,True,0,144,0.0006172657012939
55,1e-07,1e-07,1e-11,AFIRO,464.7531428571428,True,0,30,0.0002458095550537
55,1e-07,1e-07,1e-11,AGG,36291233.286576286,True,0,612,0.0129592418670654
55,1e-07,1e-07,1e-11,AGG2,20239252.355977103,True,0,571,0.006751537322998
55,1e-07,1e-07,1e-11,AGG3,-10312115.935089232,True,0,588,0.0097885131835937
55,1e-07,1e-07,1e-11,BANDM,158.62801845002156,True,0,1253,0.0486640930175781
55,1e-07,1e-07,1e-11,BEACONFD,-33592.48580719998,True,0,210,0.0026178359985351
55,1e-07,1e-07,1e-11,BLEND,30.81214984582829,True,0,148,0.0007491111755371
55,1e-07,1e-07,1e-11,BNL1,-1977.6295615231422,True,0,4356,2.426929712295532
55,1e-07,1e-07,1e-11,BNL2,-inf,False,1,10000,63.93414855003357
55,1e-07,1e-07,1e-11,BRANDY,-1518.5325854360578,True,0,805,0.0138056278228759
55,1e-07,1e-07,1e-11,D2Q06C,-inf,False,1,10000,91.66693234443665
55,1e-07,1e-07,1e-11,DEGEN2,1436.4949999999983,True,0,2751,0.283339262008667
55,1e-07,1e-07,1e-11,DEGEN3,-inf,False,1,10000,41.531474590301514
55,1e-07,1e-07,1e-11,E226,18.75192906637472,True,0,737,0.0170636177062988
55,1e-07,1e-07,1e-11,FFFFF800,-inf,False,2,1464,0.1554722785949707
55,1e-07,1e-07,1e-11,ISRAEL,896644.8218630484,True,0,950,0.0184814929962158
55,1e-07,1e-07,1e-11,LOTFI,25.264706061880013,True,0,264,0.0022366046905517
55,1e-07,1e-07,1e-11,MAROS-R7,-1497185.1664796427,True,0,4317,56.66914510726929
55,1e-07,1e-07,1e-11,QAP12,-inf,False,3,5369,178.27663731575012
55,1e-07,1e-07,1e-11,QAP15,-inf,False,1,10000,1308.8882665634155
55,1e-07,1e-07,1e-11,QAP8,-inf,False,1,10000,18.269007205963135
55,1e-07,1e-07,1e-11,SC105,52.20206121170722,True,0,138,0.001122236251831
55,1e-07,1e-07,1e-11,SC205,52.20206121182398,True,0,314,0.006737470626831
55,1e-07,1e-07,1e-11,SC50A,64.57507705856449,True,0,59,0.0003407001495361
55,1e-07,1e-07,1e-11,SC50B,70.0,True,0,62,0.0003330707550048
55,1e-07,1e-07,1e-11,SCAGR25,14753433.060785834,True,0,1646,0.1595625877380371
55,1e-07,1e-07,1e-11,SCAGR7,2331389.824330985,True,0,270,0.0022106170654296
55,1e-07,1e-07,1e-11,SCFXM1,-18416.75902841995,True,0,801,0.0313842296600341
55,1e-07,1e-07,1e-11,SCFXM2,-36660.26156500209,True,0,1629,0.3577475547790527
55,1e-07,1e-07,1e-11,SCFXM3,-54901.25454975151,True,0,2499,2.048652410507202
55,1e-07,1e-07,1e-11,SCORPION,-1875.8517318290158,True,0,466,0.0091080665588378
55,1e-07,1e-07,1e-11,SCRS8,-449.41749452873216,True,0,1507,0.138073444366455
55,1e-07,1e-07,1e-11,SCSD1,-8.66666667433337,True,0,363,0.0051181316375732
55,1e-07,1e-07,1e-11,SCSD6,-50.500000078262346,True,0,663,0.0252656936645507
55,1e-07,1e-07,1e-11,SCSD8,-inf,False,3,616,0.1283473968505859
55,1e-07,1e-07,1e-11,SCTAP1,-1412.2500000000616,True,0,862,0.035301923751831
55,1e-07,1e-07,1e-11,SCTAP2,-inf,False,3,316,0.1829862594604492
55,1e-07,1e-07,1e-11,SCTAP3,-inf,False,3,904,1.9394631385803225
55,1e-07,1e-07,1e-11,SHARE1B,76589.31857918575,True,0,456,0.0037426948547363
55,1e-07,1e-07,1e-11,SHARE2B,415.732240741419,True,0,204,0.0010883808135986
55,1e-07,1e-07,1e-11,SHIP04L,-1793324.5379703536,True,0,777,0.0112819671630859
55,1e-07,1e-07,1e-11,SHIP04S,-1798714.7004453933,True,0,606,0.0066523551940917
55,1e-07,1e-07,1e-11,SHIP08L,-1909055.211389134,True,0,1518,0.0444421768188476
55,1e-07,1e-07,1e-11,SHIP08S,-1920098.2105346203,True,0,1215,0.0255579948425292
55,1e-07,1e-07,1e-11,SHIP12L,-1470187.919329265,True,0,2060,0.1072478294372558
55,1e-07,1e-07,1e-11,SHIP12S,-1489236.134406127,True,0,1568,0.0559306144714355
55,1e-07,1e-07,1e-11,STOCFOR1,41131.976219436205,True,0,259,0.0019223690032958
55,1e-07,1e-07,1e-11,STOCFOR2,39024.408537882045,True,0,4273,14.09221649169922
55,1e-07,1e-07,1e-11,STOCFOR3,-inf,False,1,10000,341.6766924858093
55,1e-07,1e-07,1e-11,TRUSS,-613488.0583542016,False,3,4968,28.434977769851685
55,1e-07,1e-07,1e-11,WOOD1P,-inf,False,3,141,0.0172812938690185
55,1e-07,1e-07,1e-11,WOODW,-inf,False,3,808,2.282465696334839
56,1e-07,1e-07,1e-12,25FV47,-7724.2208835559595,False,1,10000,15.044187307357788
56,1e-07,1e-07,1e-12,ADLITTLE,-225494.96316238047,True,0,144,0.0006241798400878
56,1e-07,1e-07,1e-12,AFIRO,464.7531428571428,True,0,30,0.0002467632293701
56,1e-07,1e-07,1e-12,AGG,36291233.286576286,True,0,610,0.0128490924835205
56,1e-07,1e-07,1e-12,AGG2,20239252.355977103,True,0,571,0.0067288875579833
56,1e-07,1e-07,1e-12,AGG3,-10312115.935089232,True,0,588,0.0097894668579101
56,1e-07,1e-07,1e-12,BANDM,158.62801845025237,True,0,1363,0.0539348125457763
56,1e-07,1e-07,1e-12,BEACONFD,-33592.48580719998,True,0,210,0.0026197433471679
56,1e-07,1e-07,1e-12,BLEND,30.81214984582829,True,0,148,0.0007417201995849
56,1e-07,1e-07,1e-12,BNL1,-1977.6295615229444,True,0,3872,2.0641491413116455
56,1e-07,1e-07,1e-12,BNL2,-13296.25560756109,False,1,10000,63.56651496887207
56,1e-07,1e-07,1e-12,BRANDY,-1518.5098964937695,True,0,951,0.0177936553955078
56,1e-07,1e-07,1e-12,D2Q06C,-inf,False,1,10000,92.01800680160522
56,1e-07,1e-07,1e-12,DEGEN2,1436.4949999999976,True,0,3102,0.3549525737762451
56,1e-07,1e-07,1e-12,DEGEN3,-inf,False,1,10000,41.365718603134155
56,1e-07,1e-07,1e-12,E226,18.75192906637468,True,0,738,0.0172228813171386
56,1e-07,1e-07,1e-12,FFFFF800,-inf,False,2,1511,0.1621677875518798
56,1e-07,1e-07,1e-12,ISRAEL,896644.8218630381,True,0,913,0.0177991390228271
56,1e-07,1e-07,1e-12,LOTFI,25.264706061880016,True,0,266,0.0022664070129394
56,1e-07,1e-07,1e-12,MAROS-R7,-1497185.1664796427,True,0,4317,56.66824889183045
56,1e-07,1e-07,1e-12,QAP12,-inf,False,1,10000,378.8769609928131
56,1e-07,1e-07,1e-12,QAP15,-inf,False,1,10000,1322.0796437263489
56,1e-07,1e-07,1e-12,QAP8,-inf,False,1,10000,18.26028633117676
56,1e-07,1e-07,1e-12,SC105,52.20206121170722,True,0,138,0.0010974407196044
56,1e-07,1e-07,1e-12,SC205,52.202061211805145,True,0,304,0.006537914276123
56,1e-07,1e-07,1e-12,SC50A,64.57507705856449,True,0,59,0.0003201961517333
56,1e-07,1e-07,1e-12,SC50B,70.0,True,0,62,0.0003445148468017
56,1e-07,1e-07,1e-12,SCAGR25,14753433.84169205,True,0,1595,0.1519036293029785
56,1e-07,1e-07,1e-12,SCAGR7,2331389.824330985,True,0,270,0.0022249221801757
56,1e-07,1e-07,1e-12,SCFXM1,-18416.75902841879,True,0,845,0.0338921546936035
56,1e-07,1e-07,1e-12,SCFXM2,-36660.261565001405,True,0,1603,0.3351864814758301
56,1e-07,1e-07,1e-12,SCFXM3,-54901.25454975134,True,0,2481,1.8371949195861816
56,1e-07,1e-07,1e-12,SCORPION,-1875.8517318290158,True,0,466,0.0088551044464111
56,1e-07,1e-07,1e-12,SCRS8,-531.119254753136,True,0,1537,0.1398720741271972
56,1e-07,1e-07,1e-12,SCSD1,-8.666666674333367,True,0,367,0.0052211284637451
56,1e-07,1e-07,1e-12,SCSD6,-50.500000078262346,True,0,663,0.0255656242370605
56,1e-07,1e-07,1e-12,SCSD8,-inf,False,3,618,0.1294054985046386
56,1e-07,1e-07,1e-12,SCTAP1,-1412.2500000000002,True,0,813,0.0322401523590087
56,1e-07,1e-07,1e-12,SCTAP2,-inf,False,3,308,0.1695830821990966
56,1e-07,1e-07,1e-12,SCTAP3,-inf,False,3,814,1.595606565475464
56,1e-07,1e-07,1e-12,SHARE1B,76589.31857918575,True,0,456,0.0037226676940917
56,1e-07,1e-07,1e-12,SHARE2B,415.732240741419,True,0,204,0.0010590553283691
56,1e-07,1e-07,1e-12,SHIP04L,-1793324.5379703536,True,0,777,0.0110549926757812
56,1e-07,1e-07,1e-12,SHIP04S,-1798714.7004453933,True,0,606,0.006498098373413
56,1e-07,1e-07,1e-12,SHIP08L,-1909055.211389134,True,0,1518,0.0442092418670654
56,1e-07,1e-07,1e-12,SHIP08S,-1920098.2105346203,True,0,1215,0.0256304740905761
56,1e-07,1e-07,1e-12,SHIP12L,-1470187.919329265,True,0,2060,0.1075222492218017
56,1e-07,1e-07,1e-12,SHIP12S,-1489236.134406127,True,0,1568,0.0559282302856445
56,1e-07,1e-07,1e-12,STOCFOR1,41131.976219436176,True,0,259,0.0019605159759521
56,1e-07,1e-07,1e-12,STOCFOR2,39024.40853788116,True,0,4272,14.032156705856323
56,1e-07,1e-07,1e-12,STOCFOR3,-inf,False,1,10000,342.57778549194336
56,1e-07,1e-07,1e-12,TRUSS,-528490.7296828276,False,1,10000,65.64535903930664
56,1e-07,1e-07,1e-12,WOOD1P,-inf,False,3,126,0.0197994709014892
56,1e-07,1e-07,1e-12,WOODW,-inf,False,3,422,0.8143184185028076
57,1e-07,1e-07,1e-13,25FV47,-inf,False,3,6248,8.923118352890015
57,1e-07,1e-07,1e-13,ADLITTLE,-225494.96316238047,True,0,144,0.00069260597229
57,1e-07,1e-07,1e-13,AFIRO,464.7531428571428,True,0,30,0.0002775192260742
57,1e-07,1e-07,1e-13,AGG,36291233.286576286,True,0,609,0.0128226280212402
57,1e-07,1e-07,1e-13,AGG2,20239252.355977103,True,0,571,0.006662368774414
57,1e-07,1e-07,1e-13,AGG3,-10312115.935089232,True,0,588,0.0097842216491699
57,1e-07,1e-07,1e-13,BANDM,158.62801845024026,True,0,1333,0.0527517795562744
57,1e-07,1e-07,1e-13,BEACONFD,-33592.48580719998,True,0,210,0.0027272701263427
57,1e-07,1e-07,1e-13,BLEND,30.81214984582808,True,0,165,0.0008091926574707
57,1e-07,1e-07,1e-13,BNL1,-1977.6295615227593,True,0,4467,2.5580027103424072
57,1e-07,1e-07,1e-13,BNL2,-inf,False,1,10000,63.78155159950256
57,1e-07,1e-07,1e-13,BRANDY,-1518.509896485441,True,0,780,0.013289451599121
57,1e-07,1e-07,1e-13,D2Q06C,-inf,False,3,9293,80.98110675811768
57,1e-07,1e-07,1e-13,DEGEN2,1435.1779999999994,True,0,2819,0.2894237041473388
57,1e-07,1e-07,1e-13,DEGEN3,-inf,False,1,10000,41.14160442352295
57,1e-07,1e-07,1e-13,E226,18.75192906637468,True,0,738,0.0170893669128417
57,1e-07,1e-07,1e-13,FFFFF800,-inf,False,2,1450,0.1480209827423095
57,1e-07,1e-07,1e-13,ISRAEL,896644.8218630381,True,0,913,0.0178663730621337
57,1e-07,1e-07,1e-13,LOTFI,25.26470606188001,True,0,277,0.0024566650390625
57,1e-07,1e-07,1e-13,MAROS-R7,-1497185.1664796427,True,0,4317,56.74925422668457
57,1e-07,1e-07,1e-13,QAP12,-inf,False,1,10000,363.72210335731506
57,1e-07,1e-07,1e-13,QAP15,-inf,False,1,10000,1245.8028542995453
57,1e-07,1e-07,1e-13,QAP8,-inf,False,1,10000,18.357309341430664
57,1e-07,1e-07,1e-13,SC105,52.20206121170722,True,0,139,0.0011036396026611
57,1e-07,1e-07,1e-13,SC205,52.20206121170649,True,0,322,0.0069544315338134
57,1e-07,1e-07,1e-13,SC50A,64.57507705856449,True,0,59,0.0003321170806884
57,1e-07,1e-07,1e-13,SC50B,70.0,True,0,62,0.0003573894500732
57,1e-07,1e-07,1e-13,SCAGR25,14753433.058337394,True,0,1757,0.1729497909545898
57,1e-07,1e-07,1e-13,SCAGR7,2331389.824330985,True,0,270,0.0021948814392089
57,1e-07,1e-07,1e-13,SCFXM1,-18416.759028417593,True,0,847,0.033785343170166
57,1e-07,1e-07,1e-13,SCFXM2,-36660.261564997534,True,0,1603,0.3016672134399414
57,1e-07,1e-07,1e-13,SCFXM3,-54901.254549747006,True,0,2491,2.0174028873443604
57,1e-07,1e-07,1e-13,SCORPION,-1875.8517318290158,True,0,466,0.0088658332824707
57,1e-07,1e-07,1e-13,SCRS8,-449.41749452893407,True,0,1606,0.183349609375
57,1e-07,1e-07,1e-13,SCSD1,-8.66666667433336,True,0,385,0.0054054260253906
57,1e-07,1e-07,1e-13,SCSD6,-50.50000007826237,True,0,708,0.0274982452392578
57,1e-07,1e-07,1e-13,SCSD8,-inf,False,3,747,0.1927783489227295
57,1e-07,1e-07,1e-13,SCTAP1,-1412.249999999997,True,0,797,0.0313069820404052
57,1e-07,1e-07,1e-13,SCTAP2,-inf,False,3,330,0.196775197982788
57,1e-07,1e-07,1e-13,SCTAP3,-inf,False,3,987,2.368412971496582
57,1e-07,1e-07,1e-13,SHARE1B,76589.31857918575,True,0,456,0.0037503242492675
57,1e-07,1e-07,1e-13,SHARE2B,415.732240741419,True,0,204,0.0011520385742187
57,1e-07,1e-07,1e-13,SHIP04L,-1793324.5379703536,True,0,777,0.0110645294189453
57,1e-07,1e-07,1e-13,SHIP04S,-1798714.7004453933,True,0,606,0.0064959526062011
57,1e-07,1e-07,1e-13,SHIP08L,-1909055.211389134,True,0,1518,0.0442481040954589
57,1e-07,1e-07,1e-13,SHIP08S,-1920098.2105346203,True,0,1215,0.0257086753845214
57,1e-07,1e-07,1e-13,SHIP12L,-1470187.919329265,True,0,2060,0.1072673797607421
57,1e-07,1e-07,1e-13,SHIP12S,-1489236.134406127,True,0,1568,0.0559587478637695
57,1e-07,1e-07,1e-13,STOCFOR1,41131.97621943616,True,0,259,0.0018699169158935
57,1e-07,1e-07,1e-13,STOCFOR2,39024.40853788207,True,0,4250,13.862153768539429
57,1e-07,1e-07,1e-13,STOCFOR3,-inf,False,1,10000,343.68959164619446
57,1e-07,1e-07,1e-13,TRUSS,-511910.6864898863,False,1,10000,64.80617952346802
57,1e-07,1e-07,1e-13,WOOD1P,-inf,False,3,130,0.0203785896301269
57,1e-07,1e-07,1e-13,WOODW,-inf,False,3,513,1.1120684146881104
58,1e-07,1e-07,1e-14,25FV47,-inf,False,3,2303,2.4356415271759033
58,1e-07,1e-07,1e-14,ADLITTLE,-225494.96316238047,True,0,144,0.000617504119873
58,1e-07,1e-07,1e-14,AFIRO,464.7531428571428,True,0,30,0.0002501010894775
58,1e-07,1e-07,1e-14,AGG,36291233.286576286,True,0,609,0.0131659507751464
58,1e-07,1e-07,1e-14,AGG2,20239252.355977103,True,0,571,0.0067887306213378
58,1e-07,1e-07,1e-14,AGG3,-10312115.935089232,True,0,588,0.0097556114196777
58,1e-07,1e-07,1e-14,BANDM,158.6280184499312,True,0,1261,0.0502092838287353
58,1e-07,1e-07,1e-14,BEACONFD,-33592.48580719996,True,0,212,0.0027170181274414
58,1e-07,1e-07,1e-14,BLEND,30.81214984582823,True,0,161,0.0008015632629394
58,1e-07,1e-07,1e-14,BNL1,-1977.6295615241102,True,0,4659,2.621504545211792
58,1e-07,1e-07,1e-14,BNL2,-7058.577107619767,False,1,10000,63.42297077178955
58,1e-07,1e-07,1e-14,BRANDY,-1518.5098964881197,True,0,647,0.0105314254760742
58,1e-07,1e-07,1e-14,D2Q06C,-inf,False,1,10000,90.58978962898254
58,1e-07,1e-07,1e-14,DEGEN2,1435.1779999999806,True,0,3022,0.3043854236602783
58,1e-07,1e-07,1e-14,DEGEN3,-inf,False,1,10000,41.3280041217804
58,1e-07,1e-07,1e-14,E226,18.75192906621691,True,0,840,0.0211448669433593
58,1e-07,1e-07,1e-14,FFFFF800,-inf,False,2,1458,0.1445555686950683
58,1e-07,1e-07,1e-14,ISRAEL,896644.8218630381,True,0,913,0.0186660289764404
58,1e-07,1e-07,1e-14,LOTFI,25.26470606188001,True,0,277,0.0025641918182373
58,1e-07,1e-07,1e-14,MAROS-R7,-1497185.1664796427,True,0,4317,56.73477840423584
58,1e-07,1e-07,1e-14,QAP12,-inf,False,1,10000,380.54064321517944
58,1e-07,1e-07,1e-14,QAP15,-inf,False,1,10000,1355.042594909668
58,1e-07,1e-07,1e-14,QAP8,-256.89585806075826,False,1,10000,18.418229818344116
58,1e-07,1e-07,1e-14,SC105,52.20206121170724,True,0,134,0.0010757446289062
58,1e-07,1e-07,1e-14,SC205,52.2020612117079,True,0,325,0.0071477890014648
58,1e-07,1e-07,1e-14,SC50A,64.57507705856449,True,0,59,0.0003273487091064
58,1e-07,1e-07,1e-14,SC50B,70.0,True,0,62,0.0003623962402343
58,1e-07,1e-07,1e-14,SCAGR25,14753433.04952144,True,0,1643,0.1606171131134033
58,1e-07,1e-07,1e-14,SCAGR7,2331389.8243309762,True,0,250,0.0020258426666259
58,1e-07,1e-07,1e-14,SCFXM1,-18416.759028346125,True,0,896,0.0365989208221435
58,1e-07,1e-07,1e-14,SCFXM2,-36660.26156499932,True,0,1747,0.3483474254608154
58,1e-07,1e-07,1e-14,SCFXM3,-54901.254549742924,True,0,2510,2.0068793296813965
58,1e-07,1e-07,1e-14,SCORPION,-1875.8517318290155,True,0,466,0.0088322162628173
58,1e-07,1e-07,1e-14,SCRS8,-536.9613499483563,True,0,1437,0.138481855392456
58,1e-07,1e-07,1e-14,SCSD1,-8.341051645408305,False,3,436,0.0060648918151855
58,1e-07,1e-07,1e-14,SCSD6,-50.500000078262325,True,0,809,0.032167911529541
58,1e-07,1e-07,1e-14,SCSD8,-inf,False,3,1636,0.7852771282196045
58,1e-07,1e-07,1e-14,SCTAP1,-1412.2499999999982,True,0,875,0.0347838401794433
58,1e-07,1e-07,1e-14,SCTAP2,-inf,False,1,10000,25.127113103866577
58,1e-07,1e-07,1e-14,SCTAP3,-inf,False,3,249,0.1496386528015136
58,1e-07,1e-07,1e-14,SHARE1B,76589.31857918575,True,0,456,0.0037975311279296
58,1e-07,1e-07,1e-14,SHARE2B,415.732240741419,True,0,203,0.0010545253753662
58,1e-07,1e-07,1e-14,SHIP04L,-1793324.5379703536,True,0,775,0.0115325450897216
58,1e-07,1e-07,1e-14,SHIP04S,-1798714.7004453933,True,0,606,0.0072171688079833
58,1e-07,1e-07,1e-14,SHIP08L,-1909055.211389134,True,0,1518,0.0444695949554443
58,1e-07,1e-07,1e-14,SHIP08S,-1920098.2105346203,True,0,1215,0.026623249053955
58,1e-07,1e-07,1e-14,SHIP12L,-1470187.919329265,True,0,2060,0.1067497730255127
58,1e-07,1e-07,1e-14,SHIP12S,-1489236.134406127,True,0,1569,0.0551645755767822
58,1e-07,1e-07,1e-14,STOCFOR1,41131.976219436154,True,0,260,0.0019235610961914
58,1e-07,1e-07,1e-14,STOCFOR2,39024.408537882206,True,0,4225,13.728423118591309
58,1e-07,1e-07,1e-14,STOCFOR3,-inf,False,1,10000,354.2705090045929
58,1e-07,1e-07,1e-14,TRUSS,-483206.8293941396,False,1,10000,65.07776951789856
58,1e-07,1e-07,1e-14,WOOD1P,-inf,False,3,125,0.01971435546875
58,1e-07,1e-07,1e-14,WOODW,-inf,False,3,614,1.462632656097412
59,1e-07,1e-07,1e-15,25FV47,-8104.690684770465,False,1,10000,15.080853462219238
59,1e-07,1e-07,1e-15,ADLITTLE,-225494.96316238047,True,0,144,0.0006265640258789
59,1e-07,1e-07,1e-15,AFIRO,464.7531428571428,True,0,30,0.0002505779266357
59,1e-07,1e-07,1e-15,AGG,36291233.286576286,True,0,609,0.0131745338439941
59,1e-07,1e-07,1e-15,AGG2,20239252.355977103,True,0,572,0.006810188293457
59,1e-07,1e-07,1e-15,AGG3,-10312115.935089232,True,0,588,0.0097918510437011
59,1e-07,1e-07,1e-15,BANDM,195.16329683112048,True,0,1996,0.0853118896484375
59,1e-07,1e-07,1e-15,BEACONFD,-33592.48580719996,True,0,212,0.002615213394165
59,1e-07,1e-07,1e-15,BLEND,30.81214984582805,True,0,180,0.0008792877197265
59,1e-07,1e-07,1e-15,BNL1,-1977.6295615222102,True,0,4336,2.431926012039185
59,1e-07,1e-07,1e-15,BNL2,-14709.029239367563,False,1,10000,63.478211879730225
59,1e-07,1e-07,1e-15,BRANDY,-1518.5098964880663,True,0,704,0.0116274356842041
59,1e-07,1e-07,1e-15,D2Q06C,-inf,False,3,2139,6.687605142593384
59,1e-07,1e-07,1e-15,DEGEN2,1435.1779999999912,True,0,2594,0.2567627429962158
59,1e-07,1e-07,1e-15,DEGEN3,-inf,False,1,10000,41.24513053894043
59,1e-07,1e-07,1e-15,E226,18.751929066345806,True,0,785,0.0183844566345214
59,1e-07,1e-07,1e-15,FFFFF800,-inf,False,2,1457,0.1403379440307617
59,1e-07,1e-07,1e-15,ISRAEL,896644.8218630381,True,0,913,0.0177183151245117
59,1e-07,1e-07,1e-15,LOTFI,25.26470606188001,True,0,271,0.0023367404937744
59,1e-07,1e-07,1e-15,MAROS-R7,-1497185.1664796427,True,0,4317,56.70153093338013
59,1e-07,1e-07,1e-15,QAP12,-inf,False,1,10000,368.33169889450073
59,1e-07,1e-07,1e-15,QAP15,-inf,False,1,10000,1058.6669504642489
59,1e-07,1e-07,1e-15,QAP8,-inf,False,1,10000,18.73416638374329
59,1e-07,1e-07,1e-15,SC105,52.2020612117072,True,0,131,0.0010821819305419
59,1e-07,1e-07,1e-15,SC205,52.20206121167227,True,0,274,0.0056831836700439
59,1e-07,1e-07,1e-15,SC50A,64.57507705856449,True,0,59,0.0003213882446289
59,1e-07,1e-07,1e-15,SC50B,70.0,True,0,62,0.0003361701965332
59,1e-07,1e-07,1e-15,SCAGR25,14753503.68478484,True,0,1521,0.1571414470672607
59,1e-07,1e-07,1e-15,SCAGR7,2331389.8243310177,True,0,267,0.0021624565124511
59,1e-07,1e-07,1e-15,SCFXM1,-18416.759028350636,True,0,749,0.0280337333679199
59,1e-07,1e-07,1e-15,SCFXM2,-36660.261564998276,True,0,1562,0.2663173675537109
59,1e-07,1e-07,1e-15,SCFXM3,-54901.25454972762,True,0,2428,1.897778034210205
59,1e-07,1e-07,1e-15,SCORPION,-1875.8517318290153,True,0,466,0.008882999420166
59,1e-07,1e-07,1e-15,SCRS8,-391.6472105614773,True,0,1473,0.1481618881225586
59,1e-07,1e-07,1e-15,SCSD1,-8.666666674333507,True,0,439,0.0058863162994384
59,1e-07,1e-07,1e-15,SCSD6,-50.50000007826234,True,0,630,0.0233564376831054
59,1e-07,1e-07,1e-15,SCSD8,-inf,False,3,1017,0.3688287734985351
59,1e-07,1e-07,1e-15,SCTAP1,-1412.2499999999889,True,0,810,0.0297756195068359
59,1e-07,1e-07,1e-15,SCTAP2,-inf,False,1,10000,26.062538385391235
59,1e-07,1e-07,1e-15,SCTAP3,-inf,False,3,589,0.9145424365997314
59,1e-07,1e-07,1e-15,SHARE1B,76589.31857918575,True,0,456,0.003796100616455
59,1e-07,1e-07,1e-15,SHARE2B,415.7322407414188,True,0,210,0.0010945796966552
59,1e-07,1e-07,1e-15,SHIP04L,-1793324.5379703536,True,0,773,0.0112025737762451
59,1e-07,1e-07,1e-15,SHIP04S,-1798714.7004453936,True,0,608,0.0073347091674804
59,1e-07,1e-07,1e-15,SHIP08L,-1909055.2113891335,True,0,1514,0.0444133281707763
59,1e-07,1e-07,1e-15,SHIP08S,-1920098.2105346206,True,0,1214,0.0255050659179687
59,1e-07,1e-07,1e-15,SHIP12L,-1470187.919329265,True,0,2081,0.1084110736846923
59,1e-07,1e-07,1e-15,SHIP12S,-1489236.134406127,True,0,1568,0.0551788806915283
59,1e-07,1e-07,1e-15,STOCFOR1,41131.97621943676,True,0,268,0.0020632743835449
59,1e-07,1e-07,1e-15,STOCFOR2,39024.40853785458,True,0,4240,13.997297286987305
59,1e-07,1e-07,1e-15,STOCFOR3,-inf,False,1,10000,466.1488933563232
59,1e-07,1e-07,1e-15,TRUSS,-552458.925614366,False,1,10000,65.47606348991394
59,1e-07,1e-07,1e-15,WOOD1P,-inf,False,3,120,0.0188603401184082
59,1e-07,1e-07,1e-15,WOODW,-inf,False,3,474,0.9956114292144777
60,1e-08,1e-05,1e-11,25FV47,-9091.89177764894,False,1,10000,15.172784805297852
60,1e-08,1e-05,1e-11,ADLITTLE,-225494.96316238047,True,0,144,0.0006542205810546
60,1e-08,1e-05,1e-11,AFIRO,464.7531428571428,True,0,30,0.0002603530883789
60,1e-08,1e-05,1e-11,AGG,36291233.286576286,True,0,612,0.0138797760009765
60,1e-08,1e-05,1e-11,AGG2,20239252.355977103,True,0,571,0.0071072578430175
60,1e-08,1e-05,1e-11,AGG3,-inf,False,2,548,0.0078034400939941
60,1e-08,1e-05,1e-11,BANDM,158.62801845002156,True,0,1253,0.0503227710723876
60,1e-08,1e-05,1e-11,BEACONFD,-33592.48580719998,True,0,210,0.0028059482574462
60,1e-08,1e-05,1e-11,BLEND,30.81214984582829,True,0,148,0.0007710456848144
60,1e-08,1e-05,1e-11,BNL1,-1977.6295615231422,True,0,4356,2.4496774673461914
60,1e-08,1e-05,1e-11,BNL2,-inf,False,1,10000,63.970717430114746
60,1e-08,1e-05,1e-11,BRANDY,-1518.5098964874944,True,0,703,0.0120882987976074
60,1e-08,1e-05,1e-11,D2Q06C,-inf,False,1,10000,91.52915477752686
60,1e-08,1e-05,1e-11,DEGEN2,1436.4949999999983,True,0,2751,0.2824013233184814
60,1e-08,1e-05,1e-11,DEGEN3,-inf,False,1,10000,41.52385783195496
60,1e-08,1e-05,1e-11,E226,18.75192906637472,True,0,737,0.0185232162475585
60,1e-08,1e-05,1e-11,FFFFF800,-555679.5648175079,True,0,1715,0.2052509784698486
60,1e-08,1e-05,1e-11,ISRAEL,896644.8218630484,True,0,950,0.0185942649841308
60,1e-08,1e-05,1e-11,LOTFI,25.264706061880013,True,0,264,0.0022580623626708
60,1e-08,1e-05,1e-11,MAROS-R7,-1497185.166479643,True,0,4315,56.80692768096924
60,1e-08,1e-05,1e-11,QAP12,-inf,False,1,10000,380.2073323726654
60,1e-08,1e-05,1e-11,QAP15,-inf,False,1,10000,1319.8773584365845
60,1e-08,1e-05,1e-11,QAP8,-inf,False,1,10000,18.250627756118774
60,1e-08,1e-05,1e-11,SC105,52.20206121170722,True,0,138,0.0011506080627441
60,1e-08,1e-05,1e-11,SC205,52.20206121182398,True,0,314,0.0067567825317382
60,1e-08,1e-05,1e-11,SC50A,64.57507705856449,True,0,59,0.0003418922424316
60,1e-08,1e-05,1e-11,SC50B,70.0,True,0,62,0.0003437995910644
60,1e-08,1e-05,1e-11,SCAGR25,14753433.060785834,True,0,1646,0.1603627204895019
60,1e-08,1e-05,1e-11,SCAGR7,2331389.824330985,True,0,270,0.0022296905517578
60,1e-08,1e-05,1e-11,SCFXM1,-inf,False,2,633,0.0207467079162597
60,1e-08,1e-05,1e-11,SCFXM2,-36660.26156500209,True,0,1629,0.3613302707672119
60,1e-08,1e-05,1e-11,SCFXM3,-54901.25454975151,True,0,2499,2.0676677227020264
60,1e-08,1e-05,1e-11,SCORPION,-1875.8517318290158,True,0,466,0.0096869468688964
60,1e-08,1e-05,1e-11,SCRS8,-449.41749452873216,True,0,1507,0.1455070972442627
60,1e-08,1e-05,1e-11,SCSD1,-8.66666667433337,True,0,365,0.0055563449859619
60,1e-08,1e-05,1e-11,SCSD6,-50.500000077144314,True,0,679,0.0277719497680664
60,1e-08,1e-05,1e-11,SCSD8,-904.9999999254596,True,0,1998,0.9643793106079102
60,1e-08,1e-05,1e-11,SCTAP1,-1412.2500000000616,True,0,862,0.0376107692718505
60,1e-08,1e-05,1e-11,SCTAP2,-inf,False,3,686,0.7966516017913818
60,1e-08,1e-05,1e-11,SCTAP3,-1424.0000000005905,True,0,6978,27.534165620803833
60,1e-08,1e-05,1e-11,SHARE1B,76589.31857918575,True,0,456,0.0038397312164306
60,1e-08,1e-05,1e-11,SHARE2B,415.732240741419,True,0,204,0.0010786056518554
60,1e-08,1e-05,1e-11,SHIP04L,-1793324.5379703536,True,0,777,0.0117478370666503
60,1e-08,1e-05,1e-11,SHIP04S,-1798714.7004453933,True,0,606,0.0072512626647949
60,1e-08,1e-05,1e-11,SHIP08L,-1909055.211389134,True,0,1518,0.0471704006195068
60,1e-08,1e-05,1e-11,SHIP08S,-1920098.2105346203,True,0,1215,0.0257773399353027
60,1e-08,1e-05,1e-11,SHIP12L,-1470187.919329265,True,0,2060,0.1068003177642822
60,1e-08,1e-05,1e-11,SHIP12S,-1489236.134406127,True,0,1568,0.0552170276641845
60,1e-08,1e-05,1e-11,STOCFOR1,41131.976219436205,True,0,259,0.0018982887268066
60,1e-08,1e-05,1e-11,STOCFOR2,39024.408537882045,True,0,4273,14.051268577575684
60,1e-08,1e-05,1e-11,STOCFOR3,-inf,False,1,10000,344.13561177253723
60,1e-08,1e-05,1e-11,TRUSS,-490193.67208101606,False,1,10000,64.92536163330078
60,1e-08,1e-05,1e-11,WOOD1P,-inf,False,3,70,0.0111551284790039
60,1e-08,1e-05,1e-11,WOODW,-1.0974312524122032,True,0,2523,12.606229066848757
61,1e-08,1e-05,1e-12,25FV47,-7610.933451797614,False,1,10000,15.085269451141356
61,1e-08,1e-05,1e-12,ADLITTLE,-225494.96316238047,True,0,144,0.0006840229034423
61,1e-08,1e-05,1e-12,AFIRO,464.7531428571428,True,0,30,0.0002748966217041
61,1e-08,1e-05,1e-12,AGG,36291233.286576286,True,0,610,0.0143196582794189
61,1e-08,1e-05,1e-12,AGG2,20239252.355977103,True,0,571,0.0074062347412109
61,1e-08,1e-05,1e-12,AGG3,-inf,False,2,548,0.0083205699920654
61,1e-08,1e-05,1e-12,BANDM,158.62801845025237,True,0,1363,0.0585863590240478
61,1e-08,1e-05,1e-12,BEACONFD,-33592.48580719998,True,0,210,0.0028266906738281
61,1e-08,1e-05,1e-12,BLEND,30.81214984582829,True,0,148,0.0008182525634765
61,1e-08,1e-05,1e-12,BNL1,-1977.6295615229444,True,0,3872,2.0898542404174805
61,1e-08,1e-05,1e-12,BNL2,-13296.25560756109,False,1,10000,63.49130201339722
61,1e-08,1e-05,1e-12,BRANDY,-1518.5098964937695,True,0,951,0.0168180465698242
61,1e-08,1e-05,1e-12,D2Q06C,-inf,False,1,10000,92.17921686172484
61,1e-08,1e-05,1e-12,DEGEN2,1436.4949999999976,True,0,3102,0.3224403858184814
61,1e-08,1e-05,1e-12,DEGEN3,-inf,False,1,10000,41.46632409095764
61,1e-08,1e-05,1e-12,E226,18.75192906637468,True,0,738,0.0174362659454345
61,1e-08,1e-05,1e-12,FFFFF800,-555679.5648175086,True,0,1737,0.2039196491241455
61,1e-08,1e-05,1e-12,ISRAEL,896644.8218630381,True,0,913,0.0178937911987304
61,1e-08,1e-05,1e-12,LOTFI,25.264706061880016,True,0,266,0.0022766590118408
61,1e-08,1e-05,1e-12,MAROS-R7,-1497185.166479643,True,0,4315,56.78460311889648
61,1e-08,1e-05,1e-12,QAP12,-inf,False,1,10000,385.2415554523468
61,1e-08,1e-05,1e-12,QAP15,-inf,False,1,10000,1337.2426161766052
61,1e-08,1e-05,1e-12,QAP8,-inf,False,1,10000,18.273038387298584
61,1e-08,1e-05,1e-12,SC105,52.20206121170722,True,0,138,0.0011084079742431
61,1e-08,1e-05,1e-12,SC205,52.202061211805145,True,0,304,0.0065135955810546
61,1e-08,1e-05,1e-12,SC50A,64.57507705856449,True,0,59,0.0004093647003173
61,1e-08,1e-05,1e-12,SC50B,70.0,True,0,62,0.0003373622894287
61,1e-08,1e-05,1e-12,SCAGR25,14753434.374426812,True,0,1757,0.1727001667022705
61,1e-08,1e-05,1e-12,SCAGR7,2331389.824330985,True,0,270,0.0022370815277099
61,1e-08,1e-05,1e-12,SCFXM1,-18416.75902841879,True,0,845,0.0337507724761962
61,1e-08,1e-05,1e-12,SCFXM2,-36660.261565001405,True,0,1603,0.3355159759521484
61,1e-08,1e-05,1e-12,SCFXM3,-54901.25454975134,True,0,2481,1.8362367153167725
61,1e-08,1e-05,1e-12,SCORPION,-1875.8517318290158,True,0,466,0.0090987682342529
61,1e-08,1e-05,1e-12,SCRS8,-531.119254753136,True,0,1537,0.141373872756958
61,1e-08,1e-05,1e-12,SCSD1,-8.666666674333367,True,0,369,0.0052731037139892
61,1e-08,1e-05,1e-12,SCSD6,-50.500000077144314,True,0,679,0.0262641906738281
61,1e-08,1e-05,1e-12,SCSD8,-904.9999999254597,True,0,1963,0.9237191677093506
61,1e-08,1e-05,1e-12,SCTAP1,-1412.2500000000002,True,0,813,0.0326786041259765
61,1e-08,1e-05,1e-12,SCTAP2,-inf,False,1,10000,26.23450922966003
61,1e-08,1e-05,1e-12,SCTAP3,-inf,False,1,10000,47.15155243873596
61,1e-08,1e-05,1e-12,SHARE1B,76589.31857918575,True,0,456,0.0040407180786132
61,1e-08,1e-05,1e-12,SHARE2B,415.732240741419,True,0,204,0.0011546611785888
61,1e-08,1e-05,1e-12,SHIP04L,-1793324.5379703536,True,0,777,0.0122702121734619
61,1e-08,1e-05,1e-12,SHIP04S,-1798714.7004453933,True,0,606,0.0076186656951904
61,1e-08,1e-05,1e-12,SHIP08L,-1909055.211389134,True,0,1518,0.0489530563354492
61,1e-08,1e-05,1e-12,SHIP08S,-1920098.2105346203,True,0,1215,0.02681565284729
61,1e-08,1e-05,1e-12,SHIP12L,-1470187.919329265,True,0,2060,0.1108858585357666
61,1e-08,1e-05,1e-12,SHIP12S,-1489236.134406127,True,0,1568,0.0573015213012695
61,1e-08,1e-05,1e-12,STOCFOR1,41131.976219436176,True,0,259,0.0020391941070556
61,1e-08,1e-05,1e-12,STOCFOR2,39024.40853788116,True,0,4272,14.11747908592224
61,1e-08,1e-05,1e-12,STOCFOR3,-inf,False,1,10000,342.14956641197205
61,1e-08,1e-05,1e-12,TRUSS,-528517.2109136587,False,1,10000,65.36514616012573
61,1e-08,1e-05,1e-12,WOOD1P,-inf,False,3,221,0.0307419300079345
61,1e-08,1e-05,1e-12,WOODW,-inf,False,3,1035,3.1291704177856445
62,1e-08,1e-05,1e-13,25FV47,-7735.40065183458,False,1,10000,15.194123029708862
62,1e-08,1e-05,1e-13,ADLITTLE,-225494.96316238047,True,0,144,0.0006582736968994
62,1e-08,1e-05,1e-13,AFIRO,464.7531428571428,True,0,30,0.0002684593200683
62,1e-08,1e-05,1e-13,AGG,36291233.286576286,True,0,609,0.0137636661529541
62,1e-08,1e-05,1e-13,AGG2,20239252.355977103,True,0,571,0.0070788860321044
62,1e-08,1e-05,1e-13,AGG3,-inf,False,2,548,0.0078418254852294
62,1e-08,1e-05,1e-13,BANDM,158.62801845024026,True,0,1333,0.0545475482940673
62,1e-08,1e-05,1e-13,BEACONFD,-33592.48580719998,True,0,210,0.0028069019317626
62,1e-08,1e-05,1e-13,BLEND,30.81214984582808,True,0,165,0.0008454322814941
62,1e-08,1e-05,1e-13,BNL1,-1977.629561522755,True,0,4477,2.588035345077514
62,1e-08,1e-05,1e-13,BNL2,-inf,False,1,10000,64.01230692863464
62,1e-08,1e-05,1e-13,BRANDY,-1518.509896485441,True,0,780,0.013397216796875
62,1e-08,1e-05,1e-13,D2Q06C,-inf,False,1,10000,89.41080617904663
62,1e-08,1e-05,1e-13,DEGEN2,1435.1779999999994,True,0,2819,0.2886648178100586
62,1e-08,1e-05,1e-13,DEGEN3,-inf,False,1,10000,41.10248780250549
62,1e-08,1e-05,1e-13,E226,18.75192906637468,True,0,738,0.0186662673950195
62,1e-08,1e-05,1e-13,FFFFF800,-555679.5648175065,True,0,1782,0.217524766921997
62,1e-08,1e-05,1e-13,ISRAEL,896644.8218630381,True,0,913,0.0189309120178222
62,1e-08,1e-05,1e-13,LOTFI,25.26470606188001,True,0,277,0.0025792121887207
62,1e-08,1e-05,1e-13,MAROS-R7,-1497185.166479643,True,0,4315,56.77297115325928
62,1e-08,1e-05,1e-13,QAP12,-inf,False,1,10000,357.4781277179718
62,1e-08,1e-05,1e-13,QAP15,-inf,False,1,10000,1243.8980872631073
62,1e-08,1e-05,1e-13,QAP8,-inf,False,1,10000,18.336991548538208
62,1e-08,1e-05,1e-13,SC105,52.20206121170722,True,0,139,0.0012285709381103
62,1e-08,1e-05,1e-13,SC205,52.20206121170649,True,0,322,0.0077691078186035
62,1e-08,1e-05,1e-13,SC50A,64.57507705856449,True,0,59,0.000359296798706
62,1e-08,1e-05,1e-13,SC50B,70.0,True,0,62,0.0003790855407714
62,1e-08,1e-05,1e-13,SCAGR25,14753433.063131807,True,0,1632,0.1695988178253173
62,1e-08,1e-05,1e-13,SCAGR7,2331389.824330985,True,0,270,0.0022985935211181
62,1e-08,1e-05,1e-13,SCFXM1,-18416.759028417593,True,0,847,0.0341224670410156
62,1e-08,1e-05,1e-13,SCFXM2,-36660.261564997534,True,0,1603,0.3025102615356445
62,1e-08,1e-05,1e-13,SCFXM3,-54901.254549746605,True,0,2505,2.0361766815185547
62,1e-08,1e-05,1e-13,SCORPION,-1875.8517318290158,True,0,466,0.0092329978942871
62,1e-08,1e-05,1e-13,SCRS8,-449.41749452893407,True,0,1606,0.185321569442749
62,1e-08,1e-05,1e-13,SCSD1,-8.66666667433336,True,0,387,0.0055828094482421
62,1e-08,1e-05,1e-13,SCSD6,-50.500000077144335,True,0,727,0.0288026332855224
62,1e-08,1e-05,1e-13,SCSD8,-904.999999925461,True,0,2070,1.0203027725219729
62,1e-08,1e-05,1e-13,SCTAP1,-1412.249999999997,True,0,797,0.0316267013549804
62,1e-08,1e-05,1e-13,SCTAP2,-inf,False,3,1326,2.0905001163482666
62,1e-08,1e-05,1e-13,SCTAP3,-inf,False,1,10000,45.09769606590271
62,1e-08,1e-05,1e-13,SHARE1B,76589.31857918575,True,0,456,0.0038020610809326
62,1e-08,1e-05,1e-13,SHARE2B,415.732240741419,True,0,204,0.0010726451873779
62,1e-08,1e-05,1e-13,SHIP04L,-1793324.5379703536,True,0,777,0.011667251586914
62,1e-08,1e-05,1e-13,SHIP04S,-1798714.7004453933,True,0,606,0.0072388648986816
62,1e-08,1e-05,1e-13,SHIP08L,-1909055.211389134,True,0,1518,0.0467948913574218
62,1e-08,1e-05,1e-13,SHIP08S,-1920098.2105346203,True,0,1215,0.0256531238555908
62,1e-08,1e-05,1e-13,SHIP12L,-1470187.919329265,True,0,2060,0.1063709259033203
62,1e-08,1e-05,1e-13,SHIP12S,-1489236.134406127,True,0,1568,0.0552325248718261
62,1e-08,1e-05,1e-13,STOCFOR1,41131.97621943616,True,0,259,0.0018751621246337
62,1e-08,1e-05,1e-13,STOCFOR2,39024.40853788207,True,0,4250,13.89410662651062
62,1e-08,1e-05,1e-13,STOCFOR3,-inf,False,1,10000,343.11000299453735
62,1e-08,1e-05,1e-13,TRUSS,-511910.6864898863,False,1,10000,64.76190257072449
62,1e-08,1e-05,1e-13,WOOD1P,-inf,False,3,263,0.0382871627807617
62,1e-08,1e-05,1e-13,WOODW,-inf,False,1,10000,59.531914949417114
63,1e-08,1e-05,1e-14,25FV47,-9293.842122505854,False,1,10000,15.153866291046144
63,1e-08,1e-05,1e-14,ADLITTLE,-225494.96316238047,True,0,144,0.0006380081176757
63,1e-08,1e-05,1e-14,AFIRO,464.7531428571428,True,0,30,0.0002558231353759
63,1e-08,1e-05,1e-14,AGG,36291233.286576286,True,0,609,0.0131268501281738
63,1e-08,1e-05,1e-14,AGG2,20239252.355977103,True,0,571,0.0067522525787353
63,1e-08,1e-05,1e-14,AGG3,-inf,False,2,548,0.0074884891510009
63,1e-08,1e-05,1e-14,BANDM,158.6280184499312,True,0,1261,0.0499742031097412
63,1e-08,1e-05,1e-14,BEACONFD,-33592.48580719996,True,0,212,0.0026338100433349
63,1e-08,1e-05,1e-14,BLEND,30.81214984582823,True,0,161,0.0008158683776855
63,1e-08,1e-05,1e-14,BNL1,-1977.6295615241413,True,0,4656,2.616800546646118
63,1e-08,1e-05,1e-14,BNL2,-7058.577107619767,False,1,10000,63.467374086380005
63,1e-08,1e-05,1e-14,BRANDY,-1518.5098964881197,True,0,647,0.010474681854248
63,1e-08,1e-05,1e-14,D2Q06C,-inf,False,1,10000,91.35438656806946
63,1e-08,1e-05,1e-14,DEGEN2,1435.1779999999806,True,0,3022,0.3044726848602295
63,1e-08,1e-05,1e-14,DEGEN3,-inf,False,1,10000,41.25690817832947
63,1e-08,1e-05,1e-14,E226,18.75192906621691,True,0,840,0.0200889110565185
63,1e-08,1e-05,1e-14,FFFFF800,-555679.5648175069,True,0,1760,0.1930694580078125
63,1e-08,1e-05,1e-14,ISRAEL,896644.8218630381,True,0,913,0.0178508758544921
63,1e-08,1e-05,1e-14,LOTFI,25.26470606188001,True,0,277,0.0024611949920654
63,1e-08,1e-05,1e-14,MAROS-R7,-1497185.166479643,True,0,4315,56.69534969329834
63,1e-08,1e-05,1e-14,QAP12,-inf,False,1,10000,375.6943471431732
63,1e-08,1e-05,1e-14,QAP15,-inf,False,1,10000,1340.1025412082672
63,1e-08,1e-05,1e-14,QAP8,-256.008493353221,False,1,10000,18.464182376861572
63,1e-08,1e-05,1e-14,SC105,52.20206121170724,True,0,134,0.0011069774627685
63,1e-08,1e-05,1e-14,SC205,52.2020612117079,True,0,325,0.0070371627807617
63,1e-08,1e-05,1e-14,SC50A,64.57507705856449,True,0,59,0.0003333091735839
63,1e-08,1e-05,1e-14,SC50B,70.0,True,0,62,0.0003437995910644
63,1e-08,1e-05,1e-14,SCAGR25,14753433.06415543,True,0,1765,0.1742315292358398
63,1e-08,1e-05,1e-14,SCAGR7,2331389.8243309762,True,0,250,0.0019607543945312
63,1e-08,1e-05,1e-14,SCFXM1,-18416.759028346125,True,0,896,0.0361626148223876
63,1e-08,1e-05,1e-14,SCFXM2,-36660.26156499932,True,0,1747,0.349252700805664
63,1e-08,1e-05,1e-14,SCFXM3,-54901.254549742924,True,0,2510,2.0114452838897705
63,1e-08,1e-05,1e-14,SCORPION,-1875.8517318290155,True,0,466,0.0090999603271484
63,1e-08,1e-05,1e-14,SCRS8,-536.9613499483563,True,0,1437,0.1331346035003662
63,1e-08,1e-05,1e-14,SCSD1,-8.666666674333365,True,0,516,0.0072486400604248
63,1e-08,1e-05,1e-14,SCSD6,-50.5000000771443,True,0,811,0.0324602127075195
63,1e-08,1e-05,1e-14,SCSD8,-904.9999999254622,True,0,1717,0.7768101692199707
63,1e-08,1e-05,1e-14,SCTAP1,-1412.2499999999982,True,0,875,0.0349843502044677
63,1e-08,1e-05,1e-14,SCTAP2,-inf,False,1,10000,25.67937469482422
63,1e-08,1e-05,1e-14,SCTAP3,-inf,False,3,1037,2.509087562561035
63,1e-08,1e-05,1e-14,SHARE1B,76589.31857918575,True,0,456,0.0038001537322998
63,1e-08,1e-05,1e-14,SHARE2B,415.732240741419,True,0,203,0.0010633468627929
63,1e-08,1e-05,1e-14,SHIP04L,-1793324.5379703536,True,0,775,0.0115067958831787
63,1e-08,1e-05,1e-14,SHIP04S,-1798714.7004453933,True,0,606,0.0065464973449707
63,1e-08,1e-05,1e-14,SHIP08L,-1909055.211389134,True,0,1518,0.0470671653747558
63,1e-08,1e-05,1e-14,SHIP08S,-1920098.2105346203,True,0,1215,0.0258407592773437
63,1e-08,1e-05,1e-14,SHIP12L,-1470187.919329265,True,0,2060,0.1067414283752441
63,1e-08,1e-05,1e-14,SHIP12S,-1489236.134406127,True,0,1569,0.0552945137023925
63,1e-08,1e-05,1e-14,STOCFOR1,41131.976219436154,True,0,260,0.0019195079803466
63,1e-08,1e-05,1e-14,STOCFOR2,39024.408537882206,True,0,4225,13.705457925796509
63,1e-08,1e-05,1e-14,STOCFOR3,-inf,False,1,10000,353.137127161026
63,1e-08,1e-05,1e-14,TRUSS,-483206.8293941396,False,1,10000,65.26857376098633
63,1e-08,1e-05,1e-14,WOOD1P,-inf,False,3,1619,0.1885921955108642
63,1e-08,1e-05,1e-14,WOODW,-inf,False,3,510,1.0658106803894043
64,1e-08,1e-05,1e-15,25FV47,-8104.690684770465,False,1,10000,15.12975549697876
64,1e-08,1e-05,1e-15,ADLITTLE,-225494.96316238047,True,0,144,0.0006887912750244
64,1e-08,1e-05,1e-15,AFIRO,464.7531428571428,True,0,30,0.0002624988555908
64,1e-08,1e-05,1e-15,AGG,36291233.286576286,True,0,609,0.0136065483093261
64,1e-08,1e-05,1e-15,AGG2,20239252.355977103,True,0,572,0.0072579383850097
64,1e-08,1e-05,1e-15,AGG3,-inf,False,2,548,0.0077440738677978
64,1e-08,1e-05,1e-15,BANDM,-inf,False,2,1205,0.0467059612274169
64,1e-08,1e-05,1e-15,BEACONFD,-33592.48580719996,True,0,212,0.002671480178833
64,1e-08,1e-05,1e-15,BLEND,30.81214984582805,True,0,180,0.0009078979492187
64,1e-08,1e-05,1e-15,BNL1,-1977.629561522581,True,0,4341,2.441922426223755
64,1e-08,1e-05,1e-15,BNL2,-14709.029239367563,False,1,10000,63.56021070480347
64,1e-08,1e-05,1e-15,BRANDY,-1518.5098964880663,True,0,704,0.0115249156951904
64,1e-08,1e-05,1e-15,D2Q06C,-inf,False,1,10000,91.87687158584596
64,1e-08,1e-05,1e-15,DEGEN2,1435.1779999999912,True,0,2594,0.2635002136230469
64,1e-08,1e-05,1e-15,DEGEN3,-inf,False,1,10000,41.34967064857483
64,1e-08,1e-05,1e-15,E226,18.751929066345806,True,0,785,0.0186388492584228
64,1e-08,1e-05,1e-15,FFFFF800,-555679.5648175101,True,0,1734,0.1957368850708007
64,1e-08,1e-05,1e-15,ISRAEL,896644.8218630381,True,0,913,0.0176794528961181
64,1e-08,1e-05,1e-15,LOTFI,25.26470606188001,True,0,271,0.0023655891418457
64,1e-08,1e-05,1e-15,MAROS-R7,-1497185.166479643,True,0,4315,56.85493469238281
64,1e-08,1e-05,1e-15,QAP12,-inf,False,1,10000,366.6167435646057
64,1e-08,1e-05,1e-15,QAP15,-inf,False,1,10000,1175.6133344173431
64,1e-08,1e-05,1e-15,QAP8,-inf,False,1,10000,18.73328399658203
64,1e-08,1e-05,1e-15,SC105,52.2020612117072,True,0,131,0.0011427402496337
64,1e-08,1e-05,1e-15,SC205,52.20206121167227,True,0,274,0.0056338310241699
64,1e-08,1e-05,1e-15,SC50A,64.57507705856449,True,0,59,0.0003304481506347
64,1e-08,1e-05,1e-15,SC50B,70.0,True,0,62,0.0003445148468017
64,1e-08,1e-05,1e-15,SCAGR25,67052098.12247347,False,3,1651,0.1701064109802246
64,1e-08,1e-05,1e-15,SCAGR7,2331389.8243310177,True,0,267,0.0021197795867919
64,1e-08,1e-05,1e-15,SCFXM1,-18416.759028350636,True,0,749,0.0279059410095214
64,1e-08,1e-05,1e-15,SCFXM2,-36660.261564998276,True,0,1562,0.2648890018463135
64,1e-08,1e-05,1e-15,SCFXM3,-54901.25454972762,True,0,2428,1.9026124477386477
64,1e-08,1e-05,1e-15,SCORPION,-1875.8517318290153,True,0,466,0.0091211795806884
64,1e-08,1e-05,1e-15,SCRS8,-391.6472105614773,True,0,1473,0.1430072784423828
64,1e-08,1e-05,1e-15,SCSD1,-8.666666674333507,True,0,440,0.0058579444885253
64,1e-08,1e-05,1e-15,SCSD6,-50.5000000771443,True,0,643,0.0240280628204345
64,1e-08,1e-05,1e-15,SCSD8,-904.9999999254507,True,0,1598,0.704594612121582
64,1e-08,1e-05,1e-15,SCTAP1,-1412.2499999999889,True,0,810,0.0298902988433837
64,1e-08,1e-05,1e-15,SCTAP2,-inf,False,1,10000,25.827028036117554
64,1e-08,1e-05,1e-15,SCTAP3,-inf,False,1,10000,48.55965065956116
64,1e-08,1e-05,1e-15,SHARE1B,76589.31857918575,True,0,456,0.0037708282470703
64,1e-08,1e-05,1e-15,SHARE2B,415.7322407414188,True,0,210,0.0010957717895507
64,1e-08,1e-05,1e-15,SHIP04L,-1793324.5379703536,True,0,773,0.0112850666046142
64,1e-08,1e-05,1e-15,SHIP04S,-1798714.7004453936,True,0,608,0.0066847801208496
64,1e-08,1e-05,1e-15,SHIP08L,-1909055.2113891335,True,0,1514,0.0469214916229248
64,1e-08,1e-05,1e-15,SHIP08S,-1920098.2105346206,True,0,1214,0.0255243778228759
64,1e-08,1e-05,1e-15,SHIP12L,-1470187.919329265,True,0,2081,0.1084425449371337
64,1e-08,1e-05,1e-15,SHIP12S,-1489236.134406127,True,0,1568,0.0552620887756347
64,1e-08,1e-05,1e-15,STOCFOR1,41131.97621943676,True,0,268,0.0020432472229003
64,1e-08,1e-05,1e-15,STOCFOR2,39024.40853785458,True,0,4240,14.04084587097168
64,1e-08,1e-05,1e-15,STOCFOR3,-inf,False,1,10000,434.931090593338
64,1e-08,1e-05,1e-15,TRUSS,-552458.925614366,False,1,10000,65.33155846595764
64,1e-08,1e-05,1e-15,WOOD1P,-inf,False,3,878,0.1026067733764648
64,1e-08,1e-05,1e-15,WOODW,-1.097431252416489,True,0,3952,21.142066717147827
65,1e-08,1e-06,1e-11,25FV47,-9091.89177764894,False,1,10000,15.185726404190063
65,1e-08,1e-06,1e-11,ADLITTLE,-225494.96316238047,True,0,144,0.0006310939788818
65,1e-08,1e-06,1e-11,AFIRO,464.7531428571428,True,0,30,0.0002555847167968
65,1e-08,1e-06,1e-11,AGG,36291233.286576286,True,0,612,0.0128817558288574
65,1e-08,1e-06,1e-11,AGG2,20239252.355977103,True,0,571,0.0066602230072021
65,1e-08,1e-06,1e-11,AGG3,-inf,False,2,548,0.007448673248291
65,1e-08,1e-06,1e-11,BANDM,158.62801845002156,True,0,1253,0.0484840869903564
65,1e-08,1e-06,1e-11,BEACONFD,-33592.48580719998,True,0,210,0.0026171207427978
65,1e-08,1e-06,1e-11,BLEND,30.81214984582829,True,0,148,0.0007472038269042
65,1e-08,1e-06,1e-11,BNL1,-1977.6295615231422,True,0,4356,2.4411795139312744
65,1e-08,1e-06,1e-11,BNL2,-inf,False,1,10000,63.93836307525635
65,1e-08,1e-06,1e-11,BRANDY,-inf,False,3,146,0.0028784275054931
65,1e-08,1e-06,1e-11,D2Q06C,-inf,False,1,10000,91.41679406166077
65,1e-08,1e-06,1e-11,DEGEN2,1436.4949999999983,True,0,2751,0.2814648151397705
65,1e-08,1e-06,1e-11,DEGEN3,-inf,False,1,10000,41.50506019592285
65,1e-08,1e-06,1e-11,E226,18.75192906637472,True,0,737,0.01707124710083
65,1e-08,1e-06,1e-11,FFFFF800,-555679.5648175078,True,0,1715,0.197723388671875
65,1e-08,1e-06,1e-11,ISRAEL,896644.8218630484,True,0,950,0.0184888839721679
65,1e-08,1e-06,1e-11,LOTFI,25.264706061880013,True,0,264,0.0022506713867187
65,1e-08,1e-06,1e-11,MAROS-R7,-1497185.1664796427,True,0,4317,56.83435392379761
65,1e-08,1e-06,1e-11,QAP12,-inf,False,1,10000,383.0318295955658
65,1e-08,1e-06,1e-11,QAP15,-inf,False,1,10000,1303.779311418533
65,1e-08,1e-06,1e-11,QAP8,-inf,False,1,10000,18.347201108932495
65,1e-08,1e-06,1e-11,SC105,52.20206121170722,True,0,138,0.0011425018310546
65,1e-08,1e-06,1e-11,SC205,52.20206121182398,True,0,314,0.0067617893218994
65,1e-08,1e-06,1e-11,SC50A,64.57507705856449,True,0,59,0.0003285408020019
65,1e-08,1e-06,1e-11,SC50B,70.0,True,0,62,0.0003447532653808
65,1e-08,1e-06,1e-11,SCAGR25,14753433.060785834,True,0,1646,0.1605796813964843
65,1e-08,1e-06,1e-11,SCAGR7,2331389.824330985,True,0,270,0.0022425651550292
65,1e-08,1e-06,1e-11,SCFXM1,-inf,False,2,633,0.0205979347229003
65,1e-08,1e-06,1e-11,SCFXM2,-36660.26156500209,True,0,1629,0.3577239513397217
65,1e-08,1e-06,1e-11,SCFXM3,-54901.25454975151,True,0,2499,2.043818950653076
65,1e-08,1e-06,1e-11,SCORPION,-1875.8517318290158,True,0,466,0.0090155601501464
65,1e-08,1e-06,1e-11,SCRS8,-449.41749452873216,True,0,1507,0.1403944492340088
65,1e-08,1e-06,1e-11,SCSD1,-8.66666667433337,True,0,365,0.0052618980407714
65,1e-08,1e-06,1e-11,SCSD6,-50.500000077144314,True,0,679,0.0261178016662597
65,1e-08,1e-06,1e-11,SCSD8,-904.9999999254596,True,0,1998,0.9469521045684814
65,1e-08,1e-06,1e-11,SCTAP1,-1412.2500000000616,True,0,862,0.0353574752807617
65,1e-08,1e-06,1e-11,SCTAP2,-inf,False,3,1280,2.1685426235198975
65,1e-08,1e-06,1e-11,SCTAP3,-inf,False,3,1122,2.5807809829711914
65,1e-08,1e-06,1e-11,SHARE1B,76589.31857918575,True,0,456,0.0038623809814453
65,1e-08,1e-06,1e-11,SHARE2B,415.732240741419,True,0,204,0.0010998249053955
65,1e-08,1e-06,1e-11,SHIP04L,-1793324.5379703536,True,0,777,0.0111567974090576
65,1e-08,1e-06,1e-11,SHIP04S,-1798714.7004453933,True,0,606,0.0065109729766845
65,1e-08,1e-06,1e-11,SHIP08L,-1909055.211389134,True,0,1518,0.0445733070373535
65,1e-08,1e-06,1e-11,SHIP08S,-1920098.2105346203,True,0,1215,0.025810956954956
65,1e-08,1e-06,1e-11,SHIP12L,-1470187.919329265,True,0,2060,0.1067438125610351
65,1e-08,1e-06,1e-11,SHIP12S,-1489236.134406127,True,0,1568,0.0554244518280029
65,1e-08,1e-06,1e-11,STOCFOR1,41131.976219436205,True,0,259,0.0020222663879394
65,1e-08,1e-06,1e-11,STOCFOR2,39024.408537882045,True,0,4273,14.08978533744812
65,1e-08,1e-06,1e-11,STOCFOR3,-inf,False,1,10000,341.6732642650604
65,1e-08,1e-06,1e-11,TRUSS,-490193.67208101606,False,1,10000,65.02290272712708
65,1e-08,1e-06,1e-11,WOOD1P,-inf,False,3,68,0.0106499195098876
65,1e-08,1e-06,1e-11,WOODW,-inf,False,3,1418,5.677008867263794
66,1e-08,1e-06,1e-12,25FV47,-7724.2208835559595,False,1,10000,15.020491361618042
66,1e-08,1e-06,1e-12,ADLITTLE,-225494.96316238047,True,0,144,0.0006272792816162
66,1e-08,1e-06,1e-12,AFIRO,464.7531428571428,True,0,30,0.0002548694610595
66,1e-08,1e-06,1e-12,AGG,36291233.286576286,True,0,610,0.0128917694091796
66,1e-08,1e-06,1e-12,AGG2,20239252.355977103,True,0,571,0.0068216323852539
66,1e-08,1e-06,1e-12,AGG3,-inf,False,2,548,0.0075891017913818
66,1e-08,1e-06,1e-12,BANDM,158.62801845025237,True,0,1363,0.0535311698913574
66,1e-08,1e-06,1e-12,BEACONFD,-33592.48580719998,True,0,210,0.0027329921722412
66,1e-08,1e-06,1e-12,BLEND,30.81214984582829,True,0,148,0.0007522106170654
66,1e-08,1e-06,1e-12,BNL1,-1977.6295615229444,True,0,3872,2.059032678604126
66,1e-08,1e-06,1e-12,BNL2,-13296.25560756109,False,1,10000,63.174675941467285
66,1e-08,1e-06,1e-12,BRANDY,-1518.5098964937695,True,0,951,0.0167579650878906
66,1e-08,1e-06,1e-12,D2Q06C,-inf,False,1,10000,92.03334140777588
66,1e-08,1e-06,1e-12,DEGEN2,1436.4949999999976,True,0,3102,0.3209233283996582
66,1e-08,1e-06,1e-12,DEGEN3,-inf,False,1,10000,41.37812399864197
66,1e-08,1e-06,1e-12,E226,18.75192906637468,True,0,738,0.017794132232666
66,1e-08,1e-06,1e-12,FFFFF800,-555679.5648175083,True,0,1735,0.2029502391815185
66,1e-08,1e-06,1e-12,ISRAEL,896644.8218630381,True,0,913,0.0179963111877441
66,1e-08,1e-06,1e-12,LOTFI,25.264706061880016,True,0,266,0.0023224353790283
66,1e-08,1e-06,1e-12,MAROS-R7,-1497185.1664796427,True,0,4317,56.76382660865784
66,1e-08,1e-06,1e-12,QAP12,-inf,False,1,10000,382.5228400230408
66,1e-08,1e-06,1e-12,QAP15,-inf,False,1,10000,1337.681388616562
66,1e-08,1e-06,1e-12,QAP8,-inf,False,1,10000,18.25078511238098
66,1e-08,1e-06,1e-12,SC105,52.20206121170722,True,0,138,0.0011084079742431
66,1e-08,1e-06,1e-12,SC205,52.202061211805145,True,0,304,0.0065753459930419
66,1e-08,1e-06,1e-12,SC50A,64.57507705856449,True,0,59,0.0003285408020019
66,1e-08,1e-06,1e-12,SC50B,70.0,True,0,62,0.000342845916748
66,1e-08,1e-06,1e-12,SCAGR25,14753432.17823778,True,0,1600,0.1524150371551513
66,1e-08,1e-06,1e-12,SCAGR7,2331389.824330985,True,0,270,0.0022511482238769
66,1e-08,1e-06,1e-12,SCFXM1,-18416.75902841879,True,0,845,0.0337970256805419
66,1e-08,1e-06,1e-12,SCFXM2,-36660.261565001405,True,0,1603,0.3355045318603515
66,1e-08,1e-06,1e-12,SCFXM3,-54901.25454975134,True,0,2481,1.8355090618133545
66,1e-08,1e-06,1e-12,SCORPION,-1875.8517318290158,True,0,466,0.009045124053955
66,1e-08,1e-06,1e-12,SCRS8,-531.119254753136,True,0,1537,0.1397593021392822
66,1e-08,1e-06,1e-12,SCSD1,-8.666666674333367,True,0,369,0.0052635669708251
66,1e-08,1e-06,1e-12,SCSD6,-50.500000077144314,True,0,679,0.0259978771209716
66,1e-08,1e-06,1e-12,SCSD8,-904.9999999254597,True,0,1963,0.922337293624878
66,1e-08,1e-06,1e-12,SCTAP1,-1412.2500000000002,True,0,813,0.0322203636169433
66,1e-08,1e-06,1e-12,SCTAP2,-inf,False,3,784,1.022859811782837
66,1e-08,1e-06,1e-12,SCTAP3,-inf,False,3,820,1.6028025150299072
66,1e-08,1e-06,1e-12,SHARE1B,76589.31857918575,True,0,456,0.0037927627563476
66,1e-08,1e-06,1e-12,SHARE2B,415.732240741419,True,0,204,0.001084566116333
66,1e-08,1e-06,1e-12,SHIP04L,-1793324.5379703536,True,0,777,0.011026382446289
66,1e-08,1e-06,1e-12,SHIP04S,-1798714.7004453933,True,0,606,0.0064907073974609
66,1e-08,1e-06,1e-12,SHIP08L,-1909055.211389134,True,0,1518,0.0444245338439941
66,1e-08,1e-06,1e-12,SHIP08S,-1920098.2105346203,True,0,1215,0.0257320404052734
66,1e-08,1e-06,1e-12,SHIP12L,-1470187.919329265,True,0,2060,0.1063370704650878
66,1e-08,1e-06,1e-12,SHIP12S,-1489236.134406127,True,0,1568,0.0552668571472168
66,1e-08,1e-06,1e-12,STOCFOR1,41131.976219436176,True,0,259,0.0019230842590332
66,1e-08,1e-06,1e-12,STOCFOR2,39024.40853788116,True,0,4272,14.058117628097534
66,1e-08,1e-06,1e-12,STOCFOR3,-inf,False,1,10000,343.2090094089508
66,1e-08,1e-06,1e-12,TRUSS,-528517.2109136587,False,1,10000,65.33541870117188
66,1e-08,1e-06,1e-12,WOOD1P,-inf,False,3,200,0.0284242630004882
66,1e-08,1e-06,1e-12,WOODW,-inf,False,3,426,0.8205616474151611
67,1e-08,1e-06,1e-13,25FV47,-8618.378814231652,False,1,10000,15.16083836555481
67,1e-08,1e-06,1e-13,ADLITTLE,-225494.96316238047,True,0,144,0.000704288482666
67,1e-08,1e-06,1e-13,AFIRO,464.7531428571428,True,0,30,0.0002627372741699
67,1e-08,1e-06,1e-13,AGG,36291233.286576286,True,0,609,0.0130729675292968
67,1e-08,1e-06,1e-13,AGG2,20239252.355977103,True,0,571,0.0067336559295654
67,1e-08,1e-06,1e-13,AGG3,-inf,False,2,548,0.0074658393859863
67,1e-08,1e-06,1e-13,BANDM,158.62801845024026,True,0,1333,0.0522019863128662
67,1e-08,1e-06,1e-13,BEACONFD,-33592.48580719998,True,0,210,0.0026159286499023
67,1e-08,1e-06,1e-13,BLEND,30.81214984582808,True,0,165,0.0008172988891601
67,1e-08,1e-06,1e-13,BNL1,-1977.629561522755,True,0,4477,2.5523838996887207
67,1e-08,1e-06,1e-13,BNL2,-inf,False,1,10000,63.712523460388184
67,1e-08,1e-06,1e-13,BRANDY,-1518.509896485441,True,0,780,0.0148730278015136
67,1e-08,1e-06,1e-13,D2Q06C,-inf,False,1,10000,89.32435369491577
67,1e-08,1e-06,1e-13,DEGEN2,1435.1779999999994,True,0,2819,0.2884235382080078
67,1e-08,1e-06,1e-13,DEGEN3,-inf,False,1,10000,41.02836346626282
67,1e-08,1e-06,1e-13,E226,18.75192906637468,True,0,738,0.017047643661499
67,1e-08,1e-06,1e-13,FFFFF800,-555679.5648175066,True,0,1785,0.2060797214508056
67,1e-08,1e-06,1e-13,ISRAEL,896644.8218630381,True,0,913,0.0178453922271728
67,1e-08,1e-06,1e-13,LOTFI,25.26470606188001,True,0,277,0.0024516582489013
67,1e-08,1e-06,1e-13,MAROS-R7,-1497185.1664796427,True,0,4317,56.71309518814087
67,1e-08,1e-06,1e-13,QAP12,-inf,False,1,10000,363.98448491096497
67,1e-08,1e-06,1e-13,QAP15,-inf,False,1,10000,1258.8375477790833
67,1e-08,1e-06,1e-13,QAP8,-inf,False,1,10000,18.29757809638977
67,1e-08,1e-06,1e-13,SC105,52.20206121170722,True,0,139,0.0011050701141357
67,1e-08,1e-06,1e-13,SC205,52.20206121170649,True,0,322,0.0069789886474609
67,1e-08,1e-06,1e-13,SC50A,64.57507705856449,True,0,59,0.0003340244293212
67,1e-08,1e-06,1e-13,SC50B,70.0,True,0,62,0.0003449916839599
67,1e-08,1e-06,1e-13,SCAGR25,14753433.06344635,True,0,1690,0.1633763313293457
67,1e-08,1e-06,1e-13,SCAGR7,2331389.824330985,True,0,270,0.0022022724151611
67,1e-08,1e-06,1e-13,SCFXM1,-18416.759028417593,True,0,847,0.0336956977844238
67,1e-08,1e-06,1e-13,SCFXM2,-36660.261564997534,True,0,1603,0.3022406101226806
67,1e-08,1e-06,1e-13,SCFXM3,-54901.254549747006,True,0,2491,2.0071001052856445
67,1e-08,1e-06,1e-13,SCORPION,-1875.8517318290158,True,0,466,0.008845567703247
67,1e-08,1e-06,1e-13,SCRS8,-449.41749452893407,True,0,1606,0.1776010990142822
67,1e-08,1e-06,1e-13,SCSD1,-8.66666667433336,True,0,387,0.0054080486297607
67,1e-08,1e-06,1e-13,SCSD6,-50.500000077144335,True,0,727,0.028306245803833
67,1e-08,1e-06,1e-13,SCSD8,-904.999999925461,True,0,2070,1.0059406757354736
67,1e-08,1e-06,1e-13,SCTAP1,-1412.249999999997,True,0,797,0.0313408374786376
67,1e-08,1e-06,1e-13,SCTAP2,-inf,False,1,10000,27.496007680892944
67,1e-08,1e-06,1e-13,SCTAP3,-inf,False,1,10000,47.18448281288147
67,1e-08,1e-06,1e-13,SHARE1B,76589.31857918575,True,0,456,0.0037834644317626
67,1e-08,1e-06,1e-13,SHARE2B,415.732240741419,True,0,204,0.0011508464813232
67,1e-08,1e-06,1e-13,SHIP04L,-1793324.5379703536,True,0,777,0.0117154121398925
67,1e-08,1e-06,1e-13,SHIP04S,-1798714.7004453933,True,0,606,0.0071442127227783
67,1e-08,1e-06,1e-13,SHIP08L,-1909055.211389134,True,0,1518,0.0469253063201904
67,1e-08,1e-06,1e-13,SHIP08S,-1920098.2105346203,True,0,1215,0.0256557464599609
67,1e-08,1e-06,1e-13,SHIP12L,-1470187.919329265,True,0,2060,0.1117510795593261
67,1e-08,1e-06,1e-13,SHIP12S,-1489236.134406127,True,0,1568,0.0582597255706787
67,1e-08,1e-06,1e-13,STOCFOR1,41131.97621943616,True,0,259,0.0020184516906738
67,1e-08,1e-06,1e-13,STOCFOR2,39024.40853788207,True,0,4250,14.073010683059692
67,1e-08,1e-06,1e-13,STOCFOR3,-inf,False,1,10000,340.88817167282104
67,1e-08,1e-06,1e-13,TRUSS,-511910.6864898863,False,1,10000,64.62479543685913
67,1e-08,1e-06,1e-13,WOOD1P,-inf,False,3,323,0.05289888381958
67,1e-08,1e-06,1e-13,WOODW,-inf,False,3,760,1.9668190479278564
68,1e-08,1e-06,1e-14,25FV47,-7517.238775092248,False,1,10000,15.07193636894226
68,1e-08,1e-06,1e-14,ADLITTLE,-225494.96316238047,True,0,144,0.0006301403045654
68,1e-08,1e-06,1e-14,AFIRO,464.7531428571428,True,0,30,0.000262975692749
68,1e-08,1e-06,1e-14,AGG,36291233.286576286,True,0,609,0.0131192207336425
68,1e-08,1e-06,1e-14,AGG2,20239252.355977103,True,0,571,0.0067811012268066
68,1e-08,1e-06,1e-14,AGG3,-inf,False,2,548,0.0075175762176513
68,1e-08,1e-06,1e-14,BANDM,158.6280184499312,True,0,1261,0.0500564575195312
68,1e-08,1e-06,1e-14,BEACONFD,-33592.48580719996,True,0,212,0.0027246475219726
68,1e-08,1e-06,1e-14,BLEND,30.81214984582823,True,0,161,0.000817060470581
68,1e-08,1e-06,1e-14,BNL1,-1977.6295615241102,True,0,4659,2.60575795173645
68,1e-08,1e-06,1e-14,BNL2,-7058.577107619767,False,1,10000,63.5030517578125
68,1e-08,1e-06,1e-14,BRANDY,-1518.5098964881197,True,0,647,0.0104849338531494
68,1e-08,1e-06,1e-14,D2Q06C,-inf,False,1,10000,90.379371881485
68,1e-08,1e-06,1e-14,DEGEN2,1435.1779999999806,True,0,3022,0.3067708015441894
68,1e-08,1e-06,1e-14,DEGEN3,-inf,False,1,10000,41.20899796485901
68,1e-08,1e-06,1e-14,E226,18.75192906621691,True,0,840,0.0201354026794433
68,1e-08,1e-06,1e-14,FFFFF800,-555679.5648175069,True,0,1760,0.1931824684143066
68,1e-08,1e-06,1e-14,ISRAEL,896644.8218630381,True,0,913,0.0179340839385986
68,1e-08,1e-06,1e-14,LOTFI,25.26470606188001,True,0,277,0.0024521350860595
68,1e-08,1e-06,1e-14,MAROS-R7,-1497185.1664796427,True,0,4317,56.684675455093384
68,1e-08,1e-06,1e-14,QAP12,-inf,False,1,10000,378.4345099925995
68,1e-08,1e-06,1e-14,QAP15,-inf,False,1,10000,1340.3777225017548
68,1e-08,1e-06,1e-14,QAP8,-256.008493353221,False,1,10000,18.36695909500122
68,1e-08,1e-06,1e-14,SC105,52.20206121170724,True,0,134,0.0010700225830078
68,1e-08,1e-06,1e-14,SC205,52.2020612117079,True,0,325,0.007059097290039
68,1e-08,1e-06,1e-14,SC50A,64.57507705856449,True,0,59,0.0003347396850585
68,1e-08,1e-06,1e-14,SC50B,70.0,True,0,62,0.0003483295440673
68,1e-08,1e-06,1e-14,SCAGR25,-inf,False,2,1276,0.1149978637695312
68,1e-08,1e-06,1e-14,SCAGR7,2331389.8243309762,True,0,250,0.002000093460083
68,1e-08,1e-06,1e-14,SCFXM1,-18416.759028346125,True,0,896,0.0364825725555419
68,1e-08,1e-06,1e-14,SCFXM2,-36660.26156499932,True,0,1747,0.3576972484588623
68,1e-08,1e-06,1e-14,SCFXM3,-54901.254549742924,True,0,2510,2.00268030166626
68,1e-08,1e-06,1e-14,SCORPION,-1875.8517318290155,True,0,466,0.0090398788452148
68,1e-08,1e-06,1e-14,SCRS8,-536.9613499483563,True,0,1437,0.1402909755706787
68,1e-08,1e-06,1e-14,SCSD1,-8.666666674333365,True,0,516,0.0071954727172851
68,1e-08,1e-06,1e-14,SCSD6,-50.5000000771443,True,0,811,0.0320982933044433
68,1e-08,1e-06,1e-14,SCSD8,-904.9999999254622,True,0,1717,0.7686066627502441
68,1e-08,1e-06,1e-14,SCTAP1,-1412.2499999999982,True,0,875,0.0346941947937011
68,1e-08,1e-06,1e-14,SCTAP2,-inf,False,3,903,1.1140930652618408
68,1e-08,1e-06,1e-14,SCTAP3,-inf,False,3,308,0.2541399002075195
68,1e-08,1e-06,1e-14,SHARE1B,76589.31857918575,True,0,456,0.0038630962371826
68,1e-08,1e-06,1e-14,SHARE2B,415.732240741419,True,0,203,0.0011425018310546
68,1e-08,1e-06,1e-14,SHIP04L,-1793324.5379703536,True,0,775,0.0111942291259765
68,1e-08,1e-06,1e-14,SHIP04S,-1798714.7004453933,True,0,606,0.0073146820068359
68,1e-08,1e-06,1e-14,SHIP08L,-1909055.211389134,True,0,1518,0.0444025993347168
68,1e-08,1e-06,1e-14,SHIP08S,-1920098.2105346203,True,0,1215,0.0256791114807128
68,1e-08,1e-06,1e-14,SHIP12L,-1470187.919329265,True,0,2060,0.10638427734375
68,1e-08,1e-06,1e-14,SHIP12S,-1489236.134406127,True,0,1569,0.0551645755767822
68,1e-08,1e-06,1e-14,STOCFOR1,41131.976219436154,True,0,260,0.0019385814666748
68,1e-08,1e-06,1e-14,STOCFOR2,39024.408537882206,True,0,4225,13.661313772201538
68,1e-08,1e-06,1e-14,STOCFOR3,-inf,False,1,10000,353.6258280277252
68,1e-08,1e-06,1e-14,TRUSS,-483206.8293941396,False,1,10000,65.11544489860535
68,1e-08,1e-06,1e-14,WOOD1P,-inf,False,3,140,0.0215451717376709
68,1e-08,1e-06,1e-14,WOODW,-inf,False,3,445,0.8769142627716064
69,1e-08,1e-06,1e-15,25FV47,-8104.690684770465,False,1,10000,14.957912683486938
69,1e-08,1e-06,1e-15,ADLITTLE,-225494.96316238047,True,0,144,0.0006358623504638
69,1e-08,1e-06,1e-15,AFIRO,464.7531428571428,True,0,30,0.0002593994140625
69,1e-08,1e-06,1e-15,AGG,36291233.286576286,True,0,609,0.0131473541259765
69,1e-08,1e-06,1e-15,AGG2,20239252.355977103,True,0,572,0.0067930221557617
69,1e-08,1e-06,1e-15,AGG3,-inf,False,2,548,0.0075585842132568
69,1e-08,1e-06,1e-15,BANDM,158.62801835423596,True,0,1664,0.0667617321014404
69,1e-08,1e-06,1e-15,BEACONFD,-33592.48580719996,True,0,212,0.0026259422302246
69,1e-08,1e-06,1e-15,BLEND,30.81214984582805,True,0,180,0.0008800029754638
69,1e-08,1e-06,1e-15,BNL1,-1977.6295615228416,True,0,4340,2.4051175117492676
69,1e-08,1e-06,1e-15,BNL2,-14709.029239367563,False,1,10000,63.65766215324402
69,1e-08,1e-06,1e-15,BRANDY,-1518.5098964880663,True,0,704,0.0115551948547363
69,1e-08,1e-06,1e-15,D2Q06C,-inf,False,1,10000,91.82625961303712
69,1e-08,1e-06,1e-15,DEGEN2,1435.1779999999912,True,0,2594,0.2589237689971924
69,1e-08,1e-06,1e-15,DEGEN3,-inf,False,1,10000,41.24437761306763
69,1e-08,1e-06,1e-15,E226,18.751929066345806,True,0,785,0.0185089111328125
69,1e-08,1e-06,1e-15,FFFFF800,-555679.5648175101,True,0,1734,0.190460205078125
69,1e-08,1e-06,1e-15,ISRAEL,896644.8218630381,True,0,913,0.017690896987915
69,1e-08,1e-06,1e-15,LOTFI,25.26470606188001,True,0,271,0.0023529529571533
69,1e-08,1e-06,1e-15,MAROS-R7,-1497185.1664796427,True,0,4317,56.7069878578186
69,1e-08,1e-06,1e-15,QAP12,-inf,False,1,10000,365.4878063201904
69,1e-08,1e-06,1e-15,QAP15,-inf,False,1,10000,1132.046365737915
69,1e-08,1e-06,1e-15,QAP8,-inf,False,1,10000,18.730812549591064
69,1e-08,1e-06,1e-15,SC105,52.2020612117072,True,0,131,0.0010874271392822
69,1e-08,1e-06,1e-15,SC205,52.20206121167227,True,0,274,0.0058603286743164
69,1e-08,1e-06,1e-15,SC50A,64.57507705856449,True,0,59,0.0003447532653808
69,1e-08,1e-06,1e-15,SC50B,70.0,True,0,62,0.000359296798706
69,1e-08,1e-06,1e-15,SCAGR25,14753503.684796171,True,0,1501,0.1581788063049316
69,1e-08,1e-06,1e-15,SCAGR7,2331389.8243310177,True,0,267,0.0022015571594238
69,1e-08,1e-06,1e-15,SCFXM1,-18416.759028350636,True,0,749,0.0287213325500488
69,1e-08,1e-06,1e-15,SCFXM2,-36660.261564998276,True,0,1562,0.2742664813995361
69,1e-08,1e-06,1e-15,SCFXM3,-54901.25454972762,True,0,2428,1.901952028274536
69,1e-08,1e-06,1e-15,SCORPION,-1875.8517318290153,True,0,466,0.0090839862823486
69,1e-08,1e-06,1e-15,SCRS8,-391.6472105614773,True,0,1473,0.1469244956970214
69,1e-08,1e-06,1e-15,SCSD1,-8.666666674333507,True,0,440,0.0058887004852294
69,1e-08,1e-06,1e-15,SCSD6,-50.5000000771443,True,0,643,0.0238685607910156
69,1e-08,1e-06,1e-15,SCSD8,-904.9999999254507,True,0,1598,0.6983728408813477
69,1e-08,1e-06,1e-15,SCTAP1,-1412.2499999999889,True,0,810,0.0295867919921875
69,1e-08,1e-06,1e-15,SCTAP2,-inf,False,3,1500,2.3983428478240967
69,1e-08,1e-06,1e-15,SCTAP3,-inf,False,3,1313,3.6988086700439458
69,1e-08,1e-06,1e-15,SHARE1B,76589.31857918575,True,0,456,0.0037994384765625
69,1e-08,1e-06,1e-15,SHARE2B,415.7322407414188,True,0,210,0.0011031627655029
69,1e-08,1e-06,1e-15,SHIP04L,-1793324.5379703536,True,0,773,0.0105352401733398
69,1e-08,1e-06,1e-15,SHIP04S,-1798714.7004453936,True,0,608,0.0072100162506103
69,1e-08,1e-06,1e-15,SHIP08L,-1909055.2113891335,True,0,1514,0.0442323684692382
69,1e-08,1e-06,1e-15,SHIP08S,-1920098.2105346206,True,0,1214,0.0254814624786376
69,1e-08,1e-06,1e-15,SHIP12L,-1470187.919329265,True,0,2081,0.1085681915283203
69,1e-08,1e-06,1e-15,SHIP12S,-1489236.134406127,True,0,1568,0.0552210807800293
69,1e-08,1e-06,1e-15,STOCFOR1,41131.97621943676,True,0,268,0.0020239353179931
69,1e-08,1e-06,1e-15,STOCFOR2,39024.40853785458,True,0,4240,14.003691673278809
69,1e-08,1e-06,1e-15,STOCFOR3,-inf,False,3,9974,456.48150420188904
69,1e-08,1e-06,1e-15,TRUSS,-552458.925614366,False,1,10000,65.28623008728027
69,1e-08,1e-06,1e-15,WOOD1P,-inf,False,3,120,0.0183582305908203
69,1e-08,1e-06,1e-15,WOODW,-inf,False,3,431,0.8341443538665771
70,1e-08,1e-07,1e-11,25FV47,-9091.89177764894,False,1,10000,15.048993587493896
70,1e-08,1e-07,1e-11,ADLITTLE,-225494.96316238047,True,0,144,0.0006337165832519
70,1e-08,1e-07,1e-11,AFIRO,464.7531428571428,True,0,30,0.0002624988555908
70,1e-08,1e-07,1e-11,AGG,36291233.286576286,True,0,612,0.0133476257324218
70,1e-08,1e-07,1e-11,AGG2,20239252.355977103,True,0,571,0.0068252086639404
70,1e-08,1e-07,1e-11,AGG3,-inf,False,2,548,0.0075132846832275
70,1e-08,1e-07,1e-11,BANDM,158.62801845002156,True,0,1253,0.0483207702636718
70,1e-08,1e-07,1e-11,BEACONFD,-33592.48580719998,True,0,210,0.002701997756958
70,1e-08,1e-07,1e-11,BLEND,30.81214984582829,True,0,148,0.0007588863372802
70,1e-08,1e-07,1e-11,BNL1,-1977.6295615231422,True,0,4356,2.3902792930603027
70,1e-08,1e-07,1e-11,BNL2,-inf,False,1,10000,63.79147958755493
70,1e-08,1e-07,1e-11,BRANDY,-1518.5325854360594,True,0,824,0.0141751766204833
70,1e-08,1e-07,1e-11,D2Q06C,-inf,False,1,10000,91.31524467468262
70,1e-08,1e-07,1e-11,DEGEN2,1436.4949999999983,True,0,2751,0.2846088409423828
70,1e-08,1e-07,1e-11,DEGEN3,-inf,False,1,10000,41.34956073760986
70,1e-08,1e-07,1e-11,E226,18.75192906637472,True,0,737,0.0169405937194824
70,1e-08,1e-07,1e-11,FFFFF800,-inf,False,2,1464,0.1582908630371093
70,1e-08,1e-07,1e-11,ISRAEL,896644.8218630484,True,0,950,0.0184705257415771
70,1e-08,1e-07,1e-11,LOTFI,25.264706061880013,True,0,264,0.0022597312927246
70,1e-08,1e-07,1e-11,MAROS-R7,-1497185.1664796427,True,0,4317,56.68424844741821
70,1e-08,1e-07,1e-11,QAP12,-inf,False,3,5369,180.2848994731903
70,1e-08,1e-07,1e-11,QAP15,-inf,False,1,10000,1316.5912709236145
70,1e-08,1e-07,1e-11,QAP8,-inf,False,1,10000,18.190089464187626
70,1e-08,1e-07,1e-11,SC105,52.20206121170722,True,0,138,0.0011088848114013
70,1e-08,1e-07,1e-11,SC205,52.20206121182398,True,0,314,0.006753921508789
70,1e-08,1e-07,1e-11,SC50A,64.57507705856449,True,0,59,0.0003466606140136
70,1e-08,1e-07,1e-11,SC50B,70.0,True,0,62,0.0003583431243896
70,1e-08,1e-07,1e-11,SCAGR25,14753433.060785834,True,0,1646,0.1604626178741455
70,1e-08,1e-07,1e-11,SCAGR7,2331389.824330985,True,0,270,0.0022127628326416
70,1e-08,1e-07,1e-11,SCFXM1,-inf,False,2,633,0.0203816890716552
70,1e-08,1e-07,1e-11,SCFXM2,-36660.26156500209,True,0,1629,0.3625550270080566
70,1e-08,1e-07,1e-11,SCFXM3,-54901.25454975151,True,0,2499,2.0439000129699707
70,1e-08,1e-07,1e-11,SCORPION,-1875.8517318290158,True,0,466,0.009040355682373
70,1e-08,1e-07,1e-11,SCRS8,-449.41749452873216,True,0,1507,0.1432747840881347
70,1e-08,1e-07,1e-11,SCSD1,-8.66666667433337,True,0,365,0.0051264762878417
70,1e-08,1e-07,1e-11,SCSD6,-50.500000077144314,True,0,679,0.025947093963623
70,1e-08,1e-07,1e-11,SCSD8,-inf,False,3,616,0.1297328472137451
70,1e-08,1e-07,1e-11,SCTAP1,-1412.2500000000616,True,0,862,0.0352156162261962
70,1e-08,1e-07,1e-11,SCTAP2,-inf,False,3,316,0.182823896408081
70,1e-08,1e-07,1e-11,SCTAP3,-inf,False,3,904,1.9402263164520264
70,1e-08,1e-07,1e-11,SHARE1B,76589.31857918575,True,0,456,0.0037994384765625
70,1e-08,1e-07,1e-11,SHARE2B,415.732240741419,True,0,204,0.0010735988616943
70,1e-08,1e-07,1e-11,SHIP04L,-1793324.5379703536,True,0,777,0.0111355781555175
70,1e-08,1e-07,1e-11,SHIP04S,-1798714.7004453933,True,0,606,0.0071663856506347
70,1e-08,1e-07,1e-11,SHIP08L,-1909055.211389134,True,0,1518,0.0443353652954101
70,1e-08,1e-07,1e-11,SHIP08S,-1920098.2105346203,True,0,1215,0.0256919860839843
70,1e-08,1e-07,1e-11,SHIP12L,-1470187.919329265,True,0,2060,0.1064534187316894
70,1e-08,1e-07,1e-11,SHIP12S,-1489236.134406127,True,0,1568,0.0554423332214355
70,1e-08,1e-07,1e-11,STOCFOR1,41131.976219436205,True,0,259,0.0019147396087646
70,1e-08,1e-07,1e-11,STOCFOR2,39024.408537882045,True,0,4273,14.046056985855104
70,1e-08,1e-07,1e-11,STOCFOR3,-inf,False,1,10000,344.7334318161011
70,1e-08,1e-07,1e-11,TRUSS,-613488.0583542016,False,3,4968,28.429741621017456
70,1e-08,1e-07,1e-11,WOOD1P,-inf,False,3,141,0.0172584056854248
70,1e-08,1e-07,1e-11,WOODW,-inf,False,3,808,2.285783290863037
71,1e-08,1e-07,1e-12,25FV47,-7724.2208835559595,False,1,10000,15.00653624534607
71,1e-08,1e-07,1e-12,ADLITTLE,-225494.96316238047,True,0,144,0.0006978511810302
71,1e-08,1e-07,1e-12,AFIRO,464.7531428571428,True,0,30,0.0002927780151367
71,1e-08,1e-07,1e-12,AGG,36291233.286576286,True,0,610,0.0144188404083251
71,1e-08,1e-07,1e-12,AGG2,20239252.355977103,True,0,571,0.0073800086975097
71,1e-08,1e-07,1e-12,AGG3,-inf,False,2,548,0.0083193778991699
71,1e-08,1e-07,1e-12,BANDM,158.62801845025237,True,0,1363,0.0584499835968017
71,1e-08,1e-07,1e-12,BEACONFD,-33592.48580719998,True,0,210,0.0028378963470458
71,1e-08,1e-07,1e-12,BLEND,30.81214984582829,True,0,148,0.000823974609375
71,1e-08,1e-07,1e-12,BNL1,-1977.6295615229444,True,0,3872,2.045076370239258
71,1e-08,1e-07,1e-12,BNL2,-13296.25560756109,False,1,10000,63.48008322715759
71,1e-08,1e-07,1e-12,BRANDY,-1518.5098964937695,True,0,951,0.0166883468627929
71,1e-08,1e-07,1e-12,D2Q06C,-inf,False,1,10000,91.9583706855774
71,1e-08,1e-07,1e-12,DEGEN2,1436.4949999999976,True,0,3102,0.3243472576141357
71,1e-08,1e-07,1e-12,DEGEN3,-inf,False,1,10000,41.36634159088135
71,1e-08,1e-07,1e-12,E226,18.75192906637468,True,0,738,0.0170905590057373
71,1e-08,1e-07,1e-12,FFFFF800,-inf,False,2,1512,0.1665623188018798
71,1e-08,1e-07,1e-12,ISRAEL,896644.8218630381,True,0,913,0.0176892280578613
71,1e-08,1e-07,1e-12,LOTFI,25.264706061880016,True,0,266,0.0022723674774169
71,1e-08,1e-07,1e-12,MAROS-R7,-1497185.1664796427,True,0,4317,56.681143045425415
71,1e-08,1e-07,1e-12,QAP12,-inf,False,1,10000,380.326119184494
71,1e-08,1e-07,1e-12,QAP15,-inf,False,1,10000,1348.4952092170715
71,1e-08,1e-07,1e-12,QAP8,-inf,False,1,10000,18.30079674720764
71,1e-08,1e-07,1e-12,SC105,52.20206121170722,True,0,138,0.0011136531829833
71,1e-08,1e-07,1e-12,SC205,52.202061211805145,True,0,304,0.0065803527832031
71,1e-08,1e-07,1e-12,SC50A,64.57507705856449,True,0,59,0.0004191398620605
71,1e-08,1e-07,1e-12,SC50B,70.0,True,0,62,0.0003614425659179
71,1e-08,1e-07,1e-12,SCAGR25,14753433.841692002,True,0,1596,0.1526770591735839
71,1e-08,1e-07,1e-12,SCAGR7,2331389.824330985,True,0,270,0.0022306442260742
71,1e-08,1e-07,1e-12,SCFXM1,-18416.75902841879,True,0,845,0.0340299606323242
71,1e-08,1e-07,1e-12,SCFXM2,-36660.261565001405,True,0,1603,0.3451721668243408
71,1e-08,1e-07,1e-12,SCFXM3,-54901.25454975134,True,0,2481,1.8363144397735596
71,1e-08,1e-07,1e-12,SCORPION,-1875.8517318290158,True,0,466,0.0089068412780761
71,1e-08,1e-07,1e-12,SCRS8,-531.119254753136,True,0,1537,0.1504576206207275
71,1e-08,1e-07,1e-12,SCSD1,-8.666666674333367,True,0,369,0.0052928924560546
71,1e-08,1e-07,1e-12,SCSD6,-50.500000077144314,True,0,679,0.0262744426727294
71,1e-08,1e-07,1e-12,SCSD8,-inf,False,3,618,0.1313893795013427
71,1e-08,1e-07,1e-12,SCTAP1,-1412.2500000000002,True,0,813,0.0325827598571777
71,1e-08,1e-07,1e-12,SCTAP2,-inf,False,3,308,0.1705317497253418
71,1e-08,1e-07,1e-12,SCTAP3,-inf,False,3,814,1.5915460586547852
71,1e-08,1e-07,1e-12,SHARE1B,76589.31857918575,True,0,456,0.0037996768951416
71,1e-08,1e-07,1e-12,SHARE2B,415.732240741419,True,0,204,0.0010991096496582
71,1e-08,1e-07,1e-12,SHIP04L,-1793324.5379703536,True,0,777,0.0111286640167236
71,1e-08,1e-07,1e-12,SHIP04S,-1798714.7004453933,True,0,606,0.0072383880615234
71,1e-08,1e-07,1e-12,SHIP08L,-1909055.211389134,True,0,1518,0.0446109771728515
71,1e-08,1e-07,1e-12,SHIP08S,-1920098.2105346203,True,0,1215,0.025923728942871
71,1e-08,1e-07,1e-12,SHIP12L,-1470187.919329265,True,0,2060,0.1079931259155273
71,1e-08,1e-07,1e-12,SHIP12S,-1489236.134406127,True,0,1568,0.0560495853424072
71,1e-08,1e-07,1e-12,STOCFOR1,41131.976219436176,True,0,259,0.0019471645355224
71,1e-08,1e-07,1e-12,STOCFOR2,39024.40853788116,True,0,4272,14.059579133987429
71,1e-08,1e-07,1e-12,STOCFOR3,-inf,False,1,10000,344.06994009017944
71,1e-08,1e-07,1e-12,TRUSS,-528490.7296828276,False,1,10000,65.50350189208984
71,1e-08,1e-07,1e-12,WOOD1P,-inf,False,3,126,0.0196926593780517
71,1e-08,1e-07,1e-12,WOODW,-inf,False,3,422,0.8147768974304199
72,1e-08,1e-07,1e-13,25FV47,-inf,False,3,6248,8.871525526046753
72,1e-08,1e-07,1e-13,ADLITTLE,-225494.96316238047,True,0,144,0.0006341934204101
72,1e-08,1e-07,1e-13,AFIRO,464.7531428571428,True,0,30,0.0002624988555908
72,1e-08,1e-07,1e-13,AGG,36291233.286576286,True,0,609,0.0131938457489013
72,1e-08,1e-07,1e-13,AGG2,20239252.355977103,True,0,571,0.0068459510803222
72,1e-08,1e-07,1e-13,AGG3,-inf,False,2,548,0.0075337886810302
72,1e-08,1e-07,1e-13,BANDM,158.62801845024026,True,0,1333,0.0530221462249755
72,1e-08,1e-07,1e-13,BEACONFD,-33592.48580719998,True,0,210,0.002615213394165
72,1e-08,1e-07,1e-13,BLEND,30.81214984582808,True,0,165,0.0008208751678466
72,1e-08,1e-07,1e-13,BNL1,-1977.629561522755,True,0,4477,2.5381550788879395
72,1e-08,1e-07,1e-13,BNL2,-inf,False,1,10000,63.98843431472778
72,1e-08,1e-07,1e-13,BRANDY,-1518.509896485441,True,0,780,0.0135974884033203
72,1e-08,1e-07,1e-13,D2Q06C,-inf,False,3,9293,81.01395654678345
72,1e-08,1e-07,1e-13,DEGEN2,1435.1779999999994,True,0,2819,0.2921628952026367
72,1e-08,1e-07,1e-13,DEGEN3,-inf,False,1,10000,41.065470457077026
72,1e-08,1e-07,1e-13,E226,18.75192906637468,True,0,738,0.0201971530914306
72,1e-08,1e-07,1e-13,FFFFF800,-inf,False,2,1450,0.1659648418426513
72,1e-08,1e-07,1e-13,ISRAEL,896644.8218630381,True,0,913,0.0177247524261474
72,1e-08,1e-07,1e-13,LOTFI,25.26470606188001,True,0,277,0.00244140625
72,1e-08,1e-07,1e-13,MAROS-R7,-1497185.1664796427,True,0,4317,56.654205322265625
72,1e-08,1e-07,1e-13,QAP12,-inf,False,1,10000,362.0421545505524
72,1e-08,1e-07,1e-13,QAP15,-inf,False,1,10000,1242.7106535434723
72,1e-08,1e-07,1e-13,QAP8,-inf,False,1,10000,18.36241555213928
72,1e-08,1e-07,1e-13,SC105,52.20206121170722,True,0,139,0.0011167526245117
72,1e-08,1e-07,1e-13,SC205,52.20206121170649,True,0,322,0.007002830505371
72,1e-08,1e-07,1e-13,SC50A,64.57507705856449,True,0,59,0.0003449916839599
72,1e-08,1e-07,1e-13,SC50B,70.0,True,0,62,0.0003488063812255
72,1e-08,1e-07,1e-13,SCAGR25,14753433.058337368,True,0,1758,0.1730339527130127
72,1e-08,1e-07,1e-13,SCAGR7,2331389.824330985,True,0,270,0.0022180080413818
72,1e-08,1e-07,1e-13,SCFXM1,-18416.759028417593,True,0,847,0.0340354442596435
72,1e-08,1e-07,1e-13,SCFXM2,-36660.261564997534,True,0,1603,0.311661958694458
72,1e-08,1e-07,1e-13,SCFXM3,-54901.254549747006,True,0,2491,2.0101776123046875
72,1e-08,1e-07,1e-13,SCORPION,-1875.8517318290158,True,0,466,0.0090777873992919
72,1e-08,1e-07,1e-13,SCRS8,-449.41749452893407,True,0,1606,0.1943206787109375
72,1e-08,1e-07,1e-13,SCSD1,-8.66666667433336,True,0,387,0.0054731369018554
72,1e-08,1e-07,1e-13,SCSD6,-50.500000077144335,True,0,727,0.0283536911010742
72,1e-08,1e-07,1e-13,SCSD8,-inf,False,3,747,0.1935412883758545
72,1e-08,1e-07,1e-13,SCTAP1,-1412.249999999997,True,0,797,0.0312888622283935
72,1e-08,1e-07,1e-13,SCTAP2,-inf,False,3,330,0.1967940330505371
72,1e-08,1e-07,1e-13,SCTAP3,-inf,False,3,987,2.3710920810699463
72,1e-08,1e-07,1e-13,SHARE1B,76589.31857918575,True,0,456,0.0037596225738525
72,1e-08,1e-07,1e-13,SHARE2B,415.732240741419,True,0,204,0.0010910034179687
72,1e-08,1e-07,1e-13,SHIP04L,-1793324.5379703536,True,0,777,0.0110824108123779
72,1e-08,1e-07,1e-13,SHIP04S,-1798714.7004453933,True,0,606,0.0071761608123779
72,1e-08,1e-07,1e-13,SHIP08L,-1909055.211389134,True,0,1518,0.0443532466888427
72,1e-08,1e-07,1e-13,SHIP08S,-1920098.2105346203,True,0,1215,0.0257174968719482
72,1e-08,1e-07,1e-13,SHIP12L,-1470187.919329265,True,0,2060,0.1072313785552978
72,1e-08,1e-07,1e-13,SHIP12S,-1489236.134406127,True,0,1568,0.0556144714355468
72,1e-08,1e-07,1e-13,STOCFOR1,41131.97621943616,True,0,259,0.0019371509552001
72,1e-08,1e-07,1e-13,STOCFOR2,39024.40853788207,True,0,4250,13.880136251449583
72,1e-08,1e-07,1e-13,STOCFOR3,-inf,False,1,10000,344.7325553894043
72,1e-08,1e-07,1e-13,TRUSS,-511910.6864898863,False,1,10000,64.9430181980133
72,1e-08,1e-07,1e-13,WOOD1P,-inf,False,3,130,0.0203306674957275
72,1e-08,1e-07,1e-13,WOODW,-inf,False,3,513,1.1108856201171875
73,1e-08,1e-07,1e-14,25FV47,-inf,False,3,2303,2.41441011428833
73,1e-08,1e-07,1e-14,ADLITTLE,-225494.96316238047,True,0,144,0.00067138671875
73,1e-08,1e-07,1e-14,AFIRO,464.7531428571428,True,0,30,0.0002624988555908
73,1e-08,1e-07,1e-14,AGG,36291233.286576286,True,0,609,0.012845754623413
73,1e-08,1e-07,1e-14,AGG2,20239252.355977103,True,0,571,0.0067052841186523
73,1e-08,1e-07,1e-14,AGG3,-inf,False,2,548,0.0075466632843017
73,1e-08,1e-07,1e-14,BANDM,158.6280184499312,True,0,1261,0.0504071712493896
73,1e-08,1e-07,1e-14,BEACONFD,-33592.48580719996,True,0,212,0.0026607513427734
73,1e-08,1e-07,1e-14,BLEND,30.81214984582823,True,0,161,0.000809907913208
73,1e-08,1e-07,1e-14,BNL1,-1977.6295615241102,True,0,4659,2.598620891571045
73,1e-08,1e-07,1e-14,BNL2,-7058.577107619767,False,1,10000,63.405295610427856
73,1e-08,1e-07,1e-14,BRANDY,-1518.5098964881197,True,0,647,0.0105400085449218
73,1e-08,1e-07,1e-14,D2Q06C,-inf,False,1,10000,90.69227719306946
73,1e-08,1e-07,1e-14,DEGEN2,1435.1779999999806,True,0,3022,0.3063151836395263
73,1e-08,1e-07,1e-14,DEGEN3,-inf,False,1,10000,41.329004764556885
73,1e-08,1e-07,1e-14,E226,18.75192906621691,True,0,840,0.0201344490051269
73,1e-08,1e-07,1e-14,FFFFF800,-inf,False,2,1458,0.1400220394134521
73,1e-08,1e-07,1e-14,ISRAEL,896644.8218630381,True,0,913,0.0178799629211425
73,1e-08,1e-07,1e-14,LOTFI,25.26470606188001,True,0,277,0.0024731159210205
73,1e-08,1e-07,1e-14,MAROS-R7,-1497185.1664796427,True,0,4317,56.55094265937805
73,1e-08,1e-07,1e-14,QAP12,-inf,False,1,10000,369.914826631546
73,1e-08,1e-07,1e-14,QAP15,-inf,False,1,10000,1316.3210010528564
73,1e-08,1e-07,1e-14,QAP8,-256.008493353221,False,1,10000,18.355854988098145
73,1e-08,1e-07,1e-14,SC105,52.20206121170724,True,0,134,0.001082420349121
73,1e-08,1e-07,1e-14,SC205,52.2020612117079,True,0,325,0.0070898532867431
73,1e-08,1e-07,1e-14,SC50A,64.57507705856449,True,0,59,0.0003376007080078
73,1e-08,1e-07,1e-14,SC50B,70.0,True,0,62,0.000354528427124
73,1e-08,1e-07,1e-14,SCAGR25,14753433.049521415,True,0,1647,0.1603133678436279
73,1e-08,1e-07,1e-14,SCAGR7,2331389.8243309762,True,0,250,0.0019962787628173
73,1e-08,1e-07,1e-14,SCFXM1,-18416.759028346125,True,0,896,0.0363523960113525
73,1e-08,1e-07,1e-14,SCFXM2,-36660.26156499932,True,0,1747,0.3548386096954345
73,1e-08,1e-07,1e-14,SCFXM3,-54901.254549742924,True,0,2510,2.0066449642181396
73,1e-08,1e-07,1e-14,SCORPION,-1875.8517318290155,True,0,466,0.0090537071228027
73,1e-08,1e-07,1e-14,SCRS8,-536.9613499483563,True,0,1437,0.140272855758667
73,1e-08,1e-07,1e-14,SCSD1,-8.341051645408305,False,3,436,0.0061898231506347
73,1e-08,1e-07,1e-14,SCSD6,-50.5000000771443,True,0,811,0.0327317714691162
73,1e-08,1e-07,1e-14,SCSD8,-inf,False,3,1636,0.7729220390319824
73,1e-08,1e-07,1e-14,SCTAP1,-1412.2499999999982,True,0,875,0.0350124835968017
73,1e-08,1e-07,1e-14,SCTAP2,-inf,False,1,10000,25.07442045211792
73,1e-08,1e-07,1e-14,SCTAP3,-inf,False,3,249,0.1513359546661377
73,1e-08,1e-07,1e-14,SHARE1B,76589.31857918575,True,0,456,0.0037691593170166
73,1e-08,1e-07,1e-14,SHARE2B,415.732240741419,True,0,203,0.0010874271392822
73,1e-08,1e-07,1e-14,SHIP04L,-1793324.5379703536,True,0,775,0.0108544826507568
73,1e-08,1e-07,1e-14,SHIP04S,-1798714.7004453933,True,0,606,0.0071241855621337
73,1e-08,1e-07,1e-14,SHIP08L,-1909055.211389134,True,0,1518,0.0443873405456543
73,1e-08,1e-07,1e-14,SHIP08S,-1920098.2105346203,True,0,1215,0.0257017612457275
73,1e-08,1e-07,1e-14,SHIP12L,-1470187.919329265,True,0,2060,0.1073698997497558
73,1e-08,1e-07,1e-14,SHIP12S,-1489236.134406127,True,0,1569,0.0556824207305908
73,1e-08,1e-07,1e-14,STOCFOR1,41131.976219436154,True,0,260,0.0019311904907226
73,1e-08,1e-07,1e-14,STOCFOR2,39024.408537882206,True,0,4225,13.752230405807495
73,1e-08,1e-07,1e-14,STOCFOR3,-inf,False,1,10000,355.3545207977295
73,1e-08,1e-07,1e-14,TRUSS,-483206.8293941396,False,1,10000,65.23673868179321
73,1e-08,1e-07,1e-14,WOOD1P,-inf,False,3,125,0.0196363925933837
73,1e-08,1e-07,1e-14,WOODW,-inf,False,3,614,1.4710047245025637
74,1e-08,1e-07,1e-15,25FV47,-8104.690684770465,False,1,10000,14.96049976348877
74,1e-08,1e-07,1e-15,ADLITTLE,-225494.96316238047,True,0,144,0.0006353855133056
74,1e-08,1e-07,1e-15,AFIRO,464.7531428571428,True,0,30,0.00026535987854
74,1e-08,1e-07,1e-15,AGG,36291233.286576286,True,0,609,0.013258934020996
74,1e-08,1e-07,1e-15,AGG2,20239252.355977103,True,0,572,0.0068585872650146
74,1e-08,1e-07,1e-15,AGG3,-inf,False,2,548,0.007523775100708
74,1e-08,1e-07,1e-15,BANDM,230.0284868183684,True,0,1823,0.0762026309967041
74,1e-08,1e-07,1e-15,BEACONFD,-33592.48580719996,True,0,212,0.0027351379394531
74,1e-08,1e-07,1e-15,BLEND,30.81214984582805,True,0,180,0.0009102821350097
74,1e-08,1e-07,1e-15,BNL1,-1977.6295615222102,True,0,4336,2.3985509872436523
74,1e-08,1e-07,1e-15,BNL2,-14709.029239367563,False,1,10000,63.72738265991211
74,1e-08,1e-07,1e-15,BRANDY,-1518.5098964880663,True,0,704,0.0115542411804199
74,1e-08,1e-07,1e-15,D2Q06C,-inf,False,3,2139,6.683019161224365
74,1e-08,1e-07,1e-15,DEGEN2,1435.1779999999912,True,0,2594,0.2584550380706787
74,1e-08,1e-07,1e-15,DEGEN3,-inf,False,1,10000,41.453540086746216
74,1e-08,1e-07,1e-15,E226,18.751929066345806,True,0,785,0.0200181007385253
74,1e-08,1e-07,1e-15,FFFFF800,-inf,False,2,1457,0.1493480205535888
74,1e-08,1e-07,1e-15,ISRAEL,896644.8218630381,True,0,913,0.0188040733337402
74,1e-08,1e-07,1e-15,LOTFI,25.26470606188001,True,0,271,0.002511978149414
74,1e-08,1e-07,1e-15,MAROS-R7,-1497185.1664796427,True,0,4317,56.57676744461059
74,1e-08,1e-07,1e-15,QAP12,-inf,False,1,10000,360.8725910186768
74,1e-08,1e-07,1e-15,QAP15,-inf,False,1,10000,1048.3286538124084
74,1e-08,1e-07,1e-15,QAP8,-inf,False,1,10000,18.64129090309143
74,1e-08,1e-07,1e-15,SC105,52.2020612117072,True,0,131,0.0011336803436279
74,1e-08,1e-07,1e-15,SC205,52.20206121167227,True,0,274,0.0057454109191894
74,1e-08,1e-07,1e-15,SC50A,64.57507705856449,True,0,59,0.0003399848937988
74,1e-08,1e-07,1e-15,SC50B,70.0,True,0,62,0.0003552436828613
74,1e-08,1e-07,1e-15,SCAGR25,14753503.684796171,True,0,1501,0.1528944969177246
74,1e-08,1e-07,1e-15,SCAGR7,2331389.8243310177,True,0,267,0.0021219253540039
74,1e-08,1e-07,1e-15,SCFXM1,-18416.759028350636,True,0,749,0.0277132987976074
74,1e-08,1e-07,1e-15,SCFXM2,-36660.261564998276,True,0,1562,0.2696180343627929
74,1e-08,1e-07,1e-15,SCFXM3,-54901.25454972762,True,0,2428,1.8952085971832275
74,1e-08,1e-07,1e-15,SCORPION,-1875.8517318290153,True,0,466,0.0088233947753906
74,1e-08,1e-07,1e-15,SCRS8,-391.6472105614773,True,0,1473,0.1472940444946289
74,1e-08,1e-07,1e-15,SCSD1,-8.666666674333507,True,0,440,0.0058863162994384
74,1e-08,1e-07,1e-15,SCSD6,-50.5000000771443,True,0,643,0.0238480567932128
74,1e-08,1e-07,1e-15,SCSD8,-inf,False,3,1017,0.3659865856170654
74,1e-08,1e-07,1e-15,SCTAP1,-1412.2499999999889,True,0,810,0.0296707153320312
74,1e-08,1e-07,1e-15,SCTAP2,-inf,False,1,10000,26.056559324264526
74,1e-08,1e-07,1e-15,SCTAP3,-inf,False,3,589,0.9271619319915771
74,1e-08,1e-07,1e-15,SHARE1B,76589.31857918575,True,0,456,0.0038323402404785
74,1e-08,1e-07,1e-15,SHARE2B,415.7322407414188,True,0,210,0.0010998249053955
74,1e-08,1e-07,1e-15,SHIP04L,-1793324.5379703536,True,0,773,0.0111973285675048
74,1e-08,1e-07,1e-15,SHIP04S,-1798714.7004453936,True,0,608,0.0066943168640136
74,1e-08,1e-07,1e-15,SHIP08L,-1909055.2113891335,True,0,1514,0.0460438728332519
74,1e-08,1e-07,1e-15,SHIP08S,-1920098.2105346206,True,0,1214,0.025477647781372
74,1e-08,1e-07,1e-15,SHIP12L,-1470187.919329265,True,0,2081,0.109201431274414
74,1e-08,1e-07,1e-15,SHIP12S,-1489236.134406127,True,0,1568,0.0557777881622314
74,1e-08,1e-07,1e-15,STOCFOR1,41131.97621943676,True,0,268,0.0020558834075927
74,1e-08,1e-07,1e-15,STOCFOR2,39024.40853785458,True,0,4240,14.009594440460203
74,1e-08,1e-07,1e-15,STOCFOR3,-inf,False,1,10000,462.9912343025207
74,1e-08,1e-07,1e-15,TRUSS,-552458.925614366,False,1,10000,65.61361145973206
74,1e-08,1e-07,1e-15,WOOD1P,-inf,False,3,120,0.0185940265655517
74,1e-08,1e-07,1e-15,WOODW,-inf,False,3,474,0.9781949520111084
