param_idx,fea_tol,tol_piv,tol_ratio_diff,problem,fun,obj,success,status,num_iter,exec_time
2,1e-05,0.001,1e-15,MAROS-R7,-1497185.166479643,-1497185.1665,True,0,4287,60.14618841605261
0,1e-05,0.001,1e-11,MAROS-R7,-1497185.166479643,-1497185.1665,True,0,4287,60.90920345811173
1,1e-05,0.001,1e-13,MAROS-R7,-1497185.166479643,-1497185.1665,True,0,4287,60.908890875056386
4,1e-05,0.0001,1e-13,MAROS-R7,-1497185.1664796423,-1497185.1665,True,0,4305,61.20773791708052
5,1e-05,0.0001,1e-15,MAROS-R7,-1497185.1664796423,-1497185.1665,True,0,4305,61.467676375061274
7,1e-05,1e-05,1e-13,MAROS-R7,-1497185.166479643,-1497185.1665,True,0,4315,61.59004308283329
6,1e-05,1e-05,1e-11,MAROS-R7,-1497185.166479643,-1497185.1665,True,0,4315,61.73488958389498
9,1e-05,1e-06,1e-11,MAROS-R7,-1497185.1664796427,-1497185.1665,True,0,4317,61.76783124986105
3,1e-05,0.0001,1e-11,MAROS-R7,-1497185.1664796423,-1497185.1665,True,0,4305,61.799666750011966
8,1e-05,1e-05,1e-15,MAROS-R7,-1497185.166479643,-1497185.1665,True,0,4315,62.20568112516776
10,1e-05,1e-06,1e-13,MAROS-R7,-1497185.1664796427,-1497185.1665,True,0,4317,68.50399024994113
11,1e-05,1e-06,1e-15,MAROS-R7,-1497185.1664796427,-1497185.1665,True,0,4317,68.05334491585381
12,1e-05,1e-07,1e-11,MAROS-R7,-1497185.1664796427,-1497185.1665,True,0,4317,68.06762074981816
13,1e-05,1e-07,1e-13,MAROS-R7,-1497185.1664796427,-1497185.1665,True,0,4317,68.77157612494193
14,1e-05,1e-07,1e-15,MAROS-R7,-1497185.1664796427,-1497185.1665,True,0,4317,68.64259750000201
15,1e-05,1e-08,1e-11,MAROS-R7,-1497185.1664796427,-1497185.1665,True,0,4317,68.79328187508509
18,1e-05,1e-09,1e-11,MAROS-R7,-1497185.1664796427,-1497185.1665,True,0,4317,68.73638704209588
16,1e-05,1e-08,1e-13,MAROS-R7,-1497185.1664796427,-1497185.1665,True,0,4317,68.98165458301082
17,1e-05,1e-08,1e-15,MAROS-R7,-1497185.1664796427,-1497185.1665,True,0,4317,69.01340979221277
19,1e-05,1e-09,1e-13,MAROS-R7,-1497185.1664796427,-1497185.1665,True,0,4317,69.15437904116698
20,1e-05,1e-09,1e-15,MAROS-R7,-1497185.1664796427,-1497185.1665,True,0,4317,69.63166162488051
21,1e-05,1e-10,1e-11,MAROS-R7,-1497185.1664796427,-1497185.1665,True,0,4317,69.49456520797685
26,1e-06,0.001,1e-15,MAROS-R7,-1497185.166479643,-1497185.1665,True,0,4287,68.09149825014174
24,1e-06,0.001,1e-11,MAROS-R7,-1497185.166479643,-1497185.1665,True,0,4287,68.70476808422245
22,1e-05,1e-10,1e-13,MAROS-R7,-1497185.1664796427,-1497185.1665,True,0,4317,69.78238800005056
25,1e-06,0.001,1e-13,MAROS-R7,-1497185.166479643,-1497185.1665,True,0,4287,68.56568029196933
23,1e-05,1e-10,1e-15,MAROS-R7,-1497185.1664796427,-1497185.1665,True,0,4317,69.61143375001848
28,1e-06,0.0001,1e-13,MAROS-R7,-1497185.1664796423,-1497185.1665,True,0,4305,69.19102316605859
29,1e-06,0.0001,1e-15,MAROS-R7,-1497185.1664796423,-1497185.1665,True,0,4305,68.5424860410858
27,1e-06,0.0001,1e-11,MAROS-R7,-1497185.1664796423,-1497185.1665,True,0,4305,69.72645454201847
30,1e-06,1e-05,1e-11,MAROS-R7,-1497185.166479643,-1497185.1665,True,0,4315,70.28188862488605
31,1e-06,1e-05,1e-13,MAROS-R7,-1497185.166479643,-1497185.1665,True,0,4315,70.47999487491325
32,1e-06,1e-05,1e-15,MAROS-R7,-1497185.166479643,-1497185.1665,True,0,4315,70.65325595904142
33,1e-06,1e-06,1e-11,MAROS-R7,-1497185.1664796427,-1497185.1665,True,0,4317,71.01441662502475
34,1e-06,1e-06,1e-13,MAROS-R7,-1497185.1664796427,-1497185.1665,True,0,4317,71.21261395793408
35,1e-06,1e-06,1e-15,MAROS-R7,-1497185.1664796427,-1497185.1665,True,0,4317,70.9604983329773
36,1e-06,1e-07,1e-11,MAROS-R7,-1497185.1664796427,-1497185.1665,True,0,4317,70.5888836667873
37,1e-06,1e-07,1e-13,MAROS-R7,-1497185.1664796427,-1497185.1665,True,0,4317,70.9923478749115
39,1e-06,1e-08,1e-11,MAROS-R7,-1497185.1664796427,-1497185.1665,True,0,4317,70.62966612516902
38,1e-06,1e-07,1e-15,MAROS-R7,-1497185.1664796427,-1497185.1665,True,0,4317,70.98121012514457
40,1e-06,1e-08,1e-13,MAROS-R7,-1497185.1664796427,-1497185.1665,True,0,4317,71.16270537511446
48,1e-07,0.001,1e-11,MAROS-R7,-1497185.166479643,-1497185.1665,True,0,4287,68.62587154097855
42,1e-06,1e-09,1e-11,MAROS-R7,-1497185.1664796427,-1497185.1665,True,0,4317,70.51224108296447
49,1e-07,0.001,1e-13,MAROS-R7,-1497185.166479643,-1497185.1665,True,0,4287,68.6789441658184
43,1e-06,1e-09,1e-13,MAROS-R7,-1497185.1664796427,-1497185.1665,True,0,4317,70.30582687514834
45,1e-06,1e-10,1e-11,MAROS-R7,-1497185.1664796427,-1497185.1665,True,0,4317,70.29236012487672
41,1e-06,1e-08,1e-15,MAROS-R7,-1497185.1664796427,-1497185.1665,True,0,4317,71.54675849992782
47,1e-06,1e-10,1e-15,MAROS-R7,-1497185.1664796427,-1497185.1665,True,0,4317,69.77442058292218
44,1e-06,1e-09,1e-15,MAROS-R7,-1497185.1664796427,-1497185.1665,True,0,4317,71.1198951669503
46,1e-06,1e-10,1e-13,MAROS-R7,-1497185.1664796427,-1497185.1665,True,0,4317,71.14514174987562
50,1e-07,0.001,1e-15,MAROS-R7,-1497185.166479643,-1497185.1665,True,0,4287,69.23676237487234
52,1e-07,0.0001,1e-13,MAROS-R7,-1497185.1664796423,-1497185.1665,True,0,4305,69.88366933306679
51,1e-07,0.0001,1e-11,MAROS-R7,-1497185.1664796423,-1497185.1665,True,0,4305,70.14494970906526
53,1e-07,0.0001,1e-15,MAROS-R7,-1497185.1664796423,-1497185.1665,True,0,4305,69.75271279085428
55,1e-07,1e-05,1e-13,MAROS-R7,-1497185.166479643,-1497185.1665,True,0,4315,69.70173408300616
56,1e-07,1e-05,1e-15,MAROS-R7,-1497185.166479643,-1497185.1665,True,0,4315,69.90052762511186
58,1e-07,1e-06,1e-13,MAROS-R7,-1497185.1664796427,-1497185.1665,True,0,4317,69.65575249982066
59,1e-07,1e-06,1e-15,MAROS-R7,-1497185.1664796427,-1497185.1665,True,0,4317,70.17121800011955
57,1e-07,1e-06,1e-11,MAROS-R7,-1497185.1664796427,-1497185.1665,True,0,4317,70.78808258404024
54,1e-07,1e-05,1e-11,MAROS-R7,-1497185.166479643,-1497185.1665,True,0,4315,71.56727691716515
60,1e-07,1e-07,1e-11,MAROS-R7,-1497185.1664796427,-1497185.1665,True,0,4317,66.93161591608077
63,1e-07,1e-08,1e-11,MAROS-R7,-1497185.1664796427,-1497185.1665,True,0,4317,65.91878216597252
62,1e-07,1e-07,1e-15,MAROS-R7,-1497185.1664796427,-1497185.1665,True,0,4317,66.65654929191805
64,1e-07,1e-08,1e-13,MAROS-R7,-1497185.1664796427,-1497185.1665,True,0,4317,66.23057037522085
66,1e-07,1e-09,1e-11,MAROS-R7,-1497185.1664796427,-1497185.1665,True,0,4317,65.95314862509258
65,1e-07,1e-08,1e-15,MAROS-R7,-1497185.1664796427,-1497185.1665,True,0,4317,66.44398387498222
61,1e-07,1e-07,1e-13,MAROS-R7,-1497185.1664796427,-1497185.1665,True,0,4317,67.51328804180957
68,1e-07,1e-09,1e-15,MAROS-R7,-1497185.1664796427,-1497185.1665,True,0,4317,66.00046708411537
67,1e-07,1e-09,1e-13,MAROS-R7,-1497185.1664796427,-1497185.1665,True,0,4317,66.90947170788422
69,1e-07,1e-10,1e-11,MAROS-R7,-1497185.1664796427,-1497185.1665,True,0,4317,66.96482420898974
70,1e-07,1e-10,1e-13,MAROS-R7,-1497185.1664796427,-1497185.1665,True,0,4317,69.94265516614541
71,1e-07,1e-10,1e-15,MAROS-R7,-1497185.1664796427,-1497185.1665,True,0,4317,70.68653325014748
1,1e-05,0.001,1e-13,D2Q06C,-inf,-122784.23615,False,1,10000,108.86419208301231
4,1e-05,0.0001,1e-13,D2Q06C,-inf,-122784.23615,False,1,10000,108.26176104112528
5,1e-05,0.0001,1e-15,D2Q06C,-inf,-122784.23615,False,1,10000,109.43497700011358
3,1e-05,0.0001,1e-11,D2Q06C,-inf,-122784.23615,False,1,10000,110.79938787501305
7,1e-05,1e-05,1e-13,D2Q06C,-inf,-122784.23615,False,1,10000,109.0117354169488
2,1e-05,0.001,1e-15,D2Q06C,-inf,-122784.23615,False,1,10000,111.58585274987854
6,1e-05,1e-05,1e-11,D2Q06C,-inf,-122784.23615,False,1,10000,110.38249487499706
0,1e-05,0.001,1e-11,D2Q06C,-inf,-122784.23615,False,1,10000,112.7393467919901
17,1e-05,1e-08,1e-15,D2Q06C,-inf,-122784.23615,False,3,1548,3.9508558330126107
14,1e-05,1e-07,1e-15,D2Q06C,-inf,-122784.23615,False,3,2139,8.771897958824411
18,1e-05,1e-09,1e-11,D2Q06C,-inf,-122784.23615,False,3,1590,4.956301708938554
20,1e-05,1e-09,1e-15,D2Q06C,-inf,-122784.23615,False,3,1533,3.8570451659616083
21,1e-05,1e-10,1e-11,D2Q06C,-inf,-122784.23615,False,3,1876,6.899532374925911
22,1e-05,1e-10,1e-13,D2Q06C,-inf,-122784.23615,False,3,1765,6.256760540883988
8,1e-05,1e-05,1e-15,D2Q06C,-inf,-122784.23615,False,1,10000,112.60552970785648
9,1e-05,1e-06,1e-11,D2Q06C,-inf,-122784.23615,False,1,10000,113.71606000000611
19,1e-05,1e-09,1e-13,D2Q06C,-inf,-122784.23615,False,3,7915,83.12886358308606
13,1e-05,1e-07,1e-13,D2Q06C,-inf,-122784.23615,False,3,9293,101.46181470807642
10,1e-05,1e-06,1e-13,D2Q06C,-inf,-122784.23615,False,1,10000,110.53790437499993
11,1e-05,1e-06,1e-15,D2Q06C,-inf,-122784.23615,False,1,10000,113.59596125013195
12,1e-05,1e-07,1e-11,D2Q06C,-inf,-122784.23615,False,1,10000,113.24250995810144
16,1e-05,1e-08,1e-13,D2Q06C,-inf,-122784.23615,False,1,10000,112.62586366594769
15,1e-05,1e-08,1e-11,D2Q06C,-inf,-122784.23615,False,1,10000,113.80868208408356
23,1e-05,1e-10,1e-15,D2Q06C,-inf,-122784.23615,False,1,10000,103.51358329202048
25,1e-06,0.001,1e-13,D2Q06C,-inf,-122784.23615,False,1,10000,112.12345216679387
24,1e-06,0.001,1e-11,D2Q06C,-inf,-122784.23615,False,1,10000,115.94798920792527
26,1e-06,0.001,1e-15,D2Q06C,-inf,-122784.23615,False,1,10000,114.80227791704237
27,1e-06,0.0001,1e-11,D2Q06C,-inf,-122784.23615,False,1,10000,113.76475370908156
28,1e-06,0.0001,1e-13,D2Q06C,-inf,-122784.23615,False,1,10000,111.82475945912302
29,1e-06,0.0001,1e-15,D2Q06C,-inf,-122784.23615,False,1,10000,112.24080858309753
31,1e-06,1e-05,1e-13,D2Q06C,-inf,-122784.23615,False,1,10000,111.07998629217036
30,1e-06,1e-05,1e-11,D2Q06C,-inf,-122784.23615,False,1,10000,114.07026087492704
32,1e-06,1e-05,1e-15,D2Q06C,-inf,-122784.23615,False,1,10000,113.05505816685036
38,1e-06,1e-07,1e-15,D2Q06C,-inf,-122784.23615,False,3,2139,8.782811959041283
41,1e-06,1e-08,1e-15,D2Q06C,-inf,-122784.23615,False,3,1548,3.9168479999061674
42,1e-06,1e-09,1e-11,D2Q06C,-inf,-122784.23615,False,3,1590,5.1634250830393285
44,1e-06,1e-09,1e-15,D2Q06C,-inf,-122784.23615,False,3,1533,3.7259119579102844
45,1e-06,1e-10,1e-11,D2Q06C,-inf,-122784.23615,False,3,1876,6.873093500034884
46,1e-06,1e-10,1e-13,D2Q06C,-inf,-122784.23615,False,3,1765,6.15671837516129
33,1e-06,1e-06,1e-11,D2Q06C,-inf,-122784.23615,False,1,10000,113.2801544170361
34,1e-06,1e-06,1e-13,D2Q06C,-inf,-122784.23615,False,1,10000,110.44198862509802
35,1e-06,1e-06,1e-15,D2Q06C,-inf,-122784.23615,False,1,10000,114.30052991700359
43,1e-06,1e-09,1e-13,D2Q06C,-inf,-122784.23615,False,3,7915,83.18604191602208
37,1e-06,1e-07,1e-13,D2Q06C,-inf,-122784.23615,False,3,9293,100.66722829197533
36,1e-06,1e-07,1e-11,D2Q06C,-inf,-122784.23615,False,1,10000,112.99299145792611
40,1e-06,1e-08,1e-13,D2Q06C,-inf,-122784.23615,False,1,10000,112.0341392501723
39,1e-06,1e-08,1e-11,D2Q06C,-inf,-122784.23615,False,1,10000,113.3140231249854
47,1e-06,1e-10,1e-15,D2Q06C,-inf,-122784.23615,False,1,10000,102.61094141681679
49,1e-07,0.001,1e-13,D2Q06C,-inf,-122784.23615,False,1,10000,110.97680141706951
48,1e-07,0.001,1e-11,D2Q06C,-inf,-122784.23615,False,1,10000,115.28323658299632
50,1e-07,0.001,1e-15,D2Q06C,-inf,-122784.23615,False,1,10000,112.70478208293207
51,1e-07,0.0001,1e-11,D2Q06C,-inf,-122784.23615,False,1,10000,111.46846866607666
52,1e-07,0.0001,1e-13,D2Q06C,-inf,-122784.23615,False,1,10000,109.31974483304657
53,1e-07,0.0001,1e-15,D2Q06C,-inf,-122784.23615,False,1,10000,109.82363533298485
62,1e-07,1e-07,1e-15,D2Q06C,-inf,-122784.23615,False,3,2139,8.120752583025023
54,1e-07,1e-05,1e-11,D2Q06C,-inf,-122784.23615,False,1,10000,110.73807033407502
65,1e-07,1e-08,1e-15,D2Q06C,-inf,-122784.23615,False,3,1548,3.816580916987732
66,1e-07,1e-09,1e-11,D2Q06C,-inf,-122784.23615,False,3,1590,4.867193958954886
55,1e-07,1e-05,1e-13,D2Q06C,-inf,-122784.23615,False,1,10000,107.34469283302315
56,1e-07,1e-05,1e-15,D2Q06C,-inf,-122784.23615,False,1,10000,109.60487370798364
68,1e-07,1e-09,1e-15,D2Q06C,-inf,-122784.23615,False,3,1533,3.630018916912377
57,1e-07,1e-06,1e-11,D2Q06C,-inf,-122784.23615,False,1,10000,109.86012291605584
69,1e-07,1e-10,1e-11,D2Q06C,-inf,-122784.23615,False,3,1876,6.5036262918729335
70,1e-07,1e-10,1e-13,D2Q06C,-inf,-122784.23615,False,3,1765,5.69887674995698
58,1e-07,1e-06,1e-13,D2Q06C,-inf,-122784.23615,False,1,10000,106.23672712501138
59,1e-07,1e-06,1e-15,D2Q06C,-inf,-122784.23615,False,1,10000,109.43147770897485
61,1e-07,1e-07,1e-13,D2Q06C,-inf,-122784.23615,False,3,9293,95.35599537496455
60,1e-07,1e-07,1e-11,D2Q06C,-inf,-122784.23615,False,1,10000,106.25698862504214
67,1e-07,1e-09,1e-13,D2Q06C,-inf,-122784.23615,False,3,7915,78.41878199996427
1,1e-05,0.001,1e-13,TRUSS,-530763.617597852,-458815.84719,False,1,10000,77.98941487492993
63,1e-07,1e-08,1e-11,D2Q06C,-inf,-122784.23615,False,1,10000,106.66329841595143
0,1e-05,0.001,1e-11,TRUSS,-471354.2256798626,-458815.84719,False,1,10000,79.34311100002378
64,1e-07,1e-08,1e-13,D2Q06C,-inf,-122784.23615,False,1,10000,105.53342333296314
2,1e-05,0.001,1e-15,TRUSS,-495201.6355452229,-458815.84719,False,1,10000,79.65725608309731
3,1e-05,0.0001,1e-11,TRUSS,-490193.67208101606,-458815.84719,False,1,10000,78.41609387495555
71,1e-07,1e-10,1e-15,D2Q06C,-inf,-122784.23615,False,1,10000,96.18402441591024
12,1e-05,1e-07,1e-11,TRUSS,-613488.0583542016,-458815.84719,False,3,4968,34.51843316596933
4,1e-05,0.0001,1e-13,TRUSS,-511910.6864898863,-458815.84719,False,1,10000,77.96238699997775
5,1e-05,0.0001,1e-15,TRUSS,-552458.925614366,-458815.84719,False,1,10000,78.62918545794673
6,1e-05,1e-05,1e-11,TRUSS,-490193.67208101606,-458815.84719,False,1,10000,77.81098904204555
7,1e-05,1e-05,1e-13,TRUSS,-511910.6864898863,-458815.84719,False,1,10000,77.4564998340793
9,1e-05,1e-06,1e-11,TRUSS,-490193.67208101606,-458815.84719,False,1,10000,77.66719970921986
8,1e-05,1e-05,1e-15,TRUSS,-552458.925614366,-458815.84719,False,1,10000,78.43289291695692
10,1e-05,1e-06,1e-13,TRUSS,-511910.6864898863,-458815.84719,False,1,10000,77.37876987503842
15,1e-05,1e-08,1e-11,TRUSS,-603838.5434547605,-458815.84719,False,3,4899,33.0594643750228
11,1e-05,1e-06,1e-15,TRUSS,-552458.925614366,-458815.84719,False,1,10000,78.42933412501588
13,1e-05,1e-07,1e-13,TRUSS,-511910.6864898863,-458815.84719,False,1,10000,77.42576966690831
21,1e-05,1e-10,1e-11,TRUSS,-23431320.70610641,-458815.84719,False,3,2511,13.490020582918078
18,1e-05,1e-09,1e-11,TRUSS,-667469.4557641365,-458815.84719,False,3,3406,20.53947658301331
16,1e-05,1e-08,1e-13,TRUSS,-549209.9425360082,-458815.84719,False,3,7263,53.08694220799953
14,1e-05,1e-07,1e-15,TRUSS,-552458.925614366,-458815.84719,False,1,10000,77.59509879094549
22,1e-05,1e-10,1e-13,TRUSS,-14773125.092391543,-458815.84719,False,3,5908,41.86456608399749
23,1e-05,1e-10,1e-15,TRUSS,4726452407.594585,-458815.84719,False,3,6250,45.250451458152384
17,1e-05,1e-08,1e-15,TRUSS,-569170.4028077268,-458815.84719,False,1,10000,77.60045845806599
19,1e-05,1e-09,1e-13,TRUSS,-532188.0225820205,-458815.84719,False,1,10000,76.86219237488694
20,1e-05,1e-09,1e-15,TRUSS,-513677.3472685563,-458815.84719,False,1,10000,77.63883816706948
25,1e-06,0.001,1e-13,TRUSS,-530763.617597852,-458815.84719,False,1,10000,76.36682108277455
24,1e-06,0.001,1e-11,TRUSS,-471354.2256798626,-458815.84719,False,1,10000,77.05595083395019
26,1e-06,0.001,1e-15,TRUSS,-495201.6355452229,-458815.84719,False,1,10000,78.1170656660106
27,1e-06,0.0001,1e-11,TRUSS,-490193.67208101606,-458815.84719,False,1,10000,77.33869637479074
28,1e-06,0.0001,1e-13,TRUSS,-511910.6864898863,-458815.84719,False,1,10000,77.14866633410566
29,1e-06,0.0001,1e-15,TRUSS,-552458.925614366,-458815.84719,False,1,10000,77.55179791594855
36,1e-06,1e-07,1e-11,TRUSS,-613488.0583542016,-458815.84719,False,3,4968,33.90280970814638
30,1e-06,1e-05,1e-11,TRUSS,-490193.67208101606,-458815.84719,False,1,10000,77.45514666708186
31,1e-06,1e-05,1e-13,TRUSS,-511910.6864898863,-458815.84719,False,1,10000,77.01396395801567
32,1e-06,1e-05,1e-15,TRUSS,-552458.925614366,-458815.84719,False,1,10000,78.39097820804454
33,1e-06,1e-06,1e-11,TRUSS,-490193.67208101606,-458815.84719,False,1,10000,77.4426708330866
42,1e-06,1e-09,1e-11,TRUSS,-667469.4557641365,-458815.84719,False,3,3406,20.821322582894936
39,1e-06,1e-08,1e-11,TRUSS,-603838.5434547605,-458815.84719,False,3,4899,33.609071124810725
34,1e-06,1e-06,1e-13,TRUSS,-511910.6864898863,-458815.84719,False,1,10000,77.0555965830572
35,1e-06,1e-06,1e-15,TRUSS,-552458.925614366,-458815.84719,False,1,10000,78.26227420801297
45,1e-06,1e-10,1e-11,TRUSS,-23431320.70610641,-458815.84719,False,3,2511,13.597433208022267
40,1e-06,1e-08,1e-13,TRUSS,-549209.9425360082,-458815.84719,False,3,7263,53.91098904213868
37,1e-06,1e-07,1e-13,TRUSS,-511910.6864898863,-458815.84719,False,1,10000,77.55991845903918
38,1e-06,1e-07,1e-15,TRUSS,-552458.925614366,-458815.84719,False,1,10000,78.34571829205379
46,1e-06,1e-10,1e-13,TRUSS,-14773125.092391543,-458815.84719,False,3,5908,42.32309241592884
41,1e-06,1e-08,1e-15,TRUSS,-569170.4028077268,-458815.84719,False,1,10000,78.53529391717166
47,1e-06,1e-10,1e-15,TRUSS,4726452407.594585,-458815.84719,False,3,6250,45.95248183282092
43,1e-06,1e-09,1e-13,TRUSS,-532188.0225820205,-458815.84719,False,1,10000,77.74813533294946
44,1e-06,1e-09,1e-15,TRUSS,-513677.3472685563,-458815.84719,False,1,10000,78.4734371250961
48,1e-07,0.001,1e-11,TRUSS,-471354.2256798626,-458815.84719,False,1,10000,78.98083458282053
49,1e-07,0.001,1e-13,TRUSS,-530763.617597852,-458815.84719,False,1,10000,78.21910291700624
50,1e-07,0.001,1e-15,TRUSS,-495201.6355452229,-458815.84719,False,1,10000,78.91793337510899
51,1e-07,0.0001,1e-11,TRUSS,-490193.67208101606,-458815.84719,False,1,10000,77.92750733299181
52,1e-07,0.0001,1e-13,TRUSS,-511910.6864898863,-458815.84719,False,1,10000,76.74719545803964
53,1e-07,0.0001,1e-15,TRUSS,-552458.925614366,-458815.84719,False,1,10000,77.68949629203416
54,1e-07,1e-05,1e-11,TRUSS,-490193.67208101606,-458815.84719,False,1,10000,77.06635854090564
55,1e-07,1e-05,1e-13,TRUSS,-511910.6864898863,-458815.84719,False,1,10000,76.63793233293109
60,1e-07,1e-07,1e-11,TRUSS,-613488.0583542016,-458815.84719,False,3,4968,32.999950792174786
56,1e-07,1e-05,1e-15,TRUSS,-552458.925614366,-458815.84719,False,1,10000,76.54651583288796
57,1e-07,1e-06,1e-11,TRUSS,-490193.67208101606,-458815.84719,False,1,10000,76.17657795897685
63,1e-07,1e-08,1e-11,TRUSS,-603838.5434547605,-458815.84719,False,3,4899,32.71749583305791
66,1e-07,1e-09,1e-11,TRUSS,-667469.4557641365,-458815.84719,False,3,3406,20.499425207963213
58,1e-07,1e-06,1e-13,TRUSS,-511910.6864898863,-458815.84719,False,1,10000,75.42500258306973
69,1e-07,1e-10,1e-11,TRUSS,-23431320.70610641,-458815.84719,False,3,2511,13.161439792020246
59,1e-07,1e-06,1e-15,TRUSS,-552458.925614366,-458815.84719,False,1,10000,76.15426800004207
64,1e-07,1e-08,1e-13,TRUSS,-549209.9425360082,-458815.84719,False,3,7263,52.22830058308318
61,1e-07,1e-07,1e-13,TRUSS,-511910.6864898863,-458815.84719,False,1,10000,75.54401162499562
0,1e-05,0.001,1e-11,WOODW,-1.3044763330830567,-1.3044763331,True,0,3432,21.524818249978125
1,1e-05,0.001,1e-13,WOODW,-1.3044763330839422,-1.3044763331,True,0,3824,24.022911082953215
62,1e-07,1e-07,1e-15,TRUSS,-552458.925614366,-458815.84719,False,1,10000,76.55108750006184
70,1e-07,1e-10,1e-13,TRUSS,-14773125.092391543,-458815.84719,False,3,5908,41.2676847090479
2,1e-05,0.001,1e-15,WOODW,-1.3044763330746199,-1.3044763331,True,0,3677,23.985362958163023
3,1e-05,0.0001,1e-11,WOODW,-1.3044763332925837,-1.3044763331,True,0,3767,23.341612708056346
65,1e-07,1e-08,1e-15,TRUSS,-569170.4028077268,-458815.84719,False,1,10000,76.81350037502125
71,1e-07,1e-10,1e-15,TRUSS,4726452407.594585,-458815.84719,False,3,6250,45.271176542155445
10,1e-05,1e-06,1e-13,WOODW,-inf,-1.3044763331,False,3,760,2.2964080420788378
11,1e-05,1e-06,1e-15,WOODW,-inf,-1.3044763331,False,3,431,0.9370367089286447
13,1e-05,1e-07,1e-13,WOODW,-inf,-1.3044763331,False,3,513,1.2508876249194145
12,1e-05,1e-07,1e-11,WOODW,-inf,-1.3044763331,False,3,808,2.591114583890885
14,1e-05,1e-07,1e-15,WOODW,-inf,-1.3044763331,False,3,474,1.1043660410214216
15,1e-05,1e-08,1e-11,WOODW,-inf,-1.3044763331,False,3,412,0.8500857080798596
4,1e-05,0.0001,1e-13,WOODW,-1.3044763330741258,-1.3044763331,True,0,4015,25.678002208005637
16,1e-05,1e-08,1e-13,WOODW,-inf,-1.3044763331,False,3,452,1.0883203751873225
5,1e-05,0.0001,1e-15,WOODW,-1.3044763330763238,-1.3044763331,True,0,3462,22.157022333005443
18,1e-05,1e-09,1e-11,WOODW,-inf,-1.3044763331,False,3,415,0.8949419169221073
19,1e-05,1e-09,1e-13,WOODW,-inf,-1.3044763331,False,3,413,0.88792520808056
21,1e-05,1e-10,1e-11,WOODW,-inf,-1.3044763331,False,3,82,0.1016589580103755
22,1e-05,1e-10,1e-13,WOODW,-inf,-1.3044763331,False,3,82,0.09556945809163153
23,1e-05,1e-10,1e-15,WOODW,-inf,-1.3044763331,False,3,82,0.09970845794305205
6,1e-05,1e-05,1e-11,WOODW,-1.3044763330814817,-1.3044763331,True,0,3699,23.398661707993597
20,1e-05,1e-09,1e-15,WOODW,-inf,-1.3044763331,False,3,1002,3.4630041669588536
8,1e-05,1e-05,1e-15,WOODW,-1.3044763330839244,-1.3044763331,True,0,3304,20.528096666792408
67,1e-07,1e-09,1e-13,TRUSS,-532188.0225820205,-458815.84719,False,1,10000,75.79480058304034
68,1e-07,1e-09,1e-15,TRUSS,-513677.3472685563,-458815.84719,False,1,10000,76.64918120787479
9,1e-05,1e-06,1e-11,WOODW,-1.3044763331186564,-1.3044763331,True,0,3452,21.011468334123492
24,1e-06,0.001,1e-11,WOODW,-1.3044763330830567,-1.3044763331,True,0,3432,21.76043733302504
26,1e-06,0.001,1e-15,WOODW,-1.3044763330746199,-1.3044763331,True,0,3677,24.108100791927427
27,1e-06,0.0001,1e-11,WOODW,-1.3044763332925837,-1.3044763331,True,0,3767,23.58034966699779
34,1e-06,1e-06,1e-13,WOODW,-inf,-1.3044763331,False,3,760,2.3053805839736015
35,1e-06,1e-06,1e-15,WOODW,-inf,-1.3044763331,False,3,431,0.9256987499538809
29,1e-06,0.0001,1e-15,WOODW,-1.3044763330763238,-1.3044763331,True,0,3462,22.5440294588916
25,1e-06,0.001,1e-13,WOODW,-1.304476333078877,-1.3044763331,True,0,4725,31.321835125098005
36,1e-06,1e-07,1e-11,WOODW,-inf,-1.3044763331,False,3,808,2.654606250114739
37,1e-06,1e-07,1e-13,WOODW,-inf,-1.3044763331,False,3,513,1.2760112911928445
38,1e-06,1e-07,1e-15,WOODW,-inf,-1.3044763331,False,3,474,1.0269642500206828
39,1e-06,1e-08,1e-11,WOODW,-inf,-1.3044763331,False,3,412,0.8917231250088662
40,1e-06,1e-08,1e-13,WOODW,-inf,-1.3044763331,False,3,452,1.0204792500007898
30,1e-06,1e-05,1e-11,WOODW,-1.3044763330814817,-1.3044763331,True,0,3699,23.75232325005345
42,1e-06,1e-09,1e-11,WOODW,-inf,-1.3044763331,False,3,415,0.9065414580982178
43,1e-06,1e-09,1e-13,WOODW,-inf,-1.3044763331,False,3,413,0.8589633340016007
28,1e-06,0.0001,1e-13,WOODW,-1.304476333073306,-1.3044763331,True,0,4062,26.219026250066236
45,1e-06,1e-10,1e-11,WOODW,-inf,-1.3044763331,False,3,82,0.08530050003901124
46,1e-06,1e-10,1e-13,WOODW,-inf,-1.3044763331,False,3,82,0.09588429192081094
47,1e-06,1e-10,1e-15,WOODW,-inf,-1.3044763331,False,3,82,0.07776962500065565
44,1e-06,1e-09,1e-15,WOODW,-inf,-1.3044763331,False,3,1002,3.5402233749628067
32,1e-06,1e-05,1e-15,WOODW,-1.3044763330839244,-1.3044763331,True,0,3304,20.67101779091172
33,1e-06,1e-06,1e-11,WOODW,-1.3044763331186564,-1.3044763331,True,0,3452,21.515332458075136
7,1e-05,1e-05,1e-13,WOODW,-inf,-1.3044763331,False,1,10000,70.36268162494525
48,1e-07,0.001,1e-11,WOODW,-1.3044763330830422,-1.3044763331,True,0,3589,23.179338124813512
50,1e-07,0.001,1e-15,WOODW,-1.3044763330926152,-1.3044763331,True,0,3793,25.200636625057086
17,1e-05,1e-08,1e-15,WOODW,-inf,-1.3044763331,False,1,10000,66.2888513749931
49,1e-07,0.001,1e-13,WOODW,-1.3044763331221039,-1.3044763331,True,0,4664,31.054441833868623
58,1e-07,1e-06,1e-13,WOODW,-inf,-1.3044763331,False,3,760,2.2967346671503037
53,1e-07,0.0001,1e-15,WOODW,-1.304476333074915,-1.3044763331,True,0,3308,21.38959104102105
59,1e-07,1e-06,1e-15,WOODW,-inf,-1.3044763331,False,3,431,0.9610196659341455
61,1e-07,1e-07,1e-13,WOODW,-inf,-1.3044763331,False,3,513,1.3385138749144971
60,1e-07,1e-07,1e-11,WOODW,-inf,-1.3044763331,False,3,808,2.7350413750391454
62,1e-07,1e-07,1e-15,WOODW,-inf,-1.3044763331,False,3,474,1.0984922079369426
63,1e-07,1e-08,1e-11,WOODW,-inf,-1.3044763331,False,3,412,0.9340632921084762
64,1e-07,1e-08,1e-13,WOODW,-inf,-1.3044763331,False,3,452,1.05816520890221
66,1e-07,1e-09,1e-11,WOODW,-inf,-1.3044763331,False,3,415,0.9378097921144217
67,1e-07,1e-09,1e-13,WOODW,-inf,-1.3044763331,False,3,413,0.9004074581898749
52,1e-07,0.0001,1e-13,WOODW,-1.304476333072419,-1.3044763331,True,0,4847,32.91937462496571
69,1e-07,1e-10,1e-11,WOODW,-inf,-1.3044763331,False,3,82,0.09538366715423763
70,1e-07,1e-10,1e-13,WOODW,-inf,-1.3044763331,False,3,82,0.09736629109829664
71,1e-07,1e-10,1e-15,WOODW,-inf,-1.3044763331,False,3,82,0.08533791708759964
0,1e-05,0.001,1e-11,WOOD1P,-1.4429024115720441,-1.4429024116,True,0,882,0.1308398749679327
54,1e-07,1e-05,1e-11,WOODW,-1.3044763330814813,-1.3044763331,True,0,3578,23.20862412499264
2,1e-05,0.001,1e-15,WOOD1P,-1.443193265840142,-1.4429024116,True,0,1120,0.14628445799462497
3,1e-05,0.0001,1e-11,WOOD1P,-inf,-1.4429024116,False,3,70,0.007438166998326778
4,1e-05,0.0001,1e-13,WOOD1P,-0.0,-1.4429024116,True,0,7571,1.1261313748545945
1,1e-05,0.001,1e-13,WOOD1P,-1.4473723957978164,-1.4429024116,False,1,10000,1.4732745829969645
6,1e-05,1e-05,1e-11,WOOD1P,-inf,-1.4429024116,False,3,70,0.0073064579628407955
7,1e-05,1e-05,1e-13,WOOD1P,-inf,-1.4429024116,False,3,263,0.03616008395329118
5,1e-05,0.0001,1e-15,WOOD1P,-inf,-1.4429024116,False,3,823,0.11486691609025002
9,1e-05,1e-06,1e-11,WOOD1P,-inf,-1.4429024116,False,3,68,0.0073196671437472105
10,1e-05,1e-06,1e-13,WOOD1P,-inf,-1.4429024116,False,3,323,0.0436734170652926
8,1e-05,1e-05,1e-15,WOOD1P,-inf,-1.4429024116,False,3,878,0.11105104186572134
12,1e-05,1e-07,1e-11,WOOD1P,-inf,-1.4429024116,False,3,141,0.01277987495996058
11,1e-05,1e-06,1e-15,WOOD1P,-inf,-1.4429024116,False,3,120,0.022548708133399487
14,1e-05,1e-07,1e-15,WOOD1P,-inf,-1.4429024116,False,3,120,0.012514166999608278
13,1e-05,1e-07,1e-13,WOOD1P,-inf,-1.4429024116,False,3,130,0.026863083010539412
16,1e-05,1e-08,1e-13,WOOD1P,-inf,-1.4429024116,False,3,130,0.013589459005743265
15,1e-05,1e-08,1e-11,WOOD1P,-inf,-1.4429024116,False,3,299,0.04489204194396734
18,1e-05,1e-09,1e-11,WOOD1P,-inf,-1.4429024116,False,3,115,0.01242183311842382
17,1e-05,1e-08,1e-15,WOOD1P,-inf,-1.4429024116,False,3,451,0.05349570792168379
19,1e-05,1e-09,1e-13,WOOD1P,-inf,-1.4429024116,False,3,139,0.02347137499600649
21,1e-05,1e-10,1e-11,WOOD1P,-inf,-1.4429024116,False,3,114,0.026532999938353896
22,1e-05,1e-10,1e-13,WOOD1P,-inf,-1.4429024116,False,3,139,0.023381832987070084
23,1e-05,1e-10,1e-15,WOOD1P,-inf,-1.4429024116,False,3,99,0.013412083964794874
24,1e-06,0.001,1e-11,WOOD1P,-1.4429024115720441,-1.4429024116,True,0,882,0.12489058286882937
68,1e-07,1e-09,1e-15,WOODW,-inf,-1.3044763331,False,3,1002,3.2188825830817223
26,1e-06,0.001,1e-15,WOOD1P,-1.443193265840142,-1.4429024116,True,0,1120,0.16560587496496737
27,1e-06,0.0001,1e-11,WOOD1P,-inf,-1.4429024116,False,3,70,0.007298625074326992
28,1e-06,0.0001,1e-13,WOOD1P,-1.443321535082693,-1.4429024116,True,0,2484,0.35240245796740055
29,1e-06,0.0001,1e-15,WOOD1P,-inf,-1.4429024116,False,3,823,0.11789016705006361
30,1e-06,1e-05,1e-11,WOOD1P,-inf,-1.4429024116,False,3,70,0.007379709044471383
31,1e-06,1e-05,1e-13,WOOD1P,-inf,-1.4429024116,False,3,263,0.025159290991723537
32,1e-06,1e-05,1e-15,WOOD1P,-inf,-1.4429024116,False,3,878,0.16240395908243954
33,1e-06,1e-06,1e-11,WOOD1P,-inf,-1.4429024116,False,3,68,0.009408250218257308
34,1e-06,1e-06,1e-13,WOOD1P,-inf,-1.4429024116,False,3,323,0.03411304182372987
35,1e-06,1e-06,1e-15,WOOD1P,-inf,-1.4429024116,False,3,120,0.02191004203632474
36,1e-06,1e-07,1e-11,WOOD1P,-inf,-1.4429024116,False,3,141,0.021408458007499576
37,1e-06,1e-07,1e-13,WOOD1P,-inf,-1.4429024116,False,3,130,0.02255062502808869
38,1e-06,1e-07,1e-15,WOOD1P,-inf,-1.4429024116,False,3,120,0.012859042035415769
39,1e-06,1e-08,1e-11,WOOD1P,-inf,-1.4429024116,False,3,299,0.045368167106062174
20,1e-05,1e-09,1e-15,WOOD1P,-inf,-1.4429024116,False,1,10000,1.6510648331604898
40,1e-06,1e-08,1e-13,WOOD1P,-inf,-1.4429024116,False,3,130,0.014310708036646247
42,1e-06,1e-09,1e-11,WOOD1P,-inf,-1.4429024116,False,3,115,0.02245562500320375
41,1e-06,1e-08,1e-15,WOOD1P,-inf,-1.4429024116,False,3,451,0.05530237499624491
43,1e-06,1e-09,1e-13,WOOD1P,-inf,-1.4429024116,False,3,139,0.030367458006367087
45,1e-06,1e-10,1e-11,WOOD1P,-inf,-1.4429024116,False,3,114,0.012182540958747268
46,1e-06,1e-10,1e-13,WOOD1P,-inf,-1.4429024116,False,3,139,0.015091042034327984
25,1e-06,0.001,1e-13,WOOD1P,-1.4473723957978164,-1.4429024116,False,1,10000,1.5596287499647588
47,1e-06,1e-10,1e-15,WOOD1P,-inf,-1.4429024116,False,3,99,0.019173417007550597
48,1e-07,0.001,1e-11,WOOD1P,-1.4429024115720441,-1.4429024116,True,0,882,0.11615195800550282
50,1e-07,0.001,1e-15,WOOD1P,-1.443385970530668,-1.4429024116,True,0,1530,0.23143899999558926
51,1e-07,0.0001,1e-11,WOOD1P,-inf,-1.4429024116,False,3,70,0.00776354200206697
52,1e-07,0.0001,1e-13,WOOD1P,-1.443321535082693,-1.4429024116,True,0,2484,0.32853358308784664
53,1e-07,0.0001,1e-15,WOOD1P,-inf,-1.4429024116,False,3,823,0.11501883412711322
54,1e-07,1e-05,1e-11,WOOD1P,-inf,-1.4429024116,False,3,70,0.02178920805454254
55,1e-07,1e-05,1e-13,WOOD1P,-inf,-1.4429024116,False,3,263,0.038830415811389685
56,1e-07,1e-05,1e-15,WOOD1P,-inf,-1.4429024116,False,3,878,0.11925862496718764
57,1e-07,1e-06,1e-11,WOOD1P,-inf,-1.4429024116,False,3,68,0.017325541004538536
58,1e-07,1e-06,1e-13,WOOD1P,-inf,-1.4429024116,False,3,323,0.032653999980539083
59,1e-07,1e-06,1e-15,WOOD1P,-inf,-1.4429024116,False,3,120,0.021305999951437116
60,1e-07,1e-07,1e-11,WOOD1P,-inf,-1.4429024116,False,3,141,0.01290287496522069
61,1e-07,1e-07,1e-13,WOOD1P,-inf,-1.4429024116,False,3,130,0.01794945797882974
62,1e-07,1e-07,1e-15,WOOD1P,-inf,-1.4429024116,False,3,120,0.024171957978978753
63,1e-07,1e-08,1e-11,WOOD1P,-inf,-1.4429024116,False,3,299,0.036709791980683804
64,1e-07,1e-08,1e-13,WOOD1P,-inf,-1.4429024116,False,3,130,0.013341999845579267
65,1e-07,1e-08,1e-15,WOOD1P,-inf,-1.4429024116,False,3,451,0.09475712501443923
44,1e-06,1e-09,1e-15,WOOD1P,-inf,-1.4429024116,False,1,10000,1.5114561249502003
66,1e-07,1e-09,1e-11,WOOD1P,-inf,-1.4429024116,False,3,115,0.020206666085869074
67,1e-07,1e-09,1e-13,WOOD1P,-inf,-1.4429024116,False,3,139,0.027603792026638985
49,1e-07,0.001,1e-13,WOOD1P,-1.4473723957978164,-1.4429024116,False,1,10000,1.4477732919622213
69,1e-07,1e-10,1e-11,WOOD1P,-inf,-1.4429024116,False,3,114,0.012072374811396003
70,1e-07,1e-10,1e-13,WOOD1P,-inf,-1.4429024116,False,3,139,0.023903666995465755
71,1e-07,1e-10,1e-15,WOOD1P,-inf,-1.4429024116,False,3,99,0.013836083002388477
31,1e-06,1e-05,1e-13,WOODW,-inf,-1.3044763331,False,1,10000,69.960279625142
56,1e-07,1e-05,1e-15,WOODW,-1.3044763330845692,-1.3044763331,True,0,3632,22.35076433303766
68,1e-07,1e-09,1e-15,WOOD1P,-inf,-1.4429024116,False,1,10000,1.547706832876429
57,1e-07,1e-06,1e-11,WOODW,-1.3044763331186537,-1.3044763331,True,0,3475,20.739068291848525
41,1e-06,1e-08,1e-15,WOODW,-inf,-1.3044763331,False,1,10000,66.32066341699101
51,1e-07,0.0001,1e-11,WOODW,-11772.40877568534,-1.3044763331,False,1,10000,72.43917629215866
55,1e-07,1e-05,1e-13,WOODW,-inf,-1.3044763331,False,1,10000,71.66130283288658
65,1e-07,1e-08,1e-15,WOODW,-inf,-1.3044763331,False,1,10000,67.992241458036
0,1e-05,0.001,1e-11,BNL2,-inf,-1811.2365404,False,1,10000,74.67396025010385
2,1e-05,0.001,1e-15,BNL2,-inf,-1811.2365404,False,1,10000,77.46350912516937
3,1e-05,0.0001,1e-11,BNL2,-inf,-1811.2365404,False,1,10000,77.14147862489335
1,1e-05,0.001,1e-13,BNL2,-inf,-1811.2365404,False,1,10000,78.50678808288649
4,1e-05,0.0001,1e-13,BNL2,-inf,-1811.2365404,False,1,10000,77.08441770914942
5,1e-05,0.0001,1e-15,BNL2,-14799.204656065886,-1811.2365404,False,1,10000,77.17197887506336
6,1e-05,1e-05,1e-11,BNL2,-inf,-1811.2365404,False,1,10000,77.79652833309956
7,1e-05,1e-05,1e-13,BNL2,-inf,-1811.2365404,False,1,10000,77.53477425011806
8,1e-05,1e-05,1e-15,BNL2,-14799.204656065886,-1811.2365404,False,1,10000,77.61537604196928
9,1e-05,1e-06,1e-11,BNL2,-inf,-1811.2365404,False,1,10000,77.34003045782447
10,1e-05,1e-06,1e-13,BNL2,-inf,-1811.2365404,False,1,10000,76.71109024994075
11,1e-05,1e-06,1e-15,BNL2,-14799.204656065886,-1811.2365404,False,1,10000,76.1896292080637
14,1e-05,1e-07,1e-15,BNL2,-14799.204656065886,-1811.2365404,False,1,10000,76.48160379193723
12,1e-05,1e-07,1e-11,BNL2,-inf,-1811.2365404,False,1,10000,76.86502295802347
13,1e-05,1e-07,1e-13,BNL2,-inf,-1811.2365404,False,1,10000,76.72087412513793
15,1e-05,1e-08,1e-11,BNL2,-inf,-1811.2365404,False,1,10000,76.56754687498324
22,1e-05,1e-10,1e-13,BNL2,-inf,-1811.2365404,False,3,2787,11.42914804094471
23,1e-05,1e-10,1e-15,BNL2,-inf,-1811.2365404,False,3,2836,11.85414683399722
16,1e-05,1e-08,1e-13,BNL2,-inf,-1811.2365404,False,1,10000,76.02834012499079
17,1e-05,1e-08,1e-15,BNL2,-14799.204656065886,-1811.2365404,False,1,10000,75.53865574998781
18,1e-05,1e-09,1e-11,BNL2,-inf,-1811.2365404,False,3,9798,74.14961929083802
19,1e-05,1e-09,1e-13,BNL2,-inf,-1811.2365404,False,1,10000,75.95779412519187
21,1e-05,1e-10,1e-11,BNL2,-inf,-1811.2365404,False,3,8587,60.52996191708371
20,1e-05,1e-09,1e-15,BNL2,-inf,-1811.2365404,False,3,9975,76.4613924168516
24,1e-06,0.001,1e-11,BNL2,-inf,-1811.2365404,False,1,10000,74.36017558397725
25,1e-06,0.001,1e-13,BNL2,-inf,-1811.2365404,False,1,10000,78.3620111248456
26,1e-06,0.001,1e-15,BNL2,-inf,-1811.2365404,False,1,10000,77.17384425015189
27,1e-06,0.0001,1e-11,BNL2,-inf,-1811.2365404,False,1,10000,77.67906520795077
28,1e-06,0.0001,1e-13,BNL2,-inf,-1811.2365404,False,1,10000,77.57910554204136
29,1e-06,0.0001,1e-15,BNL2,-14799.204656065886,-1811.2365404,False,1,10000,77.36213083309121
30,1e-06,1e-05,1e-11,BNL2,-inf,-1811.2365404,False,1,10000,77.94932358409278
31,1e-06,1e-05,1e-13,BNL2,-inf,-1811.2365404,False,1,10000,77.79895670805126
32,1e-06,1e-05,1e-15,BNL2,-14799.204656065886,-1811.2365404,False,1,10000,77.31140333297662
33,1e-06,1e-06,1e-11,BNL2,-inf,-1811.2365404,False,1,10000,78.25637004198506
34,1e-06,1e-06,1e-13,BNL2,-inf,-1811.2365404,False,1,10000,78.01264995802194
35,1e-06,1e-06,1e-15,BNL2,-14799.204656065886,-1811.2365404,False,1,10000,77.37947937496938
36,1e-06,1e-07,1e-11,BNL2,-inf,-1811.2365404,False,1,10000,77.38611662504263
37,1e-06,1e-07,1e-13,BNL2,-inf,-1811.2365404,False,1,10000,77.42085075005889
38,1e-06,1e-07,1e-15,BNL2,-14799.204656065886,-1811.2365404,False,1,10000,77.38210237491876
46,1e-06,1e-10,1e-13,BNL2,-inf,-1811.2365404,False,3,2787,11.638891832903028
47,1e-06,1e-10,1e-15,BNL2,-inf,-1811.2365404,False,3,2836,12.313425499945879
39,1e-06,1e-08,1e-11,BNL2,-inf,-1811.2365404,False,1,10000,77.99805291602388
40,1e-06,1e-08,1e-13,BNL2,-inf,-1811.2365404,False,1,10000,77.43948287493549
42,1e-06,1e-09,1e-11,BNL2,-inf,-1811.2365404,False,3,9798,74.87019024998881
41,1e-06,1e-08,1e-15,BNL2,-14799.204656065886,-1811.2365404,False,1,10000,77.25906449998729
45,1e-06,1e-10,1e-11,BNL2,-inf,-1811.2365404,False,3,8587,61.107644125120714
43,1e-06,1e-09,1e-13,BNL2,-inf,-1811.2365404,False,1,10000,76.74284225003794
44,1e-06,1e-09,1e-15,BNL2,-inf,-1811.2365404,False,3,9975,76.46917779208161
48,1e-07,0.001,1e-11,BNL2,-inf,-1811.2365404,False,1,10000,74.47860012482852
49,1e-07,0.001,1e-13,BNL2,-inf,-1811.2365404,False,1,10000,78.28629937511869
50,1e-07,0.001,1e-15,BNL2,-inf,-1811.2365404,False,1,10000,76.92053212504834
51,1e-07,0.0001,1e-11,BNL2,-inf,-1811.2365404,False,1,10000,76.3732195829507
52,1e-07,0.0001,1e-13,BNL2,-inf,-1811.2365404,False,1,10000,77.32367249997333
53,1e-07,0.0001,1e-15,BNL2,-14799.204656065886,-1811.2365404,False,1,10000,76.68424079194665
54,1e-07,1e-05,1e-11,BNL2,-inf,-1811.2365404,False,1,10000,77.0226145000197
55,1e-07,1e-05,1e-13,BNL2,-inf,-1811.2365404,False,1,10000,77.27357454202138
56,1e-07,1e-05,1e-15,BNL2,-14799.204656065886,-1811.2365404,False,1,10000,77.03566679195501
57,1e-07,1e-06,1e-11,BNL2,-inf,-1811.2365404,False,1,10000,77.20693037495948
58,1e-07,1e-06,1e-13,BNL2,-inf,-1811.2365404,False,1,10000,77.27195679210126
59,1e-07,1e-06,1e-15,BNL2,-14799.204656065886,-1811.2365404,False,1,10000,77.32100899983197
60,1e-07,1e-07,1e-11,BNL2,-inf,-1811.2365404,False,1,10000,77.69292574981228
61,1e-07,1e-07,1e-13,BNL2,-inf,-1811.2365404,False,1,10000,77.39818899985403
70,1e-07,1e-10,1e-13,BNL2,-inf,-1811.2365404,False,3,2787,11.660375667037442
0,1e-05,0.001,1e-11,SHIP12L,-1470187.919329265,-1470187.9193,True,0,2060,0.15656008385121822
1,1e-05,0.001,1e-13,SHIP12L,-1470187.919329265,-1470187.9193,True,0,2060,0.15477604209445417
2,1e-05,0.001,1e-15,SHIP12L,-1470187.919329265,-1470187.9193,True,0,2081,0.16381479194387794
3,1e-05,0.0001,1e-11,SHIP12L,-1470187.919329265,-1470187.9193,True,0,2060,0.1352164160925895
4,1e-05,0.0001,1e-13,SHIP12L,-1470187.919329265,-1470187.9193,True,0,2060,0.13277508411556482
5,1e-05,0.0001,1e-15,SHIP12L,-1470187.919329265,-1470187.9193,True,0,2081,0.15912837511859834
6,1e-05,1e-05,1e-11,SHIP12L,-1470187.919329265,-1470187.9193,True,0,2060,0.15294683421961963
7,1e-05,1e-05,1e-13,SHIP12L,-1470187.919329265,-1470187.9193,True,0,2060,0.14381133299320936
8,1e-05,1e-05,1e-15,SHIP12L,-1470187.919329265,-1470187.9193,True,0,2081,0.13443566695787013
9,1e-05,1e-06,1e-11,SHIP12L,-1470187.919329265,-1470187.9193,True,0,2060,0.1454331250861287
10,1e-05,1e-06,1e-13,SHIP12L,-1470187.919329265,-1470187.9193,True,0,2060,0.1713654580526054
71,1e-07,1e-10,1e-15,BNL2,-inf,-1811.2365404,False,3,2836,12.23672916693613
11,1e-05,1e-06,1e-15,SHIP12L,-1470187.919329265,-1470187.9193,True,0,2081,0.14305954100564122
12,1e-05,1e-07,1e-11,SHIP12L,-1470187.919329265,-1470187.9193,True,0,2060,0.15370608284138143
13,1e-05,1e-07,1e-13,SHIP12L,-1470187.919329265,-1470187.9193,True,0,2060,0.13857179088518023
14,1e-05,1e-07,1e-15,SHIP12L,-1470187.919329265,-1470187.9193,True,0,2081,0.13711137510836124
15,1e-05,1e-08,1e-11,SHIP12L,-1470187.919329265,-1470187.9193,True,0,2060,0.14511629194021225
16,1e-05,1e-08,1e-13,SHIP12L,-1470187.919329265,-1470187.9193,True,0,2060,0.13615591707639396
17,1e-05,1e-08,1e-15,SHIP12L,-1470187.919329265,-1470187.9193,True,0,2081,0.1432418329641223
18,1e-05,1e-09,1e-11,SHIP12L,-1470187.919329265,-1470187.9193,True,0,2060,0.1342964160721749
19,1e-05,1e-09,1e-13,SHIP12L,-1470187.919329265,-1470187.9193,True,0,2060,0.1494299580808729
20,1e-05,1e-09,1e-15,SHIP12L,-1470187.919329265,-1470187.9193,True,0,2081,0.1475205838214606
21,1e-05,1e-10,1e-11,SHIP12L,-1470187.919329265,-1470187.9193,True,0,2060,0.14608020801097155
22,1e-05,1e-10,1e-13,SHIP12L,-1470187.919329265,-1470187.9193,True,0,2060,0.1366618329193443
23,1e-05,1e-10,1e-15,SHIP12L,-1470187.919329265,-1470187.9193,True,0,2081,0.14218441699631512
24,1e-06,0.001,1e-11,SHIP12L,-1470187.919329265,-1470187.9193,True,0,2060,0.16160829202271998
25,1e-06,0.001,1e-13,SHIP12L,-1470187.919329265,-1470187.9193,True,0,2060,0.1361462918575853
26,1e-06,0.001,1e-15,SHIP12L,-1470187.919329265,-1470187.9193,True,0,2081,0.14590195892378688
27,1e-06,0.0001,1e-11,SHIP12L,-1470187.919329265,-1470187.9193,True,0,2060,0.1408899170346558
28,1e-06,0.0001,1e-13,SHIP12L,-1470187.919329265,-1470187.9193,True,0,2060,0.14649191685020924
29,1e-06,0.0001,1e-15,SHIP12L,-1470187.919329265,-1470187.9193,True,0,2081,0.17467049998231232
30,1e-06,1e-05,1e-11,SHIP12L,-1470187.919329265,-1470187.9193,True,0,2060,0.1510024592280388
31,1e-06,1e-05,1e-13,SHIP12L,-1470187.919329265,-1470187.9193,True,0,2060,0.15137674985453486
32,1e-06,1e-05,1e-15,SHIP12L,-1470187.919329265,-1470187.9193,True,0,2081,0.1397097499575466
33,1e-06,1e-06,1e-11,SHIP12L,-1470187.919329265,-1470187.9193,True,0,2060,0.1491855839267373
34,1e-06,1e-06,1e-13,SHIP12L,-1470187.919329265,-1470187.9193,True,0,2060,0.13953166687861085
35,1e-06,1e-06,1e-15,SHIP12L,-1470187.919329265,-1470187.9193,True,0,2081,0.14618370798416436
36,1e-06,1e-07,1e-11,SHIP12L,-1470187.919329265,-1470187.9193,True,0,2060,0.1679410410579294
37,1e-06,1e-07,1e-13,SHIP12L,-1470187.919329265,-1470187.9193,True,0,2060,0.13970983307808638
38,1e-06,1e-07,1e-15,SHIP12L,-1470187.919329265,-1470187.9193,True,0,2081,0.1552281251642853
39,1e-06,1e-08,1e-11,SHIP12L,-1470187.919329265,-1470187.9193,True,0,2060,0.14609120809473097
40,1e-06,1e-08,1e-13,SHIP12L,-1470187.919329265,-1470187.9193,True,0,2060,0.14151866687461734
41,1e-06,1e-08,1e-15,SHIP12L,-1470187.919329265,-1470187.9193,True,0,2081,0.15793904196470976
42,1e-06,1e-09,1e-11,SHIP12L,-1470187.919329265,-1470187.9193,True,0,2060,0.15625474997796118
43,1e-06,1e-09,1e-13,SHIP12L,-1470187.919329265,-1470187.9193,True,0,2060,0.15062237507663667
45,1e-06,1e-10,1e-11,SHIP12L,-1470187.919329265,-1470187.9193,True,0,2060,0.1346008328255266
44,1e-06,1e-09,1e-15,SHIP12L,-1470187.919329265,-1470187.9193,True,0,2081,0.155265084002167
46,1e-06,1e-10,1e-13,SHIP12L,-1470187.919329265,-1470187.9193,True,0,2060,0.1419222499243915
47,1e-06,1e-10,1e-15,SHIP12L,-1470187.919329265,-1470187.9193,True,0,2081,0.15904183289967477
48,1e-07,0.001,1e-11,SHIP12L,-1470187.919329265,-1470187.9193,True,0,2060,0.15331854089163244
49,1e-07,0.001,1e-13,SHIP12L,-1470187.919329265,-1470187.9193,True,0,2060,0.14123850013129413
50,1e-07,0.001,1e-15,SHIP12L,-1470187.919329265,-1470187.9193,True,0,2081,0.15629737498238683
51,1e-07,0.0001,1e-11,SHIP12L,-1470187.919329265,-1470187.9193,True,0,2060,0.14639025018550456
52,1e-07,0.0001,1e-13,SHIP12L,-1470187.919329265,-1470187.9193,True,0,2060,0.13270454201847315
53,1e-07,0.0001,1e-15,SHIP12L,-1470187.919329265,-1470187.9193,True,0,2081,0.13964191707782447
54,1e-07,1e-05,1e-11,SHIP12L,-1470187.919329265,-1470187.9193,True,0,2060,0.14490041602402925
55,1e-07,1e-05,1e-13,SHIP12L,-1470187.919329265,-1470187.9193,True,0,2060,0.14418466622009873
57,1e-07,1e-06,1e-11,SHIP12L,-1470187.919329265,-1470187.9193,True,0,2060,0.14293149998411536
56,1e-07,1e-05,1e-15,SHIP12L,-1470187.919329265,-1470187.9193,True,0,2081,0.1650442499667406
58,1e-07,1e-06,1e-13,SHIP12L,-1470187.919329265,-1470187.9193,True,0,2060,0.1362280419562012
59,1e-07,1e-06,1e-15,SHIP12L,-1470187.919329265,-1470187.9193,True,0,2081,0.1570607910398394
61,1e-07,1e-07,1e-13,SHIP12L,-1470187.919329265,-1470187.9193,True,0,2060,0.16079100011847913
60,1e-07,1e-07,1e-11,SHIP12L,-1470187.919329265,-1470187.9193,True,0,2060,0.15792191703803837
62,1e-07,1e-07,1e-15,SHIP12L,-1470187.919329265,-1470187.9193,True,0,2081,0.13967166701331735
63,1e-07,1e-08,1e-11,SHIP12L,-1470187.919329265,-1470187.9193,True,0,2060,0.1416399171575904
64,1e-07,1e-08,1e-13,SHIP12L,-1470187.919329265,-1470187.9193,True,0,2060,0.14921879209578037
65,1e-07,1e-08,1e-15,SHIP12L,-1470187.919329265,-1470187.9193,True,0,2081,0.1427357909269631
66,1e-07,1e-09,1e-11,SHIP12L,-1470187.919329265,-1470187.9193,True,0,2060,0.13361883303150535
67,1e-07,1e-09,1e-13,SHIP12L,-1470187.919329265,-1470187.9193,True,0,2060,0.1548436658922583
68,1e-07,1e-09,1e-15,SHIP12L,-1470187.919329265,-1470187.9193,True,0,2081,0.16551033384166658
69,1e-07,1e-10,1e-11,SHIP12L,-1470187.919329265,-1470187.9193,True,0,2060,0.16008237493224442
70,1e-07,1e-10,1e-13,SHIP12L,-1470187.919329265,-1470187.9193,True,0,2060,0.16121083311736584
71,1e-07,1e-10,1e-15,SHIP12L,-1470187.919329265,-1470187.9193,True,0,2081,0.1458687090780586
62,1e-07,1e-07,1e-15,BNL2,-14799.204656065886,-1811.2365404,False,1,10000,76.80307358317077
63,1e-07,1e-08,1e-11,BNL2,-inf,-1811.2365404,False,1,10000,76.83985304110684
64,1e-07,1e-08,1e-13,BNL2,-inf,-1811.2365404,False,1,10000,76.72355566592887
65,1e-07,1e-08,1e-15,BNL2,-14799.204656065886,-1811.2365404,False,1,10000,76.76241437485442
66,1e-07,1e-09,1e-11,BNL2,-inf,-1811.2365404,False,3,9798,74.64023270783946
67,1e-07,1e-09,1e-13,BNL2,-inf,-1811.2365404,False,1,10000,76.7517459159717
69,1e-07,1e-10,1e-11,BNL2,-inf,-1811.2365404,False,3,8587,60.948599374853075
68,1e-07,1e-09,1e-15,BNL2,-inf,-1811.2365404,False,3,9975,76.6710774579551
0,1e-05,0.001,1e-11,DEGEN3,-inf,987.294,False,1,10000,46.58962179184891
1,1e-05,0.001,1e-13,DEGEN3,-inf,987.294,False,1,10000,46.704832875169814
2,1e-05,0.001,1e-15,DEGEN3,-inf,987.294,False,1,10000,46.833391999825835
3,1e-05,0.0001,1e-11,DEGEN3,-inf,987.294,False,1,10000,47.54468549997546
4,1e-05,0.0001,1e-13,DEGEN3,-inf,987.294,False,1,10000,47.06297224992886
5,1e-05,0.0001,1e-15,DEGEN3,-inf,987.294,False,1,10000,47.65700491704047
6,1e-05,1e-05,1e-11,DEGEN3,-inf,987.294,False,1,10000,47.606744833057746
7,1e-05,1e-05,1e-13,DEGEN3,-inf,987.294,False,1,10000,47.624241875018924
8,1e-05,1e-05,1e-15,DEGEN3,-inf,987.294,False,1,10000,47.373395916074514
9,1e-05,1e-06,1e-11,DEGEN3,-inf,987.294,False,1,10000,47.49624758306891
10,1e-05,1e-06,1e-13,DEGEN3,-inf,987.294,False,1,10000,47.318457915913314
11,1e-05,1e-06,1e-15,DEGEN3,-inf,987.294,False,1,10000,47.22592462506145
12,1e-05,1e-07,1e-11,DEGEN3,-inf,987.294,False,1,10000,47.64457445894368
13,1e-05,1e-07,1e-13,DEGEN3,-inf,987.294,False,1,10000,46.99442874989472
14,1e-05,1e-07,1e-15,DEGEN3,-inf,987.294,False,1,10000,47.56183154089376
15,1e-05,1e-08,1e-11,DEGEN3,-inf,987.294,False,1,10000,47.19539558305405
16,1e-05,1e-08,1e-13,DEGEN3,-inf,987.294,False,1,10000,46.95905354199931
17,1e-05,1e-08,1e-15,DEGEN3,-inf,987.294,False,1,10000,47.172999292146415
18,1e-05,1e-09,1e-11,DEGEN3,-inf,987.294,False,1,10000,47.682710542110726
19,1e-05,1e-09,1e-13,DEGEN3,-inf,987.294,False,1,10000,47.60046545905061
20,1e-05,1e-09,1e-15,DEGEN3,-inf,987.294,False,1,10000,47.66982083301991
21,1e-05,1e-10,1e-11,DEGEN3,-inf,987.294,False,1,10000,47.82984587503597
22,1e-05,1e-10,1e-13,DEGEN3,-inf,987.294,False,1,10000,47.636409875005484
23,1e-05,1e-10,1e-15,DEGEN3,-inf,987.294,False,1,10000,47.72683437494561
24,1e-06,0.001,1e-11,DEGEN3,-inf,987.294,False,1,10000,47.69097033282742
25,1e-06,0.001,1e-13,DEGEN3,-inf,987.294,False,1,10000,47.43311350001022
26,1e-06,0.001,1e-15,DEGEN3,-inf,987.294,False,1,10000,47.63426270801574
27,1e-06,0.0001,1e-11,DEGEN3,-inf,987.294,False,1,10000,47.560899124946445
28,1e-06,0.0001,1e-13,DEGEN3,-inf,987.294,False,1,10000,47.022502792067826
29,1e-06,0.0001,1e-15,DEGEN3,-inf,987.294,False,1,10000,47.109050375176594
31,1e-06,1e-05,1e-13,DEGEN3,-inf,987.294,False,1,10000,47.133405541069806
30,1e-06,1e-05,1e-11,DEGEN3,-inf,987.294,False,1,10000,47.71385645796545
32,1e-06,1e-05,1e-15,DEGEN3,-inf,987.294,False,1,10000,47.18274983391166
33,1e-06,1e-06,1e-11,DEGEN3,-inf,987.294,False,1,10000,47.21472220798023
34,1e-06,1e-06,1e-13,DEGEN3,-inf,987.294,False,1,10000,46.432216458022594
35,1e-06,1e-06,1e-15,DEGEN3,-inf,987.294,False,1,10000,46.17974162497558
36,1e-06,1e-07,1e-11,DEGEN3,-inf,987.294,False,1,10000,46.63472391711548
37,1e-06,1e-07,1e-13,DEGEN3,-inf,987.294,False,1,10000,46.19401637488045
38,1e-06,1e-07,1e-15,DEGEN3,-inf,987.294,False,1,10000,46.46165783307515
39,1e-06,1e-08,1e-11,DEGEN3,-inf,987.294,False,1,10000,46.465593999950215
40,1e-06,1e-08,1e-13,DEGEN3,-inf,987.294,False,1,10000,45.926164667122066
41,1e-06,1e-08,1e-15,DEGEN3,-inf,987.294,False,1,10000,45.95417591719888
42,1e-06,1e-09,1e-11,DEGEN3,-inf,987.294,False,1,10000,46.002038792008534
43,1e-06,1e-09,1e-13,DEGEN3,-inf,987.294,False,1,10000,45.83334620902315
44,1e-06,1e-09,1e-15,DEGEN3,-inf,987.294,False,1,10000,46.044430000009015
45,1e-06,1e-10,1e-11,DEGEN3,-inf,987.294,False,1,10000,45.97049237485044
46,1e-06,1e-10,1e-13,DEGEN3,-inf,987.294,False,1,10000,45.82197395898402
47,1e-06,1e-10,1e-15,DEGEN3,-inf,987.294,False,1,10000,46.1304211250972
48,1e-07,0.001,1e-11,DEGEN3,-inf,987.294,False,1,10000,46.3804141250439
49,1e-07,0.001,1e-13,DEGEN3,-inf,987.294,False,1,10000,46.15143454191275
50,1e-07,0.001,1e-15,DEGEN3,-inf,987.294,False,1,10000,46.12685120804235
52,1e-07,0.0001,1e-13,DEGEN3,-inf,987.294,False,1,10000,46.002331958850846
51,1e-07,0.0001,1e-11,DEGEN3,-inf,987.294,False,1,10000,46.59669016604312
53,1e-07,0.0001,1e-15,DEGEN3,-inf,987.294,False,1,10000,46.126250541070476
54,1e-07,1e-05,1e-11,DEGEN3,-inf,987.294,False,1,10000,46.12200112501159
55,1e-07,1e-05,1e-13,DEGEN3,-inf,987.294,False,1,10000,45.89004187495448
56,1e-07,1e-05,1e-15,DEGEN3,-inf,987.294,False,1,10000,45.96860724990256
57,1e-07,1e-06,1e-11,DEGEN3,-inf,987.294,False,1,10000,45.99084791704081
58,1e-07,1e-06,1e-13,DEGEN3,-inf,987.294,False,1,10000,45.76862366683781
59,1e-07,1e-06,1e-15,DEGEN3,-inf,987.294,False,1,10000,45.83306604088284
60,1e-07,1e-07,1e-11,DEGEN3,-inf,987.294,False,1,10000,46.11184745794162
61,1e-07,1e-07,1e-13,DEGEN3,-inf,987.294,False,1,10000,45.807047416921705
62,1e-07,1e-07,1e-15,DEGEN3,-inf,987.294,False,1,10000,45.867819499922916
64,1e-07,1e-08,1e-13,DEGEN3,-inf,987.294,False,1,10000,45.76792549993843
63,1e-07,1e-08,1e-11,DEGEN3,-inf,987.294,False,1,10000,46.38548170798458
0,1e-05,0.001,1e-11,25FV47,-9746.36302224993,-5501.8458883,False,1,10000,15.917944584041834
65,1e-07,1e-08,1e-15,DEGEN3,-inf,987.294,False,1,10000,45.89748204196803
66,1e-07,1e-09,1e-11,DEGEN3,-inf,987.294,False,1,10000,46.13963370816782
1,1e-05,0.001,1e-13,25FV47,-7373.6000358435695,-5501.8458883,False,1,10000,15.795594917144626
2,1e-05,0.001,1e-15,25FV47,-7334.090625785898,-5501.8458883,False,1,10000,16.05275495792739
67,1e-07,1e-09,1e-13,DEGEN3,-inf,987.294,False,1,10000,45.8564888748806
3,1e-05,0.0001,1e-11,25FV47,-9091.89177764894,-5501.8458883,False,1,10000,15.923446875065565
4,1e-05,0.0001,1e-13,25FV47,-6544.371139522955,-5501.8458883,False,1,10000,16.044910834170878
68,1e-07,1e-09,1e-15,DEGEN3,-inf,987.294,False,1,10000,46.110463958000764
5,1e-05,0.0001,1e-15,25FV47,-8104.690684770465,-5501.8458883,False,1,10000,15.73735808301717
6,1e-05,1e-05,1e-11,25FV47,-9091.89177764894,-5501.8458883,False,1,10000,16.05604295898229
7,1e-05,1e-05,1e-13,25FV47,-7736.1331505949765,-5501.8458883,False,1,10000,15.916261999867857
8,1e-05,1e-05,1e-15,25FV47,-8104.690684770465,-5501.8458883,False,1,10000,15.994412832893431
69,1e-07,1e-10,1e-11,DEGEN3,-inf,987.294,False,1,10000,45.8926674160175
70,1e-07,1e-10,1e-13,DEGEN3,-inf,987.294,False,1,10000,45.57321329182014
71,1e-07,1e-10,1e-15,DEGEN3,-inf,987.294,False,1,10000,45.86653729202226
16,1e-05,1e-08,1e-13,25FV47,-inf,-5501.8458883,False,3,1976,1.9059246249962598
18,1e-05,1e-09,1e-11,25FV47,-inf,-5501.8458883,False,3,1953,2.0298116668127477
9,1e-05,1e-06,1e-11,25FV47,-9091.89177764894,-5501.8458883,False,1,10000,15.896588790928945
21,1e-05,1e-10,1e-11,25FV47,-inf,-5501.8458883,False,3,332,0.06384354108013213
22,1e-05,1e-10,1e-13,25FV47,-inf,-5501.8458883,False,3,330,0.047674415865913033
19,1e-05,1e-09,1e-13,25FV47,-inf,-5501.8458883,False,3,1976,1.8633597081061453
23,1e-05,1e-10,1e-15,25FV47,-inf,-5501.8458883,False,3,822,0.21848745783790946
10,1e-05,1e-06,1e-13,25FV47,-8618.378814231652,-5501.8458883,False,1,10000,15.950070542050526
20,1e-05,1e-09,1e-15,25FV47,-inf,-5501.8458883,False,3,3836,3.2713619999121875
13,1e-05,1e-07,1e-13,25FV47,-inf,-5501.8458883,False,3,6248,9.246526124887168
11,1e-05,1e-06,1e-15,25FV47,-8104.690684770465,-5501.8458883,False,1,10000,15.310776375001296
12,1e-05,1e-07,1e-11,25FV47,-9091.89177764894,-5501.8458883,False,1,10000,15.836399583844468
14,1e-05,1e-07,1e-15,25FV47,-8104.690684770465,-5501.8458883,False,1,10000,15.780410167062655
15,1e-05,1e-08,1e-11,25FV47,-9091.89177764894,-5501.8458883,False,1,10000,15.699525624979287
17,1e-05,1e-08,1e-15,25FV47,-inf,-5501.8458883,False,1,10000,14.827572125010192
24,1e-06,0.001,1e-11,25FV47,-9746.36302224993,-5501.8458883,False,1,10000,15.572082833852619
25,1e-06,0.001,1e-13,25FV47,-7373.6000358435695,-5501.8458883,False,1,10000,15.712948417058215
26,1e-06,0.001,1e-15,25FV47,-7334.090625785898,-5501.8458883,False,1,10000,15.863184957997873
27,1e-06,0.0001,1e-11,25FV47,-9091.89177764894,-5501.8458883,False,1,10000,16.025721166981384
28,1e-06,0.0001,1e-13,25FV47,-6544.371139522955,-5501.8458883,False,1,10000,15.822491332888603
29,1e-06,0.0001,1e-15,25FV47,-8104.690684770465,-5501.8458883,False,1,10000,15.694534291978925
30,1e-06,1e-05,1e-11,25FV47,-9091.89177764894,-5501.8458883,False,1,10000,15.858579250052571
40,1e-06,1e-08,1e-13,25FV47,-inf,-5501.8458883,False,3,1976,1.9291322499047965
31,1e-06,1e-05,1e-13,25FV47,-7736.1331505949765,-5501.8458883,False,1,10000,16.032328916946426
32,1e-06,1e-05,1e-15,25FV47,-8104.690684770465,-5501.8458883,False,1,10000,15.721732250181958
33,1e-06,1e-06,1e-11,25FV47,-9091.89177764894,-5501.8458883,False,1,10000,15.946558499941602
37,1e-06,1e-07,1e-13,25FV47,-inf,-5501.8458883,False,3,6248,9.271197291091084
45,1e-06,1e-10,1e-11,25FV47,-inf,-5501.8458883,False,3,332,0.05104887508787215
46,1e-06,1e-10,1e-13,25FV47,-inf,-5501.8458883,False,3,330,0.061977499863132834
47,1e-06,1e-10,1e-15,25FV47,-inf,-5501.8458883,False,3,822,0.17302291607484221
42,1e-06,1e-09,1e-11,25FV47,-inf,-5501.8458883,False,3,1953,1.8849661250133067
43,1e-06,1e-09,1e-13,25FV47,-inf,-5501.8458883,False,3,1976,1.900961209088564
44,1e-06,1e-09,1e-15,25FV47,-inf,-5501.8458883,False,3,3836,3.3796728330198675
34,1e-06,1e-06,1e-13,25FV47,-8618.378814231652,-5501.8458883,False,1,10000,15.80018866690807
35,1e-06,1e-06,1e-15,25FV47,-8104.690684770465,-5501.8458883,False,1,10000,15.532458750065416
36,1e-06,1e-07,1e-11,25FV47,-9091.89177764894,-5501.8458883,False,1,10000,15.543935708934441
38,1e-06,1e-07,1e-15,25FV47,-8104.690684770465,-5501.8458883,False,1,10000,15.599385375156999
39,1e-06,1e-08,1e-11,25FV47,-9091.89177764894,-5501.8458883,False,1,10000,15.783615667140111
41,1e-06,1e-08,1e-15,25FV47,-inf,-5501.8458883,False,1,10000,14.719085958087817
48,1e-07,0.001,1e-11,25FV47,-9746.36302224993,-5501.8458883,False,1,10000,15.894692958099768
50,1e-07,0.001,1e-15,25FV47,-7334.090625785898,-5501.8458883,False,1,10000,15.769115042174235
49,1e-07,0.001,1e-13,25FV47,-7373.6000358435695,-5501.8458883,False,1,10000,15.921243957942352
51,1e-07,0.0001,1e-11,25FV47,-9091.89177764894,-5501.8458883,False,1,10000,15.846671415958554
52,1e-07,0.0001,1e-13,25FV47,-6544.371139522955,-5501.8458883,False,1,10000,16.051692041102797
53,1e-07,0.0001,1e-15,25FV47,-8104.690684770465,-5501.8458883,False,1,10000,16.007601666962728
54,1e-07,1e-05,1e-11,25FV47,-9091.89177764894,-5501.8458883,False,1,10000,16.097677667159587
64,1e-07,1e-08,1e-13,25FV47,-inf,-5501.8458883,False,3,1976,2.0550760000478476
55,1e-07,1e-05,1e-13,25FV47,-7736.1331505949765,-5501.8458883,False,1,10000,16.1151485000737
66,1e-07,1e-09,1e-11,25FV47,-inf,-5501.8458883,False,3,1953,2.0722693339921534
56,1e-07,1e-05,1e-15,25FV47,-8104.690684770465,-5501.8458883,False,1,10000,15.91566133312881
67,1e-07,1e-09,1e-13,25FV47,-inf,-5501.8458883,False,3,1976,2.083258124999702
69,1e-07,1e-10,1e-11,25FV47,-inf,-5501.8458883,False,3,332,0.05095208412967622
70,1e-07,1e-10,1e-13,25FV47,-inf,-5501.8458883,False,3,330,0.05130558321252465
71,1e-07,1e-10,1e-15,25FV47,-inf,-5501.8458883,False,3,822,0.26116258301772177
0,1e-05,0.001,1e-11,SHIP08L,-1909055.211389134,-1909055.2114,True,0,1518,0.07493274984881282
57,1e-07,1e-06,1e-11,25FV47,-9091.89177764894,-5501.8458883,False,1,10000,16.03486395906657
61,1e-07,1e-07,1e-13,25FV47,-inf,-5501.8458883,False,3,6248,9.527038874803111
1,1e-05,0.001,1e-13,SHIP08L,-1909055.211389134,-1909055.2114,True,0,1518,0.06702545890584588
2,1e-05,0.001,1e-15,SHIP08L,-1909055.2113891335,-1909055.2114,True,0,1514,0.0836175421718508
3,1e-05,0.0001,1e-11,SHIP08L,-1909055.211389134,-1909055.2114,True,0,1518,0.06885170796886086
4,1e-05,0.0001,1e-13,SHIP08L,-1909055.211389134,-1909055.2114,True,0,1518,0.057770750019699335
5,1e-05,0.0001,1e-15,SHIP08L,-1909055.2113891335,-1909055.2114,True,0,1514,0.06580020789988339
6,1e-05,1e-05,1e-11,SHIP08L,-1909055.211389134,-1909055.2114,True,0,1518,0.06322099990211427
7,1e-05,1e-05,1e-13,SHIP08L,-1909055.211389134,-1909055.2114,True,0,1518,0.06880295812152326
8,1e-05,1e-05,1e-15,SHIP08L,-1909055.2113891335,-1909055.2114,True,0,1514,0.08489870885387063
9,1e-05,1e-06,1e-11,SHIP08L,-1909055.211389134,-1909055.2114,True,0,1518,0.06904766708612442
10,1e-05,1e-06,1e-13,SHIP08L,-1909055.211389134,-1909055.2114,True,0,1518,0.06163462484255433
11,1e-05,1e-06,1e-15,SHIP08L,-1909055.2113891335,-1909055.2114,True,0,1514,0.07572187506593764
13,1e-05,1e-07,1e-13,SHIP08L,-1909055.211389134,-1909055.2114,True,0,1518,0.06781587493605912
12,1e-05,1e-07,1e-11,SHIP08L,-1909055.211389134,-1909055.2114,True,0,1518,0.07917462498880923
14,1e-05,1e-07,1e-15,SHIP08L,-1909055.2113891335,-1909055.2114,True,0,1514,0.06465512490831316
15,1e-05,1e-08,1e-11,SHIP08L,-1909055.211389134,-1909055.2114,True,0,1518,0.06948008295148611
16,1e-05,1e-08,1e-13,SHIP08L,-1909055.211389134,-1909055.2114,True,0,1518,0.06163570797070861
17,1e-05,1e-08,1e-15,SHIP08L,-1909055.2113891335,-1909055.2114,True,0,1514,0.06830333406105638
19,1e-05,1e-09,1e-13,SHIP08L,-1909055.211389134,-1909055.2114,True,0,1518,0.06568145798519254
18,1e-05,1e-09,1e-11,SHIP08L,-1909055.211389134,-1909055.2114,True,0,1518,0.08160341694019735
68,1e-07,1e-09,1e-15,25FV47,-inf,-5501.8458883,False,3,3836,3.2448902500327677
22,1e-05,1e-10,1e-13,SHIP08L,-1909055.211389134,-1909055.2114,True,0,1518,0.05404954217374325
20,1e-05,1e-09,1e-15,SHIP08L,-1909055.2113891335,-1909055.2114,True,0,1514,0.08533562486991286
21,1e-05,1e-10,1e-11,SHIP08L,-1909055.211389134,-1909055.2114,True,0,1518,0.06537012499757111
23,1e-05,1e-10,1e-15,SHIP08L,-1909055.2113891335,-1909055.2114,True,0,1514,0.0656390420626849
24,1e-06,0.001,1e-11,SHIP08L,-1909055.211389134,-1909055.2114,True,0,1518,0.056902957847341895
25,1e-06,0.001,1e-13,SHIP08L,-1909055.211389134,-1909055.2114,True,0,1518,0.07059012493118644
26,1e-06,0.001,1e-15,SHIP08L,-1909055.2113891335,-1909055.2114,True,0,1514,0.07017387496307492
27,1e-06,0.0001,1e-11,SHIP08L,-1909055.211389134,-1909055.2114,True,0,1518,0.05702258297242224
29,1e-06,0.0001,1e-15,SHIP08L,-1909055.2113891335,-1909055.2114,True,0,1514,0.06037766579538584
28,1e-06,0.0001,1e-13,SHIP08L,-1909055.211389134,-1909055.2114,True,0,1518,0.06557800015434623
30,1e-06,1e-05,1e-11,SHIP08L,-1909055.211389134,-1909055.2114,True,0,1518,0.05986624979414046
31,1e-06,1e-05,1e-13,SHIP08L,-1909055.211389134,-1909055.2114,True,0,1518,0.07090795901603997
33,1e-06,1e-06,1e-11,SHIP08L,-1909055.211389134,-1909055.2114,True,0,1518,0.0533457500860095
32,1e-06,1e-05,1e-15,SHIP08L,-1909055.2113891335,-1909055.2114,True,0,1514,0.05876833316870034
34,1e-06,1e-06,1e-13,SHIP08L,-1909055.211389134,-1909055.2114,True,0,1518,0.06105708284303546
35,1e-06,1e-06,1e-15,SHIP08L,-1909055.2113891335,-1909055.2114,True,0,1514,0.0520450419280678
36,1e-06,1e-07,1e-11,SHIP08L,-1909055.211389134,-1909055.2114,True,0,1518,0.07165920897386968
37,1e-06,1e-07,1e-13,SHIP08L,-1909055.211389134,-1909055.2114,True,0,1518,0.07140612509101629
38,1e-06,1e-07,1e-15,SHIP08L,-1909055.2113891335,-1909055.2114,True,0,1514,0.06382612511515617
39,1e-06,1e-08,1e-11,SHIP08L,-1909055.211389134,-1909055.2114,True,0,1518,0.06111637502908707
40,1e-06,1e-08,1e-13,SHIP08L,-1909055.211389134,-1909055.2114,True,0,1518,0.0722240419127047
41,1e-06,1e-08,1e-15,SHIP08L,-1909055.2113891335,-1909055.2114,True,0,1514,0.07365512498654425
42,1e-06,1e-09,1e-11,SHIP08L,-1909055.211389134,-1909055.2114,True,0,1518,0.06874391692690551
43,1e-06,1e-09,1e-13,SHIP08L,-1909055.211389134,-1909055.2114,True,0,1518,0.060702834045514464
44,1e-06,1e-09,1e-15,SHIP08L,-1909055.2113891335,-1909055.2114,True,0,1514,0.06301683280616999
45,1e-06,1e-10,1e-11,SHIP08L,-1909055.211389134,-1909055.2114,True,0,1518,0.06983649986796081
47,1e-06,1e-10,1e-15,SHIP08L,-1909055.2113891335,-1909055.2114,True,0,1514,0.06351974979043007
46,1e-06,1e-10,1e-13,SHIP08L,-1909055.211389134,-1909055.2114,True,0,1518,0.07945037493482232
48,1e-07,0.001,1e-11,SHIP08L,-1909055.211389134,-1909055.2114,True,0,1518,0.06999083398841321
49,1e-07,0.001,1e-13,SHIP08L,-1909055.211389134,-1909055.2114,True,0,1518,0.05866133305244148
50,1e-07,0.001,1e-15,SHIP08L,-1909055.2113891335,-1909055.2114,True,0,1514,0.07751133409328759
51,1e-07,0.0001,1e-11,SHIP08L,-1909055.211389134,-1909055.2114,True,0,1518,0.06697191693820059
52,1e-07,0.0001,1e-13,SHIP08L,-1909055.211389134,-1909055.2114,True,0,1518,0.06257729209028184
53,1e-07,0.0001,1e-15,SHIP08L,-1909055.2113891335,-1909055.2114,True,0,1514,0.06881912495009601
55,1e-07,1e-05,1e-13,SHIP08L,-1909055.211389134,-1909055.2114,True,0,1518,0.07048100000247359
54,1e-07,1e-05,1e-11,SHIP08L,-1909055.211389134,-1909055.2114,True,0,1518,0.06478495802730322
56,1e-07,1e-05,1e-15,SHIP08L,-1909055.2113891335,-1909055.2114,True,0,1514,0.0626566659193486
57,1e-07,1e-06,1e-11,SHIP08L,-1909055.211389134,-1909055.2114,True,0,1518,0.07469141692854464
59,1e-07,1e-06,1e-15,SHIP08L,-1909055.2113891335,-1909055.2114,True,0,1514,0.06770374998450279
58,1e-07,1e-06,1e-13,SHIP08L,-1909055.211389134,-1909055.2114,True,0,1518,0.060732665937393904
60,1e-07,1e-07,1e-11,SHIP08L,-1909055.211389134,-1909055.2114,True,0,1518,0.0748922498896718
62,1e-07,1e-07,1e-15,SHIP08L,-1909055.2113891335,-1909055.2114,True,0,1514,0.06340604205615819
61,1e-07,1e-07,1e-13,SHIP08L,-1909055.211389134,-1909055.2114,True,0,1518,0.07283975020982325
63,1e-07,1e-08,1e-11,SHIP08L,-1909055.211389134,-1909055.2114,True,0,1518,0.0940815000794828
66,1e-07,1e-09,1e-11,SHIP08L,-1909055.211389134,-1909055.2114,True,0,1518,0.07397158304229379
65,1e-07,1e-08,1e-15,SHIP08L,-1909055.2113891335,-1909055.2114,True,0,1514,0.06944333319552243
64,1e-07,1e-08,1e-13,SHIP08L,-1909055.211389134,-1909055.2114,True,0,1518,0.08383283391594887
67,1e-07,1e-09,1e-13,SHIP08L,-1909055.211389134,-1909055.2114,True,0,1518,0.07302054087631404
68,1e-07,1e-09,1e-15,SHIP08L,-1909055.2113891335,-1909055.2114,True,0,1514,0.055349792120978236
69,1e-07,1e-10,1e-11,SHIP08L,-1909055.211389134,-1909055.2114,True,0,1518,0.07514983392320573
70,1e-07,1e-10,1e-13,SHIP08L,-1909055.211389134,-1909055.2114,True,0,1518,0.0546902921050787
71,1e-07,1e-10,1e-15,SHIP08L,-1909055.2113891335,-1909055.2114,True,0,1514,0.07793566701002419
58,1e-07,1e-06,1e-13,25FV47,-8618.378814231652,-5501.8458883,False,1,10000,15.428839416010305
60,1e-07,1e-07,1e-11,25FV47,-9091.89177764894,-5501.8458883,False,1,10000,14.999375750077888
59,1e-07,1e-06,1e-15,25FV47,-8104.690684770465,-5501.8458883,False,1,10000,15.142222666880116
63,1e-07,1e-08,1e-11,25FV47,-9091.89177764894,-5501.8458883,False,1,10000,15.191297624958679
62,1e-07,1e-07,1e-15,25FV47,-8104.690684770465,-5501.8458883,False,1,10000,15.240246291970834
65,1e-07,1e-08,1e-15,25FV47,-inf,-5501.8458883,False,1,10000,14.323233834002167
2,1e-05,0.001,1e-15,STOCFOR2,39024.40853788237,39024.408538,True,0,4190,15.297827290836722
1,1e-05,0.001,1e-13,STOCFOR2,39024.40853788199,39024.408538,True,0,4257,15.791525084059685
0,1e-05,0.001,1e-11,STOCFOR2,39024.40853788198,39024.408538,True,0,4274,16.012071875156835
3,1e-05,0.0001,1e-11,STOCFOR2,39024.408537882045,39024.408538,True,0,4273,15.932663625106215
4,1e-05,0.0001,1e-13,STOCFOR2,39024.40853788207,39024.408538,True,0,4250,15.48833941691555
5,1e-05,0.0001,1e-15,STOCFOR2,39024.40853785458,39024.408538,True,0,4240,15.810399084119126
6,1e-05,1e-05,1e-11,STOCFOR2,39024.408537882045,39024.408538,True,0,4273,15.933560458943248
7,1e-05,1e-05,1e-13,STOCFOR2,39024.40853788207,39024.408538,True,0,4250,15.51209829095751
8,1e-05,1e-05,1e-15,STOCFOR2,39024.40853785458,39024.408538,True,0,4240,15.5255545838736
9,1e-05,1e-06,1e-11,STOCFOR2,39024.408537882045,39024.408538,True,0,4273,15.684946709079668
10,1e-05,1e-06,1e-13,STOCFOR2,39024.40853788207,39024.408538,True,0,4250,15.565298749832436
11,1e-05,1e-06,1e-15,STOCFOR2,39024.40853785458,39024.408538,True,0,4240,15.670855832984671
13,1e-05,1e-07,1e-13,STOCFOR2,39024.40853788207,39024.408538,True,0,4250,15.525462583871558
12,1e-05,1e-07,1e-11,STOCFOR2,39024.408537882045,39024.408538,True,0,4273,15.851318625034764
14,1e-05,1e-07,1e-15,STOCFOR2,39024.40853785458,39024.408538,True,0,4240,15.676880874903873
16,1e-05,1e-08,1e-13,STOCFOR2,39024.40853788207,39024.408538,True,0,4250,15.48744950001128
15,1e-05,1e-08,1e-11,STOCFOR2,39024.408537882045,39024.408538,True,0,4273,15.678044584114105
17,1e-05,1e-08,1e-15,STOCFOR2,39024.40853785458,39024.408538,True,0,4240,15.418120042188093
18,1e-05,1e-09,1e-11,STOCFOR2,39024.408537882045,39024.408538,True,0,4273,15.712415292160586
19,1e-05,1e-09,1e-13,STOCFOR2,39024.40853788207,39024.408538,True,0,4250,15.471720834029838
23,1e-05,1e-10,1e-15,STOCFOR2,-inf,39024.408538,False,3,3891,12.415517000015825
22,1e-05,1e-10,1e-13,STOCFOR2,39024.40853788207,39024.408538,True,0,4250,15.49166608392261
21,1e-05,1e-10,1e-11,STOCFOR2,39024.408537882045,39024.408538,True,0,4273,15.68122529098764
26,1e-06,0.001,1e-15,STOCFOR2,39024.40853788237,39024.408538,True,0,4190,15.10728458291851
24,1e-06,0.001,1e-11,STOCFOR2,39024.40853788198,39024.408538,True,0,4274,15.743003166979179
25,1e-06,0.001,1e-13,STOCFOR2,39024.40853788199,39024.408538,True,0,4257,15.59911158401519
28,1e-06,0.0001,1e-13,STOCFOR2,39024.40853788207,39024.408538,True,0,4250,15.61682299990207
27,1e-06,0.0001,1e-11,STOCFOR2,39024.408537882045,39024.408538,True,0,4273,15.934714916860685
29,1e-06,0.0001,1e-15,STOCFOR2,39024.40853785458,39024.408538,True,0,4240,15.66822504112497
30,1e-06,1e-05,1e-11,STOCFOR2,39024.408537882045,39024.408538,True,0,4273,15.834568375023082
31,1e-06,1e-05,1e-13,STOCFOR2,39024.40853788207,39024.408538,True,0,4250,15.716710790991783
32,1e-06,1e-05,1e-15,STOCFOR2,39024.40853785458,39024.408538,True,0,4240,15.800786124775186
33,1e-06,1e-06,1e-11,STOCFOR2,39024.408537882045,39024.408538,True,0,4273,15.736618416849524
34,1e-06,1e-06,1e-13,STOCFOR2,39024.40853788207,39024.408538,True,0,4250,15.750705666840076
35,1e-06,1e-06,1e-15,STOCFOR2,39024.40853785458,39024.408538,True,0,4240,15.827130124904215
37,1e-06,1e-07,1e-13,STOCFOR2,39024.40853788207,39024.408538,True,0,4250,15.710676041897386
36,1e-06,1e-07,1e-11,STOCFOR2,39024.408537882045,39024.408538,True,0,4273,15.775757082970813
38,1e-06,1e-07,1e-15,STOCFOR2,39024.40853785458,39024.408538,True,0,4240,15.743502417113632
39,1e-06,1e-08,1e-11,STOCFOR2,39024.408537882045,39024.408538,True,0,4273,16.036786790937185
40,1e-06,1e-08,1e-13,STOCFOR2,39024.40853788207,39024.408538,True,0,4250,15.542424208018929
41,1e-06,1e-08,1e-15,STOCFOR2,39024.40853785458,39024.408538,True,0,4240,15.75545599986799
43,1e-06,1e-09,1e-13,STOCFOR2,39024.40853788207,39024.408538,True,0,4250,15.66073333309032
42,1e-06,1e-09,1e-11,STOCFOR2,39024.408537882045,39024.408538,True,0,4273,15.947975208051503
47,1e-06,1e-10,1e-15,STOCFOR2,-inf,39024.408538,False,3,3891,12.339879249921069
45,1e-06,1e-10,1e-11,STOCFOR2,39024.408537882045,39024.408538,True,0,4273,15.848309542052448
46,1e-06,1e-10,1e-13,STOCFOR2,39024.40853788207,39024.408538,True,0,4250,15.816141583025455
48,1e-07,0.001,1e-11,STOCFOR2,39024.40853788198,39024.408538,True,0,4274,15.837017625104636
49,1e-07,0.001,1e-13,STOCFOR2,39024.40853788199,39024.408538,True,0,4257,15.755682084010914
50,1e-07,0.001,1e-15,STOCFOR2,39024.40853788237,39024.408538,True,0,4190,15.407952832989395
20,1e-05,1e-09,1e-15,STOCFOR2,-inf,39024.408538,False,3,9421,64.33453974989243
52,1e-07,0.0001,1e-13,STOCFOR2,39024.40853788207,39024.408538,True,0,4250,15.697077540913597
51,1e-07,0.0001,1e-11,STOCFOR2,39024.408537882045,39024.408538,True,0,4273,15.866138207959011
53,1e-07,0.0001,1e-15,STOCFOR2,39024.40853785458,39024.408538,True,0,4240,15.850972875021398
55,1e-07,1e-05,1e-13,STOCFOR2,39024.40853788207,39024.408538,True,0,4250,15.882930457824841
54,1e-07,1e-05,1e-11,STOCFOR2,39024.408537882045,39024.408538,True,0,4273,15.998348125023767
56,1e-07,1e-05,1e-15,STOCFOR2,39024.40853785458,39024.408538,True,0,4240,15.860610499978065
58,1e-07,1e-06,1e-13,STOCFOR2,39024.40853788207,39024.408538,True,0,4250,15.875688582891598
57,1e-07,1e-06,1e-11,STOCFOR2,39024.408537882045,39024.408538,True,0,4273,16.224259875016287
59,1e-07,1e-06,1e-15,STOCFOR2,39024.40853785458,39024.408538,True,0,4240,15.937138124834746
60,1e-07,1e-07,1e-11,STOCFOR2,39024.408537882045,39024.408538,True,0,4273,16.066699750022963
61,1e-07,1e-07,1e-13,STOCFOR2,39024.40853788207,39024.408538,True,0,4250,16.029514791909605
62,1e-07,1e-07,1e-15,STOCFOR2,39024.40853785458,39024.408538,True,0,4240,15.893352374900132
64,1e-07,1e-08,1e-13,STOCFOR2,39024.40853788207,39024.408538,True,0,4250,15.77790845790878
63,1e-07,1e-08,1e-11,STOCFOR2,39024.408537882045,39024.408538,True,0,4273,16.139996125129983
1,1e-05,0.001,1e-13,SCTAP3,-inf,-1424.0,False,3,715,1.576408833032474
65,1e-07,1e-08,1e-15,STOCFOR2,39024.40853785458,39024.408538,True,0,4240,15.8836901250761
66,1e-07,1e-09,1e-11,STOCFOR2,39024.408537882045,39024.408538,True,0,4273,16.15872950013727
67,1e-07,1e-09,1e-13,STOCFOR2,39024.40853788207,39024.408538,True,0,4250,15.92956641712226
71,1e-07,1e-10,1e-15,STOCFOR2,-inf,39024.408538,False,3,3891,12.567315874854103
70,1e-07,1e-10,1e-13,STOCFOR2,39024.40853788207,39024.408538,True,0,4250,15.71101158298552
69,1e-07,1e-10,1e-11,STOCFOR2,39024.408537882045,39024.408538,True,0,4273,16.20991404191591
44,1e-06,1e-09,1e-15,STOCFOR2,-inf,39024.408538,False,3,9421,65.01778129092418
9,1e-05,1e-06,1e-11,SCTAP3,-inf,-1424.0,False,3,1122,3.024377833120525
2,1e-05,0.001,1e-15,SCTAP3,-1424.0000001023732,-1424.0,True,0,5171,21.367148417048156
0,1e-05,0.001,1e-11,SCTAP3,-1423.9999999992156,-1424.0,True,0,5875,25.244834541808814
12,1e-05,1e-07,1e-11,SCTAP3,-inf,-1424.0,False,3,904,2.2806216250173748
11,1e-05,1e-06,1e-15,SCTAP3,-inf,-1424.0,False,3,1313,4.355939416913316
14,1e-05,1e-07,1e-15,SCTAP3,-inf,-1424.0,False,3,589,1.0940559587907046
15,1e-05,1e-08,1e-11,SCTAP3,-inf,-1424.0,False,3,301,0.28328979201614857
16,1e-05,1e-08,1e-13,SCTAP3,-inf,-1424.0,False,3,329,0.2973246250767261
4,1e-05,0.0001,1e-13,SCTAP3,-1424.0000000035811,-1424.0,True,0,4820,18.407174166990444
13,1e-05,1e-07,1e-13,SCTAP3,-inf,-1424.0,False,3,987,2.715798208024353
18,1e-05,1e-09,1e-11,SCTAP3,-inf,-1424.0,False,3,296,0.2344029168598354
19,1e-05,1e-09,1e-13,SCTAP3,-inf,-1424.0,False,3,281,0.251316542038694
21,1e-05,1e-10,1e-11,SCTAP3,-inf,-1424.0,False,3,296,0.23321166611276567
22,1e-05,1e-10,1e-13,SCTAP3,-inf,-1424.0,False,3,266,0.21254829200915992
23,1e-05,1e-10,1e-15,SCTAP3,-inf,-1424.0,False,3,524,0.9097784589976072
17,1e-05,1e-08,1e-15,SCTAP3,-inf,-1424.0,False,3,1131,3.5855115419253707
25,1e-06,0.001,1e-13,SCTAP3,-inf,-1424.0,False,3,715,1.545454624807462
3,1e-05,0.0001,1e-11,SCTAP3,-1424.0000000014675,-1424.0,True,0,6052,26.39327916596085
20,1e-05,1e-09,1e-15,SCTAP3,-inf,-1424.0,False,3,1840,7.060107874916866
6,1e-05,1e-05,1e-11,SCTAP3,-1424.0000000005905,-1424.0,True,0,6978,31.51976970816031
26,1e-06,0.001,1e-15,SCTAP3,-1424.0000001023732,-1424.0,True,0,5171,21.4752292081248
28,1e-06,0.0001,1e-13,SCTAP3,-1424.0000000035811,-1424.0,True,0,4820,18.72428570804186
24,1e-06,0.001,1e-11,SCTAP3,-1423.9999999992156,-1424.0,True,0,5875,25.310130125144497
68,1e-07,1e-09,1e-15,STOCFOR2,-inf,39024.408538,False,3,9421,65.82593674981035
27,1e-06,0.0001,1e-11,SCTAP3,-1424.0000000014675,-1424.0,True,0,6052,26.82263662503101
7,1e-05,1e-05,1e-13,SCTAP3,-inf,-1424.0,False,1,10000,51.498445000033826
33,1e-06,1e-06,1e-11,SCTAP3,-inf,-1424.0,False,3,1122,3.0755358750466257
5,1e-05,0.0001,1e-15,SCTAP3,-inf,-1424.0,False,1,10000,54.33399366680533
36,1e-06,1e-07,1e-11,SCTAP3,-inf,-1424.0,False,3,904,2.1715557919815183
8,1e-05,1e-05,1e-15,SCTAP3,-inf,-1424.0,False,1,10000,55.11027000006288
35,1e-06,1e-06,1e-15,SCTAP3,-inf,-1424.0,False,3,1313,4.237809750018641
39,1e-06,1e-08,1e-11,SCTAP3,-inf,-1424.0,False,3,301,0.23425008403137326
38,1e-06,1e-07,1e-15,SCTAP3,-inf,-1424.0,False,3,589,1.083053250098601
40,1e-06,1e-08,1e-13,SCTAP3,-inf,-1424.0,False,3,329,0.31426229211501777
37,1e-06,1e-07,1e-13,SCTAP3,-inf,-1424.0,False,3,987,2.7139590000733733
42,1e-06,1e-09,1e-11,SCTAP3,-inf,-1424.0,False,3,296,0.2496565410401672
43,1e-06,1e-09,1e-13,SCTAP3,-inf,-1424.0,False,3,281,0.2359043329488486
45,1e-06,1e-10,1e-11,SCTAP3,-inf,-1424.0,False,3,296,0.2210652909707278
46,1e-06,1e-10,1e-13,SCTAP3,-inf,-1424.0,False,3,266,0.1841645420063287
47,1e-06,1e-10,1e-15,SCTAP3,-inf,-1424.0,False,3,524,0.8729734169319272
49,1e-07,0.001,1e-13,SCTAP3,-inf,-1424.0,False,3,715,1.4898676248267293
10,1e-05,1e-06,1e-13,SCTAP3,-inf,-1424.0,False,1,10000,54.057941125007346
41,1e-06,1e-08,1e-15,SCTAP3,-inf,-1424.0,False,3,1131,3.59076908393763
44,1e-06,1e-09,1e-15,SCTAP3,-inf,-1424.0,False,3,1840,7.160850166808814
30,1e-06,1e-05,1e-11,SCTAP3,-1424.0000000005905,-1424.0,True,0,6978,31.899921000003815
52,1e-07,0.0001,1e-13,SCTAP3,-1424.0000000035811,-1424.0,True,0,4821,18.8817184579093
50,1e-07,0.001,1e-15,SCTAP3,-1423.9999998487242,-1424.0,True,0,5116,21.279268625192344
48,1e-07,0.001,1e-11,SCTAP3,-1423.9999999992156,-1424.0,True,0,5875,25.479656375013292
57,1e-07,1e-06,1e-11,SCTAP3,-inf,-1424.0,False,3,1122,2.962533042067662
29,1e-06,0.0001,1e-15,SCTAP3,-inf,-1424.0,False,1,10000,54.430179791059345
51,1e-07,0.0001,1e-11,SCTAP3,-1424.0000000014675,-1424.0,True,0,6052,26.55867874994874
60,1e-07,1e-07,1e-11,SCTAP3,-inf,-1424.0,False,3,904,2.1735719591379166
59,1e-07,1e-06,1e-15,SCTAP3,-inf,-1424.0,False,3,1313,4.183286624960601
61,1e-07,1e-07,1e-13,SCTAP3,-inf,-1424.0,False,3,987,2.6207793338689953
62,1e-07,1e-07,1e-15,SCTAP3,-inf,-1424.0,False,3,589,1.0532975420355797
63,1e-07,1e-08,1e-11,SCTAP3,-inf,-1424.0,False,3,301,0.2450543330051005
64,1e-07,1e-08,1e-13,SCTAP3,-inf,-1424.0,False,3,329,0.3027705419808626
66,1e-07,1e-09,1e-11,SCTAP3,-inf,-1424.0,False,3,296,0.2654025829397142
67,1e-07,1e-09,1e-13,SCTAP3,-inf,-1424.0,False,3,281,0.2332896669395268
65,1e-07,1e-08,1e-15,SCTAP3,-inf,-1424.0,False,3,1131,3.443731375038624
69,1e-07,1e-10,1e-11,SCTAP3,-inf,-1424.0,False,3,296,0.23739491705782712
70,1e-07,1e-10,1e-13,SCTAP3,-inf,-1424.0,False,3,266,0.21396083408035338
31,1e-06,1e-05,1e-13,SCTAP3,-inf,-1424.0,False,1,10000,51.332858874928206
71,1e-07,1e-10,1e-15,SCTAP3,-inf,-1424.0,False,3,524,0.8082057498395443
0,1e-05,0.001,1e-11,SCFXM3,-54901.25454975144,-54901.25455,True,0,2442,2.0033348749857396
1,1e-05,0.001,1e-13,SCFXM3,-54901.192029115206,-54901.25455,True,0,2450,1.9725132919847965
68,1e-07,1e-09,1e-15,SCTAP3,-inf,-1424.0,False,3,1840,6.739507749909535
2,1e-05,0.001,1e-15,SCFXM3,-54901.25454972768,-54901.25455,True,0,2385,1.9485155001748353
32,1e-06,1e-05,1e-15,SCTAP3,-inf,-1424.0,False,1,10000,54.71486704191193
3,1e-05,0.0001,1e-11,SCFXM3,-54901.25454975151,-54901.25455,True,0,2492,2.1469758751336485
4,1e-05,0.0001,1e-13,SCFXM3,-54901.254549746925,-54901.25455,True,0,2507,2.1696494999341667
5,1e-05,0.0001,1e-15,SCFXM3,-54901.25454972749,-54901.25455,True,0,2402,1.9928354169242084
6,1e-05,1e-05,1e-11,SCFXM3,-54901.25454975151,-54901.25455,True,0,2492,2.185691999970004
7,1e-05,1e-05,1e-13,SCFXM3,-54901.254549746605,-54901.25455,True,0,2498,2.104185750009492
8,1e-05,1e-05,1e-15,SCFXM3,-54901.25454972762,-54901.25455,True,0,2418,2.019189832964912
34,1e-06,1e-06,1e-13,SCTAP3,-inf,-1424.0,False,1,10000,53.1015755829867
9,1e-05,1e-06,1e-11,SCFXM3,-54901.25454975151,-54901.25455,True,0,2492,2.053943542065099
10,1e-05,1e-06,1e-13,SCFXM3,-54901.254549747006,-54901.25455,True,0,2484,2.06540829106234
11,1e-05,1e-06,1e-15,SCFXM3,-54901.25454972762,-54901.25455,True,0,2418,2.001348291989416
12,1e-05,1e-07,1e-11,SCFXM3,-54901.25454975151,-54901.25455,True,0,2492,2.0761986668221653
14,1e-05,1e-07,1e-15,SCFXM3,-54901.25454972762,-54901.25455,True,0,2418,1.9829091669525951
13,1e-05,1e-07,1e-13,SCFXM3,-54901.254549747006,-54901.25455,True,0,2484,2.058439458021894
18,1e-05,1e-09,1e-11,SCFXM3,-inf,-54901.25455,False,3,791,0.09109979099594057
54,1e-07,1e-05,1e-11,SCTAP3,-1424.0000000005905,-1424.0,True,0,6978,30.292633667122573
21,1e-05,1e-10,1e-11,SCFXM3,-inf,-54901.25455,False,3,751,0.06034675007686019
15,1e-05,1e-08,1e-11,SCFXM3,-54901.25454975151,-54901.25455,True,0,2492,2.1299019169528037
16,1e-05,1e-08,1e-13,SCFXM3,-54901.254549747006,-54901.25455,True,0,2484,2.078972832998261
17,1e-05,1e-08,1e-15,SCFXM3,-54901.253049592815,-54901.25455,True,0,2396,1.9529885828960687
23,1e-05,1e-10,1e-15,SCFXM3,-inf,-54901.25455,False,2,1863,0.8525141251739115
22,1e-05,1e-10,1e-13,SCFXM3,-inf,-54901.25455,False,2,1918,1.0498608329799026
19,1e-05,1e-09,1e-13,SCFXM3,-54901.254549747006,-54901.25455,True,0,2484,1.9659854578785598
20,1e-05,1e-09,1e-15,SCFXM3,-54902.199020255575,-54901.25455,True,0,2454,1.9857922501396388
24,1e-06,0.001,1e-11,SCFXM3,-54901.25454975144,-54901.25455,True,0,2442,1.9289569170214236
25,1e-06,0.001,1e-13,SCFXM3,-54901.192029115206,-54901.25455,True,0,2450,1.9237695829942822
26,1e-06,0.001,1e-15,SCFXM3,-54901.25454972768,-54901.25455,True,0,2385,1.9518112079240382
27,1e-06,0.0001,1e-11,SCFXM3,-54901.25454975151,-54901.25455,True,0,2492,2.0878374169114977
29,1e-06,0.0001,1e-15,SCFXM3,-54901.25454972749,-54901.25455,True,0,2402,1.9014020410832018
28,1e-06,0.0001,1e-13,SCFXM3,-54901.254549746925,-54901.25455,True,0,2507,2.0429922079201788
30,1e-06,1e-05,1e-11,SCFXM3,-54901.25454975151,-54901.25455,True,0,2492,2.0345567089971155
32,1e-06,1e-05,1e-15,SCFXM3,-54901.25454972762,-54901.25455,True,0,2418,1.970790124963969
31,1e-06,1e-05,1e-13,SCFXM3,-54901.254549746605,-54901.25455,True,0,2498,2.182570875156671
33,1e-06,1e-06,1e-11,SCFXM3,-54901.25454975151,-54901.25455,True,0,2492,2.125819999957457
35,1e-06,1e-06,1e-15,SCFXM3,-54901.25454972762,-54901.25455,True,0,2418,1.93670216598548
34,1e-06,1e-06,1e-13,SCFXM3,-54901.254549747006,-54901.25455,True,0,2484,2.080401042010635
36,1e-06,1e-07,1e-11,SCFXM3,-54901.25454975151,-54901.25455,True,0,2492,2.1358584170229733
42,1e-06,1e-09,1e-11,SCFXM3,-inf,-54901.25455,False,3,791,0.06817170791327953
37,1e-06,1e-07,1e-13,SCFXM3,-54901.254549747006,-54901.25455,True,0,2484,1.9996212080586702
38,1e-06,1e-07,1e-15,SCFXM3,-54901.25454972762,-54901.25455,True,0,2418,1.9266073750331998
45,1e-06,1e-10,1e-11,SCFXM3,-inf,-54901.25455,False,3,751,0.0742497080937028
41,1e-06,1e-08,1e-15,SCFXM3,-54901.253049592815,-54901.25455,True,0,2396,1.8520689578726888
39,1e-06,1e-08,1e-11,SCFXM3,-54901.25454975151,-54901.25455,True,0,2492,2.1219629591796547
40,1e-06,1e-08,1e-13,SCFXM3,-54901.254549747006,-54901.25455,True,0,2484,2.1360622078645974
46,1e-06,1e-10,1e-13,SCFXM3,-inf,-54901.25455,False,2,1918,1.0019649998284876
47,1e-06,1e-10,1e-15,SCFXM3,-inf,-54901.25455,False,2,1863,0.8375420419033617
43,1e-06,1e-09,1e-13,SCFXM3,-54901.254549747006,-54901.25455,True,0,2484,2.0947144587989897
44,1e-06,1e-09,1e-15,SCFXM3,-54902.199020255575,-54901.25455,True,0,2454,1.983928709058091
49,1e-07,0.001,1e-13,SCFXM3,-54901.192029115206,-54901.25455,True,0,2450,1.8773703330662102
48,1e-07,0.001,1e-11,SCFXM3,-54901.25454975144,-54901.25455,True,0,2442,1.9559290839824826
53,1e-07,0.0001,1e-15,SCTAP3,-inf,-1424.0,False,1,10000,52.10905733285472
50,1e-07,0.001,1e-15,SCFXM3,-54901.25454972768,-54901.25455,True,0,2385,1.9211591249331832
51,1e-07,0.0001,1e-11,SCFXM3,-54901.25454975151,-54901.25455,True,0,2492,2.153323708102107
53,1e-07,0.0001,1e-15,SCFXM3,-54901.25454972749,-54901.25455,True,0,2402,1.930964041966945
52,1e-07,0.0001,1e-13,SCFXM3,-54901.254549746925,-54901.25455,True,0,2507,2.208866707980633
54,1e-07,1e-05,1e-11,SCFXM3,-54901.25454975151,-54901.25455,True,0,2492,2.035963667090982
55,1e-07,1e-05,1e-13,SCFXM3,-54901.254549746605,-54901.25455,True,0,2498,2.144229874946177
56,1e-07,1e-05,1e-15,SCFXM3,-54901.25454972762,-54901.25455,True,0,2418,1.9315465420950204
57,1e-07,1e-06,1e-11,SCFXM3,-54901.25454975151,-54901.25455,True,0,2492,2.111939375055954
58,1e-07,1e-06,1e-13,SCFXM3,-54901.254549747006,-54901.25455,True,0,2484,2.116770915919915
59,1e-07,1e-06,1e-15,SCFXM3,-54901.25454972762,-54901.25455,True,0,2418,1.9488990837708116
66,1e-07,1e-09,1e-11,SCFXM3,-inf,-54901.25455,False,3,791,0.07708887499757111
60,1e-07,1e-07,1e-11,SCFXM3,-54901.25454975151,-54901.25455,True,0,2492,2.1143052079714835
61,1e-07,1e-07,1e-13,SCFXM3,-54901.254549747006,-54901.25455,True,0,2484,2.080803500022739
62,1e-07,1e-07,1e-15,SCFXM3,-54901.25454972762,-54901.25455,True,0,2418,1.9772941670380533
69,1e-07,1e-10,1e-11,SCFXM3,-inf,-54901.25455,False,3,751,0.0723144591320306
63,1e-07,1e-08,1e-11,SCFXM3,-54901.25454975151,-54901.25455,True,0,2492,2.128004625206813
0,1e-05,0.001,1e-11,SHIP12S,-1489236.134406127,-1489236.1344,True,0,1568,0.06826775008812547
1,1e-05,0.001,1e-13,SHIP12S,-1489236.134406127,-1489236.1344,True,0,1568,0.060172042110934854
2,1e-05,0.001,1e-15,SHIP12S,-1489236.134406127,-1489236.1344,True,0,1568,0.07341854204423726
64,1e-07,1e-08,1e-13,SCFXM3,-54901.254549747006,-54901.25455,True,0,2484,2.0485899578779936
3,1e-05,0.0001,1e-11,SHIP12S,-1489236.134406127,-1489236.1344,True,0,1568,0.05680762487463653
4,1e-05,0.0001,1e-13,SHIP12S,-1489236.134406127,-1489236.1344,True,0,1568,0.06744970800355077
65,1e-07,1e-08,1e-15,SCFXM3,-54901.253049592815,-54901.25455,True,0,2396,1.9146319159772247
5,1e-05,0.0001,1e-15,SHIP12S,-1489236.134406127,-1489236.1344,True,0,1568,0.06333991698920727
6,1e-05,1e-05,1e-11,SHIP12S,-1489236.134406127,-1489236.1344,True,0,1568,0.06414237502031028
71,1e-07,1e-10,1e-15,SCFXM3,-inf,-54901.25455,False,2,1863,0.8262574169784784
7,1e-05,1e-05,1e-13,SHIP12S,-1489236.134406127,-1489236.1344,True,0,1568,0.06300154188647866
8,1e-05,1e-05,1e-15,SHIP12S,-1489236.134406127,-1489236.1344,True,0,1568,0.07276241690851748
9,1e-05,1e-06,1e-11,SHIP12S,-1489236.134406127,-1489236.1344,True,0,1568,0.06129829096607864
10,1e-05,1e-06,1e-13,SHIP12S,-1489236.134406127,-1489236.1344,True,0,1568,0.06853024987503886
70,1e-07,1e-10,1e-13,SCFXM3,-inf,-54901.25455,False,2,1918,0.99055679095909
11,1e-05,1e-06,1e-15,SHIP12S,-1489236.134406127,-1489236.1344,True,0,1568,0.06902170786634088
13,1e-05,1e-07,1e-13,SHIP12S,-1489236.134406127,-1489236.1344,True,0,1568,0.06849333294667304
12,1e-05,1e-07,1e-11,SHIP12S,-1489236.134406127,-1489236.1344,True,0,1568,0.06941379117779434
14,1e-05,1e-07,1e-15,SHIP12S,-1489236.134406127,-1489236.1344,True,0,1568,0.06134883314371109
15,1e-05,1e-08,1e-11,SHIP12S,-1489236.134406127,-1489236.1344,True,0,1568,0.05979429092258215
16,1e-05,1e-08,1e-13,SHIP12S,-1489236.134406127,-1489236.1344,True,0,1568,0.0670307909604162
18,1e-05,1e-09,1e-11,SHIP12S,-1489236.134406127,-1489236.1344,True,0,1568,0.05995204113423824
17,1e-05,1e-08,1e-15,SHIP12S,-1489236.134406127,-1489236.1344,True,0,1568,0.07393883401528001
19,1e-05,1e-09,1e-13,SHIP12S,-1489236.134406127,-1489236.1344,True,0,1568,0.07006066595204175
20,1e-05,1e-09,1e-15,SHIP12S,-1489236.134406127,-1489236.1344,True,0,1568,0.06465795799158514
21,1e-05,1e-10,1e-11,SHIP12S,-1489236.134406127,-1489236.1344,True,0,1568,0.08327637519687414
22,1e-05,1e-10,1e-13,SHIP12S,-1489236.134406127,-1489236.1344,True,0,1568,0.06025249999947846
23,1e-05,1e-10,1e-15,SHIP12S,-1489236.134406127,-1489236.1344,True,0,1568,0.07480712491087615
24,1e-06,0.001,1e-11,SHIP12S,-1489236.134406127,-1489236.1344,True,0,1568,0.06463741697371006
25,1e-06,0.001,1e-13,SHIP12S,-1489236.134406127,-1489236.1344,True,0,1568,0.060341000091284513
67,1e-07,1e-09,1e-13,SCFXM3,-54901.254549747006,-54901.25455,True,0,2484,1.8890736249741167
26,1e-06,0.001,1e-15,SHIP12S,-1489236.134406127,-1489236.1344,True,0,1568,0.05218025017529726
28,1e-06,0.0001,1e-13,SHIP12S,-1489236.134406127,-1489236.1344,True,0,1568,0.06384145794436336
27,1e-06,0.0001,1e-11,SHIP12S,-1489236.134406127,-1489236.1344,True,0,1568,0.06992474989965558
29,1e-06,0.0001,1e-15,SHIP12S,-1489236.134406127,-1489236.1344,True,0,1568,0.07128666597418487
30,1e-06,1e-05,1e-11,SHIP12S,-1489236.134406127,-1489236.1344,True,0,1568,0.06313062505796552
31,1e-06,1e-05,1e-13,SHIP12S,-1489236.134406127,-1489236.1344,True,0,1568,0.06842629099264741
32,1e-06,1e-05,1e-15,SHIP12S,-1489236.134406127,-1489236.1344,True,0,1568,0.057563167065382004
35,1e-06,1e-06,1e-15,SHIP12S,-1489236.134406127,-1489236.1344,True,0,1568,0.050818457966670394
68,1e-07,1e-09,1e-15,SCFXM3,-54902.199020255575,-54901.25455,True,0,2454,1.844722333131358
33,1e-06,1e-06,1e-11,SHIP12S,-1489236.134406127,-1489236.1344,True,0,1568,0.07221312494948506
34,1e-06,1e-06,1e-13,SHIP12S,-1489236.134406127,-1489236.1344,True,0,1568,0.05596962501294911
36,1e-06,1e-07,1e-11,SHIP12S,-1489236.134406127,-1489236.1344,True,0,1568,0.05580474995076656
37,1e-06,1e-07,1e-13,SHIP12S,-1489236.134406127,-1489236.1344,True,0,1568,0.06490500015206635
38,1e-06,1e-07,1e-15,SHIP12S,-1489236.134406127,-1489236.1344,True,0,1568,0.05527429189532995
41,1e-06,1e-08,1e-15,SHIP12S,-1489236.134406127,-1489236.1344,True,0,1568,0.057471917010843754
39,1e-06,1e-08,1e-11,SHIP12S,-1489236.134406127,-1489236.1344,True,0,1568,0.07072237506508827
40,1e-06,1e-08,1e-13,SHIP12S,-1489236.134406127,-1489236.1344,True,0,1568,0.0643877920228988
42,1e-06,1e-09,1e-11,SHIP12S,-1489236.134406127,-1489236.1344,True,0,1568,0.05831195809878409
44,1e-06,1e-09,1e-15,SHIP12S,-1489236.134406127,-1489236.1344,True,0,1568,0.052771166898310184
43,1e-06,1e-09,1e-13,SHIP12S,-1489236.134406127,-1489236.1344,True,0,1568,0.06516837514936924
45,1e-06,1e-10,1e-11,SHIP12S,-1489236.134406127,-1489236.1344,True,0,1568,0.05084129190072417
48,1e-07,0.001,1e-11,SHIP12S,-1489236.134406127,-1489236.1344,True,0,1568,0.0494060420896858
47,1e-06,1e-10,1e-15,SHIP12S,-1489236.134406127,-1489236.1344,True,0,1568,0.06908108317293227
46,1e-06,1e-10,1e-13,SHIP12S,-1489236.134406127,-1489236.1344,True,0,1568,0.06708712503314018
51,1e-07,0.0001,1e-11,SHIP12S,-1489236.134406127,-1489236.1344,True,0,1568,0.054012083914130926
50,1e-07,0.001,1e-15,SHIP12S,-1489236.134406127,-1489236.1344,True,0,1568,0.06720462488010526
54,1e-07,1e-05,1e-11,SHIP12S,-1489236.134406127,-1489236.1344,True,0,1568,0.05156208388507366
55,1e-07,1e-05,1e-13,SHIP12S,-1489236.134406127,-1489236.1344,True,0,1568,0.0553468749858439
53,1e-07,0.0001,1e-15,SHIP12S,-1489236.134406127,-1489236.1344,True,0,1568,0.08353199996054173
56,1e-07,1e-05,1e-15,SHIP12S,-1489236.134406127,-1489236.1344,True,0,1568,0.057163791032508016
52,1e-07,0.0001,1e-13,SHIP12S,-1489236.134406127,-1489236.1344,True,0,1568,0.11183087481185794
57,1e-07,1e-06,1e-11,SHIP12S,-1489236.134406127,-1489236.1344,True,0,1568,0.05156629113480449
49,1e-07,0.001,1e-13,SHIP12S,-1489236.134406127,-1489236.1344,True,0,1568,0.1438267920166254
58,1e-07,1e-06,1e-13,SHIP12S,-1489236.134406127,-1489236.1344,True,0,1568,0.05858916696161032
59,1e-07,1e-06,1e-15,SHIP12S,-1489236.134406127,-1489236.1344,True,0,1568,0.0532537919934839
61,1e-07,1e-07,1e-13,SHIP12S,-1489236.134406127,-1489236.1344,True,0,1568,0.05449470900930464
63,1e-07,1e-08,1e-11,SHIP12S,-1489236.134406127,-1489236.1344,True,0,1568,0.0783334590960294
62,1e-07,1e-07,1e-15,SHIP12S,-1489236.134406127,-1489236.1344,True,0,1568,0.10049058310687542
60,1e-07,1e-07,1e-11,SHIP12S,-1489236.134406127,-1489236.1344,True,0,1568,0.09283949993550777
66,1e-07,1e-09,1e-11,SHIP12S,-1489236.134406127,-1489236.1344,True,0,1568,0.0567496248986572
67,1e-07,1e-09,1e-13,SHIP12S,-1489236.134406127,-1489236.1344,True,0,1568,0.05278416583314538
65,1e-07,1e-08,1e-15,SHIP12S,-1489236.134406127,-1489236.1344,True,0,1568,0.06887304200790823
64,1e-07,1e-08,1e-13,SHIP12S,-1489236.134406127,-1489236.1344,True,0,1568,0.08478070888668299
1,1e-05,0.001,1e-13,SHIP08S,-1920098.2105346203,-1920098.2105,True,0,1215,0.027949417009949684
2,1e-05,0.001,1e-15,SHIP08S,-1920098.2105346206,-1920098.2105,True,0,1214,0.027646165806800127
0,1e-05,0.001,1e-11,SHIP08S,-1920098.2105346203,-1920098.2105,True,0,1215,0.04097766685299575
68,1e-07,1e-09,1e-15,SHIP12S,-1489236.134406127,-1489236.1344,True,0,1568,0.06730616604909301
69,1e-07,1e-10,1e-11,SHIP12S,-1489236.134406127,-1489236.1344,True,0,1568,0.058847625041380525
71,1e-07,1e-10,1e-15,SHIP12S,-1489236.134406127,-1489236.1344,True,0,1568,0.062079875031486154
70,1e-07,1e-10,1e-13,SHIP12S,-1489236.134406127,-1489236.1344,True,0,1568,0.07890904182568192
5,1e-05,0.0001,1e-15,SHIP08S,-1920098.2105346206,-1920098.2105,True,0,1214,0.023613916942849755
6,1e-05,1e-05,1e-11,SHIP08S,-1920098.2105346203,-1920098.2105,True,0,1215,0.026310125133022666
3,1e-05,0.0001,1e-11,SHIP08S,-1920098.2105346203,-1920098.2105,True,0,1215,0.04683475010097027
4,1e-05,0.0001,1e-13,SHIP08S,-1920098.2105346203,-1920098.2105,True,0,1215,0.03810258395969868
7,1e-05,1e-05,1e-13,SHIP08S,-1920098.2105346203,-1920098.2105,True,0,1215,0.02621849998831749
8,1e-05,1e-05,1e-15,SHIP08S,-1920098.2105346206,-1920098.2105,True,0,1214,0.031182083999738097
9,1e-05,1e-06,1e-11,SHIP08S,-1920098.2105346203,-1920098.2105,True,0,1215,0.0248414590023458
12,1e-05,1e-07,1e-11,SHIP08S,-1920098.2105346203,-1920098.2105,True,0,1215,0.02483783382922411
10,1e-05,1e-06,1e-13,SHIP08S,-1920098.2105346203,-1920098.2105,True,0,1215,0.03216774994507432
11,1e-05,1e-06,1e-15,SHIP08S,-1920098.2105346206,-1920098.2105,True,0,1214,0.03071708302013576
13,1e-05,1e-07,1e-13,SHIP08S,-1920098.2105346203,-1920098.2105,True,0,1215,0.029920500004664063
14,1e-05,1e-07,1e-15,SHIP08S,-1920098.2105346206,-1920098.2105,True,0,1214,0.04541791696101427
16,1e-05,1e-08,1e-13,SHIP08S,-1920098.2105346203,-1920098.2105,True,0,1215,0.02333245798945427
15,1e-05,1e-08,1e-11,SHIP08S,-1920098.2105346203,-1920098.2105,True,0,1215,0.04123829095624387
17,1e-05,1e-08,1e-15,SHIP08S,-1920098.2105346206,-1920098.2105,True,0,1214,0.023025291971862316
19,1e-05,1e-09,1e-13,SHIP08S,-1920098.2105346203,-1920098.2105,True,0,1215,0.024998124921694398
18,1e-05,1e-09,1e-11,SHIP08S,-1920098.2105346203,-1920098.2105,True,0,1215,0.030487207928672433
20,1e-05,1e-09,1e-15,SHIP08S,-1920098.2105346206,-1920098.2105,True,0,1214,0.02669312502257526
21,1e-05,1e-10,1e-11,SHIP08S,-1920098.2105346203,-1920098.2105,True,0,1215,0.036936125019565225
23,1e-05,1e-10,1e-15,SHIP08S,-1920098.2105346206,-1920098.2105,True,0,1214,0.03405429213307798
24,1e-06,0.001,1e-11,SHIP08S,-1920098.2105346203,-1920098.2105,True,0,1215,0.03717308398336172
22,1e-05,1e-10,1e-13,SHIP08S,-1920098.2105346203,-1920098.2105,True,0,1215,0.036262957844883204
26,1e-06,0.001,1e-15,SHIP08S,-1920098.2105346206,-1920098.2105,True,0,1214,0.034225417068228126
25,1e-06,0.001,1e-13,SHIP08S,-1920098.2105346203,-1920098.2105,True,0,1215,0.041321625001728535
27,1e-06,0.0001,1e-11,SHIP08S,-1920098.2105346203,-1920098.2105,True,0,1215,0.024990665959194303
29,1e-06,0.0001,1e-15,SHIP08S,-1920098.2105346206,-1920098.2105,True,0,1214,0.02404829184524715
28,1e-06,0.0001,1e-13,SHIP08S,-1920098.2105346203,-1920098.2105,True,0,1215,0.032360624987632036
31,1e-06,1e-05,1e-13,SHIP08S,-1920098.2105346203,-1920098.2105,True,0,1215,0.03136874991469085
30,1e-06,1e-05,1e-11,SHIP08S,-1920098.2105346203,-1920098.2105,True,0,1215,0.033546082908287644
32,1e-06,1e-05,1e-15,SHIP08S,-1920098.2105346206,-1920098.2105,True,0,1214,0.03210291708819568
33,1e-06,1e-06,1e-11,SHIP08S,-1920098.2105346203,-1920098.2105,True,0,1215,0.03200841695070267
34,1e-06,1e-06,1e-13,SHIP08S,-1920098.2105346203,-1920098.2105,True,0,1215,0.031981749925762415
36,1e-06,1e-07,1e-11,SHIP08S,-1920098.2105346203,-1920098.2105,True,0,1215,0.027384165907278657
35,1e-06,1e-06,1e-15,SHIP08S,-1920098.2105346206,-1920098.2105,True,0,1214,0.027334708021953702
37,1e-06,1e-07,1e-13,SHIP08S,-1920098.2105346203,-1920098.2105,True,0,1215,0.03142304206266999
38,1e-06,1e-07,1e-15,SHIP08S,-1920098.2105346206,-1920098.2105,True,0,1214,0.034066125052049756
39,1e-06,1e-08,1e-11,SHIP08S,-1920098.2105346203,-1920098.2105,True,0,1215,0.026110958075150847
40,1e-06,1e-08,1e-13,SHIP08S,-1920098.2105346203,-1920098.2105,True,0,1215,0.03255804209038615
41,1e-06,1e-08,1e-15,SHIP08S,-1920098.2105346206,-1920098.2105,True,0,1214,0.044081666972488165
42,1e-06,1e-09,1e-11,SHIP08S,-1920098.2105346203,-1920098.2105,True,0,1215,0.030469333985820413
44,1e-06,1e-09,1e-15,SHIP08S,-1920098.2105346206,-1920098.2105,True,0,1214,0.03251958289183676
43,1e-06,1e-09,1e-13,SHIP08S,-1920098.2105346203,-1920098.2105,True,0,1215,0.036159166833385825
45,1e-06,1e-10,1e-11,SHIP08S,-1920098.2105346203,-1920098.2105,True,0,1215,0.03294604201801121
46,1e-06,1e-10,1e-13,SHIP08S,-1920098.2105346203,-1920098.2105,True,0,1215,0.02771487506106496
47,1e-06,1e-10,1e-15,SHIP08S,-1920098.2105346206,-1920098.2105,True,0,1214,0.03496362501755357
49,1e-07,0.001,1e-13,SHIP08S,-1920098.2105346203,-1920098.2105,True,0,1215,0.025475208880379796
48,1e-07,0.001,1e-11,SHIP08S,-1920098.2105346203,-1920098.2105,True,0,1215,0.03319333307445049
50,1e-07,0.001,1e-15,SHIP08S,-1920098.2105346206,-1920098.2105,True,0,1214,0.031014125095680356
51,1e-07,0.0001,1e-11,SHIP08S,-1920098.2105346203,-1920098.2105,True,0,1215,0.04095083405263722
52,1e-07,0.0001,1e-13,SHIP08S,-1920098.2105346203,-1920098.2105,True,0,1215,0.026225958950817585
53,1e-07,0.0001,1e-15,SHIP08S,-1920098.2105346206,-1920098.2105,True,0,1214,0.04189041699282825
54,1e-07,1e-05,1e-11,SHIP08S,-1920098.2105346203,-1920098.2105,True,0,1215,0.032952332869172096
55,1e-07,1e-05,1e-13,SHIP08S,-1920098.2105346203,-1920098.2105,True,0,1215,0.03238404099829495
56,1e-07,1e-05,1e-15,SHIP08S,-1920098.2105346206,-1920098.2105,True,0,1214,0.03455250011757016
57,1e-07,1e-06,1e-11,SHIP08S,-1920098.2105346203,-1920098.2105,True,0,1215,0.03370491717942059
58,1e-07,1e-06,1e-13,SHIP08S,-1920098.2105346203,-1920098.2105,True,0,1215,0.02657562494277954
59,1e-07,1e-06,1e-15,SHIP08S,-1920098.2105346206,-1920098.2105,True,0,1214,0.042715375078842044
60,1e-07,1e-07,1e-11,SHIP08S,-1920098.2105346203,-1920098.2105,True,0,1215,0.040542374830693007
61,1e-07,1e-07,1e-13,SHIP08S,-1920098.2105346203,-1920098.2105,True,0,1215,0.03464383399114013
62,1e-07,1e-07,1e-15,SHIP08S,-1920098.2105346206,-1920098.2105,True,0,1214,0.03133450006134808
63,1e-07,1e-08,1e-11,SHIP08S,-1920098.2105346203,-1920098.2105,True,0,1215,0.03525191592052579
64,1e-07,1e-08,1e-13,SHIP08S,-1920098.2105346203,-1920098.2105,True,0,1215,0.027123291976749897
65,1e-07,1e-08,1e-15,SHIP08S,-1920098.2105346206,-1920098.2105,True,0,1214,0.024823250016197562
66,1e-07,1e-09,1e-11,SHIP08S,-1920098.2105346203,-1920098.2105,True,0,1215,0.03307191701605916
68,1e-07,1e-09,1e-15,SHIP08S,-1920098.2105346206,-1920098.2105,True,0,1214,0.03212379082106054
67,1e-07,1e-09,1e-13,SHIP08S,-1920098.2105346203,-1920098.2105,True,0,1215,0.03271037503145635
69,1e-07,1e-10,1e-11,SHIP08S,-1920098.2105346203,-1920098.2105,True,0,1215,0.03619787492789328
70,1e-07,1e-10,1e-13,SHIP08S,-1920098.2105346203,-1920098.2105,True,0,1215,0.026860082987695932
71,1e-07,1e-10,1e-15,SHIP08S,-1920098.2105346206,-1920098.2105,True,0,1214,0.03289725002832711
5,1e-05,0.0001,1e-15,SCSD8,-904.9999999254507,-904.99999993,True,0,1598,0.7546851669903845
2,1e-05,0.001,1e-15,SCSD8,-904.9999999254507,-904.99999993,True,0,1598,0.8419072921387851
6,1e-05,1e-05,1e-11,SCSD8,-904.9999999254596,-904.99999993,True,0,1998,0.9630165409762412
3,1e-05,0.0001,1e-11,SCSD8,-904.9999999254596,-904.99999993,True,0,1998,1.0745793338865042
0,1e-05,0.001,1e-11,SCSD8,-904.9999999254596,-904.99999993,True,0,1998,1.1123651249799877
1,1e-05,0.001,1e-13,SCSD8,-904.999999925461,-904.99999993,True,0,2070,1.1000153329223394
4,1e-05,0.0001,1e-13,SCSD8,-904.999999925461,-904.99999993,True,0,2070,1.0878087501041591
12,1e-05,1e-07,1e-11,SCSD8,-inf,-904.99999993,False,3,616,0.15098124998621643
13,1e-05,1e-07,1e-13,SCSD8,-inf,-904.99999993,False,3,747,0.258491916814819
15,1e-05,1e-08,1e-11,SCSD8,-inf,-904.99999993,False,3,607,0.15452450001612306
8,1e-05,1e-05,1e-15,SCSD8,-904.9999999254507,-904.99999993,True,0,1598,0.705999415833503
16,1e-05,1e-08,1e-13,SCSD8,-inf,-904.99999993,False,3,747,0.1017280831001699
18,1e-05,1e-09,1e-11,SCSD8,-inf,-904.99999993,False,3,279,0.02403754205442965
14,1e-05,1e-07,1e-15,SCSD8,-inf,-904.99999993,False,3,1017,0.4269320829771459
19,1e-05,1e-09,1e-13,SCSD8,-inf,-904.99999993,False,3,279,0.018473583040758967
20,1e-05,1e-09,1e-15,SCSD8,-inf,-904.99999993,False,3,286,0.02842462481930852
21,1e-05,1e-10,1e-11,SCSD8,-inf,-904.99999993,False,3,279,0.014272375032305717
23,1e-05,1e-10,1e-15,SCSD8,-inf,-904.99999993,False,3,286,0.014079707907512784
22,1e-05,1e-10,1e-13,SCSD8,-inf,-904.99999993,False,3,279,0.016349042067304254
11,1e-05,1e-06,1e-15,SCSD8,-904.9999999254507,-904.99999993,True,0,1598,0.6908198329620063
9,1e-05,1e-06,1e-11,SCSD8,-904.9999999254596,-904.99999993,True,0,1998,0.8647413328289986
7,1e-05,1e-05,1e-13,SCSD8,-904.999999925461,-904.99999993,True,0,2070,1.0988610838539898
17,1e-05,1e-08,1e-15,SCSD8,-inf,-904.99999993,False,3,1171,0.5584156659897417
10,1e-05,1e-06,1e-13,SCSD8,-904.999999925461,-904.99999993,True,0,2070,1.1700021668802947
26,1e-06,0.001,1e-15,SCSD8,-904.9999999254507,-904.99999993,True,0,1598,0.8368277091067284
24,1e-06,0.001,1e-11,SCSD8,-904.9999999254596,-904.99999993,True,0,1998,0.9938325840048492
25,1e-06,0.001,1e-13,SCSD8,-904.999999925461,-904.99999993,True,0,2070,1.0833445838652551
29,1e-06,0.0001,1e-15,SCSD8,-904.9999999254507,-904.99999993,True,0,1598,0.8447875001002103
27,1e-06,0.0001,1e-11,SCSD8,-904.9999999254596,-904.99999993,True,0,1998,1.13224633410573
28,1e-06,0.0001,1e-13,SCSD8,-904.999999925461,-904.99999993,True,0,2070,1.1408024169504642
36,1e-06,1e-07,1e-11,SCSD8,-inf,-904.99999993,False,3,616,0.18247133283875883
30,1e-06,1e-05,1e-11,SCSD8,-904.9999999254596,-904.99999993,True,0,1998,0.9931588750332594
32,1e-06,1e-05,1e-15,SCSD8,-904.9999999254507,-904.99999993,True,0,1598,0.5643172499258071
55,1e-07,1e-05,1e-13,SCTAP3,-inf,-1424.0,False,1,10000,46.79862516699359
37,1e-06,1e-07,1e-13,SCSD8,-inf,-904.99999993,False,3,747,0.29762070905417204
39,1e-06,1e-08,1e-11,SCSD8,-inf,-904.99999993,False,3,607,0.17899399995803833
42,1e-06,1e-09,1e-11,SCSD8,-inf,-904.99999993,False,3,279,0.02076204097829759
38,1e-06,1e-07,1e-15,SCSD8,-inf,-904.99999993,False,3,1017,0.335522583918646
43,1e-06,1e-09,1e-13,SCSD8,-inf,-904.99999993,False,3,279,0.023817500099539757
44,1e-06,1e-09,1e-15,SCSD8,-inf,-904.99999993,False,3,286,0.026376583147794008
45,1e-06,1e-10,1e-11,SCSD8,-inf,-904.99999993,False,3,279,0.013324999948963523
40,1e-06,1e-08,1e-13,SCSD8,-inf,-904.99999993,False,3,747,0.141835916088894
35,1e-06,1e-06,1e-15,SCSD8,-904.9999999254507,-904.99999993,True,0,1598,0.6456171669997275
46,1e-06,1e-10,1e-13,SCSD8,-inf,-904.99999993,False,3,279,0.011798291001468897
47,1e-06,1e-10,1e-15,SCSD8,-inf,-904.99999993,False,3,286,0.026870292145758867
31,1e-06,1e-05,1e-13,SCSD8,-904.999999925461,-904.99999993,True,0,2070,1.0854848339222372
33,1e-06,1e-06,1e-11,SCSD8,-904.9999999254596,-904.99999993,True,0,1998,0.8899650829844177
34,1e-06,1e-06,1e-13,SCSD8,-904.999999925461,-904.99999993,True,0,2070,0.9572120420634747
41,1e-06,1e-08,1e-15,SCSD8,-inf,-904.99999993,False,3,1171,0.5112021658569574
50,1e-07,0.001,1e-15,SCSD8,-904.9999999254507,-904.99999993,True,0,1598,0.7952779999468476
53,1e-07,0.0001,1e-15,SCSD8,-904.9999999254507,-904.99999993,True,0,1598,0.8726092921569943
48,1e-07,0.001,1e-11,SCSD8,-904.9999999254596,-904.99999993,True,0,1998,1.069275249959901
54,1e-07,1e-05,1e-11,SCSD8,-904.9999999254596,-904.99999993,True,0,1998,0.7837843750603497
49,1e-07,0.001,1e-13,SCSD8,-904.999999925461,-904.99999993,True,0,2070,1.1052087908610702
52,1e-07,0.0001,1e-13,SCSD8,-904.999999925461,-904.99999993,True,0,2070,1.0696792919188738
51,1e-07,0.0001,1e-11,SCSD8,-904.9999999254596,-904.99999993,True,0,1998,1.1414126250892878
60,1e-07,1e-07,1e-11,SCSD8,-inf,-904.99999993,False,3,616,0.14400362502783537
61,1e-07,1e-07,1e-13,SCSD8,-inf,-904.99999993,False,3,747,0.2270277498755604
63,1e-07,1e-08,1e-11,SCSD8,-inf,-904.99999993,False,3,607,0.12936412496492267
62,1e-07,1e-07,1e-15,SCSD8,-inf,-904.99999993,False,3,1017,0.32313137501478195
64,1e-07,1e-08,1e-13,SCSD8,-inf,-904.99999993,False,3,747,0.1439555420074612
66,1e-07,1e-09,1e-11,SCSD8,-inf,-904.99999993,False,3,279,0.014011958846822381
55,1e-07,1e-05,1e-13,SCSD8,-904.999999925461,-904.99999993,True,0,2070,1.1749432501383126
68,1e-07,1e-09,1e-15,SCSD8,-inf,-904.99999993,False,3,286,0.020883917110040784
67,1e-07,1e-09,1e-13,SCSD8,-inf,-904.99999993,False,3,279,0.02707420801743865
69,1e-07,1e-10,1e-11,SCSD8,-inf,-904.99999993,False,3,279,0.02034012507647276
56,1e-07,1e-05,1e-15,SCSD8,-904.9999999254507,-904.99999993,True,0,1598,0.7906274171546102
71,1e-07,1e-10,1e-15,SCSD8,-inf,-904.99999993,False,3,286,0.013658917043358088
70,1e-07,1e-10,1e-13,SCSD8,-inf,-904.99999993,False,3,279,0.022003457881510258
59,1e-07,1e-06,1e-15,SCSD8,-904.9999999254507,-904.99999993,True,0,1598,0.6064912909641862
65,1e-07,1e-08,1e-15,SCSD8,-inf,-904.99999993,False,3,1171,0.3952227090485394
57,1e-07,1e-06,1e-11,SCSD8,-904.9999999254596,-904.99999993,True,0,1998,1.0102859581820667
58,1e-07,1e-06,1e-13,SCSD8,-904.999999925461,-904.99999993,True,0,2070,1.0961604581680149
6,1e-05,1e-05,1e-11,SCTAP2,-inf,-1724.8071429,False,3,686,0.8625987500417978
7,1e-05,1e-05,1e-13,SCTAP2,-inf,-1724.8071429,False,3,1326,2.20338795799762
56,1e-07,1e-05,1e-15,SCTAP3,-inf,-1424.0,False,1,10000,50.06569891702384
9,1e-05,1e-06,1e-11,SCTAP2,-inf,-1724.8071429,False,3,1280,2.366743499878794
58,1e-07,1e-06,1e-13,SCTAP3,-inf,-1424.0,False,1,10000,48.68075283290818
12,1e-05,1e-07,1e-11,SCTAP2,-inf,-1724.8071429,False,3,316,0.257436916930601
3,1e-05,0.0001,1e-11,SCTAP2,-1724.8071428577543,-1724.8071429,True,0,3477,7.145117082865909
13,1e-05,1e-07,1e-13,SCTAP2,-inf,-1724.8071429,False,3,330,0.2389485421590507
15,1e-05,1e-08,1e-11,SCTAP2,-inf,-1724.8071429,False,3,321,0.24447137489914894
11,1e-05,1e-06,1e-15,SCTAP2,-inf,-1724.8071429,False,3,1500,2.7457897500135005
16,1e-05,1e-08,1e-13,SCTAP2,-inf,-1724.8071429,False,3,394,0.4072563748341054
5,1e-05,0.0001,1e-15,SCTAP2,-1724.8071428561036,-1724.8071429,True,0,3817,7.953072665957734
18,1e-05,1e-09,1e-11,SCTAP2,-inf,-1724.8071429,False,3,299,0.18883795896545053
20,1e-05,1e-09,1e-15,SCTAP2,-inf,-1724.8071429,False,3,129,0.04623541608452797
19,1e-05,1e-09,1e-13,SCTAP2,-inf,-1724.8071429,False,3,295,0.20989658311009407
21,1e-05,1e-10,1e-11,SCTAP2,-inf,-1724.8071429,False,3,163,0.040339875034987926
22,1e-05,1e-10,1e-13,SCTAP2,-inf,-1724.8071429,False,3,171,0.06129358406178653
23,1e-05,1e-10,1e-15,SCTAP2,-inf,-1724.8071429,False,3,129,0.041941791074350476
0,1e-05,0.001,1e-11,SCTAP2,-1724.8071428584449,-1724.8071429,True,0,4079,8.74330670805648
24,1e-06,0.001,1e-11,SCTAP2,-1724.8071428584449,-1724.8071429,True,0,4079,9.039264040999115
27,1e-06,0.0001,1e-11,SCTAP2,-1724.8071428577543,-1724.8071429,True,0,3477,7.5198910410981625
1,1e-05,0.001,1e-13,SCTAP2,-inf,-1724.8071429,False,1,10000,27.364144708029926
2,1e-05,0.001,1e-15,SCTAP2,-inf,-1724.8071429,False,1,10000,27.877631415845826
30,1e-06,1e-05,1e-11,SCTAP2,-inf,-1724.8071429,False,3,686,0.8852799579035491
4,1e-05,0.0001,1e-13,SCTAP2,-inf,-1724.8071429,False,1,10000,28.998501166934147
8,1e-05,1e-05,1e-15,SCTAP2,-inf,-1724.8071429,False,1,10000,28.103058874839917
31,1e-06,1e-05,1e-13,SCTAP2,-inf,-1724.8071429,False,3,1326,2.2838661670684814
33,1e-06,1e-06,1e-11,SCTAP2,-inf,-1724.8071429,False,3,1280,2.279564166907221
10,1e-05,1e-06,1e-13,SCTAP2,-inf,-1724.8071429,False,1,10000,29.991395625052974
36,1e-06,1e-07,1e-11,SCTAP2,-inf,-1724.8071429,False,3,316,0.18055075011216104
37,1e-06,1e-07,1e-13,SCTAP2,-inf,-1724.8071429,False,3,330,0.22173075005412102
35,1e-06,1e-06,1e-15,SCTAP2,-inf,-1724.8071429,False,3,1500,2.489241583039984
39,1e-06,1e-08,1e-11,SCTAP2,-inf,-1724.8071429,False,3,321,0.15727941691875458
40,1e-06,1e-08,1e-13,SCTAP2,-inf,-1724.8071429,False,3,394,0.3573481668718159
25,1e-06,0.001,1e-13,SCTAP2,-inf,-1724.8071429,False,1,10000,27.001072791870683
29,1e-06,0.0001,1e-15,SCTAP2,-1724.8071428561036,-1724.8071429,True,0,3817,8.15821508388035
43,1e-06,1e-09,1e-13,SCTAP2,-inf,-1724.8071429,False,3,295,0.10911320801824331
42,1e-06,1e-09,1e-11,SCTAP2,-inf,-1724.8071429,False,3,299,0.16900583286769688
44,1e-06,1e-09,1e-15,SCTAP2,-inf,-1724.8071429,False,3,129,0.029665583046153188
45,1e-06,1e-10,1e-11,SCTAP2,-inf,-1724.8071429,False,3,163,0.07444874988868833
46,1e-06,1e-10,1e-13,SCTAP2,-inf,-1724.8071429,False,3,171,0.04368483298458159
47,1e-06,1e-10,1e-15,SCTAP2,-inf,-1724.8071429,False,3,129,0.05856008385308087
14,1e-05,1e-07,1e-15,SCTAP2,-inf,-1724.8071429,False,1,10000,28.82683458388783
26,1e-06,0.001,1e-15,SCTAP2,-inf,-1724.8071429,False,1,10000,28.21252629207447
17,1e-05,1e-08,1e-15,SCTAP2,-inf,-1724.8071429,False,1,10000,29.630540292011574
51,1e-07,0.0001,1e-11,SCTAP2,-1724.8071428577543,-1724.8071429,True,0,3477,7.363391916966066
48,1e-07,0.001,1e-11,SCTAP2,-1724.8071428317355,-1724.8071429,True,0,4082,9.297482209047303
54,1e-07,1e-05,1e-11,SCTAP2,-inf,-1724.8071429,False,3,686,0.9663781661074609
55,1e-07,1e-05,1e-13,SCTAP2,-inf,-1724.8071429,False,3,1326,2.429257082985714
53,1e-07,0.0001,1e-15,SCTAP2,-1724.8071428359829,-1724.8071429,True,0,3821,8.27543545817025
28,1e-06,0.0001,1e-13,SCTAP2,-inf,-1724.8071429,False,1,10000,28.985310834133998
57,1e-07,1e-06,1e-11,SCTAP2,-inf,-1724.8071429,False,3,1280,2.63043574988842
32,1e-06,1e-05,1e-15,SCTAP2,-inf,-1724.8071429,False,1,10000,28.243138249963522
60,1e-07,1e-07,1e-11,SCTAP2,-inf,-1724.8071429,False,3,316,0.2085705001372844
61,1e-07,1e-07,1e-13,SCTAP2,-inf,-1724.8071429,False,3,330,0.24053075001575053
59,1e-07,1e-06,1e-15,SCTAP2,-inf,-1724.8071429,False,3,1500,2.6821734169498086
63,1e-07,1e-08,1e-11,SCTAP2,-inf,-1724.8071429,False,3,321,0.24018729105591774
64,1e-07,1e-08,1e-13,SCTAP2,-inf,-1724.8071429,False,3,394,0.40531970793381333
34,1e-06,1e-06,1e-13,SCTAP2,-inf,-1724.8071429,False,1,10000,29.822848707903177
66,1e-07,1e-09,1e-11,SCTAP2,-inf,-1724.8071429,False,3,299,0.22621883288957179
67,1e-07,1e-09,1e-13,SCTAP2,-inf,-1724.8071429,False,3,295,0.21792800002731383
68,1e-07,1e-09,1e-15,SCTAP2,-inf,-1724.8071429,False,3,129,0.030573833035305142
69,1e-07,1e-10,1e-11,SCTAP2,-inf,-1724.8071429,False,3,163,0.08250895910896361
70,1e-07,1e-10,1e-13,SCTAP2,-inf,-1724.8071429,False,3,171,0.07282641693018377
71,1e-07,1e-10,1e-15,SCTAP2,-inf,-1724.8071429,False,3,129,0.040744208032265306
0,1e-05,0.001,1e-11,SCFXM2,-36660.261565003115,-36660.261565,True,0,1613,0.5136099169030786
1,1e-05,0.001,1e-13,SCFXM2,-36660.261565000874,-36660.261565,True,0,1721,0.4173905421048403
38,1e-06,1e-07,1e-15,SCTAP2,-inf,-1724.8071429,False,1,10000,28.90212250011973
2,1e-05,0.001,1e-15,SCFXM2,-36660.26156499781,-36660.261565,True,0,1561,0.3644166251178831
3,1e-05,0.0001,1e-11,SCFXM2,-36660.26156500209,-36660.261565,True,0,1628,0.6084872088395059
49,1e-07,0.001,1e-13,SCTAP2,-inf,-1724.8071429,False,1,10000,27.501080624992028
4,1e-05,0.0001,1e-13,SCFXM2,-36660.261564997534,-36660.261565,True,0,1595,0.5128828750457615
5,1e-05,0.0001,1e-15,SCFXM2,-36660.26156499812,-36660.261565,True,0,1542,0.45818300009705126
6,1e-05,1e-05,1e-11,SCFXM2,-36660.26156500209,-36660.261565,True,0,1628,0.5790896250400692
7,1e-05,1e-05,1e-13,SCFXM2,-36660.261564997534,-36660.261565,True,0,1595,0.4757661670446396
41,1e-06,1e-08,1e-15,SCTAP2,-inf,-1724.8071429,False,1,10000,29.416256416821852
8,1e-05,1e-05,1e-15,SCFXM2,-36660.261564998276,-36660.261565,True,0,1554,0.44746804097667336
50,1e-07,0.001,1e-15,SCTAP2,-inf,-1724.8071429,False,1,10000,28.58273879205808
10,1e-05,1e-06,1e-13,SCFXM2,-36660.261564997534,-36660.261565,True,0,1595,0.564285249914974
9,1e-05,1e-06,1e-11,SCFXM2,-36660.26156500209,-36660.261565,True,0,1628,0.6938976671081036
11,1e-05,1e-06,1e-15,SCFXM2,-36660.261564998276,-36660.261565,True,0,1554,0.4987820831593126
12,1e-05,1e-07,1e-11,SCFXM2,-36660.26156500209,-36660.261565,True,0,1628,0.5504685409832746
13,1e-05,1e-07,1e-13,SCFXM2,-36660.261564997534,-36660.261565,True,0,1595,0.4631623749155551
14,1e-05,1e-07,1e-15,SCFXM2,-36660.261564998276,-36660.261565,True,0,1554,0.4508218748960644
15,1e-05,1e-08,1e-11,SCFXM2,-36660.26156500209,-36660.261565,True,0,1628,0.5265587498433888
17,1e-05,1e-08,1e-15,SCFXM2,-36660.26156499945,-36660.261565,True,0,1559,0.4414881670381874
16,1e-05,1e-08,1e-13,SCFXM2,-36658.66650838561,-36660.261565,True,0,1690,0.5970467498991638
21,1e-05,1e-10,1e-11,SCFXM2,-inf,-36660.261565,False,3,544,0.029791874811053276
19,1e-05,1e-09,1e-13,SCFXM2,-36660.26156499842,-36660.261565,True,0,1663,0.43762779189273715
20,1e-05,1e-09,1e-15,SCFXM2,-36660.26156499773,-36660.261565,True,0,1596,0.36423258297145367
18,1e-05,1e-09,1e-11,SCFXM2,-36660.26156500209,-36660.261565,True,0,1628,0.5002169171348214
23,1e-05,1e-10,1e-15,SCFXM2,-36937.47215647803,-36660.261565,True,0,1600,0.415166666964069
22,1e-05,1e-10,1e-13,SCFXM2,-36631.03738122762,-36660.261565,True,0,1598,0.49372912500984967
26,1e-06,0.001,1e-15,SCFXM2,-36660.26156499781,-36660.261565,True,0,1561,0.3142730409745127
24,1e-06,0.001,1e-11,SCFXM2,-36660.261565003115,-36660.261565,True,0,1613,0.43140962487086654
25,1e-06,0.001,1e-13,SCFXM2,-36660.261565000874,-36660.261565,True,0,1721,0.4352112920023501
28,1e-06,0.0001,1e-13,SCFXM2,-36660.261564997534,-36660.261565,True,0,1595,0.4094445831142366
27,1e-06,0.0001,1e-11,SCFXM2,-36660.26156500209,-36660.261565,True,0,1628,0.48647758294828236
29,1e-06,0.0001,1e-15,SCFXM2,-36660.26156499812,-36660.261565,True,0,1542,0.3318137500900775
31,1e-06,1e-05,1e-13,SCFXM2,-36660.261564997534,-36660.261565,True,0,1595,0.3530888329260051
30,1e-06,1e-05,1e-11,SCFXM2,-36660.26156500209,-36660.261565,True,0,1628,0.530316790798679
32,1e-06,1e-05,1e-15,SCFXM2,-36660.261564998276,-36660.261565,True,0,1554,0.3495692501310259
34,1e-06,1e-06,1e-13,SCFXM2,-36660.261564997534,-36660.261565,True,0,1595,0.37306920788250864
35,1e-06,1e-06,1e-15,SCFXM2,-36660.261564998276,-36660.261565,True,0,1554,0.32938129105605185
33,1e-06,1e-06,1e-11,SCFXM2,-36660.26156500209,-36660.261565,True,0,1628,0.4755656661000103
52,1e-07,0.0001,1e-13,SCTAP2,-inf,-1724.8071429,False,1,10000,29.287469249917194
37,1e-06,1e-07,1e-13,SCFXM2,-36660.261564997534,-36660.261565,True,0,1595,0.3375854578334838
36,1e-06,1e-07,1e-11,SCFXM2,-36660.26156500209,-36660.261565,True,0,1628,0.4359117920976132
38,1e-06,1e-07,1e-15,SCFXM2,-36660.261564998276,-36660.261565,True,0,1554,0.3154172080103308
41,1e-06,1e-08,1e-15,SCFXM2,-36660.26156499945,-36660.261565,True,0,1559,0.2176830000244081
45,1e-06,1e-10,1e-11,SCFXM2,-inf,-36660.261565,False,3,544,0.021808958845213056
40,1e-06,1e-08,1e-13,SCFXM2,-36658.66650838561,-36660.261565,True,0,1690,0.4574727499857545
39,1e-06,1e-08,1e-11,SCFXM2,-36660.26156500209,-36660.261565,True,0,1628,0.4809657500591129
44,1e-06,1e-09,1e-15,SCFXM2,-36660.26156499773,-36660.261565,True,0,1596,0.32210020907223225
43,1e-06,1e-09,1e-13,SCFXM2,-36660.26156499842,-36660.261565,True,0,1663,0.33699241699650884
42,1e-06,1e-09,1e-11,SCFXM2,-36660.26156500209,-36660.261565,True,0,1628,0.37045775004662573
46,1e-06,1e-10,1e-13,SCFXM2,-36631.03738122762,-36660.261565,True,0,1598,0.301994499983266
48,1e-07,0.001,1e-11,SCFXM2,-36660.261565003115,-36660.261565,True,0,1613,0.4062002911232412
47,1e-06,1e-10,1e-15,SCFXM2,-36937.47215647803,-36660.261565,True,0,1600,0.45732900011353195
50,1e-07,0.001,1e-15,SCFXM2,-36660.26156499781,-36660.261565,True,0,1561,0.42247812496498227
49,1e-07,0.001,1e-13,SCFXM2,-36660.261565000874,-36660.261565,True,0,1721,0.4353270421270281
51,1e-07,0.0001,1e-11,SCFXM2,-36660.26156500209,-36660.261565,True,0,1628,0.4389584579039365
52,1e-07,0.0001,1e-13,SCFXM2,-36660.261564997534,-36660.261565,True,0,1595,0.44600779097527266
53,1e-07,0.0001,1e-15,SCFXM2,-36660.26156499812,-36660.261565,True,0,1542,0.36476362496614456
55,1e-07,1e-05,1e-13,SCFXM2,-36660.261564997534,-36660.261565,True,0,1595,0.317917917156592
56,1e-07,1e-05,1e-15,SCFXM2,-36660.261564998276,-36660.261565,True,0,1554,0.3626867919228971
54,1e-07,1e-05,1e-11,SCFXM2,-36660.26156500209,-36660.261565,True,0,1628,0.5241887499578297
58,1e-07,1e-06,1e-13,SCFXM2,-36660.261564997534,-36660.261565,True,0,1595,0.40436233300715685
59,1e-07,1e-06,1e-15,SCFXM2,-36660.261564998276,-36660.261565,True,0,1554,0.2780458328779787
57,1e-07,1e-06,1e-11,SCFXM2,-36660.26156500209,-36660.261565,True,0,1628,0.5366205829195678
61,1e-07,1e-07,1e-13,SCFXM2,-36660.261564997534,-36660.261565,True,0,1595,0.28658766695298254
60,1e-07,1e-07,1e-11,SCFXM2,-36660.26156500209,-36660.261565,True,0,1628,0.48940420779399574
62,1e-07,1e-07,1e-15,SCFXM2,-36660.261564998276,-36660.261565,True,0,1554,0.3779308330267668
65,1e-07,1e-08,1e-15,SCFXM2,-36660.26156499945,-36660.261565,True,0,1559,0.375632792012766
64,1e-07,1e-08,1e-13,SCFXM2,-36658.66650838561,-36660.261565,True,0,1690,0.39826362510211766
69,1e-07,1e-10,1e-11,SCFXM2,-inf,-36660.261565,False,3,544,0.030113874934613705
63,1e-07,1e-08,1e-11,SCFXM2,-36660.26156500209,-36660.261565,True,0,1628,0.5036022500135005
66,1e-07,1e-09,1e-11,SCFXM2,-36660.26156500209,-36660.261565,True,0,1628,0.42286870907992125
68,1e-07,1e-09,1e-15,SCFXM2,-36660.26156499773,-36660.261565,True,0,1596,0.37996116699650884
67,1e-07,1e-09,1e-13,SCFXM2,-36660.26156499842,-36660.261565,True,0,1663,0.4205775000154972
0,1e-05,0.001,1e-11,FFFFF800,-inf,-555679.61165,False,2,1477,0.19212024984881282
1,1e-05,0.001,1e-13,FFFFF800,-inf,-555679.61165,False,2,1415,0.17301416606642306
71,1e-07,1e-10,1e-15,SCFXM2,-36937.47215647803,-36660.261565,True,0,1600,0.3130459999665618
70,1e-07,1e-10,1e-13,SCFXM2,-36631.03738122762,-36660.261565,True,0,1598,0.3545514999423176
2,1e-05,0.001,1e-15,FFFFF800,-inf,-555679.61165,False,2,1440,0.13582466612569988
3,1e-05,0.0001,1e-11,FFFFF800,-inf,-555679.61165,False,2,1462,0.17303929198533297
4,1e-05,0.0001,1e-13,FFFFF800,-inf,-555679.61165,False,2,1462,0.1813330831937492
5,1e-05,0.0001,1e-15,FFFFF800,-inf,-555679.61165,False,2,1449,0.14787520794197917
7,1e-05,1e-05,1e-13,FFFFF800,-inf,-555679.61165,False,2,1466,0.18756900005973876
8,1e-05,1e-05,1e-15,FFFFF800,-inf,-555679.61165,False,2,1449,0.15885687503032386
6,1e-05,1e-05,1e-11,FFFFF800,-inf,-555679.61165,False,2,1461,0.2255579170305282
11,1e-05,1e-06,1e-15,FFFFF800,-inf,-555679.61165,False,2,1449,0.13335433299653232
10,1e-05,1e-06,1e-13,FFFFF800,-inf,-555679.61165,False,2,1466,0.1567367920652032
9,1e-05,1e-06,1e-11,FFFFF800,-inf,-555679.61165,False,2,1461,0.17552387504838407
15,1e-05,1e-08,1e-11,FFFFF800,-inf,-555679.61165,False,3,285,0.014698042068630457
18,1e-05,1e-09,1e-11,FFFFF800,-inf,-555679.61165,False,3,285,0.01977829192765057
14,1e-05,1e-07,1e-15,FFFFF800,-inf,-555679.61165,False,2,1426,0.145789209054783
17,1e-05,1e-08,1e-15,FFFFF800,-inf,-555679.61165,False,3,714,0.07132212514989078
13,1e-05,1e-07,1e-13,FFFFF800,-inf,-555679.61165,False,2,1447,0.1649033750873059
21,1e-05,1e-10,1e-11,FFFFF800,-inf,-555679.61165,False,3,283,0.012729832902550697
12,1e-05,1e-07,1e-11,FFFFF800,-inf,-555679.61165,False,2,1454,0.2069107498973608
20,1e-05,1e-09,1e-15,FFFFF800,-inf,-555679.61165,False,3,714,0.07280979212373495
22,1e-05,1e-10,1e-13,FFFFF800,-inf,-555679.61165,False,3,872,0.10408529103733599
23,1e-05,1e-10,1e-15,FFFFF800,-inf,-555679.61165,False,3,895,0.10884329187683761
16,1e-05,1e-08,1e-13,FFFFF800,-555679.5863305634,-555679.61165,True,0,1770,0.2835944159887731
19,1e-05,1e-09,1e-13,FFFFF800,-555679.5863305634,-555679.61165,True,0,1770,0.26376637490466237
24,1e-06,0.001,1e-11,FFFFF800,-555679.5648175098,-555679.61165,True,0,1799,0.2375805419869721
25,1e-06,0.001,1e-13,FFFFF800,-555676.1445618093,-555679.61165,True,0,1689,0.22261412511579692
27,1e-06,0.0001,1e-11,FFFFF800,-555676.1445618088,-555679.61165,True,0,1719,0.20742483297362924
26,1e-06,0.001,1e-15,FFFFF800,-555676.1445618109,-555679.61165,True,0,1751,0.2412541250232607
28,1e-06,0.0001,1e-13,FFFFF800,-555679.5648175064,-555679.61165,True,0,1782,0.2399844159372151
29,1e-06,0.0001,1e-15,FFFFF800,-555679.56481751,-555679.61165,True,0,1743,0.23613670794293284
30,1e-06,1e-05,1e-11,FFFFF800,-555679.5648175079,-555679.61165,True,0,1727,0.2330420829821378
31,1e-06,1e-05,1e-13,FFFFF800,-555679.5648175065,-555679.61165,True,0,1794,0.24819766683503985
33,1e-06,1e-06,1e-11,FFFFF800,-555679.5648175078,-555679.61165,True,0,1727,0.21856629103422165
32,1e-06,1e-05,1e-15,FFFFF800,-555679.5648175101,-555679.61165,True,0,1746,0.265947749838233
39,1e-06,1e-08,1e-11,FFFFF800,-inf,-555679.61165,False,3,285,0.019755916902795434
35,1e-06,1e-06,1e-15,FFFFF800,-555679.5648175101,-555679.61165,True,0,1746,0.2351744999177754
34,1e-06,1e-06,1e-13,FFFFF800,-555679.5648175066,-555679.61165,True,0,1797,0.24850912508554757
42,1e-06,1e-09,1e-11,FFFFF800,-inf,-555679.61165,False,3,285,0.012999000027775764
36,1e-06,1e-07,1e-11,FFFFF800,-inf,-555679.61165,False,2,1464,0.21685020811855793
38,1e-06,1e-07,1e-15,FFFFF800,-inf,-555679.61165,False,2,1457,0.18171062506735325
37,1e-06,1e-07,1e-13,FFFFF800,-inf,-555679.61165,False,2,1450,0.21267383312806487
41,1e-06,1e-08,1e-15,FFFFF800,-inf,-555679.61165,False,3,714,0.07796037499792874
45,1e-06,1e-10,1e-11,FFFFF800,-inf,-555679.61165,False,3,283,0.012692957883700728
44,1e-06,1e-09,1e-15,FFFFF800,-inf,-555679.61165,False,3,714,0.06336854188703
47,1e-06,1e-10,1e-15,FFFFF800,-inf,-555679.61165,False,3,895,0.06909787515178323
46,1e-06,1e-10,1e-13,FFFFF800,-inf,-555679.61165,False,3,872,0.12402195809409022
40,1e-06,1e-08,1e-13,FFFFF800,-555679.5733120922,-555679.61165,True,0,2036,0.30765024991706014
49,1e-07,0.001,1e-13,FFFFF800,-555676.1445618093,-555679.61165,True,0,1689,0.21269700000993907
48,1e-07,0.001,1e-11,FFFFF800,-555679.5648175098,-555679.61165,True,0,1799,0.23192425002343953
43,1e-06,1e-09,1e-13,FFFFF800,-555679.5733120922,-555679.61165,True,0,2036,0.33915437501855195
50,1e-07,0.001,1e-15,FFFFF800,-555676.1445618109,-555679.61165,True,0,1751,0.2123722091782838
51,1e-07,0.0001,1e-11,FFFFF800,-555676.1445618088,-555679.61165,True,0,1719,0.2092262499500066
52,1e-07,0.0001,1e-13,FFFFF800,-555679.5648175064,-555679.61165,True,0,1782,0.26525570801459253
53,1e-07,0.0001,1e-15,FFFFF800,-555679.56481751,-555679.61165,True,0,1743,0.2296710000373423
56,1e-07,1e-05,1e-15,FFFFF800,-555679.5648175101,-555679.61165,True,0,1746,0.20845758402720094
55,1e-07,1e-05,1e-13,FFFFF800,-555679.5648175065,-555679.61165,True,0,1794,0.24020083295181394
54,1e-07,1e-05,1e-11,FFFFF800,-555679.5648175079,-555679.61165,True,0,1727,0.2804277909453958
57,1e-07,1e-06,1e-11,FFFFF800,-555679.5648175078,-555679.61165,True,0,1727,0.2482205000706017
63,1e-07,1e-08,1e-11,FFFFF800,-inf,-555679.61165,False,3,285,0.013149625156074762
61,1e-07,1e-07,1e-13,FFFFF800,-inf,-555679.61165,False,2,1450,0.1540980830322951
58,1e-07,1e-06,1e-13,FFFFF800,-555679.5648175066,-555679.61165,True,0,1797,0.2492812080308795
62,1e-07,1e-07,1e-15,FFFFF800,-inf,-555679.61165,False,2,1457,0.15008916705846786
66,1e-07,1e-09,1e-11,FFFFF800,-inf,-555679.61165,False,3,285,0.016782332910224795
59,1e-07,1e-06,1e-15,FFFFF800,-555679.5648175101,-555679.61165,True,0,1746,0.24419333320111036
60,1e-07,1e-07,1e-11,FFFFF800,-inf,-555679.61165,False,2,1464,0.21035733283497393
69,1e-07,1e-10,1e-11,FFFFF800,-inf,-555679.61165,False,3,283,0.014794500079005957
65,1e-07,1e-08,1e-15,FFFFF800,-inf,-555679.61165,False,3,714,0.08004850009456277
68,1e-07,1e-09,1e-15,FFFFF800,-inf,-555679.61165,False,3,714,0.08642670814879239
71,1e-07,1e-10,1e-15,FFFFF800,-inf,-555679.61165,False,3,895,0.10240674996748567
70,1e-07,1e-10,1e-13,FFFFF800,-inf,-555679.61165,False,3,872,0.12090979213826358
64,1e-07,1e-08,1e-13,FFFFF800,-555679.5733120922,-555679.61165,True,0,2036,0.3074642091523856
67,1e-07,1e-09,1e-13,FFFFF800,-555679.5733120922,-555679.61165,True,0,2036,0.32712387503124774
56,1e-07,1e-05,1e-15,SCTAP2,-inf,-1724.8071429,False,1,10000,26.13509291689843
58,1e-07,1e-06,1e-13,SCTAP2,-inf,-1724.8071429,False,1,10000,27.47370454086922
62,1e-07,1e-07,1e-15,SCTAP2,-inf,-1724.8071429,False,1,10000,26.51840216713026
65,1e-07,1e-08,1e-15,SCTAP2,-inf,-1724.8071429,False,1,10000,27.054998792009428
3,1e-05,0.0001,1e-11,QAP8,-inf,-203.5,False,1,10000,18.19295816682279
1,1e-05,0.001,1e-13,QAP8,-inf,-203.5,False,1,10000,18.27987700002268
0,1e-05,0.001,1e-11,QAP8,-inf,-203.5,False,1,10000,18.32744379201904
2,1e-05,0.001,1e-15,QAP8,-inf,-203.5,False,1,10000,18.293415791820735
4,1e-05,0.0001,1e-13,QAP8,-inf,-203.5,False,1,10000,18.379900333005935
5,1e-05,0.0001,1e-15,QAP8,-inf,-203.5,False,1,10000,18.293980249902233
6,1e-05,1e-05,1e-11,QAP8,-inf,-203.5,False,1,10000,18.36784787499346
15,1e-05,1e-08,1e-11,QAP8,-inf,-203.5,False,3,2919,4.801852667005733
7,1e-05,1e-05,1e-13,QAP8,-inf,-203.5,False,1,10000,18.16018333286047
8,1e-05,1e-05,1e-15,QAP8,-inf,-203.5,False,1,10000,18.09186308295466
18,1e-05,1e-09,1e-11,QAP8,-inf,-203.5,False,3,1895,3.0302454999182373
9,1e-05,1e-06,1e-11,QAP8,-inf,-203.5,False,1,10000,18.094134291866794
21,1e-05,1e-10,1e-11,QAP8,-inf,-203.5,False,3,1767,2.720169333042577
12,1e-05,1e-07,1e-11,QAP8,-inf,-203.5,False,1,10000,17.909040792146698
10,1e-05,1e-06,1e-13,QAP8,-inf,-203.5,False,1,10000,17.985842917114496
11,1e-05,1e-06,1e-15,QAP8,-inf,-203.5,False,1,10000,18.03823966695927
13,1e-05,1e-07,1e-13,QAP8,-inf,-203.5,False,1,10000,18.127910334151238
14,1e-05,1e-07,1e-15,QAP8,-inf,-203.5,False,1,10000,18.261444041039795
23,1e-05,1e-10,1e-15,QAP8,-inf,-203.5,False,3,871,0.9641349168960005
22,1e-05,1e-10,1e-13,QAP8,-inf,-203.5,False,3,1473,2.0533262910321355
16,1e-05,1e-08,1e-13,QAP8,-inf,-203.5,False,1,10000,19.352750916033983
17,1e-05,1e-08,1e-15,QAP8,-inf,-203.5,False,1,10000,18.10331283393316
19,1e-05,1e-09,1e-13,QAP8,-inf,-203.5,False,1,10000,19.5259265829809
20,1e-05,1e-09,1e-15,QAP8,-inf,-203.5,False,1,10000,19.4622475001961
24,1e-06,0.001,1e-11,QAP8,-inf,-203.5,False,1,10000,18.22804074990563
25,1e-06,0.001,1e-13,QAP8,-inf,-203.5,False,1,10000,18.17740691709332
26,1e-06,0.001,1e-15,QAP8,-inf,-203.5,False,1,10000,18.17829554202035
27,1e-06,0.0001,1e-11,QAP8,-inf,-203.5,False,1,10000,18.267298999940977
28,1e-06,0.0001,1e-13,QAP8,-inf,-203.5,False,1,10000,18.055579208070412
29,1e-06,0.0001,1e-15,QAP8,-inf,-203.5,False,1,10000,18.225865999935195
31,1e-06,1e-05,1e-13,QAP8,-inf,-203.5,False,1,10000,18.133909416850656
30,1e-06,1e-05,1e-11,QAP8,-inf,-203.5,False,1,10000,18.259700458031148
39,1e-06,1e-08,1e-11,QAP8,-inf,-203.5,False,3,2919,4.953725083032623
42,1e-06,1e-09,1e-11,QAP8,-inf,-203.5,False,3,1895,2.9750692499801517
32,1e-06,1e-05,1e-15,QAP8,-inf,-203.5,False,1,10000,18.31054774997756
33,1e-06,1e-06,1e-11,QAP8,-inf,-203.5,False,1,10000,18.38760562497191
45,1e-06,1e-10,1e-11,QAP8,-inf,-203.5,False,3,1767,2.7188319170381874
34,1e-06,1e-06,1e-13,QAP8,-inf,-203.5,False,1,10000,18.209365458926186
35,1e-06,1e-06,1e-15,QAP8,-inf,-203.5,False,1,10000,18.438187667168677
36,1e-06,1e-07,1e-11,QAP8,-inf,-203.5,False,1,10000,18.565135333919898
37,1e-06,1e-07,1e-13,QAP8,-inf,-203.5,False,1,10000,18.26343687484041
47,1e-06,1e-10,1e-15,QAP8,-inf,-203.5,False,3,871,0.9484403328970075
38,1e-06,1e-07,1e-15,QAP8,-inf,-203.5,False,1,10000,18.47811216698028
46,1e-06,1e-10,1e-13,QAP8,-inf,-203.5,False,3,1473,2.0799569580703974
41,1e-06,1e-08,1e-15,QAP8,-inf,-203.5,False,1,10000,18.419991333037615
40,1e-06,1e-08,1e-13,QAP8,-inf,-203.5,False,1,10000,19.63112737517804
43,1e-06,1e-09,1e-13,QAP8,-inf,-203.5,False,1,10000,19.691418500151485
44,1e-06,1e-09,1e-15,QAP8,-inf,-203.5,False,1,10000,20.16274833283387
48,1e-07,0.001,1e-11,QAP8,-inf,-203.5,False,1,10000,18.428455790970474
49,1e-07,0.001,1e-13,QAP8,-inf,-203.5,False,1,10000,18.638850750168785
50,1e-07,0.001,1e-15,QAP8,-inf,-203.5,False,1,10000,18.63554862490855
52,1e-07,0.0001,1e-13,QAP8,-inf,-203.5,False,1,10000,18.430307124974206
51,1e-07,0.0001,1e-11,QAP8,-inf,-203.5,False,1,10000,18.589044250082225
53,1e-07,0.0001,1e-15,QAP8,-inf,-203.5,False,1,10000,18.48132420796901
54,1e-07,1e-05,1e-11,QAP8,-inf,-203.5,False,1,10000,18.47915858309716
63,1e-07,1e-08,1e-11,QAP8,-inf,-203.5,False,3,2919,4.8813548751641065
55,1e-07,1e-05,1e-13,QAP8,-inf,-203.5,False,1,10000,18.592093833023682
66,1e-07,1e-09,1e-11,QAP8,-inf,-203.5,False,3,1895,3.0861732501070946
56,1e-07,1e-05,1e-15,QAP8,-inf,-203.5,False,1,10000,18.661432209191844
57,1e-07,1e-06,1e-11,QAP8,-inf,-203.5,False,1,10000,18.284343166975304
58,1e-07,1e-06,1e-13,QAP8,-inf,-203.5,False,1,10000,18.50349249993451
69,1e-07,1e-10,1e-11,QAP8,-inf,-203.5,False,3,1767,2.6918811660725623
59,1e-07,1e-06,1e-15,QAP8,-inf,-203.5,False,1,10000,18.633332000114024
60,1e-07,1e-07,1e-11,QAP8,-inf,-203.5,False,1,10000,18.603703917004168
61,1e-07,1e-07,1e-13,QAP8,-inf,-203.5,False,1,10000,18.430675375042483
62,1e-07,1e-07,1e-15,QAP8,-inf,-203.5,False,1,10000,18.50918133300729
71,1e-07,1e-10,1e-15,QAP8,-inf,-203.5,False,3,871,0.9016661250498146
70,1e-07,1e-10,1e-13,QAP8,-inf,-203.5,False,3,1473,2.01355258282274
2,1e-05,0.001,1e-15,BNL1,-1977.629135837837,-1977.6292856,True,0,4525,2.5940111251547933
1,1e-05,0.001,1e-13,BNL1,-1977.6293961578797,-1977.6292856,True,0,4594,2.8045428751502186
0,1e-05,0.001,1e-11,BNL1,-1977.6295615232061,-1977.6292856,True,0,4725,3.131178791169077
3,1e-05,0.0001,1e-11,BNL1,-1977.6295615230067,-1977.6292856,True,0,4616,3.05088054202497
4,1e-05,0.0001,1e-13,BNL1,-1977.6295615260378,-1977.6292856,True,0,4315,2.734760500025004
5,1e-05,0.0001,1e-15,BNL1,-1977.6295615224599,-1977.6292856,True,0,4683,3.0058443339075893
6,1e-05,1e-05,1e-11,BNL1,-1977.6295615231422,-1977.6292856,True,0,4356,2.6641921249683946
65,1e-07,1e-08,1e-15,QAP8,-inf,-203.5,False,1,10000,18.255420957924798
64,1e-07,1e-08,1e-13,QAP8,-inf,-203.5,False,1,10000,19.498974167043343
7,1e-05,1e-05,1e-13,BNL1,-1977.6295615227593,-1977.6292856,True,0,4467,2.811358042061329
8,1e-05,1e-05,1e-15,BNL1,-1977.629561522581,-1977.6292856,True,0,4341,2.6209777910262346
9,1e-05,1e-06,1e-11,BNL1,-1977.6295615231422,-1977.6292856,True,0,4356,2.668882208876312
10,1e-05,1e-06,1e-13,BNL1,-1977.6295615227593,-1977.6292856,True,0,4467,3.0072338331956416
15,1e-05,1e-08,1e-11,BNL1,-inf,-1977.6292856,False,3,2551,1.1249512920621783
11,1e-05,1e-06,1e-15,BNL1,-1977.6295615228416,-1977.6292856,True,0,4340,2.4942647079005837
18,1e-05,1e-09,1e-11,BNL1,-inf,-1977.6292856,False,3,2454,0.818324541207403
19,1e-05,1e-09,1e-13,BNL1,-inf,-1977.6292856,False,3,1936,0.7799100000411272
21,1e-05,1e-10,1e-11,BNL1,-inf,-1977.6292856,False,3,1038,0.22350899991579354
12,1e-05,1e-07,1e-11,BNL1,-1977.6295615231422,-1977.6292856,True,0,4356,2.6510624589864165
22,1e-05,1e-10,1e-13,BNL1,-inf,-1977.6292856,False,3,1770,0.6150878330226988
14,1e-05,1e-07,1e-15,BNL1,-1977.6295615222102,-1977.6292856,True,0,4336,2.710443832911551
13,1e-05,1e-07,1e-13,BNL1,-1977.6295615227593,-1977.6292856,True,0,4467,2.730548334075138
20,1e-05,1e-09,1e-15,BNL1,-inf,-1977.6292856,False,3,3864,2.1017837079707533
16,1e-05,1e-08,1e-13,BNL1,-inf,-1977.6292856,False,3,4823,3.3191802089568228
67,1e-07,1e-09,1e-13,QAP8,-inf,-203.5,False,1,10000,19.381155374925584
23,1e-05,1e-10,1e-15,BNL1,-inf,-1977.6292856,False,3,3730,2.152216291986406
68,1e-07,1e-09,1e-15,QAP8,-inf,-203.5,False,1,10000,19.485996624920517
26,1e-06,0.001,1e-15,BNL1,-1977.629135837837,-1977.6292856,True,0,4525,2.9148809160105884
24,1e-06,0.001,1e-11,BNL1,-1977.6295615232061,-1977.6292856,True,0,4725,3.1217447500675917
25,1e-06,0.001,1e-13,BNL1,-1977.6293961578797,-1977.6292856,True,0,4594,3.0037833750247955
27,1e-06,0.0001,1e-11,BNL1,-1977.6295615230067,-1977.6292856,True,0,4616,3.010005166986957
28,1e-06,0.0001,1e-13,BNL1,-1977.6295615260378,-1977.6292856,True,0,4315,2.704249667003751
29,1e-06,0.0001,1e-15,BNL1,-1977.6295615224599,-1977.6292856,True,0,4683,3.050629833014682
30,1e-06,1e-05,1e-11,BNL1,-1977.6295615231422,-1977.6292856,True,0,4356,2.802728250157088
31,1e-06,1e-05,1e-13,BNL1,-1977.6295615227593,-1977.6292856,True,0,4467,2.8521212090272456
39,1e-06,1e-08,1e-11,BNL1,-inf,-1977.6292856,False,3,2551,1.0671903328038752
32,1e-06,1e-05,1e-15,BNL1,-1977.629561522581,-1977.6292856,True,0,4341,2.6323410000186414
33,1e-06,1e-06,1e-11,BNL1,-1977.6295615231422,-1977.6292856,True,0,4356,2.868676875019446
36,1e-06,1e-07,1e-11,BNL1,-1977.6295615231422,-1977.6292856,True,0,4356,2.8459670001175255
35,1e-06,1e-06,1e-15,BNL1,-1977.6295615228416,-1977.6292856,True,0,4340,2.943427124992013
34,1e-06,1e-06,1e-13,BNL1,-1977.6295615227593,-1977.6292856,True,0,4467,3.00820375001058
45,1e-06,1e-10,1e-11,BNL1,-inf,-1977.6292856,False,3,1038,0.21796225011348724
17,1e-05,1e-08,1e-15,BNL1,-inf,-1977.6292856,False,1,10000,8.536264166934416
37,1e-06,1e-07,1e-13,BNL1,-1977.6295615227593,-1977.6292856,True,0,4467,2.79826687509194
42,1e-06,1e-09,1e-11,BNL1,-inf,-1977.6292856,False,3,2454,0.892738499911502
46,1e-06,1e-10,1e-13,BNL1,-inf,-1977.6292856,False,3,1770,0.6084062908776104
38,1e-06,1e-07,1e-15,BNL1,-1977.6295615222102,-1977.6292856,True,0,4336,2.669261540984735
43,1e-06,1e-09,1e-13,BNL1,-inf,-1977.6292856,False,3,1936,0.7909967501182109
40,1e-06,1e-08,1e-13,BNL1,-inf,-1977.6292856,False,3,4823,2.8656051659490913
44,1e-06,1e-09,1e-15,BNL1,-inf,-1977.6292856,False,3,3864,2.365385208046064
47,1e-06,1e-10,1e-15,BNL1,-inf,-1977.6292856,False,3,3730,2.2189747081138194
49,1e-07,0.001,1e-13,BNL1,-1977.6293961578797,-1977.6292856,True,0,4594,2.9884042921476066
52,1e-07,0.0001,1e-13,BNL1,-1977.6295615260378,-1977.6292856,True,0,4315,2.7858884998131543
50,1e-07,0.001,1e-15,BNL1,-1977.629135837837,-1977.6292856,True,0,4525,2.9462520419619977
48,1e-07,0.001,1e-11,BNL1,-1977.6295615232061,-1977.6292856,True,0,4725,3.268357749795541
53,1e-07,0.0001,1e-15,BNL1,-1977.6295615224599,-1977.6292856,True,0,4683,3.0710154159460217
51,1e-07,0.0001,1e-11,BNL1,-1977.6295615230067,-1977.6292856,True,0,4616,3.1620275829918683
54,1e-07,1e-05,1e-11,BNL1,-1977.6295615231422,-1977.6292856,True,0,4356,2.907111250096932
55,1e-07,1e-05,1e-13,BNL1,-1977.6295615227593,-1977.6292856,True,0,4467,2.6577825830318034
56,1e-07,1e-05,1e-15,BNL1,-1977.629561522581,-1977.6292856,True,0,4341,2.8206825831439346
63,1e-07,1e-08,1e-11,BNL1,-inf,-1977.6292856,False,3,2551,1.2056279580574483
57,1e-07,1e-06,1e-11,BNL1,-1977.6295615231422,-1977.6292856,True,0,4356,2.822066916152835
59,1e-07,1e-06,1e-15,BNL1,-1977.6295615228416,-1977.6292856,True,0,4340,2.770859709009528
60,1e-07,1e-07,1e-11,BNL1,-1977.6295615231422,-1977.6292856,True,0,4356,2.7123529580421746
62,1e-07,1e-07,1e-15,BNL1,-1977.6295615222102,-1977.6292856,True,0,4336,2.5458464578259736
58,1e-07,1e-06,1e-13,BNL1,-1977.6295615227593,-1977.6292856,True,0,4467,3.0116515420377254
61,1e-07,1e-07,1e-13,BNL1,-1977.6295615227593,-1977.6292856,True,0,4467,2.779673208016902
69,1e-07,1e-10,1e-11,BNL1,-inf,-1977.6292856,False,3,1038,0.17570395790971816
66,1e-07,1e-09,1e-11,BNL1,-inf,-1977.6292856,False,3,2454,1.0348125000018626
1,1e-05,0.001,1e-13,SCRS8,-904.2969538007693,-904.29998619,True,0,1532,0.14669991703704
2,1e-05,0.001,1e-15,SCRS8,-904.2969538005125,-904.29998619,True,0,1572,0.17425237502902746
0,1e-05,0.001,1e-11,SCRS8,-904.296953800874,-904.29998619,True,0,1517,0.20700599998235703
4,1e-05,0.0001,1e-13,SCRS8,-904.2969538007692,-904.29998619,True,0,1454,0.14406037493608892
5,1e-05,0.0001,1e-15,SCRS8,-904.2969538002753,-904.29998619,True,0,1496,0.1733275419101119
67,1e-07,1e-09,1e-13,BNL1,-inf,-1977.6292856,False,3,1936,0.7005874579772353
3,1e-05,0.0001,1e-11,SCRS8,-904.2969538002521,-904.29998619,True,0,1520,0.24408083292655647
70,1e-07,1e-10,1e-13,BNL1,-inf,-1977.6292856,False,3,1770,0.6318931658752263
6,1e-05,1e-05,1e-11,SCRS8,-904.2969538002521,-904.29998619,True,0,1520,0.16437983280047774
8,1e-05,1e-05,1e-15,SCRS8,-904.2969538008373,-904.29998619,True,0,1346,0.15473316702991724
7,1e-05,1e-05,1e-13,SCRS8,-904.2969538010858,-904.29998619,True,0,1515,0.20888716611079872
9,1e-05,1e-06,1e-11,SCRS8,-904.2969538002521,-904.29998619,True,0,1520,0.21060224995017052
11,1e-05,1e-06,1e-15,SCRS8,-904.2969538008373,-904.29998619,True,0,1346,0.15846920805051923
10,1e-05,1e-06,1e-13,SCRS8,-904.2969538010858,-904.29998619,True,0,1515,0.2631927919574082
14,1e-05,1e-07,1e-15,SCRS8,-904.2969538008373,-904.29998619,True,0,1346,0.14333816687576473
12,1e-05,1e-07,1e-11,SCRS8,-904.2969538002521,-904.29998619,True,0,1520,0.22653075004927814
13,1e-05,1e-07,1e-13,SCRS8,-904.2969538010858,-904.29998619,True,0,1515,0.21060158405452967
41,1e-06,1e-08,1e-15,BNL1,-inf,-1977.6292856,False,1,10000,7.932031333213672
15,1e-05,1e-08,1e-11,SCRS8,-904.2969538002521,-904.29998619,True,0,1520,0.16990679199807346
16,1e-05,1e-08,1e-13,SCRS8,-904.2969538010858,-904.29998619,True,0,1515,0.17727679200470448
17,1e-05,1e-08,1e-15,SCRS8,-904.2969538008373,-904.29998619,True,0,1346,0.14883908303454518
21,1e-05,1e-10,1e-11,SCRS8,-inf,-904.29998619,False,3,932,0.05908691603690386
22,1e-05,1e-10,1e-13,SCRS8,-inf,-904.29998619,False,3,716,0.03379591600969434
18,1e-05,1e-09,1e-11,SCRS8,-904.2969538002521,-904.29998619,True,0,1520,0.2023455419111997
23,1e-05,1e-10,1e-15,SCRS8,-inf,-904.29998619,False,3,938,0.06831387500278652
20,1e-05,1e-09,1e-15,SCRS8,-904.2969538008373,-904.29998619,True,0,1346,0.15052499994635582
19,1e-05,1e-09,1e-13,SCRS8,-904.2969538010858,-904.29998619,True,0,1515,0.2368372909259051
24,1e-06,0.001,1e-11,SCRS8,-904.296953800874,-904.29998619,True,0,1517,0.19782566605135798
25,1e-06,0.001,1e-13,SCRS8,-904.2969538007693,-904.29998619,True,0,1532,0.1886452918406576
28,1e-06,0.0001,1e-13,SCRS8,-904.2969538007692,-904.29998619,True,0,1454,0.13741937489248812
26,1e-06,0.001,1e-15,SCRS8,-904.2969538005125,-904.29998619,True,0,1572,0.1682771658524871
27,1e-06,0.0001,1e-11,SCRS8,-904.2969538002521,-904.29998619,True,0,1520,0.2081394582055509
29,1e-06,0.0001,1e-15,SCRS8,-904.2969538002753,-904.29998619,True,0,1496,0.16871183388866484
64,1e-07,1e-08,1e-13,BNL1,-inf,-1977.6292856,False,3,4823,2.8081005830317736
32,1e-06,1e-05,1e-15,SCRS8,-904.2969538008373,-904.29998619,True,0,1346,0.14225770812481642
31,1e-06,1e-05,1e-13,SCRS8,-904.2969538010858,-904.29998619,True,0,1515,0.184729834087193
30,1e-06,1e-05,1e-11,SCRS8,-904.2969538002521,-904.29998619,True,0,1520,0.19878216716460884
33,1e-06,1e-06,1e-11,SCRS8,-904.2969538002521,-904.29998619,True,0,1520,0.1967727500014007
35,1e-06,1e-06,1e-15,SCRS8,-904.2969538008373,-904.29998619,True,0,1346,0.16246179188601673
34,1e-06,1e-06,1e-13,SCRS8,-904.2969538010858,-904.29998619,True,0,1515,0.21314316685311496
36,1e-06,1e-07,1e-11,SCRS8,-904.2969538002521,-904.29998619,True,0,1520,0.1810603328049183
37,1e-06,1e-07,1e-13,SCRS8,-904.2969538010858,-904.29998619,True,0,1515,0.16397912497632205
38,1e-06,1e-07,1e-15,SCRS8,-904.2969538008373,-904.29998619,True,0,1346,0.17490962496958673
68,1e-07,1e-09,1e-15,BNL1,-inf,-1977.6292856,False,3,3864,1.8545983750373125
41,1e-06,1e-08,1e-15,SCRS8,-904.2969538008373,-904.29998619,True,0,1346,0.15571587509475648
39,1e-06,1e-08,1e-11,SCRS8,-904.2969538002521,-904.29998619,True,0,1520,0.21285133389756083
40,1e-06,1e-08,1e-13,SCRS8,-904.2969538010858,-904.29998619,True,0,1515,0.1985771250911057
45,1e-06,1e-10,1e-11,SCRS8,-inf,-904.29998619,False,3,932,0.048689291113987565
46,1e-06,1e-10,1e-13,SCRS8,-inf,-904.29998619,False,3,716,0.041490749921649694
71,1e-07,1e-10,1e-15,BNL1,-inf,-1977.6292856,False,3,3730,1.700851707952097
47,1e-06,1e-10,1e-15,SCRS8,-inf,-904.29998619,False,3,938,0.049859125167131424
42,1e-06,1e-09,1e-11,SCRS8,-904.2969538002521,-904.29998619,True,0,1520,0.18745841714553535
44,1e-06,1e-09,1e-15,SCRS8,-904.2969538008373,-904.29998619,True,0,1346,0.15578745817765594
43,1e-06,1e-09,1e-13,SCRS8,-904.2969538010858,-904.29998619,True,0,1515,0.21608825004659593
48,1e-07,0.001,1e-11,SCRS8,-904.296953800874,-904.29998619,True,0,1517,0.15740095800720155
50,1e-07,0.001,1e-15,SCRS8,-904.2969538005125,-904.29998619,True,0,1572,0.1582272918894887
52,1e-07,0.0001,1e-13,SCRS8,-904.2969538007692,-904.29998619,True,0,1454,0.13619212503544986
51,1e-07,0.0001,1e-11,SCRS8,-904.2969538002521,-904.29998619,True,0,1520,0.16476045781746507
49,1e-07,0.001,1e-13,SCRS8,-904.2969538007693,-904.29998619,True,0,1532,0.18474445794709027
54,1e-07,1e-05,1e-11,SCRS8,-904.2969538002521,-904.29998619,True,0,1520,0.16569979209452868
53,1e-07,0.0001,1e-15,SCRS8,-904.2969538002753,-904.29998619,True,0,1496,0.18201495800167322
56,1e-07,1e-05,1e-15,SCRS8,-904.2969538008373,-904.29998619,True,0,1346,0.14563249982893467
55,1e-07,1e-05,1e-13,SCRS8,-904.2969538010858,-904.29998619,True,0,1515,0.22316883294843137
59,1e-07,1e-06,1e-15,SCRS8,-904.2969538008373,-904.29998619,True,0,1346,0.142919790931046
60,1e-07,1e-07,1e-11,SCRS8,-904.2969538002521,-904.29998619,True,0,1520,0.13476537517271936
57,1e-07,1e-06,1e-11,SCRS8,-904.2969538002521,-904.29998619,True,0,1520,0.16862129187211394
62,1e-07,1e-07,1e-15,SCRS8,-904.2969538008373,-904.29998619,True,0,1346,0.15849720919504762
63,1e-07,1e-08,1e-11,SCRS8,-904.2969538002521,-904.29998619,True,0,1520,0.16323337494395673
61,1e-07,1e-07,1e-13,SCRS8,-904.2969538010858,-904.29998619,True,0,1515,0.20241899997927248
58,1e-07,1e-06,1e-13,SCRS8,-904.2969538010858,-904.29998619,True,0,1515,0.2538131249602884
0,1e-05,0.001,1e-11,SHIP04L,-1793324.5379703536,-1793324.538,True,0,777,0.011930624954402447
64,1e-07,1e-08,1e-13,SCRS8,-904.2969538010858,-904.29998619,True,0,1515,0.21340149990282953
70,1e-07,1e-10,1e-13,SCRS8,-inf,-904.29998619,False,3,716,0.048011292004957795
65,1e-07,1e-08,1e-15,SCRS8,-904.2969538008373,-904.29998619,True,0,1346,0.16040366608649492
69,1e-07,1e-10,1e-11,SCRS8,-inf,-904.29998619,False,3,932,0.06930537521839142
66,1e-07,1e-09,1e-11,SCRS8,-904.2969538002521,-904.29998619,True,0,1520,0.14503199979662895
68,1e-07,1e-09,1e-15,SCRS8,-904.2969538008373,-904.29998619,True,0,1346,0.1456690828781575
3,1e-05,0.0001,1e-11,SHIP04L,-1793324.5379703536,-1793324.538,True,0,777,0.011359374970197678
71,1e-07,1e-10,1e-15,SCRS8,-inf,-904.29998619,False,3,938,0.06818566704168916
2,1e-05,0.001,1e-15,SHIP04L,-1793324.5379703536,-1793324.538,True,0,773,0.01141941687092185
1,1e-05,0.001,1e-13,SHIP04L,-1793324.5379703536,-1793324.538,True,0,777,0.024737374857068062
5,1e-05,0.0001,1e-15,SHIP04L,-1793324.5379703536,-1793324.538,True,0,773,0.010656750062480569
4,1e-05,0.0001,1e-13,SHIP04L,-1793324.5379703536,-1793324.538,True,0,777,0.010786666069179773
6,1e-05,1e-05,1e-11,SHIP04L,-1793324.5379703536,-1793324.538,True,0,777,0.011383207980543375
7,1e-05,1e-05,1e-13,SHIP04L,-1793324.5379703536,-1793324.538,True,0,777,0.010402292013168335
8,1e-05,1e-05,1e-15,SHIP04L,-1793324.5379703536,-1793324.538,True,0,773,0.015539208892732859
11,1e-05,1e-06,1e-15,SHIP04L,-1793324.5379703536,-1793324.538,True,0,773,0.011725041083991528
12,1e-05,1e-07,1e-11,SHIP04L,-1793324.5379703536,-1793324.538,True,0,777,0.011655166046693921
10,1e-05,1e-06,1e-13,SHIP04L,-1793324.5379703536,-1793324.538,True,0,777,0.019634207943454385
9,1e-05,1e-06,1e-11,SHIP04L,-1793324.5379703536,-1793324.538,True,0,777,0.019947916036471725
13,1e-05,1e-07,1e-13,SHIP04L,-1793324.5379703536,-1793324.538,True,0,777,0.011727625038474798
15,1e-05,1e-08,1e-11,SHIP04L,-1793324.5379703536,-1793324.538,True,0,777,0.014741665916517377
14,1e-05,1e-07,1e-15,SHIP04L,-1793324.5379703536,-1793324.538,True,0,773,0.017726499820128083
17,1e-05,1e-08,1e-15,SHIP04L,-1793324.5379703536,-1793324.538,True,0,773,0.009591500042006373
16,1e-05,1e-08,1e-13,SHIP04L,-1793324.5379703536,-1793324.538,True,0,777,0.011962792137637734
20,1e-05,1e-09,1e-15,SHIP04L,-1793324.5379703536,-1793324.538,True,0,773,0.011441541137173772
21,1e-05,1e-10,1e-11,SHIP04L,-1793324.5379703536,-1793324.538,True,0,777,0.011399000184610486
18,1e-05,1e-09,1e-11,SHIP04L,-1793324.5379703536,-1793324.538,True,0,777,0.016289625084027648
23,1e-05,1e-10,1e-15,SHIP04L,-1793324.5379703536,-1793324.538,True,0,773,0.010451707988977432
22,1e-05,1e-10,1e-13,SHIP04L,-1793324.5379703536,-1793324.538,True,0,777,0.01122683403082192
24,1e-06,0.001,1e-11,SHIP04L,-1793324.5379703536,-1793324.538,True,0,777,0.010741500183939934
25,1e-06,0.001,1e-13,SHIP04L,-1793324.5379703536,-1793324.538,True,0,777,0.010444042040035129
19,1e-05,1e-09,1e-13,SHIP04L,-1793324.5379703536,-1793324.538,True,0,777,0.019071832997724414
27,1e-06,0.0001,1e-11,SHIP04L,-1793324.5379703536,-1793324.538,True,0,777,0.011137917172163725
26,1e-06,0.001,1e-15,SHIP04L,-1793324.5379703536,-1793324.538,True,0,773,0.01669683400541544
28,1e-06,0.0001,1e-13,SHIP04L,-1793324.5379703536,-1793324.538,True,0,777,0.015974207781255245
67,1e-07,1e-09,1e-13,SCRS8,-904.2969538010858,-904.29998619,True,0,1515,0.22614416596479714
31,1e-06,1e-05,1e-13,SHIP04L,-1793324.5379703536,-1793324.538,True,0,777,0.011461249785497785
29,1e-06,0.0001,1e-15,SHIP04L,-1793324.5379703536,-1793324.538,True,0,773,0.017066416796296835
32,1e-06,1e-05,1e-15,SHIP04L,-1793324.5379703536,-1793324.538,True,0,773,0.01786116696894169
30,1e-06,1e-05,1e-11,SHIP04L,-1793324.5379703536,-1793324.538,True,0,777,0.01143541606143117
33,1e-06,1e-06,1e-11,SHIP04L,-1793324.5379703536,-1793324.538,True,0,777,0.01342662493698299
34,1e-06,1e-06,1e-13,SHIP04L,-1793324.5379703536,-1793324.538,True,0,777,0.012231000000610948
36,1e-06,1e-07,1e-11,SHIP04L,-1793324.5379703536,-1793324.538,True,0,777,0.011499915970489383
37,1e-06,1e-07,1e-13,SHIP04L,-1793324.5379703536,-1793324.538,True,0,777,0.012448166962713003
35,1e-06,1e-06,1e-15,SHIP04L,-1793324.5379703536,-1793324.538,True,0,773,0.01920279092155397
40,1e-06,1e-08,1e-13,SHIP04L,-1793324.5379703536,-1793324.538,True,0,777,0.011322249891236424
42,1e-06,1e-09,1e-11,SHIP04L,-1793324.5379703536,-1793324.538,True,0,777,0.011462624883279204
38,1e-06,1e-07,1e-15,SHIP04L,-1793324.5379703536,-1793324.538,True,0,773,0.018670582910999656
43,1e-06,1e-09,1e-13,SHIP04L,-1793324.5379703536,-1793324.538,True,0,777,0.01150587503798306
39,1e-06,1e-08,1e-11,SHIP04L,-1793324.5379703536,-1793324.538,True,0,777,0.013262582942843437
41,1e-06,1e-08,1e-15,SHIP04L,-1793324.5379703536,-1793324.538,True,0,773,0.018486208049580455
45,1e-06,1e-10,1e-11,SHIP04L,-1793324.5379703536,-1793324.538,True,0,777,0.011750167002901435
44,1e-06,1e-09,1e-15,SHIP04L,-1793324.5379703536,-1793324.538,True,0,773,0.016522542107850313
46,1e-06,1e-10,1e-13,SHIP04L,-1793324.5379703536,-1793324.538,True,0,777,0.01552983419969678
48,1e-07,0.001,1e-11,SHIP04L,-1793324.5379703536,-1793324.538,True,0,777,0.010102665983140469
49,1e-07,0.001,1e-13,SHIP04L,-1793324.5379703536,-1793324.538,True,0,777,0.013485499890521169
52,1e-07,0.0001,1e-13,SHIP04L,-1793324.5379703536,-1793324.538,True,0,777,0.010551166953518987
53,1e-07,0.0001,1e-15,SHIP04L,-1793324.5379703536,-1793324.538,True,0,773,0.009707458084449172
51,1e-07,0.0001,1e-11,SHIP04L,-1793324.5379703536,-1793324.538,True,0,777,0.013989625032991171
50,1e-07,0.001,1e-15,SHIP04L,-1793324.5379703536,-1793324.538,True,0,773,0.018587499856948853
47,1e-06,1e-10,1e-15,SHIP04L,-1793324.5379703536,-1793324.538,True,0,773,0.01693137502297759
56,1e-07,1e-05,1e-15,SHIP04L,-1793324.5379703536,-1793324.538,True,0,773,0.009656208101660013
54,1e-07,1e-05,1e-11,SHIP04L,-1793324.5379703536,-1793324.538,True,0,777,0.018625790951773524
57,1e-07,1e-06,1e-11,SHIP04L,-1793324.5379703536,-1793324.538,True,0,777,0.012535040965303779
58,1e-07,1e-06,1e-13,SHIP04L,-1793324.5379703536,-1793324.538,True,0,777,0.012547374935820699
60,1e-07,1e-07,1e-11,SHIP04L,-1793324.5379703536,-1793324.538,True,0,777,0.011223291978240013
59,1e-07,1e-06,1e-15,SHIP04L,-1793324.5379703536,-1793324.538,True,0,773,0.010951749980449677
61,1e-07,1e-07,1e-13,SHIP04L,-1793324.5379703536,-1793324.538,True,0,777,0.011725915828719735
63,1e-07,1e-08,1e-11,SHIP04L,-1793324.5379703536,-1793324.538,True,0,777,0.01239991607144475
55,1e-07,1e-05,1e-13,SHIP04L,-1793324.5379703536,-1793324.538,True,0,777,0.03279241593554616
64,1e-07,1e-08,1e-13,SHIP04L,-1793324.5379703536,-1793324.538,True,0,777,0.010959667153656483
62,1e-07,1e-07,1e-15,SHIP04L,-1793324.5379703536,-1793324.538,True,0,773,0.01980104111135006
67,1e-07,1e-09,1e-13,SHIP04L,-1793324.5379703536,-1793324.538,True,0,777,0.01147649995982647
68,1e-07,1e-09,1e-15,SHIP04L,-1793324.5379703536,-1793324.538,True,0,773,0.011192041914910078
69,1e-07,1e-10,1e-11,SHIP04L,-1793324.5379703536,-1793324.538,True,0,777,0.011424791999161243
0,1e-05,0.001,1e-11,AGG2,20239252.355977103,20239252.356,True,0,571,0.007897333009168506
65,1e-07,1e-08,1e-15,SHIP04L,-1793324.5379703536,-1793324.538,True,0,773,0.01619600015692413
66,1e-07,1e-09,1e-11,SHIP04L,-1793324.5379703536,-1793324.538,True,0,777,0.0200505000539124
1,1e-05,0.001,1e-13,AGG2,20239252.355977103,20239252.356,True,0,573,0.00800945796072483
71,1e-07,1e-10,1e-15,SHIP04L,-1793324.5379703536,-1793324.538,True,0,773,0.011466958094388247
2,1e-05,0.001,1e-15,AGG2,20239252.355977103,20239252.356,True,0,573,0.007689082995057106
5,1e-05,0.0001,1e-15,AGG2,20239252.355977103,20239252.356,True,0,572,0.007263625040650368
6,1e-05,1e-05,1e-11,AGG2,20239252.355977103,20239252.356,True,0,571,0.007389749865978956
3,1e-05,0.0001,1e-11,AGG2,20239252.355977103,20239252.356,True,0,571,0.009724040981382132
4,1e-05,0.0001,1e-13,AGG2,20239252.355977103,20239252.356,True,0,571,0.011250916169956326
8,1e-05,1e-05,1e-15,AGG2,20239252.355977103,20239252.356,True,0,572,0.007126999786123633
7,1e-05,1e-05,1e-13,AGG2,20239252.355977103,20239252.356,True,0,571,0.007930791936814785
70,1e-07,1e-10,1e-13,SHIP04L,-1793324.5379703536,-1793324.538,True,0,777,0.02378920908086002
9,1e-05,1e-06,1e-11,AGG2,20239252.355977103,20239252.356,True,0,571,0.007317167008295655
10,1e-05,1e-06,1e-13,AGG2,20239252.355977103,20239252.356,True,0,571,0.006492458051070571
11,1e-05,1e-06,1e-15,AGG2,20239252.355977103,20239252.356,True,0,572,0.006091834045946598
12,1e-05,1e-07,1e-11,AGG2,20239252.355977103,20239252.356,True,0,571,0.006441041827201843
15,1e-05,1e-08,1e-11,AGG2,20239252.355977103,20239252.356,True,0,571,0.0066154999658465385
14,1e-05,1e-07,1e-15,AGG2,20239252.355977103,20239252.356,True,0,572,0.006879708031192422
17,1e-05,1e-08,1e-15,AGG2,20239252.355977103,20239252.356,True,0,572,0.007610500091686845
18,1e-05,1e-09,1e-11,AGG2,20239252.355977103,20239252.356,True,0,571,0.008087750058621168
20,1e-05,1e-09,1e-15,AGG2,20239252.355977103,20239252.356,True,0,572,0.007133167004212737
16,1e-05,1e-08,1e-13,AGG2,20239252.355977103,20239252.356,True,0,571,0.013877042103558779
21,1e-05,1e-10,1e-11,AGG2,20239252.355977103,20239252.356,True,0,571,0.008472665911540389
19,1e-05,1e-09,1e-13,AGG2,20239252.355977103,20239252.356,True,0,571,0.01206558314152062
13,1e-05,1e-07,1e-13,AGG2,20239252.355977103,20239252.356,True,0,571,0.014183375053107738
23,1e-05,1e-10,1e-15,AGG2,20239252.355977103,20239252.356,True,0,572,0.007230333052575588
26,1e-06,0.001,1e-15,AGG2,20239252.355977103,20239252.356,True,0,573,0.007307874970138073
27,1e-06,0.0001,1e-11,AGG2,20239252.355977103,20239252.356,True,0,571,0.007617374882102013
25,1e-06,0.001,1e-13,AGG2,20239252.355977103,20239252.356,True,0,573,0.009420457994565368
29,1e-06,0.0001,1e-15,AGG2,20239252.355977103,20239252.356,True,0,572,0.007637250004336238
22,1e-05,1e-10,1e-13,AGG2,20239252.355977103,20239252.356,True,0,571,0.019204207928851247
28,1e-06,0.0001,1e-13,AGG2,20239252.355977103,20239252.356,True,0,571,0.00791145907714963
30,1e-06,1e-05,1e-11,AGG2,20239252.355977103,20239252.356,True,0,571,0.010032415855675936
24,1e-06,0.001,1e-11,AGG2,20239252.355977103,20239252.356,True,0,571,0.014119042083621025
32,1e-06,1e-05,1e-15,AGG2,20239252.355977103,20239252.356,True,0,572,0.007659834111109376
31,1e-06,1e-05,1e-13,AGG2,20239252.355977103,20239252.356,True,0,571,0.013966958038508892
33,1e-06,1e-06,1e-11,AGG2,20239252.355977103,20239252.356,True,0,571,0.0074893340934067965
35,1e-06,1e-06,1e-15,AGG2,20239252.355977103,20239252.356,True,0,572,0.007375458022579551
34,1e-06,1e-06,1e-13,AGG2,20239252.355977103,20239252.356,True,0,571,0.007912042085081339
36,1e-06,1e-07,1e-11,AGG2,20239252.355977103,20239252.356,True,0,571,0.007481707958504558
38,1e-06,1e-07,1e-15,AGG2,20239252.355977103,20239252.356,True,0,572,0.007883792044594884
40,1e-06,1e-08,1e-13,AGG2,20239252.355977103,20239252.356,True,0,571,0.007255333010107279
39,1e-06,1e-08,1e-11,AGG2,20239252.355977103,20239252.356,True,0,571,0.007775874808430672
42,1e-06,1e-09,1e-11,AGG2,20239252.355977103,20239252.356,True,0,571,0.007172417128458619
43,1e-06,1e-09,1e-13,AGG2,20239252.355977103,20239252.356,True,0,571,0.007087875157594681
37,1e-06,1e-07,1e-13,AGG2,20239252.355977103,20239252.356,True,0,571,0.012034666957333684
47,1e-06,1e-10,1e-15,AGG2,20239252.355977103,20239252.356,True,0,572,0.006238375091925263
48,1e-07,0.001,1e-11,AGG2,20239252.355977103,20239252.356,True,0,571,0.006071666954085231
45,1e-06,1e-10,1e-11,AGG2,20239252.355977103,20239252.356,True,0,571,0.010569333098828793
46,1e-06,1e-10,1e-13,AGG2,20239252.355977103,20239252.356,True,0,571,0.008284416981041431
44,1e-06,1e-09,1e-15,AGG2,20239252.355977103,20239252.356,True,0,572,0.012695665936917067
49,1e-07,0.001,1e-13,AGG2,20239252.355977103,20239252.356,True,0,573,0.006425624946132302
50,1e-07,0.001,1e-15,AGG2,20239252.355977103,20239252.356,True,0,573,0.00643425015732646
51,1e-07,0.0001,1e-11,AGG2,20239252.355977103,20239252.356,True,0,571,0.0066411669831722975
41,1e-06,1e-08,1e-15,AGG2,20239252.355977103,20239252.356,True,0,572,0.015505708055570722
52,1e-07,0.0001,1e-13,AGG2,20239252.355977103,20239252.356,True,0,571,0.006206165999174118
53,1e-07,0.0001,1e-15,AGG2,20239252.355977103,20239252.356,True,0,572,0.0075681249145418406
57,1e-07,1e-06,1e-11,AGG2,20239252.355977103,20239252.356,True,0,571,0.00655808299779892
58,1e-07,1e-06,1e-13,AGG2,20239252.355977103,20239252.356,True,0,571,0.0065685000736266375
59,1e-07,1e-06,1e-15,AGG2,20239252.355977103,20239252.356,True,0,572,0.00699137500487268
54,1e-07,1e-05,1e-11,AGG2,20239252.355977103,20239252.356,True,0,571,0.011259790975600481
55,1e-07,1e-05,1e-13,AGG2,20239252.355977103,20239252.356,True,0,571,0.01252029207535088
56,1e-07,1e-05,1e-15,AGG2,20239252.355977103,20239252.356,True,0,572,0.014676625141873956
62,1e-07,1e-07,1e-15,AGG2,20239252.355977103,20239252.356,True,0,572,0.008165040984749794
60,1e-07,1e-07,1e-11,AGG2,20239252.355977103,20239252.356,True,0,571,0.015260457992553711
63,1e-07,1e-08,1e-11,AGG2,20239252.355977103,20239252.356,True,0,571,0.007570625049993396
61,1e-07,1e-07,1e-13,AGG2,20239252.355977103,20239252.356,True,0,571,0.012588874902576208
66,1e-07,1e-09,1e-11,AGG2,20239252.355977103,20239252.356,True,0,571,0.007668082835152745
64,1e-07,1e-08,1e-13,AGG2,20239252.355977103,20239252.356,True,0,571,0.009899625089019537
65,1e-07,1e-08,1e-15,AGG2,20239252.355977103,20239252.356,True,0,572,0.012839083094149828
68,1e-07,1e-09,1e-15,AGG2,20239252.355977103,20239252.356,True,0,572,0.007949750171974301
71,1e-07,1e-10,1e-15,AGG2,20239252.355977103,20239252.356,True,0,572,0.006888333009555936
70,1e-07,1e-10,1e-13,AGG2,20239252.355977103,20239252.356,True,0,571,0.00686154211871326
69,1e-07,1e-10,1e-11,AGG2,20239252.355977103,20239252.356,True,0,571,0.007228249916806817
1,1e-05,0.001,1e-13,AGG3,-10311949.55510108,-10312115.935,True,0,575,0.007038166979327798
0,1e-05,0.001,1e-11,AGG3,-10311949.55510108,-10312115.935,True,0,575,0.009029249893501401
67,1e-07,1e-09,1e-13,AGG2,20239252.355977103,20239252.356,True,0,571,0.014903167029842734
2,1e-05,0.001,1e-15,AGG3,-10311949.55510108,-10312115.935,True,0,575,0.008031624834984541
4,1e-05,0.0001,1e-13,AGG3,-10312115.935089232,-10312115.935,True,0,588,0.009481791872531176
3,1e-05,0.0001,1e-11,AGG3,-10312115.935089232,-10312115.935,True,0,588,0.008793459041044116
5,1e-05,0.0001,1e-15,AGG3,-10312115.935089232,-10312115.935,True,0,588,0.00901733385398984
7,1e-05,1e-05,1e-13,AGG3,-10312115.935089232,-10312115.935,True,0,588,0.009424041956663132
8,1e-05,1e-05,1e-15,AGG3,-10312115.935089232,-10312115.935,True,0,588,0.00929333409294486
10,1e-05,1e-06,1e-13,AGG3,-10312115.935089232,-10312115.935,True,0,588,0.010907083051279187
6,1e-05,1e-05,1e-11,AGG3,-10312115.935089232,-10312115.935,True,0,588,0.01725108316168189
11,1e-05,1e-06,1e-15,AGG3,-10312115.935089232,-10312115.935,True,0,588,0.012933833990246058
12,1e-05,1e-07,1e-11,AGG3,-10312115.935089232,-10312115.935,True,0,588,0.010635375045239925
15,1e-05,1e-08,1e-11,AGG3,-10312115.935089232,-10312115.935,True,0,588,0.00918212509714067
14,1e-05,1e-07,1e-15,AGG3,-10312115.935089232,-10312115.935,True,0,588,0.010111624840646982
9,1e-05,1e-06,1e-11,AGG3,-10312115.935089232,-10312115.935,True,0,588,0.019095749827101827
17,1e-05,1e-08,1e-15,AGG3,-10312115.935089232,-10312115.935,True,0,588,0.009496083948761225
13,1e-05,1e-07,1e-13,AGG3,-10312115.935089232,-10312115.935,True,0,588,0.017361291917040944
18,1e-05,1e-09,1e-11,AGG3,-10312115.935089232,-10312115.935,True,0,588,0.009578875033184886
16,1e-05,1e-08,1e-13,AGG3,-10312115.935089232,-10312115.935,True,0,588,0.016379958018660545
26,1e-06,0.001,1e-15,AGG3,-10311949.55510108,-10312115.935,True,0,575,0.008229458006098866
25,1e-06,0.001,1e-13,AGG3,-10311949.55510108,-10312115.935,True,0,575,0.0088299170602113
19,1e-05,1e-09,1e-13,AGG3,-10312115.935089232,-10312115.935,True,0,588,0.017687249928712845
21,1e-05,1e-10,1e-11,AGG3,-10312115.935089232,-10312115.935,True,0,588,0.015115584013983607
23,1e-05,1e-10,1e-15,AGG3,-10312115.935089232,-10312115.935,True,0,588,0.010671874973922968
24,1e-06,0.001,1e-11,AGG3,-10311949.55510108,-10312115.935,True,0,575,0.011488375021144748
20,1e-05,1e-09,1e-15,AGG3,-10312115.935089232,-10312115.935,True,0,588,0.01939174998551607
27,1e-06,0.0001,1e-11,AGG3,-10312115.935089232,-10312115.935,True,0,588,0.010890415869653225
22,1e-05,1e-10,1e-13,AGG3,-10312115.935089232,-10312115.935,True,0,588,0.019431125139817595
28,1e-06,0.0001,1e-13,AGG3,-10312115.935089232,-10312115.935,True,0,588,0.010204457910731435
32,1e-06,1e-05,1e-15,AGG3,-10312115.935089232,-10312115.935,True,0,588,0.009726749965921044
30,1e-06,1e-05,1e-11,AGG3,-10312115.935089232,-10312115.935,True,0,588,0.009924125159159303
31,1e-06,1e-05,1e-13,AGG3,-10312115.935089232,-10312115.935,True,0,588,0.010057708015665412
34,1e-06,1e-06,1e-13,AGG3,-10312115.935089232,-10312115.935,True,0,588,0.009880916913971305
35,1e-06,1e-06,1e-15,AGG3,-10312115.935089232,-10312115.935,True,0,588,0.009752499870955944
33,1e-06,1e-06,1e-11,AGG3,-10312115.935089232,-10312115.935,True,0,588,0.00988341704942286
29,1e-06,0.0001,1e-15,AGG3,-10312115.935089232,-10312115.935,True,0,588,0.01698920805938542
36,1e-06,1e-07,1e-11,AGG3,-10312115.935089232,-10312115.935,True,0,588,0.00959787517786026
37,1e-06,1e-07,1e-13,AGG3,-10312115.935089232,-10312115.935,True,0,588,0.00966820796020329
42,1e-06,1e-09,1e-11,AGG3,-10312115.935089232,-10312115.935,True,0,588,0.009641916956752539
41,1e-06,1e-08,1e-15,AGG3,-10312115.935089232,-10312115.935,True,0,588,0.010630916804075241
38,1e-06,1e-07,1e-15,AGG3,-10312115.935089232,-10312115.935,True,0,588,0.009784666122868657
45,1e-06,1e-10,1e-11,AGG3,-10312115.935089232,-10312115.935,True,0,588,0.009841666091233492
44,1e-06,1e-09,1e-15,AGG3,-10312115.935089232,-10312115.935,True,0,588,0.011843499960377812
43,1e-06,1e-09,1e-13,AGG3,-10312115.935089232,-10312115.935,True,0,588,0.017570167081430554
40,1e-06,1e-08,1e-13,AGG3,-10312115.935089232,-10312115.935,True,0,588,0.021201167022809386
39,1e-06,1e-08,1e-11,AGG3,-10312115.935089232,-10312115.935,True,0,588,0.02484554098919034
49,1e-07,0.001,1e-13,AGG3,-10311949.55510108,-10312115.935,True,0,575,0.007735291961580515
47,1e-06,1e-10,1e-15,AGG3,-10312115.935089232,-10312115.935,True,0,588,0.010595749830827117
46,1e-06,1e-10,1e-13,AGG3,-10312115.935089232,-10312115.935,True,0,588,0.015121333068236709
50,1e-07,0.001,1e-15,AGG3,-10311949.55510108,-10312115.935,True,0,575,0.009823499945923686
48,1e-07,0.001,1e-11,AGG3,-10311949.55510108,-10312115.935,True,0,575,0.015471957856789231
52,1e-07,0.0001,1e-13,AGG3,-10312115.935089232,-10312115.935,True,0,588,0.00987458392046392
55,1e-07,1e-05,1e-13,AGG3,-10312115.935089232,-10312115.935,True,0,588,0.009500541957095265
51,1e-07,0.0001,1e-11,AGG3,-10312115.935089232,-10312115.935,True,0,588,0.014824457932263613
53,1e-07,0.0001,1e-15,AGG3,-10312115.935089232,-10312115.935,True,0,588,0.012911790981888771
54,1e-07,1e-05,1e-11,AGG3,-10312115.935089232,-10312115.935,True,0,588,0.012472041882574558
56,1e-07,1e-05,1e-15,AGG3,-10312115.935089232,-10312115.935,True,0,588,0.018332374980673194
59,1e-07,1e-06,1e-15,AGG3,-10312115.935089232,-10312115.935,True,0,588,0.01295579201541841
63,1e-07,1e-08,1e-11,AGG3,-10312115.935089232,-10312115.935,True,0,588,0.010252707870677114
57,1e-07,1e-06,1e-11,AGG3,-10312115.935089232,-10312115.935,True,0,588,0.020154374884441495
64,1e-07,1e-08,1e-13,AGG3,-10312115.935089232,-10312115.935,True,0,588,0.010540124960243702
58,1e-07,1e-06,1e-13,AGG3,-10312115.935089232,-10312115.935,True,0,588,0.02201620815321803
60,1e-07,1e-07,1e-11,AGG3,-10312115.935089232,-10312115.935,True,0,588,0.018386458046734333
62,1e-07,1e-07,1e-15,AGG3,-10312115.935089232,-10312115.935,True,0,588,0.018660832894966006
66,1e-07,1e-09,1e-11,AGG3,-10312115.935089232,-10312115.935,True,0,588,0.009812749922275543
61,1e-07,1e-07,1e-13,AGG3,-10312115.935089232,-10312115.935,True,0,588,0.024346084101125598
68,1e-07,1e-09,1e-15,AGG3,-10312115.935089232,-10312115.935,True,0,588,0.010565540986135602
65,1e-07,1e-08,1e-15,AGG3,-10312115.935089232,-10312115.935,True,0,588,0.013640333898365498
69,1e-07,1e-10,1e-11,AGG3,-10312115.935089232,-10312115.935,True,0,588,0.013271832838654518
71,1e-07,1e-10,1e-15,AGG3,-10312115.935089232,-10312115.935,True,0,588,0.012944292044267058
67,1e-07,1e-09,1e-13,AGG3,-10312115.935089232,-10312115.935,True,0,588,0.018374124774709344
70,1e-07,1e-10,1e-13,AGG3,-10312115.935089232,-10312115.935,True,0,588,0.015390958171337843
0,1e-05,0.001,1e-11,SHIP04S,-1798714.7004453933,-1798714.7004,True,0,606,0.010139457881450653
2,1e-05,0.001,1e-15,SHIP04S,-1798714.7004453936,-1798714.7004,True,0,608,0.006968999980017543
1,1e-05,0.001,1e-13,SHIP04S,-1798714.7004453933,-1798714.7004,True,0,606,0.009672332787886262
4,1e-05,0.0001,1e-13,SHIP04S,-1798714.7004453933,-1798714.7004,True,0,606,0.0070557910948991776
3,1e-05,0.0001,1e-11,SHIP04S,-1798714.7004453933,-1798714.7004,True,0,606,0.009891957975924015
8,1e-05,1e-05,1e-15,SHIP04S,-1798714.7004453936,-1798714.7004,True,0,608,0.00820641708560288
5,1e-05,0.0001,1e-15,SHIP04S,-1798714.7004453936,-1798714.7004,True,0,608,0.010415999917313457
11,1e-05,1e-06,1e-15,SHIP04S,-1798714.7004453936,-1798714.7004,True,0,608,0.006423041922971606
7,1e-05,1e-05,1e-13,SHIP04S,-1798714.7004453933,-1798714.7004,True,0,606,0.01556825009174645
12,1e-05,1e-07,1e-11,SHIP04S,-1798714.7004453933,-1798714.7004,True,0,606,0.00729866698384285
6,1e-05,1e-05,1e-11,SHIP04S,-1798714.7004453933,-1798714.7004,True,0,606,0.01104204193688929
13,1e-05,1e-07,1e-13,SHIP04S,-1798714.7004453933,-1798714.7004,True,0,606,0.006724625127390027
14,1e-05,1e-07,1e-15,SHIP04S,-1798714.7004453936,-1798714.7004,True,0,608,0.006472375011071563
10,1e-05,1e-06,1e-13,SHIP04S,-1798714.7004453933,-1798714.7004,True,0,606,0.01274512498639524
16,1e-05,1e-08,1e-13,SHIP04S,-1798714.7004453933,-1798714.7004,True,0,606,0.006593166850507259
15,1e-05,1e-08,1e-11,SHIP04S,-1798714.7004453933,-1798714.7004,True,0,606,0.008208916056901217
17,1e-05,1e-08,1e-15,SHIP04S,-1798714.7004453936,-1798714.7004,True,0,608,0.006768041988834739
18,1e-05,1e-09,1e-11,SHIP04S,-1798714.7004453933,-1798714.7004,True,0,606,0.0068584170658141375
9,1e-05,1e-06,1e-11,SHIP04S,-1798714.7004453933,-1798714.7004,True,0,606,0.015446749981492758
19,1e-05,1e-09,1e-13,SHIP04S,-1798714.7004453933,-1798714.7004,True,0,606,0.006856542080640793
20,1e-05,1e-09,1e-15,SHIP04S,-1798714.7004453936,-1798714.7004,True,0,608,0.007168874843046069
21,1e-05,1e-10,1e-11,SHIP04S,-1798714.7004453933,-1798714.7004,True,0,606,0.006440583849325776
27,1e-06,0.0001,1e-11,SHIP04S,-1798714.7004453933,-1798714.7004,True,0,606,0.007058250019326806
25,1e-06,0.001,1e-13,SHIP04S,-1798714.7004453933,-1798714.7004,True,0,606,0.007268707966431975
23,1e-05,1e-10,1e-15,SHIP04S,-1798714.7004453936,-1798714.7004,True,0,608,0.007266083033755422
22,1e-05,1e-10,1e-13,SHIP04S,-1798714.7004453933,-1798714.7004,True,0,606,0.009761041961610317
24,1e-06,0.001,1e-11,SHIP04S,-1798714.7004453933,-1798714.7004,True,0,606,0.00690116616897285
29,1e-06,0.0001,1e-15,SHIP04S,-1798714.7004453936,-1798714.7004,True,0,608,0.005752291996032
30,1e-06,1e-05,1e-11,SHIP04S,-1798714.7004453933,-1798714.7004,True,0,606,0.009460292058065534
26,1e-06,0.001,1e-15,SHIP04S,-1798714.7004453936,-1798714.7004,True,0,608,0.019347083987668157
31,1e-06,1e-05,1e-13,SHIP04S,-1798714.7004453933,-1798714.7004,True,0,606,0.009813916170969605
33,1e-06,1e-06,1e-11,SHIP04S,-1798714.7004453933,-1798714.7004,True,0,606,0.006335542071610689
28,1e-06,0.0001,1e-13,SHIP04S,-1798714.7004453933,-1798714.7004,True,0,606,0.01112583396025002
35,1e-06,1e-06,1e-15,SHIP04S,-1798714.7004453936,-1798714.7004,True,0,608,0.006867500022053719
34,1e-06,1e-06,1e-13,SHIP04S,-1798714.7004453933,-1798714.7004,True,0,606,0.006908708019182086
36,1e-06,1e-07,1e-11,SHIP04S,-1798714.7004453933,-1798714.7004,True,0,606,0.006151665933430195
32,1e-06,1e-05,1e-15,SHIP04S,-1798714.7004453936,-1798714.7004,True,0,608,0.011042207945138216
37,1e-06,1e-07,1e-13,SHIP04S,-1798714.7004453933,-1798714.7004,True,0,606,0.005575750023126602
40,1e-06,1e-08,1e-13,SHIP04S,-1798714.7004453933,-1798714.7004,True,0,606,0.005971207981929183
41,1e-06,1e-08,1e-15,SHIP04S,-1798714.7004453936,-1798714.7004,True,0,608,0.006572042126208544
44,1e-06,1e-09,1e-15,SHIP04S,-1798714.7004453936,-1798714.7004,True,0,608,0.005712833954021335
38,1e-06,1e-07,1e-15,SHIP04S,-1798714.7004453936,-1798714.7004,True,0,608,0.012267833109945059
43,1e-06,1e-09,1e-13,SHIP04S,-1798714.7004453933,-1798714.7004,True,0,606,0.009054915979504585
45,1e-06,1e-10,1e-11,SHIP04S,-1798714.7004453933,-1798714.7004,True,0,606,0.0058174580335617065
39,1e-06,1e-08,1e-11,SHIP04S,-1798714.7004453933,-1798714.7004,True,0,606,0.013140958966687322
42,1e-06,1e-09,1e-11,SHIP04S,-1798714.7004453933,-1798714.7004,True,0,606,0.006899999920278788
47,1e-06,1e-10,1e-15,SHIP04S,-1798714.7004453936,-1798714.7004,True,0,608,0.006303624948486686
46,1e-06,1e-10,1e-13,SHIP04S,-1798714.7004453933,-1798714.7004,True,0,606,0.012059582863003016
48,1e-07,0.001,1e-11,SHIP04S,-1798714.7004453933,-1798714.7004,True,0,606,0.006599042098969221
49,1e-07,0.001,1e-13,SHIP04S,-1798714.7004453933,-1798714.7004,True,0,606,0.008689541136845946
52,1e-07,0.0001,1e-13,SHIP04S,-1798714.7004453933,-1798714.7004,True,0,606,0.006123540922999382
53,1e-07,0.0001,1e-15,SHIP04S,-1798714.7004453936,-1798714.7004,True,0,608,0.006783958990126848
55,1e-07,1e-05,1e-13,SHIP04S,-1798714.7004453933,-1798714.7004,True,0,606,0.006795624969527125
50,1e-07,0.001,1e-15,SHIP04S,-1798714.7004453936,-1798714.7004,True,0,608,0.013409540988504887
54,1e-07,1e-05,1e-11,SHIP04S,-1798714.7004453933,-1798714.7004,True,0,606,0.00805687508545816
57,1e-07,1e-06,1e-11,SHIP04S,-1798714.7004453933,-1798714.7004,True,0,606,0.006991625064983964
51,1e-07,0.0001,1e-11,SHIP04S,-1798714.7004453933,-1798714.7004,True,0,606,0.0070847091265022755
56,1e-07,1e-05,1e-15,SHIP04S,-1798714.7004453936,-1798714.7004,True,0,608,0.009788915980607271
59,1e-07,1e-06,1e-15,SHIP04S,-1798714.7004453936,-1798714.7004,True,0,608,0.006735416129231453
60,1e-07,1e-07,1e-11,SHIP04S,-1798714.7004453933,-1798714.7004,True,0,606,0.006519249873235822
61,1e-07,1e-07,1e-13,SHIP04S,-1798714.7004453933,-1798714.7004,True,0,606,0.006509042112156749
58,1e-07,1e-06,1e-13,SHIP04S,-1798714.7004453933,-1798714.7004,True,0,606,0.006353041855618358
64,1e-07,1e-08,1e-13,SHIP04S,-1798714.7004453933,-1798714.7004,True,0,606,0.0060748751275241375
66,1e-07,1e-09,1e-11,SHIP04S,-1798714.7004453933,-1798714.7004,True,0,606,0.005631708074361086
62,1e-07,1e-07,1e-15,SHIP04S,-1798714.7004453936,-1798714.7004,True,0,608,0.011317125055938959
65,1e-07,1e-08,1e-15,SHIP04S,-1798714.7004453936,-1798714.7004,True,0,608,0.009735540952533484
63,1e-07,1e-08,1e-11,SHIP04S,-1798714.7004453933,-1798714.7004,True,0,606,0.00616650003939867
68,1e-07,1e-09,1e-15,SHIP04S,-1798714.7004453936,-1798714.7004,True,0,608,0.007421291898936033
69,1e-07,1e-10,1e-11,SHIP04S,-1798714.7004453933,-1798714.7004,True,0,606,0.006363250082358718
67,1e-07,1e-09,1e-13,SHIP04S,-1798714.7004453933,-1798714.7004,True,0,606,0.010892999824136496
71,1e-07,1e-10,1e-15,SHIP04S,-1798714.7004453936,-1798714.7004,True,0,608,0.007313000038266182
70,1e-07,1e-10,1e-13,SHIP04S,-1798714.7004453933,-1798714.7004,True,0,606,0.014086500043049455
0,1e-05,0.001,1e-11,BANDM,158.62801845009378,158.62801845,True,0,1257,0.0470771670807153
1,1e-05,0.001,1e-13,BANDM,158.62801845009594,158.62801845,True,0,1324,0.056339832954108715
3,1e-05,0.0001,1e-11,BANDM,158.62801845002156,158.62801845,True,0,1256,0.054597290931269526
4,1e-05,0.0001,1e-13,BANDM,158.62801845024026,158.62801845,True,0,1339,0.04782991693355143
7,1e-05,1e-05,1e-13,BANDM,158.62801845024026,158.62801845,True,0,1339,0.04897116590291262
6,1e-05,1e-05,1e-11,BANDM,158.62801845002156,158.62801845,True,0,1256,0.04981433413922787
5,1e-05,0.0001,1e-15,BANDM,158.62801841795502,158.62801845,True,0,1746,0.06611762498505414
2,1e-05,0.001,1e-15,BANDM,158.62801834853002,158.62801845,True,0,1606,0.06873941700905561
8,1e-05,1e-05,1e-15,BANDM,158.6280183873048,158.62801845,True,0,1472,0.06302062515169382
9,1e-05,1e-06,1e-11,BANDM,158.62801845002156,158.62801845,True,0,1256,0.053659250028431416
12,1e-05,1e-07,1e-11,BANDM,158.62801845002156,158.62801845,True,0,1256,0.05119674978777766
13,1e-05,1e-07,1e-13,BANDM,158.62801845024026,158.62801845,True,0,1339,0.05402345792390406
16,1e-05,1e-08,1e-13,BANDM,158.62801845024026,158.62801845,True,0,1339,0.04265891690738499
10,1e-05,1e-06,1e-13,BANDM,158.62801845024026,158.62801845,True,0,1339,0.05946612497791648
11,1e-05,1e-06,1e-15,BANDM,158.62801835423582,158.62801845,True,0,1611,0.06345812510699034
15,1e-05,1e-08,1e-11,BANDM,158.62801845002156,158.62801845,True,0,1256,0.04993470921181142
23,1e-05,1e-10,1e-15,BANDM,-inf,158.62801845,False,3,92,0.0020733338315039873
21,1e-05,1e-10,1e-11,BANDM,-inf,158.62801845,False,3,299,0.016453000018373132
14,1e-05,1e-07,1e-15,BANDM,-1.443180709662193e+16,158.62801845,True,0,2065,0.08600333309732378
18,1e-05,1e-09,1e-11,BANDM,158.62801845002156,158.62801845,True,0,1256,0.05372058297507465
19,1e-05,1e-09,1e-13,BANDM,158.62801845024026,158.62801845,True,0,1339,0.06329579115845263
22,1e-05,1e-10,1e-13,BANDM,158.62801845024026,158.62801845,True,0,1339,0.05759370792657137
24,1e-06,0.001,1e-11,BANDM,158.62801845009378,158.62801845,True,0,1257,0.057628917042165995
25,1e-06,0.001,1e-13,BANDM,158.62801845009594,158.62801845,True,0,1324,0.058468875009566545
27,1e-06,0.0001,1e-11,BANDM,158.62801845002156,158.62801845,True,0,1256,0.045391625026240945
26,1e-06,0.001,1e-15,BANDM,158.62801834853002,158.62801845,True,0,1606,0.061681707855314016
28,1e-06,0.0001,1e-13,BANDM,158.62801845024026,158.62801845,True,0,1339,0.04151858389377594
31,1e-06,1e-05,1e-13,BANDM,158.62801845024026,158.62801845,True,0,1339,0.04263316607102752
30,1e-06,1e-05,1e-11,BANDM,158.62801845002156,158.62801845,True,0,1256,0.053572791861370206
33,1e-06,1e-06,1e-11,BANDM,158.62801845002156,158.62801845,True,0,1256,0.04921120801009238
29,1e-06,0.0001,1e-15,BANDM,158.62801841795502,158.62801845,True,0,1746,0.07098891702480614
34,1e-06,1e-06,1e-13,BANDM,158.62801845024026,158.62801845,True,0,1339,0.049667540937662125
32,1e-06,1e-05,1e-15,BANDM,158.6280183873048,158.62801845,True,0,1472,0.06569487508386374
35,1e-06,1e-06,1e-15,BANDM,158.62801835423582,158.62801845,True,0,1611,0.058621207950636744
36,1e-06,1e-07,1e-11,BANDM,158.62801845002156,158.62801845,True,0,1256,0.04743450018577278
37,1e-06,1e-07,1e-13,BANDM,158.62801845024026,158.62801845,True,0,1339,0.04287908296100795
40,1e-06,1e-08,1e-13,BANDM,158.62801845024026,158.62801845,True,0,1339,0.04335354082286358
45,1e-06,1e-10,1e-11,BANDM,-inf,158.62801845,False,3,299,0.0075247499626129866
39,1e-06,1e-08,1e-11,BANDM,158.62801845002156,158.62801845,True,0,1256,0.05436691688373685
47,1e-06,1e-10,1e-15,BANDM,-inf,158.62801845,False,3,92,0.0015692920424044132
42,1e-06,1e-09,1e-11,BANDM,158.62801845002156,158.62801845,True,0,1256,0.04762299987487495
43,1e-06,1e-09,1e-13,BANDM,158.62801845024026,158.62801845,True,0,1339,0.052974042017012835
38,1e-06,1e-07,1e-15,BANDM,-1.443180709662193e+16,158.62801845,True,0,2065,0.09452020796015859
48,1e-07,0.001,1e-11,BANDM,158.62801845009378,158.62801845,True,0,1257,0.04116237489506602
46,1e-06,1e-10,1e-13,BANDM,158.62801845024026,158.62801845,True,0,1339,0.05842762487009168
49,1e-07,0.001,1e-13,BANDM,158.62801845009594,158.62801845,True,0,1324,0.04996249987743795
51,1e-07,0.0001,1e-11,BANDM,158.62801845002156,158.62801845,True,0,1256,0.04552487493492663
50,1e-07,0.001,1e-15,BANDM,-inf,158.62801845,False,2,1335,0.060630083084106445
52,1e-07,0.0001,1e-13,BANDM,158.62801845024026,158.62801845,True,0,1339,0.05031695798970759
54,1e-07,1e-05,1e-11,BANDM,158.62801845002156,158.62801845,True,0,1256,0.051313749980181456
53,1e-07,0.0001,1e-15,BANDM,158.62801841795505,158.62801845,True,0,1748,0.07038362510502338
56,1e-07,1e-05,1e-15,BANDM,-inf,158.62801845,False,2,1201,0.048979541985318065
55,1e-07,1e-05,1e-13,BANDM,158.62801845024026,158.62801845,True,0,1339,0.06571887503378093
57,1e-07,1e-06,1e-11,BANDM,158.62801845002156,158.62801845,True,0,1256,0.047156875021755695
58,1e-07,1e-06,1e-13,BANDM,158.62801845024026,158.62801845,True,0,1339,0.0486822088714689
59,1e-07,1e-06,1e-15,BANDM,158.62801835423605,158.62801845,True,0,1611,0.05745633319020271
60,1e-07,1e-07,1e-11,BANDM,158.62801845002156,158.62801845,True,0,1256,0.057864125119522214
61,1e-07,1e-07,1e-13,BANDM,158.62801845024026,158.62801845,True,0,1339,0.058932082960382104
17,1e-05,1e-08,1e-15,BANDM,-inf,158.62801845,False,1,10000,0.4495250419713557
63,1e-07,1e-08,1e-11,BANDM,158.62801845002156,158.62801845,True,0,1256,0.05593350017443299
20,1e-05,1e-09,1e-15,BANDM,-inf,158.62801845,False,1,10000,0.42989287502132356
64,1e-07,1e-08,1e-13,BANDM,158.62801845024026,158.62801845,True,0,1339,0.04730283305980265
69,1e-07,1e-10,1e-11,BANDM,-inf,158.62801845,False,3,299,0.008101291954517365
62,1e-07,1e-07,1e-15,BANDM,-1.443180709662193e+16,158.62801845,True,0,2065,0.09429850010201335
71,1e-07,1e-10,1e-15,BANDM,-inf,158.62801845,False,3,92,0.0017016669735312462
66,1e-07,1e-09,1e-11,BANDM,158.62801845002156,158.62801845,True,0,1256,0.0413777909707278
67,1e-07,1e-09,1e-13,BANDM,158.62801845024026,158.62801845,True,0,1339,0.05526370811276138
2,1e-05,0.001,1e-15,SCFXM1,-18416.759028350636,-18416.759028,True,0,749,0.021035500103607774
0,1e-05,0.001,1e-11,SCFXM1,-18416.759028350396,-18416.759028,True,0,794,0.03504716604948044
1,1e-05,0.001,1e-13,SCFXM1,-18416.759028348923,-18416.759028,True,0,838,0.032119832932949066
70,1e-07,1e-10,1e-13,BANDM,158.62801845024026,158.62801845,True,0,1339,0.05171649996191263
5,1e-05,0.0001,1e-15,SCFXM1,-18416.759028350636,-18416.759028,True,0,749,0.02051333407871425
3,1e-05,0.0001,1e-11,SCFXM1,-18416.759028348195,-18416.759028,True,0,794,0.0304967500269413
4,1e-05,0.0001,1e-13,SCFXM1,-18416.75902834625,-18416.759028,True,0,822,0.03354724985547364
6,1e-05,1e-05,1e-11,SCFXM1,-18416.75902841995,-18416.759028,True,0,801,0.032316625118255615
7,1e-05,1e-05,1e-13,SCFXM1,-18416.759028417593,-18416.759028,True,0,847,0.03302129195071757
8,1e-05,1e-05,1e-15,SCFXM1,-18416.759028350636,-18416.759028,True,0,749,0.02858974994160235
9,1e-05,1e-06,1e-11,SCFXM1,-18416.75902841995,-18416.759028,True,0,801,0.03500058292411268
11,1e-05,1e-06,1e-15,SCFXM1,-18416.759028350636,-18416.759028,True,0,749,0.029212167020887136
10,1e-05,1e-06,1e-13,SCFXM1,-18416.759028417593,-18416.759028,True,0,847,0.03726725000888109
12,1e-05,1e-07,1e-11,SCFXM1,-18416.75902841995,-18416.759028,True,0,801,0.03677916596643627
13,1e-05,1e-07,1e-13,SCFXM1,-18416.759028417593,-18416.759028,True,0,847,0.03203379106707871
15,1e-05,1e-08,1e-11,SCFXM1,-18416.75902841995,-18416.759028,True,0,801,0.02263420820236206
41,1e-06,1e-08,1e-15,BANDM,-inf,158.62801845,False,1,10000,0.44286304200068116
14,1e-05,1e-07,1e-15,SCFXM1,-18416.759028350636,-18416.759028,True,0,749,0.03161195805296302
16,1e-05,1e-08,1e-13,SCFXM1,-18416.759028417593,-18416.759028,True,0,847,0.042642208049073815
17,1e-05,1e-08,1e-15,SCFXM1,-18416.759028350636,-18416.759028,True,0,749,0.03099545813165605
20,1e-05,1e-09,1e-15,SCFXM1,-18416.759028350636,-18416.759028,True,0,749,0.021046333014965057
18,1e-05,1e-09,1e-11,SCFXM1,-18416.75902841995,-18416.759028,True,0,801,0.03074737498536706
21,1e-05,1e-10,1e-11,SCFXM1,-18416.75902841995,-18416.759028,True,0,801,0.024771291995421052
19,1e-05,1e-09,1e-13,SCFXM1,-18416.759028417593,-18416.759028,True,0,847,0.03549720789305866
22,1e-05,1e-10,1e-13,SCFXM1,-18416.759028417593,-18416.759028,True,0,847,0.025308542186394334
23,1e-05,1e-10,1e-15,SCFXM1,-18416.759028350636,-18416.759028,True,0,749,0.027438333025202155
26,1e-06,0.001,1e-15,SCFXM1,-18416.759028350636,-18416.759028,True,0,749,0.02119891601614654
44,1e-06,1e-09,1e-15,BANDM,-inf,158.62801845,False,1,10000,0.47070920816622674
24,1e-06,0.001,1e-11,SCFXM1,-18416.759028350396,-18416.759028,True,0,794,0.03025091695599258
25,1e-06,0.001,1e-13,SCFXM1,-18416.759028348923,-18416.759028,True,0,838,0.03594891703687608
27,1e-06,0.0001,1e-11,SCFXM1,-18416.759028348195,-18416.759028,True,0,794,0.032514250138774514
28,1e-06,0.0001,1e-13,SCFXM1,-18416.75902834625,-18416.759028,True,0,822,0.024673165986314416
32,1e-06,1e-05,1e-15,SCFXM1,-18416.759028350636,-18416.759028,True,0,749,0.020742416847497225
31,1e-06,1e-05,1e-13,SCFXM1,-18416.759028417593,-18416.759028,True,0,847,0.025753790978342295
29,1e-06,0.0001,1e-15,SCFXM1,-18416.759028350636,-18416.759028,True,0,749,0.035097834188491106
34,1e-06,1e-06,1e-13,SCFXM1,-18416.759028417593,-18416.759028,True,0,847,0.025266374927014112
33,1e-06,1e-06,1e-11,SCFXM1,-18416.75902841995,-18416.759028,True,0,801,0.028366874903440475
35,1e-06,1e-06,1e-15,SCFXM1,-18416.759028350636,-18416.759028,True,0,749,0.021191417006775737
30,1e-06,1e-05,1e-11,SCFXM1,-18416.75902841995,-18416.759028,True,0,801,0.041115500032901764
36,1e-06,1e-07,1e-11,SCFXM1,-18416.75902841995,-18416.759028,True,0,801,0.0230254998896271
37,1e-06,1e-07,1e-13,SCFXM1,-18416.759028417593,-18416.759028,True,0,847,0.02554779197089374
38,1e-06,1e-07,1e-15,SCFXM1,-18416.759028350636,-18416.759028,True,0,749,0.029272499959915876
39,1e-06,1e-08,1e-11,SCFXM1,-18416.75902841995,-18416.759028,True,0,801,0.02320291707292199
41,1e-06,1e-08,1e-15,SCFXM1,-18416.759028350636,-18416.759028,True,0,749,0.021014000056311488
40,1e-06,1e-08,1e-13,SCFXM1,-18416.759028417593,-18416.759028,True,0,847,0.03139229095540941
42,1e-06,1e-09,1e-11,SCFXM1,-18416.75902841995,-18416.759028,True,0,801,0.030034290859475732
44,1e-06,1e-09,1e-15,SCFXM1,-18416.759028350636,-18416.759028,True,0,749,0.027622624998912215
45,1e-06,1e-10,1e-11,SCFXM1,-18416.75902841995,-18416.759028,True,0,801,0.023601874941959977
47,1e-06,1e-10,1e-15,SCFXM1,-18416.759028350636,-18416.759028,True,0,749,0.027857874985784292
43,1e-06,1e-09,1e-13,SCFXM1,-18416.759028417593,-18416.759028,True,0,847,0.04412083304487169
49,1e-07,0.001,1e-13,SCFXM1,-18416.759028348923,-18416.759028,True,0,838,0.025916334008798003
46,1e-06,1e-10,1e-13,SCFXM1,-18416.759028417593,-18416.759028,True,0,847,0.040051708929240704
48,1e-07,0.001,1e-11,SCFXM1,-18416.759028350396,-18416.759028,True,0,794,0.02966491598635912
53,1e-07,0.0001,1e-15,SCFXM1,-18416.759028350636,-18416.759028,True,0,749,0.020618708105757833
52,1e-07,0.0001,1e-13,SCFXM1,-18416.75902834625,-18416.759028,True,0,822,0.02524787513539195
50,1e-07,0.001,1e-15,SCFXM1,-18416.759028350636,-18416.759028,True,0,749,0.03675674996338785
51,1e-07,0.0001,1e-11,SCFXM1,-18416.759028348195,-18416.759028,True,0,794,0.0348001669626683
56,1e-07,1e-05,1e-15,SCFXM1,-18416.759028350636,-18416.759028,True,0,749,0.02307833288796246
55,1e-07,1e-05,1e-13,SCFXM1,-18416.759028417593,-18416.759028,True,0,847,0.033487833105027676
54,1e-07,1e-05,1e-11,SCFXM1,-18416.75902841995,-18416.759028,True,0,801,0.03681087517179549
59,1e-07,1e-06,1e-15,SCFXM1,-18416.759028350636,-18416.759028,True,0,749,0.0205485001206398
57,1e-07,1e-06,1e-11,SCFXM1,-18416.75902841995,-18416.759028,True,0,801,0.027228750055655837
58,1e-07,1e-06,1e-13,SCFXM1,-18416.759028417593,-18416.759028,True,0,847,0.02970500010997057
60,1e-07,1e-07,1e-11,SCFXM1,-18416.75902841995,-18416.759028,True,0,801,0.03361958311870694
61,1e-07,1e-07,1e-13,SCFXM1,-18416.759028417593,-18416.759028,True,0,847,0.028864583000540733
62,1e-07,1e-07,1e-15,SCFXM1,-18416.759028350636,-18416.759028,True,0,749,0.03048012498766184
63,1e-07,1e-08,1e-11,SCFXM1,-18416.75902841995,-18416.759028,True,0,801,0.03072375012561679
64,1e-07,1e-08,1e-13,SCFXM1,-18416.759028417593,-18416.759028,True,0,847,0.026005583116784692
65,1e-07,1e-08,1e-15,BANDM,-inf,158.62801845,False,1,10000,0.42359304218553007
65,1e-07,1e-08,1e-15,SCFXM1,-18416.759028350636,-18416.759028,True,0,749,0.02931116707623005
67,1e-07,1e-09,1e-13,SCFXM1,-18416.759028417593,-18416.759028,True,0,847,0.02522791689261794
66,1e-07,1e-09,1e-11,SCFXM1,-18416.75902841995,-18416.759028,True,0,801,0.03070737491361797
68,1e-07,1e-09,1e-15,SCFXM1,-18416.759028350636,-18416.759028,True,0,749,0.03217387502081692
0,1e-05,0.001,1e-11,SCSD6,-50.500000078262346,-50.500000078,True,0,663,0.02069804212078452
71,1e-07,1e-10,1e-15,SCFXM1,-18416.759028350636,-18416.759028,True,0,749,0.02984254201874137
1,1e-05,0.001,1e-13,SCSD6,-50.50000007826237,-50.500000078,True,0,708,0.022608582861721516
69,1e-07,1e-10,1e-11,SCFXM1,-18416.75902841995,-18416.759028,True,0,801,0.032827958930283785
70,1e-07,1e-10,1e-13,SCFXM1,-18416.759028417593,-18416.759028,True,0,847,0.03327029198408127
3,1e-05,0.0001,1e-11,SCSD6,-50.500000078262346,-50.500000078,True,0,663,0.023323250003159046
2,1e-05,0.001,1e-15,SCSD6,-50.50000007826234,-50.500000078,True,0,630,0.025633249897509813
8,1e-05,1e-05,1e-15,SCSD6,-50.50000007826234,-50.500000078,True,0,630,0.01879550004377961
4,1e-05,0.0001,1e-13,SCSD6,-50.50000007826237,-50.500000078,True,0,708,0.029222791083157063
5,1e-05,0.0001,1e-15,SCSD6,-50.50000007826234,-50.500000078,True,0,630,0.025591749930754304
11,1e-05,1e-06,1e-15,SCSD6,-50.50000007826234,-50.500000078,True,0,630,0.019128916086629033
7,1e-05,1e-05,1e-13,SCSD6,-50.50000007826237,-50.500000078,True,0,708,0.029428707901388407
6,1e-05,1e-05,1e-11,SCSD6,-50.500000078262346,-50.500000078,True,0,663,0.02939562499523163
9,1e-05,1e-06,1e-11,SCSD6,-50.500000078262346,-50.500000078,True,0,663,0.0275263749063015
68,1e-07,1e-09,1e-15,BANDM,-inf,158.62801845,False,1,10000,0.46053983294405043
10,1e-05,1e-06,1e-13,SCSD6,-50.50000007826237,-50.500000078,True,0,708,0.03158708312548697
13,1e-05,1e-07,1e-13,SCSD6,-50.50000007826237,-50.500000078,True,0,708,0.021920125000178814
17,1e-05,1e-08,1e-15,SCSD6,-50.50000007826234,-50.500000078,True,0,630,0.019106874940916896
14,1e-05,1e-07,1e-15,SCSD6,-50.50000007826234,-50.500000078,True,0,630,0.02594941691495478
12,1e-05,1e-07,1e-11,SCSD6,-50.500000078262346,-50.500000078,True,0,663,0.0304408750962466
18,1e-05,1e-09,1e-11,SCSD6,-49.09175484469489,-50.500000078,False,3,595,0.02468008385039866
15,1e-05,1e-08,1e-11,SCSD6,-50.500000078262346,-50.500000078,True,0,663,0.028708874946460128
19,1e-05,1e-09,1e-13,SCSD6,-50.50000007826237,-50.500000078,True,0,708,0.029798957984894514
20,1e-05,1e-09,1e-15,SCSD6,-50.50000007826234,-50.500000078,True,0,630,0.01920654089190066
16,1e-05,1e-08,1e-13,SCSD6,-50.50000007826237,-50.500000078,True,0,708,0.03205599985085428
21,1e-05,1e-10,1e-11,SCSD6,-49.09175484469489,-50.500000078,False,3,595,0.019671875052154064
23,1e-05,1e-10,1e-15,SCSD6,-50.50000007826234,-50.500000078,True,0,630,0.0187933340203017
65,1e-07,1e-08,1e-15,BNL1,-inf,-1977.6292856,False,1,10000,4.916418584063649
26,1e-06,0.001,1e-15,SCSD6,-50.50000007826234,-50.500000078,True,0,630,0.018843207973986864
24,1e-06,0.001,1e-11,SCSD6,-50.500000078262346,-50.500000078,True,0,663,0.028032833943143487
29,1e-06,0.0001,1e-15,SCSD6,-50.50000007826234,-50.500000078,True,0,630,0.019084667088463902
25,1e-06,0.001,1e-13,SCSD6,-50.50000007826237,-50.500000078,True,0,708,0.025786166079342365
22,1e-05,1e-10,1e-13,SCSD6,-50.50000007826237,-50.500000078,True,0,708,0.036569332936778665
30,1e-06,1e-05,1e-11,SCSD6,-50.500000078262346,-50.500000078,True,0,663,0.020164999878033996
27,1e-06,0.0001,1e-11,SCSD6,-50.500000078262346,-50.500000078,True,0,663,0.029527666978538036
28,1e-06,0.0001,1e-13,SCSD6,-50.50000007826237,-50.500000078,True,0,708,0.030766707845032215
32,1e-06,1e-05,1e-15,SCSD6,-50.50000007826234,-50.500000078,True,0,630,0.020848625106737018
34,1e-06,1e-06,1e-13,SCSD6,-50.50000007826237,-50.500000078,True,0,708,0.02283616689965129
31,1e-06,1e-05,1e-13,SCSD6,-50.50000007826237,-50.500000078,True,0,708,0.03516108286567032
33,1e-06,1e-06,1e-11,SCSD6,-50.500000078262346,-50.500000078,True,0,663,0.026082542026415467
35,1e-06,1e-06,1e-15,SCSD6,-50.50000007826234,-50.500000078,True,0,630,0.02528904192149639
37,1e-06,1e-07,1e-13,SCSD6,-50.50000007826237,-50.500000078,True,0,708,0.02179604209959507
38,1e-06,1e-07,1e-15,SCSD6,-50.50000007826234,-50.500000078,True,0,630,0.023834082996472716
39,1e-06,1e-08,1e-11,SCSD6,-50.500000078262346,-50.500000078,True,0,663,0.02025583409704268
36,1e-06,1e-07,1e-11,SCSD6,-50.500000078262346,-50.500000078,True,0,663,0.03482362488284707
42,1e-06,1e-09,1e-11,SCSD6,-49.09175484469489,-50.500000078,False,3,595,0.018129624892026186
40,1e-06,1e-08,1e-13,SCSD6,-50.50000007826237,-50.500000078,True,0,708,0.03416499984450638
43,1e-06,1e-09,1e-13,SCSD6,-50.50000007826237,-50.500000078,True,0,708,0.022442749934270978
44,1e-06,1e-09,1e-15,SCSD6,-50.50000007826234,-50.500000078,True,0,630,0.021999083925038576
45,1e-06,1e-10,1e-11,SCSD6,-49.09175484469489,-50.500000078,False,3,595,0.020354167092591524
47,1e-06,1e-10,1e-15,SCSD6,-50.50000007826234,-50.500000078,True,0,630,0.022520666010677814
41,1e-06,1e-08,1e-15,SCSD6,-50.50000007826234,-50.500000078,True,0,630,0.036265207920223475
46,1e-06,1e-10,1e-13,SCSD6,-50.50000007826237,-50.500000078,True,0,708,0.02883158391341567
51,1e-07,0.0001,1e-11,SCSD6,-50.500000078262346,-50.500000078,True,0,663,0.021089999936521053
50,1e-07,0.001,1e-15,SCSD6,-50.50000007826234,-50.500000078,True,0,630,0.025606084149330854
52,1e-07,0.0001,1e-13,SCSD6,-50.50000007826237,-50.500000078,True,0,708,0.022534166928380728
48,1e-07,0.001,1e-11,SCSD6,-50.500000078262346,-50.500000078,True,0,663,0.035070291021838784
53,1e-07,0.0001,1e-15,SCSD6,-50.50000007826234,-50.500000078,True,0,630,0.022503624903038144
49,1e-07,0.001,1e-13,SCSD6,-50.50000007826237,-50.500000078,True,0,708,0.03790866700001061
55,1e-07,1e-05,1e-13,SCSD6,-50.50000007826237,-50.500000078,True,0,708,0.022533167153596878
57,1e-07,1e-06,1e-11,SCSD6,-50.500000078262346,-50.500000078,True,0,663,0.020521084079518914
54,1e-07,1e-05,1e-11,SCSD6,-50.500000078262346,-50.500000078,True,0,663,0.028446167008951306
56,1e-07,1e-05,1e-15,SCSD6,-50.50000007826234,-50.500000078,True,0,630,0.027938707964494824
59,1e-07,1e-06,1e-15,SCSD6,-50.50000007826234,-50.500000078,True,0,630,0.0192504171282053
61,1e-07,1e-07,1e-13,SCSD6,-50.50000007826237,-50.500000078,True,0,708,0.022708249976858497
65,1e-07,1e-08,1e-15,SCSD6,-50.50000007826234,-50.500000078,True,0,630,0.01946787489578128
63,1e-07,1e-08,1e-11,SCSD6,-50.500000078262346,-50.500000078,True,0,663,0.027046832954511046
58,1e-07,1e-06,1e-13,SCSD6,-50.50000007826237,-50.500000078,True,0,708,0.03408508305437863
66,1e-07,1e-09,1e-11,SCSD6,-49.09175484469489,-50.500000078,False,3,595,0.024859041906893253
60,1e-07,1e-07,1e-11,SCSD6,-50.500000078262346,-50.500000078,True,0,663,0.03560224990360439
67,1e-07,1e-09,1e-13,SCSD6,-50.50000007826237,-50.500000078,True,0,708,0.02222395921126008
62,1e-07,1e-07,1e-15,SCSD6,-50.50000007826234,-50.500000078,True,0,630,0.03242141706869006
0,1e-05,0.001,1e-11,AGG,36313084.469709925,35991767.287,True,0,625,0.009589583147317171
64,1e-07,1e-08,1e-13,SCSD6,-50.50000007826237,-50.500000078,True,0,708,0.04024504218250513
68,1e-07,1e-09,1e-15,SCSD6,-50.50000007826234,-50.500000078,True,0,630,0.026596708921715617
1,1e-05,0.001,1e-13,AGG,39288438.306306615,35991767.287,True,0,606,0.011133332969620824
4,1e-05,0.0001,1e-13,AGG,35991767.28657625,35991767.287,True,0,615,0.011113667162135243
69,1e-07,1e-10,1e-11,SCSD6,-49.09175484469489,-50.500000078,False,3,595,0.024929458973929286
70,1e-07,1e-10,1e-13,SCSD6,-50.50000007826237,-50.500000078,True,0,708,0.021832500118762255
2,1e-05,0.001,1e-15,AGG,39288438.306306615,35991767.287,True,0,606,0.016894042026251554
3,1e-05,0.0001,1e-11,AGG,35991767.28657626,35991767.287,True,0,618,0.01782583398744464
5,1e-05,0.0001,1e-15,AGG,35991767.28657625,35991767.287,True,0,615,0.011089249979704618
71,1e-07,1e-10,1e-15,SCSD6,-50.50000007826234,-50.500000078,True,0,630,0.025225166929885745
7,1e-05,1e-05,1e-13,AGG,35991767.28657625,35991767.287,True,0,615,0.014573917025700212
9,1e-05,1e-06,1e-11,AGG,35991767.28657626,35991767.287,True,0,618,0.011561125051230192
8,1e-05,1e-05,1e-15,AGG,35991767.28657625,35991767.287,True,0,615,0.011603832943364978
6,1e-05,1e-05,1e-11,AGG,35991767.28657626,35991767.287,True,0,618,0.019084458937868476
10,1e-05,1e-06,1e-13,AGG,35991767.28657625,35991767.287,True,0,615,0.012407124973833561
12,1e-05,1e-07,1e-11,AGG,35991767.28657626,35991767.287,True,0,618,0.012405249988660216
13,1e-05,1e-07,1e-13,AGG,35991767.28657625,35991767.287,True,0,615,0.012115041958168149
14,1e-05,1e-07,1e-15,AGG,35991767.28657625,35991767.287,True,0,615,0.01214612484909594
19,1e-05,1e-09,1e-13,AGG,35991767.28657625,35991767.287,True,0,615,0.012447125045582652
20,1e-05,1e-09,1e-15,AGG,35991767.28657625,35991767.287,True,0,615,0.012530833017081022
15,1e-05,1e-08,1e-11,AGG,35991767.28657626,35991767.287,True,0,618,0.020657749846577644
11,1e-05,1e-06,1e-15,AGG,35991767.28657625,35991767.287,True,0,615,0.029011625098064542
22,1e-05,1e-10,1e-13,AGG,35991767.28657625,35991767.287,True,0,615,0.012457292061299086
16,1e-05,1e-08,1e-13,AGG,35991767.28657625,35991767.287,True,0,615,0.0182331670075655
23,1e-05,1e-10,1e-15,AGG,35991767.28657625,35991767.287,True,0,615,0.013087708037346601
18,1e-05,1e-09,1e-11,AGG,35991767.28657626,35991767.287,True,0,618,0.022577458061277866
17,1e-05,1e-08,1e-15,AGG,35991767.28657625,35991767.287,True,0,615,0.026587124913930893
25,1e-06,0.001,1e-13,AGG,39288438.306306615,35991767.287,True,0,606,0.010259124916046858
26,1e-06,0.001,1e-15,AGG,39288438.306306615,35991767.287,True,0,606,0.01013633282855153
21,1e-05,1e-10,1e-11,AGG,35991767.28657626,35991767.287,True,0,618,0.027515500085428357
27,1e-06,0.0001,1e-11,AGG,35991767.28657626,35991767.287,True,0,618,0.012856625020503998
30,1e-06,1e-05,1e-11,AGG,35991767.28657626,35991767.287,True,0,618,0.011790208052843809
31,1e-06,1e-05,1e-13,AGG,35991767.28657625,35991767.287,True,0,615,0.012541500153020024
24,1e-06,0.001,1e-11,AGG,36313084.469709925,35991767.287,True,0,625,0.02088587498292327
28,1e-06,0.0001,1e-13,AGG,35991767.28657625,35991767.287,True,0,615,0.01901045790873468
29,1e-06,0.0001,1e-15,AGG,35991767.28657625,35991767.287,True,0,615,0.02064579096622765
32,1e-06,1e-05,1e-15,AGG,35991767.28657625,35991767.287,True,0,615,0.013143583899363875
34,1e-06,1e-06,1e-13,AGG,35991767.28657625,35991767.287,True,0,615,0.011813166085630655
35,1e-06,1e-06,1e-15,AGG,35991767.28657625,35991767.287,True,0,615,0.012081542052328587
36,1e-06,1e-07,1e-11,AGG,35991767.28657626,35991767.287,True,0,618,0.011722249910235405
37,1e-06,1e-07,1e-13,AGG,35991767.28657625,35991767.287,True,0,615,0.011641208082437515
33,1e-06,1e-06,1e-11,AGG,35991767.28657626,35991767.287,True,0,618,0.017076958902180195
39,1e-06,1e-08,1e-11,AGG,35991767.28657626,35991767.287,True,0,618,0.012863999931141734
41,1e-06,1e-08,1e-15,AGG,35991767.28657625,35991767.287,True,0,615,0.011979167116805911
38,1e-06,1e-07,1e-15,AGG,35991767.28657625,35991767.287,True,0,615,0.018137834034860134
40,1e-06,1e-08,1e-13,AGG,35991767.28657625,35991767.287,True,0,615,0.012049041921272874
45,1e-06,1e-10,1e-11,AGG,35991767.28657626,35991767.287,True,0,618,0.012872999999672174
46,1e-06,1e-10,1e-13,AGG,35991767.28657625,35991767.287,True,0,615,0.012000167043879628
42,1e-06,1e-09,1e-11,AGG,35991767.28657626,35991767.287,True,0,618,0.01563929207623005
44,1e-06,1e-09,1e-15,AGG,35991767.28657625,35991767.287,True,0,615,0.017058084020391107
48,1e-07,0.001,1e-11,AGG,36313084.469709925,35991767.287,True,0,625,0.010519915958866477
43,1e-06,1e-09,1e-13,AGG,35991767.28657625,35991767.287,True,0,615,0.022047708043828607
47,1e-06,1e-10,1e-15,AGG,35991767.28657625,35991767.287,True,0,615,0.019832124933600426
51,1e-07,0.0001,1e-11,AGG,35991767.28657626,35991767.287,True,0,618,0.01206745789386332
53,1e-07,0.0001,1e-15,AGG,35991767.28657625,35991767.287,True,0,615,0.011853792006149888
52,1e-07,0.0001,1e-13,AGG,35991767.28657625,35991767.287,True,0,615,0.012275833170861006
49,1e-07,0.001,1e-13,AGG,39288438.306306615,35991767.287,True,0,606,0.02022370812483132
50,1e-07,0.001,1e-15,AGG,39288438.306306615,35991767.287,True,0,606,0.02234120899811387
57,1e-07,1e-06,1e-11,AGG,35991767.28657626,35991767.287,True,0,618,0.01237587514333427
54,1e-07,1e-05,1e-11,AGG,35991767.28657626,35991767.287,True,0,618,0.022582790814340115
58,1e-07,1e-06,1e-13,AGG,35991767.28657625,35991767.287,True,0,615,0.012127125170081854
55,1e-07,1e-05,1e-13,AGG,35991767.28657625,35991767.287,True,0,615,0.020072249928489327
59,1e-07,1e-06,1e-15,AGG,35991767.28657625,35991767.287,True,0,615,0.013888916932046413
61,1e-07,1e-07,1e-13,AGG,35991767.28657625,35991767.287,True,0,615,0.01240624999627471
56,1e-07,1e-05,1e-15,AGG,35991767.28657625,35991767.287,True,0,615,0.02520708297379315
62,1e-07,1e-07,1e-15,AGG,35991767.28657625,35991767.287,True,0,615,0.015493541955947876
60,1e-07,1e-07,1e-11,AGG,35991767.28657626,35991767.287,True,0,618,0.01847829087637365
64,1e-07,1e-08,1e-13,AGG,35991767.28657625,35991767.287,True,0,615,0.011924457969143987
65,1e-07,1e-08,1e-15,AGG,35991767.28657625,35991767.287,True,0,615,0.0121005829423666
66,1e-07,1e-09,1e-11,AGG,35991767.28657626,35991767.287,True,0,618,0.012309332843869925
63,1e-07,1e-08,1e-11,AGG,35991767.28657626,35991767.287,True,0,618,0.019549624994397163
67,1e-07,1e-09,1e-13,AGG,35991767.28657625,35991767.287,True,0,615,0.018530499888584018
68,1e-07,1e-09,1e-15,AGG,35991767.28657625,35991767.287,True,0,615,0.014151500072330236
71,1e-07,1e-10,1e-15,AGG,35991767.28657625,35991767.287,True,0,615,0.011425417149439454
70,1e-07,1e-10,1e-13,AGG,35991767.28657625,35991767.287,True,0,615,0.014476415934041142
69,1e-07,1e-10,1e-11,AGG,35991767.28657626,35991767.287,True,0,618,0.01989604183472693
1,1e-05,0.001,1e-13,E226,18.751929066374707,18.751929066,True,0,734,0.013176416978240013
0,1e-05,0.001,1e-11,E226,18.7519290663747,18.751929066,True,0,735,0.016012291191145778
2,1e-05,0.001,1e-15,E226,18.75192906636937,18.751929066,True,0,844,0.015531959012150764
6,1e-05,1e-05,1e-11,E226,18.75192906637472,18.751929066,True,0,737,0.013312582857906818
7,1e-05,1e-05,1e-13,E226,18.75192906637468,18.751929066,True,0,738,0.0133412079885602
5,1e-05,0.0001,1e-15,E226,18.751929066345806,18.751929066,True,0,785,0.014657665975391865
4,1e-05,0.0001,1e-13,E226,18.75192906637468,18.751929066,True,0,738,0.020635916851460934
8,1e-05,1e-05,1e-15,E226,18.751929066345806,18.751929066,True,0,785,0.014329500030726194
10,1e-05,1e-06,1e-13,E226,18.75192906637468,18.751929066,True,0,738,0.015218708198517561
9,1e-05,1e-06,1e-11,E226,18.75192906637472,18.751929066,True,0,737,0.016062207985669374
3,1e-05,0.0001,1e-11,E226,18.75192906637472,18.751929066,True,0,737,0.028462500078603625
11,1e-05,1e-06,1e-15,E226,18.751929066345806,18.751929066,True,0,785,0.015858666971325874
13,1e-05,1e-07,1e-13,E226,18.75192906637468,18.751929066,True,0,738,0.01317395898513496
12,1e-05,1e-07,1e-11,E226,18.75192906637472,18.751929066,True,0,737,0.013371792156249285
14,1e-05,1e-07,1e-15,E226,18.751929066345806,18.751929066,True,0,785,0.0145988748408854
17,1e-05,1e-08,1e-15,E226,18.751929066345806,18.751929066,True,0,785,0.014429083094000816
19,1e-05,1e-09,1e-13,E226,18.75192906637468,18.751929066,True,0,738,0.013314666924998164
23,1e-05,1e-10,1e-15,E226,-inf,18.751929066,False,3,335,0.004682334139943123
16,1e-05,1e-08,1e-13,E226,18.75192906637468,18.751929066,True,0,738,0.020000625168904662
18,1e-05,1e-09,1e-11,E226,18.75192906637472,18.751929066,True,0,737,0.01983391703106463
20,1e-05,1e-09,1e-15,E226,18.751929066345806,18.751929066,True,0,785,0.014509875094518065
15,1e-05,1e-08,1e-11,E226,18.75192906637472,18.751929066,True,0,737,0.02704116702079773
25,1e-06,0.001,1e-13,E226,18.751929066374707,18.751929066,True,0,734,0.013068374944850802
21,1e-05,1e-10,1e-11,E226,18.75192906637472,18.751929066,True,0,737,0.021147249964997172
22,1e-05,1e-10,1e-13,E226,18.75192906637468,18.751929066,True,0,738,0.02028054208494723
27,1e-06,0.0001,1e-11,E226,18.75192906637472,18.751929066,True,0,737,0.013116959016770124
24,1e-06,0.001,1e-11,E226,18.7519290663747,18.751929066,True,0,735,0.018911499995738268
28,1e-06,0.0001,1e-13,E226,18.75192906637468,18.751929066,True,0,738,0.013118250062689185
30,1e-06,1e-05,1e-11,E226,18.75192906637472,18.751929066,True,0,737,0.013456458924338222
29,1e-06,0.0001,1e-15,E226,18.751929066345806,18.751929066,True,0,785,0.014768499881029129
31,1e-06,1e-05,1e-13,E226,18.75192906637468,18.751929066,True,0,738,0.012981207808479667
26,1e-06,0.001,1e-15,E226,18.75192906636937,18.751929066,True,0,844,0.024430583929643035
34,1e-06,1e-06,1e-13,E226,18.75192906637468,18.751929066,True,0,738,0.01343204197473824
35,1e-06,1e-06,1e-15,E226,18.751929066345806,18.751929066,True,0,785,0.014388374984264374
36,1e-06,1e-07,1e-11,E226,18.75192906637472,18.751929066,True,0,737,0.013263250002637506
37,1e-06,1e-07,1e-13,E226,18.75192906637468,18.751929066,True,0,738,0.013232499826699495
32,1e-06,1e-05,1e-15,E226,18.751929066345806,18.751929066,True,0,785,0.02037554094567895
38,1e-06,1e-07,1e-15,E226,18.751929066345806,18.751929066,True,0,785,0.014319708105176687
39,1e-06,1e-08,1e-11,E226,18.75192906637472,18.751929066,True,0,737,0.01334037515334785
33,1e-06,1e-06,1e-11,E226,18.75192906637472,18.751929066,True,0,737,0.02599079185165465
40,1e-06,1e-08,1e-13,E226,18.75192906637468,18.751929066,True,0,738,0.014854583889245987
47,1e-06,1e-10,1e-15,E226,-inf,18.751929066,False,3,335,0.004481458105146885
42,1e-06,1e-09,1e-11,E226,18.75192906637472,18.751929066,True,0,737,0.01289524999447167
45,1e-06,1e-10,1e-11,E226,18.75192906637472,18.751929066,True,0,737,0.013587749795988202
46,1e-06,1e-10,1e-13,E226,18.75192906637468,18.751929066,True,0,738,0.013006124878302217
41,1e-06,1e-08,1e-15,E226,18.751929066345806,18.751929066,True,0,785,0.016752124996855855
44,1e-06,1e-09,1e-15,E226,18.751929066345806,18.751929066,True,0,785,0.014823792036622763
48,1e-07,0.001,1e-11,E226,18.7519290663747,18.751929066,True,0,735,0.01299037504941225
43,1e-06,1e-09,1e-13,E226,18.75192906637468,18.751929066,True,0,738,0.020999500062316656
49,1e-07,0.001,1e-13,E226,18.751929066374707,18.751929066,True,0,734,0.01336912508122623
54,1e-07,1e-05,1e-11,E226,18.75192906637472,18.751929066,True,0,737,0.013135249959304929
53,1e-07,0.0001,1e-15,E226,18.751929066345806,18.751929066,True,0,785,0.014659125125035644
56,1e-07,1e-05,1e-15,E226,18.751929066345806,18.751929066,True,0,785,0.014542041812092066
55,1e-07,1e-05,1e-13,E226,18.75192906637468,18.751929066,True,0,738,0.017491958104074
52,1e-07,0.0001,1e-13,E226,18.75192906637468,18.751929066,True,0,738,0.021383166080340743
58,1e-07,1e-06,1e-13,E226,18.75192906637468,18.751929066,True,0,738,0.013382415985688567
51,1e-07,0.0001,1e-11,E226,18.75192906637472,18.751929066,True,0,737,0.026842624880373478
57,1e-07,1e-06,1e-11,E226,18.75192906637472,18.751929066,True,0,737,0.01603616587817669
50,1e-07,0.001,1e-15,E226,18.75192906636937,18.751929066,True,0,844,0.029490875080227852
60,1e-07,1e-07,1e-11,E226,18.75192906637472,18.751929066,True,0,737,0.013187875039875507
59,1e-07,1e-06,1e-15,E226,18.751929066345806,18.751929066,True,0,785,0.022878707852214575
64,1e-07,1e-08,1e-13,E226,18.75192906637468,18.751929066,True,0,738,0.013667542021721601
65,1e-07,1e-08,1e-15,E226,18.751929066345806,18.751929066,True,0,785,0.014613624894991517
61,1e-07,1e-07,1e-13,E226,18.75192906637468,18.751929066,True,0,738,0.02083449997007847
67,1e-07,1e-09,1e-13,E226,18.75192906637468,18.751929066,True,0,738,0.013610291993245482
62,1e-07,1e-07,1e-15,E226,18.751929066345806,18.751929066,True,0,785,0.021889083087444305
71,1e-07,1e-10,1e-15,E226,-inf,18.751929066,False,3,335,0.0048413327895104885
63,1e-07,1e-08,1e-11,E226,18.75192906637472,18.751929066,True,0,737,0.023093832889571786
69,1e-07,1e-10,1e-11,E226,18.75192906637472,18.751929066,True,0,737,0.01347199990414083
66,1e-07,1e-09,1e-11,E226,18.75192906637472,18.751929066,True,0,737,0.018133541103452444
68,1e-07,1e-09,1e-15,E226,18.751929066345806,18.751929066,True,0,785,0.016699708066880703
70,1e-07,1e-10,1e-13,E226,18.75192906637468,18.751929066,True,0,738,0.019150250125676394
2,1e-05,0.001,1e-15,DEGEN2,1435.1779999999912,1435.178,True,0,2594,0.2888640412129462
8,1e-05,1e-05,1e-15,DEGEN2,1435.1779999999912,1435.178,True,0,2594,0.29201070801354945
0,1e-05,0.001,1e-11,DEGEN2,1435.1779999999985,1435.178,True,0,2847,0.3168729580938816
5,1e-05,0.0001,1e-15,DEGEN2,1435.1779999999912,1435.178,True,0,2594,0.3122519999742508
3,1e-05,0.0001,1e-11,DEGEN2,1435.1779999999985,1435.178,True,0,2847,0.3194552499335259
6,1e-05,1e-05,1e-11,DEGEN2,1435.1779999999985,1435.178,True,0,2847,0.3253073750529438
9,1e-05,1e-06,1e-11,DEGEN2,1435.1779999999985,1435.178,True,0,2847,0.3247078750282526
11,1e-05,1e-06,1e-15,DEGEN2,1435.1779999999912,1435.178,True,0,2594,0.3210305829998106
14,1e-05,1e-07,1e-15,DEGEN2,1435.1779999999912,1435.178,True,0,2594,0.3189162081107497
12,1e-05,1e-07,1e-11,DEGEN2,1435.1779999999985,1435.178,True,0,2847,0.35529841715469956
15,1e-05,1e-08,1e-11,DEGEN2,1435.1779999999985,1435.178,True,0,2847,0.3464805840048939
17,1e-05,1e-08,1e-15,DEGEN2,1435.1779999999912,1435.178,True,0,2594,0.29422104195691645
18,1e-05,1e-09,1e-11,DEGEN2,1435.1779999999985,1435.178,True,0,2847,0.3198218331672251
20,1e-05,1e-09,1e-15,DEGEN2,1435.1779999999912,1435.178,True,0,2594,0.27810966596007347
23,1e-05,1e-10,1e-15,DEGEN2,1435.1779999999912,1435.178,True,0,2594,0.2862511249259114
1,1e-05,0.001,1e-13,DEGEN2,1407.0200000000077,1435.178,False,1,10000,1.2696996671147645
7,1e-05,1e-05,1e-13,DEGEN2,1407.0199999999825,1435.178,False,1,10000,1.2783118330407888
21,1e-05,1e-10,1e-11,DEGEN2,1435.1779999999985,1435.178,True,0,2847,0.36378891696222126
4,1e-05,0.0001,1e-13,DEGEN2,1407.0199999999825,1435.178,False,1,10000,1.312758208019659
13,1e-05,1e-07,1e-13,DEGEN2,1407.0199999999825,1435.178,False,1,10000,1.2435280419886112
10,1e-05,1e-06,1e-13,DEGEN2,1407.0199999999825,1435.178,False,1,10000,1.2764154998585582
26,1e-06,0.001,1e-15,DEGEN2,1435.1779999999912,1435.178,True,0,2594,0.29902620892971754
24,1e-06,0.001,1e-11,DEGEN2,1435.1779999999985,1435.178,True,0,2847,0.33973812498152256
19,1e-05,1e-09,1e-13,DEGEN2,1418.4244088963446,1435.178,True,0,7280,0.9242140830028802
16,1e-05,1e-08,1e-13,DEGEN2,988.3670022963817,1435.178,False,1,10000,1.2945104578975588
27,1e-06,0.0001,1e-11,DEGEN2,1435.1779999999985,1435.178,True,0,2847,0.33542691613547504
29,1e-06,0.0001,1e-15,DEGEN2,1435.1779999999912,1435.178,True,0,2594,0.2859835419803858
32,1e-06,1e-05,1e-15,DEGEN2,1435.1779999999912,1435.178,True,0,2594,0.3117908330168575
30,1e-06,1e-05,1e-11,DEGEN2,1435.1779999999985,1435.178,True,0,2847,0.3480199580080807
35,1e-06,1e-06,1e-15,DEGEN2,1435.1779999999912,1435.178,True,0,2594,0.30761229107156396
33,1e-06,1e-06,1e-11,DEGEN2,1435.1779999999985,1435.178,True,0,2847,0.34994941717013717
36,1e-06,1e-07,1e-11,DEGEN2,1435.1779999999985,1435.178,True,0,2847,0.33425358310341835
22,1e-05,1e-10,1e-13,DEGEN2,-11774.462957520798,1435.178,False,1,10000,1.2725004579406232
39,1e-06,1e-08,1e-11,DEGEN2,1435.1779999999985,1435.178,True,0,2847,0.3134915418922901
38,1e-06,1e-07,1e-15,DEGEN2,1435.1779999999912,1435.178,True,0,2594,0.3477259168867022
41,1e-06,1e-08,1e-15,DEGEN2,1435.1779999999912,1435.178,True,0,2594,0.28379349992610514
25,1e-06,0.001,1e-13,DEGEN2,1407.0200000000077,1435.178,False,1,10000,1.2491376670077443
44,1e-06,1e-09,1e-15,DEGEN2,1435.1779999999912,1435.178,True,0,2594,0.26861095800995827
42,1e-06,1e-09,1e-11,DEGEN2,1435.1779999999985,1435.178,True,0,2847,0.3303308328613639
28,1e-06,0.0001,1e-13,DEGEN2,1407.0199999999825,1435.178,False,1,10000,1.2782855839468539
45,1e-06,1e-10,1e-11,DEGEN2,1435.1779999999985,1435.178,True,0,2847,0.34160329098813236
47,1e-06,1e-10,1e-15,DEGEN2,1435.1779999999912,1435.178,True,0,2594,0.32586870808154345
31,1e-06,1e-05,1e-13,DEGEN2,1407.0199999999825,1435.178,False,1,10000,1.3131016669794917
48,1e-07,0.001,1e-11,DEGEN2,1435.1779999999985,1435.178,True,0,2847,0.3531635419931263
34,1e-06,1e-06,1e-13,DEGEN2,1407.0199999999825,1435.178,False,1,10000,1.308379374910146
43,1e-06,1e-09,1e-13,DEGEN2,1418.4244088963446,1435.178,True,0,7280,0.889963167021051
50,1e-07,0.001,1e-15,DEGEN2,1435.1779999999912,1435.178,True,0,2594,0.33889749995432794
40,1e-06,1e-08,1e-13,DEGEN2,988.3670022963817,1435.178,False,1,10000,1.2282326249405742
51,1e-07,0.0001,1e-11,DEGEN2,1435.1779999999985,1435.178,True,0,2847,0.31077879201620817
37,1e-06,1e-07,1e-13,DEGEN2,1407.0199999999825,1435.178,False,1,10000,1.2944442499428988
53,1e-07,0.0001,1e-15,DEGEN2,1435.1779999999912,1435.178,True,0,2594,0.32200454198755324
54,1e-07,1e-05,1e-11,DEGEN2,1435.1779999999985,1435.178,True,0,2847,0.3409316670149565
56,1e-07,1e-05,1e-15,DEGEN2,1435.1779999999912,1435.178,True,0,2594,0.2750392078887671
57,1e-07,1e-06,1e-11,DEGEN2,1435.1779999999985,1435.178,True,0,2847,0.31344587495550513
59,1e-07,1e-06,1e-15,DEGEN2,1435.1779999999912,1435.178,True,0,2594,0.3112042499706149
60,1e-07,1e-07,1e-11,DEGEN2,1435.1779999999985,1435.178,True,0,2847,0.3551590829156339
62,1e-07,1e-07,1e-15,DEGEN2,1435.1779999999912,1435.178,True,0,2594,0.31449162494391203
46,1e-06,1e-10,1e-13,DEGEN2,-11774.462957520798,1435.178,False,1,10000,1.2932875000406057
63,1e-07,1e-08,1e-11,DEGEN2,1435.1779999999985,1435.178,True,0,2847,0.3248048750683665
49,1e-07,0.001,1e-13,DEGEN2,1407.0200000000077,1435.178,False,1,10000,1.2553707498591393
65,1e-07,1e-08,1e-15,DEGEN2,1435.1779999999912,1435.178,True,0,2594,0.3225744999945164
68,1e-07,1e-09,1e-15,DEGEN2,1435.1779999999912,1435.178,True,0,2594,0.3172749581281096
66,1e-07,1e-09,1e-11,DEGEN2,1435.1779999999985,1435.178,True,0,2847,0.3880334170535207
0,1e-05,0.001,1e-11,BEACONFD,-33592.48580719998,-33592.485807,True,0,216,0.0019682918209582567
1,1e-05,0.001,1e-13,BEACONFD,-33592.48580719998,-33592.485807,True,0,216,0.0018677921034395695
2,1e-05,0.001,1e-15,BEACONFD,-33592.48580719995,-33592.485807,True,0,215,0.0024640001356601715
3,1e-05,0.0001,1e-11,BEACONFD,-33592.48580719998,-33592.485807,True,0,216,0.004413458053022623
4,1e-05,0.0001,1e-13,BEACONFD,-33592.48580719998,-33592.485807,True,0,216,0.0019514171872287989
5,1e-05,0.0001,1e-15,BEACONFD,-33592.48580719996,-33592.485807,True,0,218,0.0018776250071823597
6,1e-05,1e-05,1e-11,BEACONFD,-33592.48580719998,-33592.485807,True,0,216,0.0018395418301224709
7,1e-05,1e-05,1e-13,BEACONFD,-33592.48580719998,-33592.485807,True,0,216,0.0018400840926915407
8,1e-05,1e-05,1e-15,BEACONFD,-33592.48580719996,-33592.485807,True,0,218,0.0017745411023497581
9,1e-05,1e-06,1e-11,BEACONFD,-33592.48580719998,-33592.485807,True,0,216,0.0018327918369323015
10,1e-05,1e-06,1e-13,BEACONFD,-33592.48580719998,-33592.485807,True,0,216,0.00193575001321733
11,1e-05,1e-06,1e-15,BEACONFD,-33592.48580719996,-33592.485807,True,0,218,0.001918666996061802
12,1e-05,1e-07,1e-11,BEACONFD,-33592.48580719998,-33592.485807,True,0,216,0.004685374908149242
13,1e-05,1e-07,1e-13,BEACONFD,-33592.48580719998,-33592.485807,True,0,216,0.0019230840262025595
14,1e-05,1e-07,1e-15,BEACONFD,-33592.48580719996,-33592.485807,True,0,218,0.0019251250196248293
15,1e-05,1e-08,1e-11,BEACONFD,-33592.48580719998,-33592.485807,True,0,216,0.0036129578948020935
69,1e-07,1e-10,1e-11,DEGEN2,1435.1779999999985,1435.178,True,0,2847,0.37100995890796185
52,1e-07,0.0001,1e-13,DEGEN2,1407.0199999999825,1435.178,False,1,10000,1.3232936661224812
18,1e-05,1e-09,1e-11,BEACONFD,-33592.48580719998,-33592.485807,True,0,216,0.0018573750276118517
17,1e-05,1e-08,1e-15,BEACONFD,-33592.48580719996,-33592.485807,True,0,218,0.0019511659629642963
19,1e-05,1e-09,1e-13,BEACONFD,-33592.48580719998,-33592.485807,True,0,216,0.0018993341363966465
20,1e-05,1e-09,1e-15,BEACONFD,-33592.48580719996,-33592.485807,True,0,218,0.001918500056490302
16,1e-05,1e-08,1e-13,BEACONFD,-33592.48580719998,-33592.485807,True,0,216,0.00448179105296731
21,1e-05,1e-10,1e-11,BEACONFD,-33592.48580719998,-33592.485807,True,0,216,0.0017642078455537558
22,1e-05,1e-10,1e-13,BEACONFD,-33592.48580719998,-33592.485807,True,0,216,0.001900083851069212
23,1e-05,1e-10,1e-15,BEACONFD,-33592.48580719996,-33592.485807,True,0,218,0.0018686670809984207
24,1e-06,0.001,1e-11,BEACONFD,-33592.48580719998,-33592.485807,True,0,216,0.0017634578980505466
26,1e-06,0.001,1e-15,BEACONFD,-33592.48580719995,-33592.485807,True,0,215,0.001750333933159709
25,1e-06,0.001,1e-13,BEACONFD,-33592.48580719998,-33592.485807,True,0,216,0.001842041965574026
29,1e-06,0.0001,1e-15,BEACONFD,-33592.48580719996,-33592.485807,True,0,218,0.0017976248636841774
28,1e-06,0.0001,1e-13,BEACONFD,-33592.48580719998,-33592.485807,True,0,216,0.0018723339308053255
27,1e-06,0.0001,1e-11,BEACONFD,-33592.48580719998,-33592.485807,True,0,216,0.003616875037550926
31,1e-06,1e-05,1e-13,BEACONFD,-33592.48580719998,-33592.485807,True,0,216,0.0018339999951422215
30,1e-06,1e-05,1e-11,BEACONFD,-33592.48580719998,-33592.485807,True,0,216,0.0020457501523196697
33,1e-06,1e-06,1e-11,BEACONFD,-33592.48580719998,-33592.485807,True,0,216,0.0018530420493334532
32,1e-06,1e-05,1e-15,BEACONFD,-33592.48580719996,-33592.485807,True,0,218,0.0035839579068124294
35,1e-06,1e-06,1e-15,BEACONFD,-33592.48580719996,-33592.485807,True,0,218,0.0017869998700916767
34,1e-06,1e-06,1e-13,BEACONFD,-33592.48580719998,-33592.485807,True,0,216,0.003922916948795319
36,1e-06,1e-07,1e-11,BEACONFD,-33592.48580719998,-33592.485807,True,0,216,0.0017903749831020832
37,1e-06,1e-07,1e-13,BEACONFD,-33592.48580719998,-33592.485807,True,0,216,0.00176866608671844
39,1e-06,1e-08,1e-11,BEACONFD,-33592.48580719998,-33592.485807,True,0,216,0.0018382500857114792
40,1e-06,1e-08,1e-13,BEACONFD,-33592.48580719998,-33592.485807,True,0,216,0.0018548748921602964
38,1e-06,1e-07,1e-15,BEACONFD,-33592.48580719996,-33592.485807,True,0,218,0.0022269159089773893
41,1e-06,1e-08,1e-15,BEACONFD,-33592.48580719996,-33592.485807,True,0,218,0.001867417013272643
42,1e-06,1e-09,1e-11,BEACONFD,-33592.48580719998,-33592.485807,True,0,216,0.0019158341456204653
43,1e-06,1e-09,1e-13,BEACONFD,-33592.48580719998,-33592.485807,True,0,216,0.0019511671271175146
45,1e-06,1e-10,1e-11,BEACONFD,-33592.48580719998,-33592.485807,True,0,216,0.0018027920741587877
46,1e-06,1e-10,1e-13,BEACONFD,-33592.48580719998,-33592.485807,True,0,216,0.0019348750356584787
44,1e-06,1e-09,1e-15,BEACONFD,-33592.48580719996,-33592.485807,True,0,218,0.00561108416877687
47,1e-06,1e-10,1e-15,BEACONFD,-33592.48580719996,-33592.485807,True,0,218,0.0018209160771220922
48,1e-07,0.001,1e-11,BEACONFD,-33592.48580719998,-33592.485807,True,0,216,0.0018848751205950975
51,1e-07,0.0001,1e-11,BEACONFD,-33592.48580719998,-33592.485807,True,0,216,0.001936041982844472
50,1e-07,0.001,1e-15,BEACONFD,-33592.48580719995,-33592.485807,True,0,215,0.0018715420737862587
53,1e-07,0.0001,1e-15,BEACONFD,-33592.48580719996,-33592.485807,True,0,218,0.001839333912357688
52,1e-07,0.0001,1e-13,BEACONFD,-33592.48580719998,-33592.485807,True,0,216,0.002480665920302272
49,1e-07,0.001,1e-13,BEACONFD,-33592.48580719998,-33592.485807,True,0,216,0.0065980409272015095
54,1e-07,1e-05,1e-11,BEACONFD,-33592.48580719998,-33592.485807,True,0,216,0.0019094999879598618
55,1e-07,1e-05,1e-13,BEACONFD,-33592.48580719998,-33592.485807,True,0,216,0.0019420001190155745
56,1e-07,1e-05,1e-15,BEACONFD,-33592.48580719996,-33592.485807,True,0,218,0.001939874840900302
57,1e-07,1e-06,1e-11,BEACONFD,-33592.48580719998,-33592.485807,True,0,216,0.0018921669106930494
58,1e-07,1e-06,1e-13,BEACONFD,-33592.48580719998,-33592.485807,True,0,216,0.0019485000520944595
59,1e-07,1e-06,1e-15,BEACONFD,-33592.48580719996,-33592.485807,True,0,218,0.0018352079205214977
60,1e-07,1e-07,1e-11,BEACONFD,-33592.48580719998,-33592.485807,True,0,216,0.0018455409444868565
61,1e-07,1e-07,1e-13,BEACONFD,-33592.48580719998,-33592.485807,True,0,216,0.0019203750416636467
62,1e-07,1e-07,1e-15,BEACONFD,-33592.48580719996,-33592.485807,True,0,218,0.0019916249439120293
63,1e-07,1e-08,1e-11,BEACONFD,-33592.48580719998,-33592.485807,True,0,216,0.0018369159661233425
65,1e-07,1e-08,1e-15,BEACONFD,-33592.48580719996,-33592.485807,True,0,218,0.0017791248392313719
64,1e-07,1e-08,1e-13,BEACONFD,-33592.48580719998,-33592.485807,True,0,216,0.001951291924342513
67,1e-07,1e-09,1e-13,BEACONFD,-33592.48580719998,-33592.485807,True,0,216,0.0017826668918132782
66,1e-07,1e-09,1e-11,BEACONFD,-33592.48580719998,-33592.485807,True,0,216,0.001786417094990611
68,1e-07,1e-09,1e-15,BEACONFD,-33592.48580719996,-33592.485807,True,0,218,0.0019213329069316387
69,1e-07,1e-10,1e-11,BEACONFD,-33592.48580719998,-33592.485807,True,0,216,0.0016589160077273846
70,1e-07,1e-10,1e-13,BEACONFD,-33592.48580719998,-33592.485807,True,0,216,0.0017185830511152744
71,1e-07,1e-10,1e-15,BEACONFD,-33592.48580719996,-33592.485807,True,0,218,0.003060166956856847
0,1e-05,0.001,1e-11,BRANDY,-1518.5098964812482,-1518.5098965,True,0,777,0.014393124962225556
1,1e-05,0.001,1e-13,BRANDY,-1518.5098964854242,-1518.5098965,True,0,779,0.014319624984636903
2,1e-05,0.001,1e-15,BRANDY,-1518.5098964881743,-1518.5098965,True,0,694,0.012912292033433914
5,1e-05,0.0001,1e-15,BRANDY,-1518.5098964880663,-1518.5098965,True,0,705,0.00934887514449656
3,1e-05,0.0001,1e-11,BRANDY,-1518.5098965899554,-1518.5098965,True,0,824,0.012035083025693893
4,1e-05,0.0001,1e-13,BRANDY,-1518.509896485441,-1518.5098965,True,0,781,0.013598707970231771
7,1e-05,1e-05,1e-13,BRANDY,-1518.509896485441,-1518.5098965,True,0,781,0.010702708968892694
8,1e-05,1e-05,1e-15,BRANDY,-1518.5098964880663,-1518.5098965,True,0,705,0.009411708917468786
6,1e-05,1e-05,1e-11,BRANDY,-1518.5098964874944,-1518.5098965,True,0,704,0.015372624853625894
9,1e-05,1e-06,1e-11,BRANDY,-inf,-1518.5098965,False,3,146,0.001976083032786846
11,1e-05,1e-06,1e-15,BRANDY,-1518.5098964880663,-1518.5098965,True,0,705,0.009587874868884683
10,1e-05,1e-06,1e-13,BRANDY,-1518.509896485441,-1518.5098965,True,0,781,0.019613000098615885
12,1e-05,1e-07,1e-11,BRANDY,-1518.5325854360578,-1518.5098965,True,0,806,0.016831582877784967
14,1e-05,1e-07,1e-15,BRANDY,-1518.5098964880663,-1518.5098965,True,0,705,0.009342625038698316
13,1e-05,1e-07,1e-13,BRANDY,-1518.509896485441,-1518.5098965,True,0,781,0.01968137500807643
15,1e-05,1e-08,1e-11,BRANDY,-1518.5325854360578,-1518.5098965,True,0,806,0.011246625101193786
18,1e-05,1e-09,1e-11,BRANDY,-inf,-1518.5098965,False,3,125,0.0029857500921934843
16,1e-05,1e-08,1e-13,BRANDY,-1518.509896485441,-1518.5098965,True,0,781,0.010763334110379219
17,1e-05,1e-08,1e-15,BRANDY,-1518.5098964880663,-1518.5098965,True,0,705,0.00911629106849432
21,1e-05,1e-10,1e-11,BRANDY,-inf,-1518.5098965,False,3,107,0.0012966250069439411
22,1e-05,1e-10,1e-13,BRANDY,-inf,-1518.5098965,False,3,214,0.0025173749309033155
19,1e-05,1e-09,1e-13,BRANDY,-1518.509896485441,-1518.5098965,True,0,781,0.01026670797728002
20,1e-05,1e-09,1e-15,BRANDY,-1518.5098964880663,-1518.5098965,True,0,705,0.011979958042502403
24,1e-06,0.001,1e-11,BRANDY,-1518.5098964812482,-1518.5098965,True,0,777,0.012922625057399273
23,1e-05,1e-10,1e-15,BRANDY,-1518.5098964880663,-1518.5098965,True,0,705,0.017818083055317402
25,1e-06,0.001,1e-13,BRANDY,-1518.5098964854242,-1518.5098965,True,0,779,0.010748374974355102
55,1e-07,1e-05,1e-13,DEGEN2,1407.0199999999825,1435.178,False,1,10000,1.2546979158651084
28,1e-06,0.0001,1e-13,BRANDY,-1518.509896485441,-1518.5098965,True,0,781,0.010739041958004236
29,1e-06,0.0001,1e-15,BRANDY,-1518.5098964880663,-1518.5098965,True,0,705,0.009220791980624199
27,1e-06,0.0001,1e-11,BRANDY,-1518.5098965899554,-1518.5098965,True,0,824,0.012336083920672536
26,1e-06,0.001,1e-15,BRANDY,-1518.5098964881743,-1518.5098965,True,0,694,0.019570917123928666
33,1e-06,1e-06,1e-11,BRANDY,-inf,-1518.5098965,False,3,146,0.0019578749779611826
71,1e-07,1e-10,1e-15,DEGEN2,1435.1779999999912,1435.178,True,0,2594,0.2910768329165876
32,1e-06,1e-05,1e-15,BRANDY,-1518.5098964880663,-1518.5098965,True,0,705,0.009276292053982615
30,1e-06,1e-05,1e-11,BRANDY,-1518.5098964874944,-1518.5098965,True,0,704,0.015382417012006044
31,1e-06,1e-05,1e-13,BRANDY,-1518.509896485441,-1518.5098965,True,0,781,0.01577525003813207
35,1e-06,1e-06,1e-15,BRANDY,-1518.5098964880663,-1518.5098965,True,0,705,0.008915540995076299
34,1e-06,1e-06,1e-13,BRANDY,-1518.509896485441,-1518.5098965,True,0,781,0.010405750013887882
36,1e-06,1e-07,1e-11,BRANDY,-1518.5325854360578,-1518.5098965,True,0,806,0.010816958034411073
38,1e-06,1e-07,1e-15,BRANDY,-1518.5098964880663,-1518.5098965,True,0,705,0.009382291929796338
37,1e-06,1e-07,1e-13,BRANDY,-1518.509896485441,-1518.5098965,True,0,781,0.010563583113253117
42,1e-06,1e-09,1e-11,BRANDY,-inf,-1518.5098965,False,3,125,0.0016330000944435596
58,1e-07,1e-06,1e-13,DEGEN2,1407.0199999999825,1435.178,False,1,10000,1.2772789997979999
41,1e-06,1e-08,1e-15,BRANDY,-1518.5098964880663,-1518.5098965,True,0,705,0.008867250056937337
45,1e-06,1e-10,1e-11,BRANDY,-inf,-1518.5098965,False,3,107,0.0013465830124914646
40,1e-06,1e-08,1e-13,BRANDY,-1518.509896485441,-1518.5098965,True,0,781,0.014751374954357743
46,1e-06,1e-10,1e-13,BRANDY,-inf,-1518.5098965,False,3,214,0.0026455409824848175
39,1e-06,1e-08,1e-11,BRANDY,-1518.5325854360578,-1518.5098965,True,0,806,0.016700875014066696
43,1e-06,1e-09,1e-13,BRANDY,-1518.509896485441,-1518.5098965,True,0,781,0.01009450014680624
44,1e-06,1e-09,1e-15,BRANDY,-1518.5098964880663,-1518.5098965,True,0,705,0.00919958297163248
47,1e-06,1e-10,1e-15,BRANDY,-1518.5098964880663,-1518.5098965,True,0,705,0.010231041815131903
51,1e-07,0.0001,1e-11,BRANDY,-inf,-1518.5098965,False,2,724,0.009981791023164988
49,1e-07,0.001,1e-13,BRANDY,-1518.5098964854242,-1518.5098965,True,0,779,0.010765625163912773
48,1e-07,0.001,1e-11,BRANDY,-1518.5098964812482,-1518.5098965,True,0,777,0.010668875183910131
50,1e-07,0.001,1e-15,BRANDY,-1518.5098964881743,-1518.5098965,True,0,694,0.009011333109810948
53,1e-07,0.0001,1e-15,BRANDY,-1518.5098964880663,-1518.5098965,True,0,705,0.009086084086447954
52,1e-07,0.0001,1e-13,BRANDY,-1518.509896485441,-1518.5098965,True,0,781,0.017120167147368193
54,1e-07,1e-05,1e-11,BRANDY,-1518.5098964874944,-1518.5098965,True,0,704,0.009396833134815097
55,1e-07,1e-05,1e-13,BRANDY,-1518.509896485441,-1518.5098965,True,0,781,0.010437333025038242
56,1e-07,1e-05,1e-15,BRANDY,-1518.5098964880663,-1518.5098965,True,0,705,0.00922312494367361
57,1e-07,1e-06,1e-11,BRANDY,-inf,-1518.5098965,False,3,146,0.00451670796610415
58,1e-07,1e-06,1e-13,BRANDY,-1518.509896485441,-1518.5098965,True,0,781,0.010519499890506268
59,1e-07,1e-06,1e-15,BRANDY,-1518.5098964880663,-1518.5098965,True,0,705,0.00928100012242794
61,1e-07,1e-07,1e-13,BRANDY,-1518.509896485441,-1518.5098965,True,0,781,0.010494666174054146
62,1e-07,1e-07,1e-15,BRANDY,-1518.5098964880663,-1518.5098965,True,0,705,0.009356917114928365
66,1e-07,1e-09,1e-11,BRANDY,-inf,-1518.5098965,False,3,125,0.0015205000527203083
60,1e-07,1e-07,1e-11,BRANDY,-1518.5325854360578,-1518.5098965,True,0,806,0.016183125087991357
63,1e-07,1e-08,1e-11,BRANDY,-1518.5325854360578,-1518.5098965,True,0,806,0.011046667117625475
64,1e-07,1e-08,1e-13,BRANDY,-1518.509896485441,-1518.5098965,True,0,781,0.01024724985472858
70,1e-07,1e-10,1e-13,BRANDY,-inf,-1518.5098965,False,3,214,0.0025702498387545347
69,1e-07,1e-10,1e-11,BRANDY,-inf,-1518.5098965,False,3,107,0.001438584178686142
65,1e-07,1e-08,1e-15,BRANDY,-1518.5098964880663,-1518.5098965,True,0,705,0.011100792093202472
67,1e-07,1e-09,1e-13,BRANDY,-1518.509896485441,-1518.5098965,True,0,781,0.01034304196946323
68,1e-07,1e-09,1e-15,BRANDY,-1518.5098964880663,-1518.5098965,True,0,705,0.01218216703273356
1,1e-05,0.001,1e-13,SCSD1,-8.66666667433336,-8.6666666743,True,0,385,0.0046444998588413
0,1e-05,0.001,1e-11,SCSD1,-8.66666667433337,-8.6666666743,True,0,363,0.004418084165081382
2,1e-05,0.001,1e-15,SCSD1,-8.666666674333507,-8.6666666743,True,0,439,0.004735165974125266
3,1e-05,0.0001,1e-11,SCSD1,-8.66666667433337,-8.6666666743,True,0,363,0.005670333048328757
71,1e-07,1e-10,1e-15,BRANDY,-1518.5098964880663,-1518.5098965,True,0,705,0.010066790971904993
5,1e-05,0.0001,1e-15,SCSD1,-8.666666674333507,-8.6666666743,True,0,439,0.004659750033169985
6,1e-05,1e-05,1e-11,SCSD1,-8.66666667433337,-8.6666666743,True,0,363,0.0040114999283105135
7,1e-05,1e-05,1e-13,SCSD1,-8.66666667433336,-8.6666666743,True,0,385,0.004270541947335005
4,1e-05,0.0001,1e-13,SCSD1,-8.66666667433336,-8.6666666743,True,0,385,0.010181125020608306
9,1e-05,1e-06,1e-11,SCSD1,-8.66666667433337,-8.6666666743,True,0,363,0.0039170419331640005
12,1e-05,1e-07,1e-11,SCSD1,-8.66666667433337,-8.6666666743,True,0,363,0.0038294577971100807
10,1e-05,1e-06,1e-13,SCSD1,-8.66666667433336,-8.6666666743,True,0,385,0.004394875140860677
8,1e-05,1e-05,1e-15,SCSD1,-8.666666674333507,-8.6666666743,True,0,439,0.005222709150984883
16,1e-05,1e-08,1e-13,SCSD1,-10.002010015633264,-8.6666666743,False,3,315,0.0033593338448554277
15,1e-05,1e-08,1e-11,SCSD1,-7.334363713061227,-8.6666666743,False,3,319,0.003456499893218279
14,1e-05,1e-07,1e-15,SCSD1,-8.666666674333507,-8.6666666743,True,0,439,0.0047487919218838215
13,1e-05,1e-07,1e-13,SCSD1,-8.66666667433336,-8.6666666743,True,0,385,0.00456566596403718
11,1e-05,1e-06,1e-15,SCSD1,-8.666666674333507,-8.6666666743,True,0,439,0.009978957939893007
18,1e-05,1e-09,1e-11,SCSD1,-0.928966462411952,-8.6666666743,False,3,309,0.0037169160787016153
19,1e-05,1e-09,1e-13,SCSD1,-8.268599959462673,-8.6666666743,False,3,316,0.0033844171557575464
21,1e-05,1e-10,1e-11,SCSD1,-0.928966462411952,-8.6666666743,False,3,309,0.0036162910982966423
22,1e-05,1e-10,1e-13,SCSD1,-8.21757299260629,-8.6666666743,False,3,316,0.003413582919165492
24,1e-06,0.001,1e-11,SCSD1,-8.66666667433337,-8.6666666743,True,0,363,0.0038596668746322393
23,1e-05,1e-10,1e-15,SCSD1,6535.289842344521,-8.6666666743,False,3,322,0.006580250104889274
25,1e-06,0.001,1e-13,SCSD1,-8.66666667433336,-8.6666666743,True,0,385,0.004386915825307369
20,1e-05,1e-09,1e-15,SCSD1,6535.289842344521,-8.6666666743,False,3,322,0.007527332985773683
26,1e-06,0.001,1e-15,SCSD1,-8.666666674333507,-8.6666666743,True,0,439,0.005292417015880346
27,1e-06,0.0001,1e-11,SCSD1,-8.66666667433337,-8.6666666743,True,0,363,0.003936167107895017
30,1e-06,1e-05,1e-11,SCSD1,-8.66666667433337,-8.6666666743,True,0,363,0.004014750011265278
32,1e-06,1e-05,1e-15,SCSD1,-8.666666674333507,-8.6666666743,True,0,439,0.0047761250752955675
61,1e-07,1e-07,1e-13,DEGEN2,1407.0199999999825,1435.178,False,1,10000,1.2655142918229103
28,1e-06,0.0001,1e-13,SCSD1,-8.66666667433336,-8.6666666743,True,0,385,0.006101541919633746
29,1e-06,0.0001,1e-15,SCSD1,-8.666666674333507,-8.6666666743,True,0,439,0.010071082971990108
31,1e-06,1e-05,1e-13,SCSD1,-8.66666667433336,-8.6666666743,True,0,385,0.007880999939516187
34,1e-06,1e-06,1e-13,SCSD1,-8.66666667433336,-8.6666666743,True,0,385,0.004211625084280968
33,1e-06,1e-06,1e-11,SCSD1,-8.66666667433337,-8.6666666743,True,0,363,0.006415290990844369
36,1e-06,1e-07,1e-11,SCSD1,-8.66666667433337,-8.6666666743,True,0,363,0.0040406661573797464
35,1e-06,1e-06,1e-15,SCSD1,-8.666666674333507,-8.6666666743,True,0,439,0.004766583209857345
37,1e-06,1e-07,1e-13,SCSD1,-8.66666667433336,-8.6666666743,True,0,385,0.004364334046840668
39,1e-06,1e-08,1e-11,SCSD1,-7.334363713061227,-8.6666666743,False,3,319,0.0034227080177515745
17,1e-05,1e-08,1e-15,SCSD1,-8.666666761733735,-8.6666666743,True,0,1525,0.030832457821816206
40,1e-06,1e-08,1e-13,SCSD1,-10.002010015633264,-8.6666666743,False,3,315,0.0033990000374615192
38,1e-06,1e-07,1e-15,SCSD1,-8.666666674333507,-8.6666666743,True,0,439,0.004805125063285232
42,1e-06,1e-09,1e-11,SCSD1,-0.928966462411952,-8.6666666743,False,3,309,0.0035863749217242002
43,1e-06,1e-09,1e-13,SCSD1,-8.268599959462673,-8.6666666743,False,3,316,0.0032330830581486225
44,1e-06,1e-09,1e-15,SCSD1,6535.289842344521,-8.6666666743,False,3,322,0.003308167215436697
46,1e-06,1e-10,1e-13,SCSD1,-8.21757299260629,-8.6666666743,False,3,316,0.003330332925543189
45,1e-06,1e-10,1e-11,SCSD1,-0.928966462411952,-8.6666666743,False,3,309,0.003755750134587288
47,1e-06,1e-10,1e-15,SCSD1,6535.289842344521,-8.6666666743,False,3,322,0.0035025000106543303
48,1e-07,0.001,1e-11,SCSD1,-8.66666667433337,-8.6666666743,True,0,363,0.004419959150254726
49,1e-07,0.001,1e-13,SCSD1,-8.66666667433336,-8.6666666743,True,0,385,0.004416125128045678
53,1e-07,0.0001,1e-15,SCSD1,-8.666666674333507,-8.6666666743,True,0,439,0.005042207892984152
54,1e-07,1e-05,1e-11,SCSD1,-8.66666667433337,-8.6666666743,True,0,363,0.0043911251705139875
50,1e-07,0.001,1e-15,SCSD1,-8.666666674333507,-8.6666666743,True,0,439,0.005191083997488022
52,1e-07,0.0001,1e-13,SCSD1,-8.66666667433336,-8.6666666743,True,0,385,0.007329625077545643
55,1e-07,1e-05,1e-13,SCSD1,-8.66666667433336,-8.6666666743,True,0,385,0.004142416873946786
51,1e-07,0.0001,1e-11,SCSD1,-8.66666667433337,-8.6666666743,True,0,363,0.008730459026992321
56,1e-07,1e-05,1e-15,SCSD1,-8.666666674333507,-8.6666666743,True,0,439,0.004984166007488966
57,1e-07,1e-06,1e-11,SCSD1,-8.66666667433337,-8.6666666743,True,0,363,0.004356333985924721
58,1e-07,1e-06,1e-13,SCSD1,-8.66666667433336,-8.6666666743,True,0,385,0.0042788751889020205
60,1e-07,1e-07,1e-11,SCSD1,-8.66666667433337,-8.6666666743,True,0,363,0.004101666156202555
59,1e-07,1e-06,1e-15,SCSD1,-8.666666674333507,-8.6666666743,True,0,439,0.005409416044130921
61,1e-07,1e-07,1e-13,SCSD1,-8.66666667433336,-8.6666666743,True,0,385,0.004262665985152125
63,1e-07,1e-08,1e-11,SCSD1,-7.334363713061227,-8.6666666743,False,3,319,0.0038984999991953373
62,1e-07,1e-07,1e-15,SCSD1,-8.666666674333507,-8.6666666743,True,0,439,0.004900292027741671
41,1e-06,1e-08,1e-15,SCSD1,-8.666666761733735,-8.6666666743,True,0,1525,0.027642082888633013
66,1e-07,1e-09,1e-11,SCSD1,-0.928966462411952,-8.6666666743,False,3,309,0.0034177079796791077
68,1e-07,1e-09,1e-15,SCSD1,6535.289842344521,-8.6666666743,False,3,322,0.003629041835665703
69,1e-07,1e-10,1e-11,SCSD1,-0.928966462411952,-8.6666666743,False,3,309,0.0036839169915765524
70,1e-07,1e-10,1e-13,SCSD1,-8.21757299260629,-8.6666666743,False,3,316,0.0035981659311801195
67,1e-07,1e-09,1e-13,SCSD1,-8.268599959462673,-8.6666666743,False,3,316,0.00369937508367002
64,1e-07,1e-08,1e-13,SCSD1,-10.002010015633264,-8.6666666743,False,3,315,0.013019541976973414
71,1e-07,1e-10,1e-15,SCSD1,6535.289842344521,-8.6666666743,False,3,322,0.0072823751252144575
65,1e-07,1e-08,1e-15,SCSD1,-8.666666687046233,-8.6666666743,True,0,7326,0.11128958291374147
2,1e-05,0.001,1e-15,SCAGR25,14753074.092556754,14753433.061,True,0,1337,0.1052650841884315
67,1e-07,1e-09,1e-13,DEGEN2,1418.4244088963446,1435.178,True,0,7280,0.8998197910841554
1,1e-05,0.001,1e-13,SCAGR25,14753433.055966731,14753433.061,True,0,1599,0.1493507910054177
0,1e-05,0.001,1e-11,SCAGR25,14753433.060530206,14753433.061,True,0,1589,0.1529090409167111
4,1e-05,0.0001,1e-13,SCAGR25,14753433.063171964,14753433.061,True,0,1649,0.14673054195009172
3,1e-05,0.0001,1e-11,SCAGR25,14753433.060785834,14753433.061,True,0,1646,0.1624064170755446
5,1e-05,0.0001,1e-15,SCAGR25,15596288.006004283,14753433.061,True,0,1600,0.16839516698382795
64,1e-07,1e-08,1e-13,DEGEN2,988.3670022963817,1435.178,False,1,10000,1.2739387908950448
7,1e-05,1e-05,1e-13,SCAGR25,14753433.063131807,14753433.061,True,0,1631,0.15626633306965232
6,1e-05,1e-05,1e-11,SCAGR25,14753433.060785834,14753433.061,True,0,1646,0.17646812507882714
9,1e-05,1e-06,1e-11,SCAGR25,14753433.060785834,14753433.061,True,0,1646,0.16357804089784622
11,1e-05,1e-06,1e-15,SCAGR25,14753503.684825294,14753433.061,True,0,1526,0.1646382911130786
12,1e-05,1e-07,1e-11,SCAGR25,14753433.060785834,14753433.061,True,0,1646,0.16101612499915063
10,1e-05,1e-06,1e-13,SCAGR25,14753433.06344632,14753433.061,True,0,1689,0.1780827078036964
14,1e-05,1e-07,1e-15,SCAGR25,14753503.684825294,14753433.061,True,0,1526,0.1640075829345733
13,1e-05,1e-07,1e-13,SCAGR25,14753433.058337394,14753433.061,True,0,1757,0.18631379189901054
8,1e-05,1e-05,1e-15,SCAGR25,-4.572906712628897e+16,14753433.061,True,0,2591,0.2899022090714425
15,1e-05,1e-08,1e-11,SCAGR25,14753433.060785834,14753433.061,True,0,1646,0.1472572919446975
16,1e-05,1e-08,1e-13,SCAGR25,5507792.659873045,14753433.061,False,3,1608,0.15287866699509323
21,1e-05,1e-10,1e-11,SCAGR25,-inf,14753433.061,False,3,1109,0.08158599981106818
23,1e-05,1e-10,1e-15,SCAGR25,-inf,14753433.061,False,3,615,0.055994374910369515
17,1e-05,1e-08,1e-15,SCAGR25,14753503.684825294,14753433.061,True,0,1526,0.15308750001713634
20,1e-05,1e-09,1e-15,SCAGR25,14932529.834244307,14753433.061,True,0,1518,0.1423901249654591
19,1e-05,1e-09,1e-13,SCAGR25,7373238.08583248,14753433.061,False,3,1669,0.17136424989439547
18,1e-05,1e-09,1e-11,SCAGR25,14753433.060785834,14753433.061,True,0,1646,0.18196620792150497
22,1e-05,1e-10,1e-13,SCAGR25,1587089.7375556286,14753433.061,False,3,1520,0.1538796671666205
24,1e-06,0.001,1e-11,SCAGR25,14753433.060530206,14753433.061,True,0,1589,0.13991174986585975
70,1e-07,1e-10,1e-13,DEGEN2,-11774.462957520798,1435.178,False,1,10000,1.2415337502025068
26,1e-06,0.001,1e-15,SCAGR25,14753074.092556752,14753433.061,True,0,1352,0.12647533416748047
25,1e-06,0.001,1e-13,SCAGR25,14753433.055966731,14753433.061,True,0,1599,0.16439479100517929
28,1e-06,0.0001,1e-13,SCAGR25,14753433.063171964,14753433.061,True,0,1649,0.14043933409266174
27,1e-06,0.0001,1e-11,SCAGR25,14753433.060785834,14753433.061,True,0,1646,0.16443050000816584
30,1e-06,1e-05,1e-11,SCAGR25,14753433.060785834,14753433.061,True,0,1646,0.1363937919959426
29,1e-06,0.0001,1e-15,SCAGR25,15596288.006004283,14753433.061,True,0,1600,0.16497737495228648
31,1e-06,1e-05,1e-13,SCAGR25,14753433.063131807,14753433.061,True,0,1631,0.16074508312158287
33,1e-06,1e-06,1e-11,SCAGR25,14753433.060785834,14753433.061,True,0,1646,0.1661623332183808
34,1e-06,1e-06,1e-13,SCAGR25,14753433.06344632,14753433.061,True,0,1689,0.15117945801466703
35,1e-06,1e-06,1e-15,SCAGR25,14753503.684784837,14753433.061,True,0,1613,0.170607625041157
36,1e-06,1e-07,1e-11,SCAGR25,14753433.060785834,14753433.061,True,0,1646,0.1613179580308497
39,1e-06,1e-08,1e-11,SCAGR25,14753433.060785834,14753433.061,True,0,1646,0.13578608282841742
37,1e-06,1e-07,1e-13,SCAGR25,14753433.058337394,14753433.061,True,0,1757,0.16224862495437264
32,1e-06,1e-05,1e-15,SCAGR25,-4.572906712628897e+16,14753433.061,True,0,2591,0.27529695793055
38,1e-06,1e-07,1e-15,SCAGR25,14753503.684784837,14753433.061,True,0,1613,0.16328995791263878
40,1e-06,1e-08,1e-13,SCAGR25,5507792.659873045,14753433.061,False,3,1608,0.17072070809081197
41,1e-06,1e-08,1e-15,SCAGR25,14753503.684784837,14753433.061,True,0,1613,0.16445762501098216
47,1e-06,1e-10,1e-15,SCAGR25,-inf,14753433.061,False,3,615,0.04531933297403157
45,1e-06,1e-10,1e-11,SCAGR25,-inf,14753433.061,False,3,1109,0.1017954999115318
42,1e-06,1e-09,1e-11,SCAGR25,14753433.060785834,14753433.061,True,0,1646,0.15180895803496242
43,1e-06,1e-09,1e-13,SCAGR25,7373238.08583248,14753433.061,False,3,1669,0.1504022078588605
44,1e-06,1e-09,1e-15,SCAGR25,7517423.939060318,14753433.061,False,3,1232,0.13204975007101893
46,1e-06,1e-10,1e-13,SCAGR25,1587089.7375556286,14753433.061,False,3,1520,0.14677304099313915
50,1e-07,0.001,1e-15,SCAGR25,14753074.092556736,14753433.061,True,0,1352,0.12647512508556247
49,1e-07,0.001,1e-13,SCAGR25,14753433.055966731,14753433.061,True,0,1599,0.14936966681852937
48,1e-07,0.001,1e-11,SCAGR25,14753433.060530206,14753433.061,True,0,1589,0.1780508749652654
52,1e-07,0.0001,1e-13,SCAGR25,14753433.063171964,14753433.061,True,0,1649,0.14747391710989177
51,1e-07,0.0001,1e-11,SCAGR25,14753433.060785834,14753433.061,True,0,1646,0.16606412502005696
54,1e-07,1e-05,1e-11,SCAGR25,14753433.060785834,14753433.061,True,0,1646,0.15862795896828175
53,1e-07,0.0001,1e-15,SCAGR25,15596420.44490039,14753433.061,True,0,1677,0.1801807910669595
55,1e-07,1e-05,1e-13,SCAGR25,14753433.063131807,14753433.061,True,0,1631,0.1619151660706848
57,1e-07,1e-06,1e-11,SCAGR25,14753433.060785834,14753433.061,True,0,1646,0.15488083311356604
56,1e-07,1e-05,1e-15,SCAGR25,15513993.73048343,14753433.061,True,0,2130,0.20190716697834432
58,1e-07,1e-06,1e-13,SCAGR25,14753433.06344632,14753433.061,True,0,1689,0.16228787507861853
60,1e-07,1e-07,1e-11,SCAGR25,14753433.060785834,14753433.061,True,0,1646,0.14452291699126363
59,1e-07,1e-06,1e-15,SCAGR25,14753503.68478484,14753433.061,True,0,1521,0.1722408749628812
62,1e-07,1e-07,1e-15,SCAGR25,14753503.68478484,14753433.061,True,0,1521,0.13972604181617498
61,1e-07,1e-07,1e-13,SCAGR25,14753433.058337394,14753433.061,True,0,1757,0.17060745786875486
0,1e-05,0.001,1e-11,ISRAEL,897235.4332218828,896644.82186,True,0,1475,0.021252499893307686
65,1e-07,1e-08,1e-15,SCAGR25,14753503.68478484,14753433.061,True,0,1521,0.1435014579910785
1,1e-05,0.001,1e-13,ISRAEL,896734.8782195419,896644.82186,True,0,880,0.013415041146799922
63,1e-07,1e-08,1e-11,SCAGR25,14753433.060785834,14753433.061,True,0,1646,0.15504629095084965
71,1e-07,1e-10,1e-15,SCAGR25,-inf,14753433.061,False,3,615,0.05691241705790162
2,1e-05,0.001,1e-15,ISRAEL,896734.8782194937,896644.82186,True,0,882,0.014928041957318783
3,1e-05,0.0001,1e-11,ISRAEL,896644.8218630478,896644.82186,True,0,950,0.014300332870334387
64,1e-07,1e-08,1e-13,SCAGR25,5507792.659873045,14753433.061,False,3,1608,0.1639887080527842
5,1e-05,0.0001,1e-15,ISRAEL,896644.8218630465,896644.82186,True,0,923,0.012808958999812603
4,1e-05,0.0001,1e-13,ISRAEL,896644.8218630465,896644.82186,True,0,923,0.019259249791502953
68,1e-07,1e-09,1e-15,SCAGR25,8019981.6695467895,14753433.061,False,3,1244,0.10550475004129112
69,1e-07,1e-10,1e-11,SCAGR25,-inf,14753433.061,False,3,1109,0.10510179214179516
6,1e-05,1e-05,1e-11,ISRAEL,896644.8218630484,896644.82186,True,0,950,0.01801887503825128
8,1e-05,1e-05,1e-15,ISRAEL,896644.8218630381,896644.82186,True,0,913,0.01694649993441999
10,1e-05,1e-06,1e-13,ISRAEL,896644.8218630381,896644.82186,True,0,913,0.013106499798595905
9,1e-05,1e-06,1e-11,ISRAEL,896644.8218630484,896644.82186,True,0,950,0.013559750048443675
7,1e-05,1e-05,1e-13,ISRAEL,896644.8218630381,896644.82186,True,0,913,0.021631999872624874
67,1e-07,1e-09,1e-13,SCAGR25,15109147.643388841,14753433.061,False,3,1506,0.1430412088520825
11,1e-05,1e-06,1e-15,ISRAEL,896644.8218630381,896644.82186,True,0,913,0.0129252087790519
12,1e-05,1e-07,1e-11,ISRAEL,896644.8218630484,896644.82186,True,0,950,0.013495499966666102
66,1e-07,1e-09,1e-11,SCAGR25,14753433.060785834,14753433.061,True,0,1646,0.16108933300711215
16,1e-05,1e-08,1e-13,ISRAEL,896644.8218630381,896644.82186,True,0,913,0.012860167073085904
14,1e-05,1e-07,1e-15,ISRAEL,896644.8218630381,896644.82186,True,0,913,0.017566541908308864
18,1e-05,1e-09,1e-11,ISRAEL,896644.8218630484,896644.82186,True,0,950,0.013359250035136938
17,1e-05,1e-08,1e-15,ISRAEL,896644.8218630381,896644.82186,True,0,913,0.01795491692610085
15,1e-05,1e-08,1e-11,ISRAEL,896644.8218630484,896644.82186,True,0,950,0.01909575005993247
21,1e-05,1e-10,1e-11,ISRAEL,896644.8218630484,896644.82186,True,0,950,0.013082084013149142
20,1e-05,1e-09,1e-15,ISRAEL,896644.8218630381,896644.82186,True,0,913,0.015295749995857477
22,1e-05,1e-10,1e-13,ISRAEL,896644.8218630381,896644.82186,True,0,913,0.012796625029295683
13,1e-05,1e-07,1e-13,ISRAEL,896644.8218630381,896644.82186,True,0,913,0.029820082942023873
19,1e-05,1e-09,1e-13,ISRAEL,896644.8218630381,896644.82186,True,0,913,0.020237209042534232
70,1e-07,1e-10,1e-13,SCAGR25,-1759047.7739105076,14753433.061,False,3,1419,0.13436104077845812
23,1e-05,1e-10,1e-15,ISRAEL,896644.8218630381,896644.82186,True,0,913,0.014839083887636662
25,1e-06,0.001,1e-13,ISRAEL,896734.8782195419,896644.82186,True,0,880,0.012500374810770154
26,1e-06,0.001,1e-15,ISRAEL,896734.8782194937,896644.82186,True,0,882,0.012012249790132046
30,1e-06,1e-05,1e-11,ISRAEL,896644.8218630484,896644.82186,True,0,950,0.012993959011510015
28,1e-06,0.0001,1e-13,ISRAEL,896644.8218630465,896644.82186,True,0,923,0.014486625092104077
24,1e-06,0.001,1e-11,ISRAEL,897235.4332218828,896644.82186,True,0,1475,0.02247812505811453
32,1e-06,1e-05,1e-15,ISRAEL,896644.8218630381,896644.82186,True,0,913,0.012800124939531088
27,1e-06,0.0001,1e-11,ISRAEL,896644.8218630478,896644.82186,True,0,950,0.019057542085647583
29,1e-06,0.0001,1e-15,ISRAEL,896644.8218630465,896644.82186,True,0,923,0.017439999850466847
31,1e-06,1e-05,1e-13,ISRAEL,896644.8218630381,896644.82186,True,0,913,0.019074833020567894
35,1e-06,1e-06,1e-15,ISRAEL,896644.8218630381,896644.82186,True,0,913,0.012682416941970587
33,1e-06,1e-06,1e-11,ISRAEL,896644.8218630484,896644.82186,True,0,950,0.016416208120062947
34,1e-06,1e-06,1e-13,ISRAEL,896644.8218630381,896644.82186,True,0,913,0.01932591712102294
36,1e-06,1e-07,1e-11,ISRAEL,896644.8218630484,896644.82186,True,0,950,0.013059208169579506
37,1e-06,1e-07,1e-13,ISRAEL,896644.8218630381,896644.82186,True,0,913,0.01281541702337563
39,1e-06,1e-08,1e-11,ISRAEL,896644.8218630484,896644.82186,True,0,950,0.013233707984909415
38,1e-06,1e-07,1e-15,ISRAEL,896644.8218630381,896644.82186,True,0,913,0.012778291944414377
43,1e-06,1e-09,1e-13,ISRAEL,896644.8218630381,896644.82186,True,0,913,0.012840916868299246
40,1e-06,1e-08,1e-13,ISRAEL,896644.8218630381,896644.82186,True,0,913,0.0219372920691967
41,1e-06,1e-08,1e-15,ISRAEL,896644.8218630381,896644.82186,True,0,913,0.02034741616807878
45,1e-06,1e-10,1e-11,ISRAEL,896644.8218630484,896644.82186,True,0,950,0.013274707831442356
42,1e-06,1e-09,1e-11,ISRAEL,896644.8218630484,896644.82186,True,0,950,0.01971783395856619
46,1e-06,1e-10,1e-13,ISRAEL,896644.8218630381,896644.82186,True,0,913,0.013455708045512438
47,1e-06,1e-10,1e-15,ISRAEL,896644.8218630381,896644.82186,True,0,913,0.012481875019147992
49,1e-07,0.001,1e-13,ISRAEL,896734.8782195419,896644.82186,True,0,880,0.017971874913200736
50,1e-07,0.001,1e-15,ISRAEL,896734.8782194937,896644.82186,True,0,882,0.012286707991734147
44,1e-06,1e-09,1e-15,ISRAEL,896644.8218630381,896644.82186,True,0,913,0.022441500099375844
48,1e-07,0.001,1e-11,ISRAEL,897235.4332218828,896644.82186,True,0,1475,0.021259333938360214
52,1e-07,0.0001,1e-13,ISRAEL,896644.8218630465,896644.82186,True,0,923,0.012985582929104567
51,1e-07,0.0001,1e-11,ISRAEL,896644.8218630478,896644.82186,True,0,950,0.013199792010709643
54,1e-07,1e-05,1e-11,ISRAEL,896644.8218630484,896644.82186,True,0,950,0.013329875189810991
58,1e-07,1e-06,1e-13,ISRAEL,896644.8218630381,896644.82186,True,0,913,0.012754749972373247
55,1e-07,1e-05,1e-13,ISRAEL,896644.8218630381,896644.82186,True,0,913,0.018511167028918862
57,1e-07,1e-06,1e-11,ISRAEL,896644.8218630484,896644.82186,True,0,950,0.013320791069418192
56,1e-07,1e-05,1e-15,ISRAEL,896644.8218630381,896644.82186,True,0,913,0.02001545811071992
59,1e-07,1e-06,1e-15,ISRAEL,896644.8218630381,896644.82186,True,0,913,0.016157165868207812
62,1e-07,1e-07,1e-15,ISRAEL,896644.8218630381,896644.82186,True,0,913,0.01265825005248189
53,1e-07,0.0001,1e-15,ISRAEL,896644.8218630465,896644.82186,True,0,923,0.026258083060383797
60,1e-07,1e-07,1e-11,ISRAEL,896644.8218630484,896644.82186,True,0,950,0.018897000001743436
61,1e-07,1e-07,1e-13,ISRAEL,896644.8218630381,896644.82186,True,0,913,0.017191290855407715
65,1e-07,1e-08,1e-15,ISRAEL,896644.8218630381,896644.82186,True,0,913,0.012713124975562096
66,1e-07,1e-09,1e-11,ISRAEL,896644.8218630484,896644.82186,True,0,950,0.013096709037199616
67,1e-07,1e-09,1e-13,ISRAEL,896644.8218630381,896644.82186,True,0,913,0.015870166942477226
63,1e-07,1e-08,1e-11,ISRAEL,896644.8218630484,896644.82186,True,0,950,0.02387320902198553
69,1e-07,1e-10,1e-11,ISRAEL,896644.8218630484,896644.82186,True,0,950,0.014340416993945837
70,1e-07,1e-10,1e-13,ISRAEL,896644.8218630381,896644.82186,True,0,913,0.013575457967817783
64,1e-07,1e-08,1e-13,ISRAEL,896644.8218630381,896644.82186,True,0,913,0.019616915844380856
0,1e-05,0.001,1e-11,SCORPION,-1878.1248227381077,-1878.1248227,True,0,470,0.0069764170330017805
68,1e-07,1e-09,1e-15,ISRAEL,896644.8218630381,896644.82186,True,0,913,0.013750875135883689
71,1e-07,1e-10,1e-15,ISRAEL,896644.8218630381,896644.82186,True,0,913,0.012910209130495787
2,1e-05,0.001,1e-15,SCORPION,-1878.1248227381082,-1878.1248227,True,0,470,0.008128124987706542
4,1e-05,0.0001,1e-13,SCORPION,-1878.1248227381077,-1878.1248227,True,0,470,0.006480083102360368
5,1e-05,0.0001,1e-15,SCORPION,-1878.1248227381082,-1878.1248227,True,0,470,0.006400250131264329
8,1e-05,1e-05,1e-15,SCORPION,-1878.1248227381082,-1878.1248227,True,0,470,0.006431750021874905
9,1e-05,1e-06,1e-11,SCORPION,-1878.1248227381077,-1878.1248227,True,0,470,0.0063734580762684345
1,1e-05,0.001,1e-13,SCORPION,-1878.1248227381077,-1878.1248227,True,0,470,0.013242374872788787
3,1e-05,0.0001,1e-11,SCORPION,-1878.1248227381077,-1878.1248227,True,0,470,0.006452792091295123
10,1e-05,1e-06,1e-13,SCORPION,-1878.1248227381077,-1878.1248227,True,0,470,0.007041457807645202
7,1e-05,1e-05,1e-13,SCORPION,-1878.1248227381077,-1878.1248227,True,0,470,0.0088041250128299
6,1e-05,1e-05,1e-11,SCORPION,-1878.1248227381077,-1878.1248227,True,0,470,0.008500042138621211
11,1e-05,1e-06,1e-15,SCORPION,-1878.1248227381082,-1878.1248227,True,0,470,0.007193166995421052
13,1e-05,1e-07,1e-13,SCORPION,-1878.1248227381077,-1878.1248227,True,0,470,0.006608374882489443
15,1e-05,1e-08,1e-11,SCORPION,-1878.1248227381077,-1878.1248227,True,0,470,0.006594915874302387
12,1e-05,1e-07,1e-11,SCORPION,-1878.1248227381077,-1878.1248227,True,0,470,0.007127542048692703
16,1e-05,1e-08,1e-13,SCORPION,-1878.1248227381077,-1878.1248227,True,0,470,0.006353583186864853
18,1e-05,1e-09,1e-11,SCORPION,-1878.1248227381077,-1878.1248227,True,0,470,0.00639708386734128
21,1e-05,1e-10,1e-11,SCORPION,-1878.1248227381077,-1878.1248227,True,0,470,0.0069565000012516975
22,1e-05,1e-10,1e-13,SCORPION,-1878.1248227381077,-1878.1248227,True,0,470,0.006412249989807606
23,1e-05,1e-10,1e-15,SCORPION,-1878.1248227381082,-1878.1248227,True,0,470,0.006344916997477412
19,1e-05,1e-09,1e-13,SCORPION,-1878.1248227381077,-1878.1248227,True,0,470,0.007764874957501888
17,1e-05,1e-08,1e-15,SCORPION,-1878.1248227381082,-1878.1248227,True,0,470,0.01387712499126792
14,1e-05,1e-07,1e-15,SCORPION,-1878.1248227381082,-1878.1248227,True,0,470,0.01723616593517363
25,1e-06,0.001,1e-13,SCORPION,-1878.1248227381077,-1878.1248227,True,0,470,0.0066266669891774654
24,1e-06,0.001,1e-11,SCORPION,-1878.1248227381077,-1878.1248227,True,0,470,0.007185040973126888
20,1e-05,1e-09,1e-15,SCORPION,-1878.1248227381082,-1878.1248227,True,0,470,0.013623292092233896
28,1e-06,0.0001,1e-13,SCORPION,-1878.1248227381077,-1878.1248227,True,0,470,0.006677833152934909
31,1e-06,1e-05,1e-13,SCORPION,-1878.1248227381077,-1878.1248227,True,0,470,0.0067555829882621765
30,1e-06,1e-05,1e-11,SCORPION,-1878.1248227381077,-1878.1248227,True,0,470,0.007046167040243745
32,1e-06,1e-05,1e-15,SCORPION,-1878.1248227381082,-1878.1248227,True,0,470,0.007200874853879213
33,1e-06,1e-06,1e-11,SCORPION,-1878.1248227381077,-1878.1248227,True,0,470,0.006712999893352389
35,1e-06,1e-06,1e-15,SCORPION,-1878.1248227381082,-1878.1248227,True,0,470,0.006763249868527055
34,1e-06,1e-06,1e-13,SCORPION,-1878.1248227381077,-1878.1248227,True,0,470,0.007000624900683761
26,1e-06,0.001,1e-15,SCORPION,-1878.1248227381082,-1878.1248227,True,0,470,0.017176292138174176
36,1e-06,1e-07,1e-11,SCORPION,-1878.1248227381077,-1878.1248227,True,0,470,0.00644083390943706
27,1e-06,0.0001,1e-11,SCORPION,-1878.1248227381077,-1878.1248227,True,0,470,0.012063874863088131
37,1e-06,1e-07,1e-13,SCORPION,-1878.1248227381077,-1878.1248227,True,0,470,0.006337957922369242
29,1e-06,0.0001,1e-15,SCORPION,-1878.1248227381082,-1878.1248227,True,0,470,0.013372290879487991
38,1e-06,1e-07,1e-15,SCORPION,-1878.1248227381082,-1878.1248227,True,0,470,0.007247792091220617
40,1e-06,1e-08,1e-13,SCORPION,-1878.1248227381077,-1878.1248227,True,0,470,0.006203875178471208
39,1e-06,1e-08,1e-11,SCORPION,-1878.1248227381077,-1878.1248227,True,0,470,0.007318167015910149
41,1e-06,1e-08,1e-15,SCORPION,-1878.1248227381082,-1878.1248227,True,0,470,0.006247457815334201
44,1e-06,1e-09,1e-15,SCORPION,-1878.1248227381082,-1878.1248227,True,0,470,0.006243499927222729
42,1e-06,1e-09,1e-11,SCORPION,-1878.1248227381077,-1878.1248227,True,0,470,0.009473958984017372
43,1e-06,1e-09,1e-13,SCORPION,-1878.1248227381077,-1878.1248227,True,0,470,0.008488832972943783
47,1e-06,1e-10,1e-15,SCORPION,-1878.1248227381082,-1878.1248227,True,0,470,0.006378915859386325
48,1e-07,0.001,1e-11,SCORPION,-1878.1248227381077,-1878.1248227,True,0,470,0.006996666081249714
50,1e-07,0.001,1e-15,SCORPION,-1878.1248227381082,-1878.1248227,True,0,470,0.00719904201105237
51,1e-07,0.0001,1e-11,SCORPION,-1878.1248227381077,-1878.1248227,True,0,470,0.006533500039950013
46,1e-06,1e-10,1e-13,SCORPION,-1878.1248227381077,-1878.1248227,True,0,470,0.010733207920566201
52,1e-07,0.0001,1e-13,SCORPION,-1878.1248227381077,-1878.1248227,True,0,470,0.006771875079721212
45,1e-06,1e-10,1e-11,SCORPION,-1878.1248227381077,-1878.1248227,True,0,470,0.013865459011867642
54,1e-07,1e-05,1e-11,SCORPION,-1878.1248227381077,-1878.1248227,True,0,470,0.006958791986107826
55,1e-07,1e-05,1e-13,SCORPION,-1878.1248227381077,-1878.1248227,True,0,470,0.006957500008866191
53,1e-07,0.0001,1e-15,SCORPION,-1878.1248227381082,-1878.1248227,True,0,470,0.009193209232762456
49,1e-07,0.001,1e-13,SCORPION,-1878.1248227381077,-1878.1248227,True,0,470,0.016859250143170357
58,1e-07,1e-06,1e-13,SCORPION,-1878.1248227381077,-1878.1248227,True,0,470,0.0069362500216811895
57,1e-07,1e-06,1e-11,SCORPION,-1878.1248227381077,-1878.1248227,True,0,470,0.0067597501911222935
61,1e-07,1e-07,1e-13,SCORPION,-1878.1248227381077,-1878.1248227,True,0,470,0.006729207932949066
56,1e-07,1e-05,1e-15,SCORPION,-1878.1248227381082,-1878.1248227,True,0,470,0.009919750038534403
62,1e-07,1e-07,1e-15,SCORPION,-1878.1248227381082,-1878.1248227,True,0,470,0.007236707955598831
64,1e-07,1e-08,1e-13,SCORPION,-1878.1248227381077,-1878.1248227,True,0,470,0.00703966710716486
65,1e-07,1e-08,1e-15,SCORPION,-1878.1248227381082,-1878.1248227,True,0,470,0.007124042138457298
59,1e-07,1e-06,1e-15,SCORPION,-1878.1248227381082,-1878.1248227,True,0,470,0.013863625004887581
67,1e-07,1e-09,1e-13,SCORPION,-1878.1248227381077,-1878.1248227,True,0,470,0.006918792147189379
63,1e-07,1e-08,1e-11,SCORPION,-1878.1248227381077,-1878.1248227,True,0,470,0.007127084070816636
69,1e-07,1e-10,1e-11,SCORPION,-1878.1248227381077,-1878.1248227,True,0,470,0.007337458897382021
70,1e-07,1e-10,1e-13,SCORPION,-1878.1248227381077,-1878.1248227,True,0,470,0.007325374986976385
71,1e-07,1e-10,1e-15,SCORPION,-1878.1248227381082,-1878.1248227,True,0,470,0.007013833150267601
60,1e-07,1e-07,1e-11,SCORPION,-1878.1248227381077,-1878.1248227,True,0,470,0.023724333848804235
66,1e-07,1e-09,1e-11,SCORPION,-1878.1248227381077,-1878.1248227,True,0,470,0.01692750002257526
68,1e-07,1e-09,1e-15,SCORPION,-1878.1248227381082,-1878.1248227,True,0,470,0.014619875000789762
5,1e-05,0.0001,1e-15,SCTAP1,-1412.2499999999889,-1412.25,True,0,810,0.022121499991044402
0,1e-05,0.001,1e-11,SCTAP1,-1412.2500000000005,-1412.25,True,0,884,0.027197167044505477
3,1e-05,0.0001,1e-11,SCTAP1,-1412.2500000000616,-1412.25,True,0,862,0.025050709024071693
6,1e-05,1e-05,1e-11,SCTAP1,-1412.2500000000616,-1412.25,True,0,862,0.024825291940942407
2,1e-05,0.001,1e-15,SCTAP1,-1412.2499999999889,-1412.25,True,0,810,0.03150275000371039
1,1e-05,0.001,1e-13,SCTAP1,-1412.250000000003,-1412.25,True,0,823,0.03527329186908901
8,1e-05,1e-05,1e-15,SCTAP1,-1412.2499999999889,-1412.25,True,0,810,0.026886041974648833
7,1e-05,1e-05,1e-13,SCTAP1,-1412.249999999997,-1412.25,True,0,797,0.029606624972075224
4,1e-05,0.0001,1e-13,SCTAP1,-1412.249999999997,-1412.25,True,0,797,0.03710000007413328
9,1e-05,1e-06,1e-11,SCTAP1,-1412.2500000000616,-1412.25,True,0,862,0.03234345791861415
11,1e-05,1e-06,1e-15,SCTAP1,-1412.2499999999889,-1412.25,True,0,810,0.022238000063225627
12,1e-05,1e-07,1e-11,SCTAP1,-1412.2500000000616,-1412.25,True,0,862,0.025358583079650998
14,1e-05,1e-07,1e-15,SCTAP1,-1412.2499999999889,-1412.25,True,0,810,0.02276708302088082
10,1e-05,1e-06,1e-13,SCTAP1,-1412.249999999997,-1412.25,True,0,797,0.03207091707736254
13,1e-05,1e-07,1e-13,SCTAP1,-1412.249999999997,-1412.25,True,0,797,0.02936549996957183
21,1e-05,1e-10,1e-11,SCTAP1,-inf,-1412.25,False,3,424,0.008297249907627702
23,1e-05,1e-10,1e-15,SCTAP1,-inf,-1412.25,False,3,157,0.0037791249342262745
17,1e-05,1e-08,1e-15,SCTAP1,-1412.2499999999889,-1412.25,True,0,810,0.023510624887421727
16,1e-05,1e-08,1e-13,SCTAP1,-1412.249999999997,-1412.25,True,0,797,0.029196082847192883
15,1e-05,1e-08,1e-11,SCTAP1,-1412.2500000000616,-1412.25,True,0,862,0.03157891612499952
18,1e-05,1e-09,1e-11,SCTAP1,-1412.2500000000616,-1412.25,True,0,862,0.032571875024586916
19,1e-05,1e-09,1e-13,SCTAP1,-1412.249999999997,-1412.25,True,0,797,0.028345457976683974
20,1e-05,1e-09,1e-15,SCTAP1,-1412.2499999999889,-1412.25,True,0,810,0.031014916952699423
25,1e-06,0.001,1e-13,SCTAP1,-1412.250000000003,-1412.25,True,0,823,0.024626834085211158
24,1e-06,0.001,1e-11,SCTAP1,-1412.2500000000005,-1412.25,True,0,884,0.027272833045572042
29,1e-06,0.0001,1e-15,SCTAP1,-1412.2499999999889,-1412.25,True,0,810,0.021960957907140255
22,1e-05,1e-10,1e-13,SCTAP1,-1412.249999999997,-1412.25,True,0,797,0.035605375189334154
26,1e-06,0.001,1e-15,SCTAP1,-1412.2499999999889,-1412.25,True,0,810,0.02926141698844731
28,1e-06,0.0001,1e-13,SCTAP1,-1412.249999999997,-1412.25,True,0,797,0.029500999953597784
27,1e-06,0.0001,1e-11,SCTAP1,-1412.2500000000616,-1412.25,True,0,862,0.03253379091620445
31,1e-06,1e-05,1e-13,SCTAP1,-1412.249999999997,-1412.25,True,0,797,0.027163458056747913
30,1e-06,1e-05,1e-11,SCTAP1,-1412.2500000000616,-1412.25,True,0,862,0.032497750129550695
32,1e-06,1e-05,1e-15,SCTAP1,-1412.2499999999889,-1412.25,True,0,810,0.028193833073601127
35,1e-06,1e-06,1e-15,SCTAP1,-1412.2499999999889,-1412.25,True,0,810,0.028405250050127506
33,1e-06,1e-06,1e-11,SCTAP1,-1412.2500000000616,-1412.25,True,0,862,0.036724042147397995
39,1e-06,1e-08,1e-11,SCTAP1,-1412.2500000000616,-1412.25,True,0,862,0.026494249934330583
37,1e-06,1e-07,1e-13,SCTAP1,-1412.249999999997,-1412.25,True,0,797,0.029747124994173646
36,1e-06,1e-07,1e-11,SCTAP1,-1412.2500000000616,-1412.25,True,0,862,0.03358095814473927
41,1e-06,1e-08,1e-15,SCTAP1,-1412.2499999999889,-1412.25,True,0,810,0.02264829189516604
38,1e-06,1e-07,1e-15,SCTAP1,-1412.2499999999889,-1412.25,True,0,810,0.03299450012855232
47,1e-06,1e-10,1e-15,SCTAP1,-inf,-1412.25,False,3,157,0.0031827499624341726
40,1e-06,1e-08,1e-13,SCTAP1,-1412.249999999997,-1412.25,True,0,797,0.029903999995440245
34,1e-06,1e-06,1e-13,SCTAP1,-1412.249999999997,-1412.25,True,0,797,0.04572325013577938
45,1e-06,1e-10,1e-11,SCTAP1,-inf,-1412.25,False,3,424,0.012984625063836575
43,1e-06,1e-09,1e-13,SCTAP1,-1412.249999999997,-1412.25,True,0,797,0.02298783417791128
42,1e-06,1e-09,1e-11,SCTAP1,-1412.2500000000616,-1412.25,True,0,862,0.034003666834905744
44,1e-06,1e-09,1e-15,SCTAP1,-1412.2499999999889,-1412.25,True,0,810,0.02766875014640391
49,1e-07,0.001,1e-13,SCTAP1,-1412.250000000003,-1412.25,True,0,823,0.023806292098015547
46,1e-06,1e-10,1e-13,SCTAP1,-1412.249999999997,-1412.25,True,0,797,0.030375916976481676
50,1e-07,0.001,1e-15,SCTAP1,-1412.2499999999889,-1412.25,True,0,810,0.027226582868024707
52,1e-07,0.0001,1e-13,SCTAP1,-1412.249999999997,-1412.25,True,0,797,0.02716229180805385
48,1e-07,0.001,1e-11,SCTAP1,-1412.2500000000005,-1412.25,True,0,884,0.036248958902433515
53,1e-07,0.0001,1e-15,SCTAP1,-1412.2499999999889,-1412.25,True,0,810,0.02915591700002551
51,1e-07,0.0001,1e-11,SCTAP1,-1412.2500000000616,-1412.25,True,0,862,0.03596229199320078
56,1e-07,1e-05,1e-15,SCTAP1,-1412.2499999999889,-1412.25,True,0,810,0.026282500009983778
57,1e-07,1e-06,1e-11,SCTAP1,-1412.2500000000616,-1412.25,True,0,862,0.0284987089689821
58,1e-07,1e-06,1e-13,SCTAP1,-1412.249999999997,-1412.25,True,0,797,0.025864291936159134
54,1e-07,1e-05,1e-11,SCTAP1,-1412.2500000000616,-1412.25,True,0,862,0.046129208989441395
55,1e-07,1e-05,1e-13,SCTAP1,-1412.249999999997,-1412.25,True,0,797,0.041442833142355084
59,1e-07,1e-06,1e-15,SCTAP1,-1412.2499999999889,-1412.25,True,0,810,0.03287308290600777
61,1e-07,1e-07,1e-13,SCTAP1,-1412.249999999997,-1412.25,True,0,797,0.035521416924893856
69,1e-07,1e-10,1e-11,SCTAP1,-inf,-1412.25,False,3,424,0.011269833892583847
60,1e-07,1e-07,1e-11,SCTAP1,-1412.2500000000616,-1412.25,True,0,862,0.04174908297136426
63,1e-07,1e-08,1e-11,SCTAP1,-1412.2500000000616,-1412.25,True,0,862,0.03717683395370841
71,1e-07,1e-10,1e-15,SCTAP1,-inf,-1412.25,False,3,157,0.0031641670502722263
62,1e-07,1e-07,1e-15,SCTAP1,-1412.2499999999889,-1412.25,True,0,810,0.039859999902546406
0,1e-05,0.001,1e-11,SHARE1B,76589.31857918574,76589.318579,True,0,459,0.0026589580811560154
1,1e-05,0.001,1e-13,SHARE1B,76589.31857918574,76589.318579,True,0,459,0.0026701670140028
3,1e-05,0.0001,1e-11,SHARE1B,76589.31857918575,76589.318579,True,0,456,0.0025859999004751444
4,1e-05,0.0001,1e-13,SHARE1B,76589.31857918575,76589.318579,True,0,456,0.0025001249741762877
5,1e-05,0.0001,1e-15,SHARE1B,76589.31857918575,76589.318579,True,0,456,0.003077541012316942
66,1e-07,1e-09,1e-11,SCTAP1,-1412.2500000000616,-1412.25,True,0,862,0.03270987491123378
65,1e-07,1e-08,1e-15,SCTAP1,-1412.2499999999889,-1412.25,True,0,810,0.03533783298917115
6,1e-05,1e-05,1e-11,SHARE1B,76589.31857918575,76589.318579,True,0,456,0.0026424999814480543
64,1e-07,1e-08,1e-13,SCTAP1,-1412.249999999997,-1412.25,True,0,797,0.03273858316242695
68,1e-07,1e-09,1e-15,SCTAP1,-1412.2499999999889,-1412.25,True,0,810,0.02989404182881117
2,1e-05,0.001,1e-15,SHARE1B,76589.31857918574,76589.318579,True,0,459,0.005611042026430368
7,1e-05,1e-05,1e-13,SHARE1B,76589.31857918575,76589.318579,True,0,456,0.005410166922956705
9,1e-05,1e-06,1e-11,SHARE1B,76589.31857918575,76589.318579,True,0,456,0.0025913328863680363
12,1e-05,1e-07,1e-11,SHARE1B,76589.31857918575,76589.318579,True,0,456,0.0025459579192101955
10,1e-05,1e-06,1e-13,SHARE1B,76589.31857918575,76589.318579,True,0,456,0.002575166989117861
13,1e-05,1e-07,1e-13,SHARE1B,76589.31857918575,76589.318579,True,0,456,0.0027200421318411827
14,1e-05,1e-07,1e-15,SHARE1B,76589.31857918575,76589.318579,True,0,456,0.0025006660725921392
67,1e-07,1e-09,1e-13,SCTAP1,-1412.249999999997,-1412.25,True,0,797,0.031983833061531186
8,1e-05,1e-05,1e-15,SHARE1B,76589.31857918575,76589.318579,True,0,456,0.006378707941621542
17,1e-05,1e-08,1e-15,SHARE1B,76589.31857918575,76589.318579,True,0,456,0.0025227500591427088
16,1e-05,1e-08,1e-13,SHARE1B,76589.31857918575,76589.318579,True,0,456,0.002533166902139783
18,1e-05,1e-09,1e-11,SHARE1B,76589.31857918575,76589.318579,True,0,456,0.0025166671257466078
11,1e-05,1e-06,1e-15,SHARE1B,76589.31857918575,76589.318579,True,0,456,0.007325999904423952
19,1e-05,1e-09,1e-13,SHARE1B,76589.31857918575,76589.318579,True,0,456,0.002672000089660287
20,1e-05,1e-09,1e-15,SHARE1B,76589.31857918575,76589.318579,True,0,456,0.0025196250062435865
15,1e-05,1e-08,1e-11,SHARE1B,76589.31857918575,76589.318579,True,0,456,0.003794874995946884
24,1e-06,0.001,1e-11,SHARE1B,76589.31857918574,76589.318579,True,0,459,0.0025894579011946917
27,1e-06,0.0001,1e-11,SHARE1B,76589.31857918575,76589.318579,True,0,456,0.002488667145371437
26,1e-06,0.001,1e-15,SHARE1B,76589.31857918574,76589.318579,True,0,459,0.0025261661503463984
28,1e-06,0.0001,1e-13,SHARE1B,76589.31857918575,76589.318579,True,0,456,0.0025412500835955143
23,1e-05,1e-10,1e-15,SHARE1B,76589.31857918575,76589.318579,True,0,456,0.003983082948252559
25,1e-06,0.001,1e-13,SHARE1B,76589.31857918574,76589.318579,True,0,459,0.002598749939352274
22,1e-05,1e-10,1e-13,SHARE1B,76589.31857918575,76589.318579,True,0,456,0.0026145409792661667
29,1e-06,0.0001,1e-15,SHARE1B,76589.31857918575,76589.318579,True,0,456,0.0025001249741762877
21,1e-05,1e-10,1e-11,SHARE1B,76589.31857918575,76589.318579,True,0,456,0.007291333982720971
30,1e-06,1e-05,1e-11,SHARE1B,76589.31857918575,76589.318579,True,0,456,0.0026140420231968164
31,1e-06,1e-05,1e-13,SHARE1B,76589.31857918575,76589.318579,True,0,456,0.0024727080017328262
32,1e-06,1e-05,1e-15,SHARE1B,76589.31857918575,76589.318579,True,0,456,0.002497832989320159
33,1e-06,1e-06,1e-11,SHARE1B,76589.31857918575,76589.318579,True,0,456,0.0025431669782847166
34,1e-06,1e-06,1e-13,SHARE1B,76589.31857918575,76589.318579,True,0,456,0.002501749899238348
70,1e-07,1e-10,1e-13,SCTAP1,-1412.249999999997,-1412.25,True,0,797,0.02815833385102451
35,1e-06,1e-06,1e-15,SHARE1B,76589.31857918575,76589.318579,True,0,456,0.0025538341142237186
36,1e-06,1e-07,1e-11,SHARE1B,76589.31857918575,76589.318579,True,0,456,0.0025286658201366663
37,1e-06,1e-07,1e-13,SHARE1B,76589.31857918575,76589.318579,True,0,456,0.0024880419950932264
40,1e-06,1e-08,1e-13,SHARE1B,76589.31857918575,76589.318579,True,0,456,0.003319875104352832
42,1e-06,1e-09,1e-11,SHARE1B,76589.31857918575,76589.318579,True,0,456,0.0025363750755786896
43,1e-06,1e-09,1e-13,SHARE1B,76589.31857918575,76589.318579,True,0,456,0.0025760000571608543
44,1e-06,1e-09,1e-15,SHARE1B,76589.31857918575,76589.318579,True,0,456,0.002632874995470047
45,1e-06,1e-10,1e-11,SHARE1B,76589.31857918575,76589.318579,True,0,456,0.0026348340325057507
39,1e-06,1e-08,1e-11,SHARE1B,76589.31857918575,76589.318579,True,0,456,0.005043750163167715
41,1e-06,1e-08,1e-15,SHARE1B,76589.31857918575,76589.318579,True,0,456,0.0026712920516729355
46,1e-06,1e-10,1e-13,SHARE1B,76589.31857918575,76589.318579,True,0,456,0.0035286250058561563
38,1e-06,1e-07,1e-15,SHARE1B,76589.31857918575,76589.318579,True,0,456,0.005441291956230998
48,1e-07,0.001,1e-11,SHARE1B,76589.31857918574,76589.318579,True,0,459,0.002693000016734004
51,1e-07,0.0001,1e-11,SHARE1B,76589.31857918575,76589.318579,True,0,456,0.0026205831672996283
50,1e-07,0.001,1e-15,SHARE1B,76589.31857918574,76589.318579,True,0,459,0.003560124896466732
52,1e-07,0.0001,1e-13,SHARE1B,76589.31857918575,76589.318579,True,0,456,0.0026215410325676203
54,1e-07,1e-05,1e-11,SHARE1B,76589.31857918575,76589.318579,True,0,456,0.0025457500014454126
47,1e-06,1e-10,1e-15,SHARE1B,76589.31857918575,76589.318579,True,0,456,0.007555500138550997
49,1e-07,0.001,1e-13,SHARE1B,76589.31857918574,76589.318579,True,0,459,0.004983165999874473
57,1e-07,1e-06,1e-11,SHARE1B,76589.31857918575,76589.318579,True,0,456,0.0024726251140236855
58,1e-07,1e-06,1e-13,SHARE1B,76589.31857918575,76589.318579,True,0,456,0.0024510410148650408
56,1e-07,1e-05,1e-15,SHARE1B,76589.31857918575,76589.318579,True,0,456,0.0024987910874187946
60,1e-07,1e-07,1e-11,SHARE1B,76589.31857918575,76589.318579,True,0,456,0.002503999974578619
53,1e-07,0.0001,1e-15,SHARE1B,76589.31857918575,76589.318579,True,0,456,0.006257874891161919
61,1e-07,1e-07,1e-13,SHARE1B,76589.31857918575,76589.318579,True,0,456,0.003078291891142726
65,1e-07,1e-08,1e-15,SHARE1B,76589.31857918575,76589.318579,True,0,456,0.002450041938573122
63,1e-07,1e-08,1e-11,SHARE1B,76589.31857918575,76589.318579,True,0,456,0.0025402081664651632
55,1e-07,1e-05,1e-13,SHARE1B,76589.31857918575,76589.318579,True,0,456,0.00754595804028213
66,1e-07,1e-09,1e-11,SHARE1B,76589.31857918575,76589.318579,True,0,456,0.002515916945412755
68,1e-07,1e-09,1e-15,SHARE1B,76589.31857918575,76589.318579,True,0,456,0.0025474170688539743
70,1e-07,1e-10,1e-13,SHARE1B,76589.31857918575,76589.318579,True,0,456,0.002445541089400649
71,1e-07,1e-10,1e-15,SHARE1B,76589.31857918575,76589.318579,True,0,456,0.0026932500768452883
0,1e-05,0.001,1e-11,LOTFI,25.26470606188001,25.264706062,True,0,286,0.0019205419812351465
67,1e-07,1e-09,1e-13,SHARE1B,76589.31857918575,76589.318579,True,0,456,0.0025474170688539743
62,1e-07,1e-07,1e-15,SHARE1B,76589.31857918575,76589.318579,True,0,456,0.006336250109598041
64,1e-07,1e-08,1e-13,SHARE1B,76589.31857918575,76589.318579,True,0,456,0.007904666941612959
2,1e-05,0.001,1e-15,LOTFI,25.916525148081355,25.264706062,True,0,301,0.002299875020980835
5,1e-05,0.0001,1e-15,LOTFI,25.26470606188001,25.264706062,True,0,271,0.00171533296816051
59,1e-07,1e-06,1e-15,SHARE1B,76589.31857918575,76589.318579,True,0,456,0.010482583893463016
3,1e-05,0.0001,1e-11,LOTFI,25.264706061880013,25.264706062,True,0,264,0.001598041970282793
7,1e-05,1e-05,1e-13,LOTFI,25.26470606188001,25.264706062,True,0,277,0.00183750013820827
69,1e-07,1e-10,1e-11,SHARE1B,76589.31857918575,76589.318579,True,0,456,0.005958375055342913
6,1e-05,1e-05,1e-11,LOTFI,25.264706061880013,25.264706062,True,0,264,0.001686125062406063
8,1e-05,1e-05,1e-15,LOTFI,25.26470606188001,25.264706062,True,0,271,0.001723750028759241
1,1e-05,0.001,1e-13,LOTFI,25.334042062960012,25.264706062,True,0,317,0.004870417062193155
10,1e-05,1e-06,1e-13,LOTFI,25.26470606188001,25.264706062,True,0,277,0.001831041183322668
9,1e-05,1e-06,1e-11,LOTFI,25.264706061880013,25.264706062,True,0,264,0.002067417139187455
12,1e-05,1e-07,1e-11,LOTFI,25.264706061880013,25.264706062,True,0,264,0.001809875015169382
15,1e-05,1e-08,1e-11,LOTFI,25.264706061880013,25.264706062,True,0,264,0.001721374923363328
13,1e-05,1e-07,1e-13,LOTFI,25.26470606188001,25.264706062,True,0,277,0.0018390410114079714
14,1e-05,1e-07,1e-15,LOTFI,25.26470606188001,25.264706062,True,0,271,0.0017784580122679472
16,1e-05,1e-08,1e-13,LOTFI,25.26470606188001,25.264706062,True,0,277,0.0019921669736504555
4,1e-05,0.0001,1e-13,LOTFI,25.26470606188001,25.264706062,True,0,277,0.004716458031907678
18,1e-05,1e-09,1e-11,LOTFI,25.264706061880013,25.264706062,True,0,264,0.0016427910886704922
20,1e-05,1e-09,1e-15,LOTFI,25.26470606188001,25.264706062,True,0,271,0.0017147499602288008
22,1e-05,1e-10,1e-13,LOTFI,25.26470606188001,25.264706062,True,0,277,0.0018264579121023417
23,1e-05,1e-10,1e-15,LOTFI,25.26470606188001,25.264706062,True,0,271,0.001710499869659543
24,1e-06,0.001,1e-11,LOTFI,25.26470606188001,25.264706062,True,0,286,0.0018922081217169762
17,1e-05,1e-08,1e-15,LOTFI,25.26470606188001,25.264706062,True,0,271,0.0017694581765681505
26,1e-06,0.001,1e-15,LOTFI,25.916525148081355,25.264706062,True,0,301,0.0020806249231100082
11,1e-05,1e-06,1e-15,LOTFI,25.26470606188001,25.264706062,True,0,271,0.0017455408815294504
27,1e-06,0.0001,1e-11,LOTFI,25.264706061880013,25.264706062,True,0,264,0.0016179168596863747
25,1e-06,0.001,1e-13,LOTFI,25.334042062960012,25.264706062,True,0,317,0.0022821659222245216
28,1e-06,0.0001,1e-13,LOTFI,25.26470606188001,25.264706062,True,0,277,0.001792832976207137
29,1e-06,0.0001,1e-15,LOTFI,25.26470606188001,25.264706062,True,0,271,0.0016825830098241568
31,1e-06,1e-05,1e-13,LOTFI,25.26470606188001,25.264706062,True,0,277,0.0017849579453468323
19,1e-05,1e-09,1e-13,LOTFI,25.26470606188001,25.264706062,True,0,277,0.00432737497612834
30,1e-06,1e-05,1e-11,LOTFI,25.264706061880013,25.264706062,True,0,264,0.0015919578727334738
32,1e-06,1e-05,1e-15,LOTFI,25.26470606188001,25.264706062,True,0,271,0.0016962499357759953
33,1e-06,1e-06,1e-11,LOTFI,25.264706061880013,25.264706062,True,0,264,0.0016131249722093344
34,1e-06,1e-06,1e-13,LOTFI,25.26470606188001,25.264706062,True,0,277,0.0017584578599780798
21,1e-05,1e-10,1e-11,LOTFI,25.264706061880013,25.264706062,True,0,264,0.005554375005885959
36,1e-06,1e-07,1e-11,LOTFI,25.264706061880013,25.264706062,True,0,264,0.0015994159039109945
35,1e-06,1e-06,1e-15,LOTFI,25.26470606188001,25.264706062,True,0,271,0.0017325000371783972
38,1e-06,1e-07,1e-15,LOTFI,25.26470606188001,25.264706062,True,0,271,0.00165833393111825
41,1e-06,1e-08,1e-15,LOTFI,25.26470606188001,25.264706062,True,0,271,0.0016746250912547112
37,1e-06,1e-07,1e-13,LOTFI,25.26470606188001,25.264706062,True,0,277,0.0017216249834746122
40,1e-06,1e-08,1e-13,LOTFI,25.26470606188001,25.264706062,True,0,277,0.0017445841804146767
43,1e-06,1e-09,1e-13,LOTFI,25.26470606188001,25.264706062,True,0,277,0.0017168340273201466
39,1e-06,1e-08,1e-11,LOTFI,25.264706061880013,25.264706062,True,0,264,0.0016322918236255646
47,1e-06,1e-10,1e-15,LOTFI,25.26470606188001,25.264706062,True,0,271,0.0016792910173535347
48,1e-07,0.001,1e-11,LOTFI,25.26470606188001,25.264706062,True,0,286,0.0019369579385966063
46,1e-06,1e-10,1e-13,LOTFI,25.26470606188001,25.264706062,True,0,277,0.0035038329660892487
51,1e-07,0.0001,1e-11,LOTFI,25.264706061880013,25.264706062,True,0,264,0.00158933294005692
42,1e-06,1e-09,1e-11,LOTFI,25.264706061880013,25.264706062,True,0,264,0.004782542120665312
50,1e-07,0.001,1e-15,LOTFI,25.916525148081355,25.264706062,True,0,301,0.0021258338820189238
49,1e-07,0.001,1e-13,LOTFI,25.334042062960012,25.264706062,True,0,317,0.002218207810074091
44,1e-06,1e-09,1e-15,LOTFI,25.26470606188001,25.264706062,True,0,271,0.0017912499606609344
52,1e-07,0.0001,1e-13,LOTFI,25.26470606188001,25.264706062,True,0,277,0.0018111669924110174
45,1e-06,1e-10,1e-11,LOTFI,25.264706061880013,25.264706062,True,0,264,0.005561375059187412
54,1e-07,1e-05,1e-11,LOTFI,25.264706061880013,25.264706062,True,0,264,0.0016883749049156904
55,1e-07,1e-05,1e-13,LOTFI,25.26470606188001,25.264706062,True,0,277,0.0018862090073525906
56,1e-07,1e-05,1e-15,LOTFI,25.26470606188001,25.264706062,True,0,271,0.0017908329609781504
57,1e-07,1e-06,1e-11,LOTFI,25.264706061880013,25.264706062,True,0,264,0.0017066251020878553
63,1e-07,1e-08,1e-11,LOTFI,25.264706061880013,25.264706062,True,0,264,0.0016607921570539474
60,1e-07,1e-07,1e-11,LOTFI,25.264706061880013,25.264706062,True,0,264,0.0017075419891625643
59,1e-07,1e-06,1e-15,LOTFI,25.26470606188001,25.264706062,True,0,271,0.0017883330583572388
64,1e-07,1e-08,1e-13,LOTFI,25.26470606188001,25.264706062,True,0,277,0.001821999903768301
65,1e-07,1e-08,1e-15,LOTFI,25.26470606188001,25.264706062,True,0,271,0.0017353750299662352
66,1e-07,1e-09,1e-11,LOTFI,25.264706061880013,25.264706062,True,0,264,0.00164079200476408
67,1e-07,1e-09,1e-13,LOTFI,25.26470606188001,25.264706062,True,0,277,0.0017542080022394657
68,1e-07,1e-09,1e-15,LOTFI,25.26470606188001,25.264706062,True,0,271,0.001704040914773941
69,1e-07,1e-10,1e-11,LOTFI,25.264706061880013,25.264706062,True,0,264,0.0016305409371852875
0,1e-05,0.001,1e-11,SHARE2B,415.73224074141893,415.73224074,True,0,203,0.0006316669750958681
1,1e-05,0.001,1e-13,SHARE2B,415.73224074141893,415.73224074,True,0,203,0.000603583874180913
3,1e-05,0.0001,1e-11,SHARE2B,415.732240741419,415.73224074,True,0,204,0.0005983330775052309
71,1e-07,1e-10,1e-15,LOTFI,25.26470606188001,25.264706062,True,0,271,0.0017543330322951078
2,1e-05,0.001,1e-15,SHARE2B,415.7322407414188,415.73224074,True,0,209,0.0006115420255810022
70,1e-07,1e-10,1e-13,LOTFI,25.26470606188001,25.264706062,True,0,277,0.0017974160145968199
4,1e-05,0.0001,1e-13,SHARE2B,415.732240741419,415.73224074,True,0,204,0.0005975419189780951
53,1e-07,0.0001,1e-15,LOTFI,25.26470606188001,25.264706062,True,0,271,0.004880916094407439
6,1e-05,1e-05,1e-11,SHARE2B,415.732240741419,415.73224074,True,0,204,0.0006061671301722527
9,1e-05,1e-06,1e-11,SHARE2B,415.732240741419,415.73224074,True,0,204,0.00059841712936759
10,1e-05,1e-06,1e-13,SHARE2B,415.732240741419,415.73224074,True,0,204,0.0006199169438332319
8,1e-05,1e-05,1e-15,SHARE2B,415.7322407414188,415.73224074,True,0,210,0.0006467080675065517
7,1e-05,1e-05,1e-13,SHARE2B,415.732240741419,415.73224074,True,0,204,0.0006229998543858528
61,1e-07,1e-07,1e-13,LOTFI,25.26470606188001,25.264706062,True,0,277,0.006115458905696869
62,1e-07,1e-07,1e-15,LOTFI,25.26470606188001,25.264706062,True,0,271,0.004618291975930333
14,1e-05,1e-07,1e-15,SHARE2B,415.7322407414188,415.73224074,True,0,210,0.0005911670159548521
5,1e-05,0.0001,1e-15,SHARE2B,415.7322407414188,415.73224074,True,0,210,0.0025417080614715815
15,1e-05,1e-08,1e-11,SHARE2B,415.732240741419,415.73224074,True,0,204,0.0005892920307815075
13,1e-05,1e-07,1e-13,SHARE2B,415.732240741419,415.73224074,True,0,204,0.0013827080838382244
58,1e-07,1e-06,1e-13,LOTFI,25.26470606188001,25.264706062,True,0,277,0.004150249995291233
19,1e-05,1e-09,1e-13,SHARE2B,415.732240741419,415.73224074,True,0,204,0.0005641251336783171
20,1e-05,1e-09,1e-15,SHARE2B,415.7322407414188,415.73224074,True,0,210,0.0005929588805884123
21,1e-05,1e-10,1e-11,SHARE2B,415.732240741419,415.73224074,True,0,204,0.0005657500587403774
18,1e-05,1e-09,1e-11,SHARE2B,415.732240741419,415.73224074,True,0,204,0.0006067920476198196
11,1e-05,1e-06,1e-15,SHARE2B,415.7322407414188,415.73224074,True,0,210,0.0017452079337090254
12,1e-05,1e-07,1e-11,SHARE2B,415.732240741419,415.73224074,True,0,204,0.0005976250395178795
24,1e-06,0.001,1e-11,SHARE2B,415.73224074141893,415.73224074,True,0,203,0.0005747501272708178
22,1e-05,1e-10,1e-13,SHARE2B,415.732240741419,415.73224074,True,0,204,0.000598209211602807
23,1e-05,1e-10,1e-15,SHARE2B,415.7322407414188,415.73224074,True,0,210,0.0006244999822229147
25,1e-06,0.001,1e-13,SHARE2B,415.73224074141893,415.73224074,True,0,203,0.0005757501348853111
26,1e-06,0.001,1e-15,SHARE2B,415.7322407414188,415.73224074,True,0,209,0.0005729170516133308
27,1e-06,0.0001,1e-11,SHARE2B,415.732240741419,415.73224074,True,0,204,0.0005599998403340578
30,1e-06,1e-05,1e-11,SHARE2B,415.732240741419,415.73224074,True,0,204,0.0005695419386029243
16,1e-05,1e-08,1e-13,SHARE2B,415.732240741419,415.73224074,True,0,204,0.00310729187913239
31,1e-06,1e-05,1e-13,SHARE2B,415.732240741419,415.73224074,True,0,204,0.0005560829304158688
29,1e-06,0.0001,1e-15,SHARE2B,415.7322407414188,415.73224074,True,0,210,0.0005871250759810209
32,1e-06,1e-05,1e-15,SHARE2B,415.7322407414188,415.73224074,True,0,210,0.0005898331291973591
33,1e-06,1e-06,1e-11,SHARE2B,415.732240741419,415.73224074,True,0,204,0.0005708748940378428
17,1e-05,1e-08,1e-15,SHARE2B,415.7322407414188,415.73224074,True,0,210,0.0017801669891923666
36,1e-06,1e-07,1e-11,SHARE2B,415.732240741419,415.73224074,True,0,204,0.0005493341013789177
39,1e-06,1e-08,1e-11,SHARE2B,415.732240741419,415.73224074,True,0,204,0.0005644580814987421
28,1e-06,0.0001,1e-13,SHARE2B,415.732240741419,415.73224074,True,0,204,0.0008274998981505632
40,1e-06,1e-08,1e-13,SHARE2B,415.732240741419,415.73224074,True,0,204,0.0005643749609589577
41,1e-06,1e-08,1e-15,SHARE2B,415.7322407414188,415.73224074,True,0,210,0.0005775000900030136
37,1e-06,1e-07,1e-13,SHARE2B,415.732240741419,415.73224074,True,0,204,0.000595166115090251
35,1e-06,1e-06,1e-15,SHARE2B,415.7322407414188,415.73224074,True,0,210,0.0006158750038594007
43,1e-06,1e-09,1e-13,SHARE2B,415.732240741419,415.73224074,True,0,204,0.000552833080291748
42,1e-06,1e-09,1e-11,SHARE2B,415.732240741419,415.73224074,True,0,204,0.0005807909183204174
44,1e-06,1e-09,1e-15,SHARE2B,415.7322407414188,415.73224074,True,0,210,0.000577291939407587
45,1e-06,1e-10,1e-11,SHARE2B,415.732240741419,415.73224074,True,0,204,0.0005672499537467957
38,1e-06,1e-07,1e-15,SHARE2B,415.7322407414188,415.73224074,True,0,210,0.0006017920095473528
47,1e-06,1e-10,1e-15,SHARE2B,415.7322407414188,415.73224074,True,0,210,0.0005560829304158688
48,1e-07,0.001,1e-11,SHARE2B,415.73224074141893,415.73224074,True,0,203,0.0005603749305009842
50,1e-07,0.001,1e-15,SHARE2B,415.7322407414188,415.73224074,True,0,209,0.0005680001340806484
53,1e-07,0.0001,1e-15,SHARE2B,415.7322407414188,415.73224074,True,0,210,0.0005836249329149723
49,1e-07,0.001,1e-13,SHARE2B,415.73224074141893,415.73224074,True,0,203,0.0006233751773834229
55,1e-07,1e-05,1e-13,SHARE2B,415.732240741419,415.73224074,True,0,204,0.0005635409615933895
56,1e-07,1e-05,1e-15,SHARE2B,415.7322407414188,415.73224074,True,0,210,0.0005819580983370543
52,1e-07,0.0001,1e-13,SHARE2B,415.732240741419,415.73224074,True,0,204,0.0005728749092668295
46,1e-06,1e-10,1e-13,SHARE2B,415.732240741419,415.73224074,True,0,204,0.0015354158822447062
54,1e-07,1e-05,1e-11,SHARE2B,415.732240741419,415.73224074,True,0,204,0.0005702921189367771
51,1e-07,0.0001,1e-11,SHARE2B,415.732240741419,415.73224074,True,0,204,0.000602666987106204
34,1e-06,1e-06,1e-13,SHARE2B,415.732240741419,415.73224074,True,0,204,0.002947000088170171
58,1e-07,1e-06,1e-13,SHARE2B,415.732240741419,415.73224074,True,0,204,0.0005493331700563431
60,1e-07,1e-07,1e-11,SHARE2B,415.732240741419,415.73224074,True,0,204,0.0006012921221554279
64,1e-07,1e-08,1e-13,SHARE2B,415.732240741419,415.73224074,True,0,204,0.0005606249906122684
62,1e-07,1e-07,1e-15,SHARE2B,415.7322407414188,415.73224074,True,0,210,0.0005792919546365738
59,1e-07,1e-06,1e-15,SHARE2B,415.7322407414188,415.73224074,True,0,210,0.0006053331308066845
61,1e-07,1e-07,1e-13,SHARE2B,415.732240741419,415.73224074,True,0,204,0.0005960001144558191
65,1e-07,1e-08,1e-15,SHARE2B,415.7322407414188,415.73224074,True,0,210,0.0005999170243740082
67,1e-07,1e-09,1e-13,SHARE2B,415.732240741419,415.73224074,True,0,204,0.000568249961361289
57,1e-07,1e-06,1e-11,SHARE2B,415.732240741419,415.73224074,True,0,204,0.002236125059425831
66,1e-07,1e-09,1e-11,SHARE2B,415.732240741419,415.73224074,True,0,204,0.0005961658898741007
0,1e-05,0.001,1e-11,BLEND,30.81214984582829,30.812149846,True,0,148,0.0002872499171644449
68,1e-07,1e-09,1e-15,SHARE2B,415.7322407414188,415.73224074,True,0,210,0.0005789159331470728
69,1e-07,1e-10,1e-11,SHARE2B,415.732240741419,415.73224074,True,0,204,0.0005730839911848307
1,1e-05,0.001,1e-13,BLEND,30.81214984582808,30.812149846,True,0,165,0.0003262499812990427
2,1e-05,0.001,1e-15,BLEND,30.81214984582805,30.812149846,True,0,180,0.0003478329163044691
70,1e-07,1e-10,1e-13,SHARE2B,415.732240741419,415.73224074,True,0,204,0.0005997081752866507
71,1e-07,1e-10,1e-15,SHARE2B,415.7322407414188,415.73224074,True,0,210,0.0006097499281167984
5,1e-05,0.0001,1e-15,BLEND,30.81214984582805,30.812149846,True,0,180,0.0003441248554736376
7,1e-05,1e-05,1e-13,BLEND,30.81214984582808,30.812149846,True,0,165,0.00032262480817735195
8,1e-05,1e-05,1e-15,BLEND,30.81214984582805,30.812149846,True,0,180,0.0003399159759283066
3,1e-05,0.0001,1e-11,BLEND,30.81214984582829,30.812149846,True,0,148,0.00048233289271593094
9,1e-05,1e-06,1e-11,BLEND,30.81214984582829,30.812149846,True,0,148,0.00029233284294605255
10,1e-05,1e-06,1e-13,BLEND,30.81214984582808,30.812149846,True,0,165,0.0003154161386191845
11,1e-05,1e-06,1e-15,BLEND,30.81214984582805,30.812149846,True,0,180,0.00035787513479590416
12,1e-05,1e-07,1e-11,BLEND,30.81214984582829,30.812149846,True,0,148,0.00027350010350346565
13,1e-05,1e-07,1e-13,BLEND,30.81214984582808,30.812149846,True,0,165,0.00030041695572435856
15,1e-05,1e-08,1e-11,BLEND,30.81214984582829,30.812149846,True,0,148,0.0002758330665528774
14,1e-05,1e-07,1e-15,BLEND,30.81214984582805,30.812149846,True,0,180,0.00033183395862579346
16,1e-05,1e-08,1e-13,BLEND,30.81214984582808,30.812149846,True,0,165,0.0003133330028504133
17,1e-05,1e-08,1e-15,BLEND,30.81214984582805,30.812149846,True,0,180,0.0003374170046299696
18,1e-05,1e-09,1e-11,BLEND,30.81214984582829,30.812149846,True,0,148,0.00027491687797009945
19,1e-05,1e-09,1e-13,BLEND,30.81214984582808,30.812149846,True,0,165,0.00030800001695752144
21,1e-05,1e-10,1e-11,BLEND,30.81214984582829,30.812149846,True,0,148,0.0002698339521884918
20,1e-05,1e-09,1e-15,BLEND,30.81214984582805,30.812149846,True,0,180,0.00034300005063414574
22,1e-05,1e-10,1e-13,BLEND,30.81214984582808,30.812149846,True,0,165,0.00030658277682960033
4,1e-05,0.0001,1e-13,BLEND,30.81214984582808,30.812149846,True,0,165,0.000917915953323245
6,1e-05,1e-05,1e-11,BLEND,30.81214984582829,30.812149846,True,0,148,0.0008642920292913914
23,1e-05,1e-10,1e-15,BLEND,30.81214984582805,30.812149846,True,0,180,0.0003686249256134033
28,1e-06,0.0001,1e-13,BLEND,30.81214984582808,30.812149846,True,0,165,0.00031520891934633255
29,1e-06,0.0001,1e-15,BLEND,30.81214984582805,30.812149846,True,0,180,0.00034016603603959084
26,1e-06,0.001,1e-15,BLEND,30.81214984582805,30.812149846,True,0,180,0.00037891604006290436
27,1e-06,0.0001,1e-11,BLEND,30.81214984582829,30.812149846,True,0,148,0.0003052919637411833
33,1e-06,1e-06,1e-11,BLEND,30.81214984582829,30.812149846,True,0,148,0.0002776249311864376
32,1e-06,1e-05,1e-15,BLEND,30.81214984582805,30.812149846,True,0,180,0.00034487503580749035
34,1e-06,1e-06,1e-13,BLEND,30.81214984582808,30.812149846,True,0,165,0.0003112091217190027
63,1e-07,1e-08,1e-11,SHARE2B,415.732240741419,415.73224074,True,0,204,0.000616749981418252
35,1e-06,1e-06,1e-15,BLEND,30.81214984582805,30.812149846,True,0,180,0.00035341596230864525
24,1e-06,0.001,1e-11,BLEND,30.81214984582829,30.812149846,True,0,148,0.0005900000687688589
25,1e-06,0.001,1e-13,BLEND,30.81214984582808,30.812149846,True,0,165,0.0008868749719113111
37,1e-06,1e-07,1e-13,BLEND,30.81214984582808,30.812149846,True,0,165,0.00030816695652902126
36,1e-06,1e-07,1e-11,BLEND,30.81214984582829,30.812149846,True,0,148,0.0002792919985949993
38,1e-06,1e-07,1e-15,BLEND,30.81214984582805,30.812149846,True,0,180,0.0003360421396791935
31,1e-06,1e-05,1e-13,BLEND,30.81214984582808,30.812149846,True,0,165,0.0008865417912602425
39,1e-06,1e-08,1e-11,BLEND,30.81214984582829,30.812149846,True,0,148,0.00028145802207291126
41,1e-06,1e-08,1e-15,BLEND,30.81214984582805,30.812149846,True,0,180,0.0003414170350879431
30,1e-06,1e-05,1e-11,BLEND,30.81214984582829,30.812149846,True,0,148,0.0011621250305324793
42,1e-06,1e-09,1e-11,BLEND,30.81214984582829,30.812149846,True,0,148,0.00029812497086822987
44,1e-06,1e-09,1e-15,BLEND,30.81214984582805,30.812149846,True,0,180,0.0003369580954313278
46,1e-06,1e-10,1e-13,BLEND,30.81214984582808,30.812149846,True,0,165,0.0003370000049471855
45,1e-06,1e-10,1e-11,BLEND,30.81214984582829,30.812149846,True,0,148,0.00027950014919042587
48,1e-07,0.001,1e-11,BLEND,30.81214984582829,30.812149846,True,0,148,0.00027354201301932335
49,1e-07,0.001,1e-13,BLEND,30.81214984582808,30.812149846,True,0,165,0.0003180841449648142
51,1e-07,0.0001,1e-11,BLEND,30.81214984582829,30.812149846,True,0,148,0.00028112507425248623
54,1e-07,1e-05,1e-11,BLEND,30.81214984582829,30.812149846,True,0,148,0.0002760831266641617
55,1e-07,1e-05,1e-13,BLEND,30.81214984582808,30.812149846,True,0,165,0.0003077918663620949
53,1e-07,0.0001,1e-15,BLEND,30.81214984582805,30.812149846,True,0,180,0.0003575831651687622
56,1e-07,1e-05,1e-15,BLEND,30.81214984582805,30.812149846,True,0,180,0.00033995904959738255
52,1e-07,0.0001,1e-13,BLEND,30.81214984582808,30.812149846,True,0,165,0.0008659579325467348
58,1e-07,1e-06,1e-13,BLEND,30.81214984582808,30.812149846,True,0,165,0.0003095830325037241
59,1e-07,1e-06,1e-15,BLEND,30.81214984582805,30.812149846,True,0,180,0.0003360840491950512
60,1e-07,1e-07,1e-11,BLEND,30.81214984582829,30.812149846,True,0,148,0.0002797499764710665
61,1e-07,1e-07,1e-13,BLEND,30.81214984582808,30.812149846,True,0,165,0.00031370786018669605
47,1e-06,1e-10,1e-15,BLEND,30.81214984582805,30.812149846,True,0,180,0.0012195000890642405
63,1e-07,1e-08,1e-11,BLEND,30.81214984582829,30.812149846,True,0,148,0.0002712078858166933
62,1e-07,1e-07,1e-15,BLEND,30.81214984582805,30.812149846,True,0,180,0.0003582090139389038
43,1e-06,1e-09,1e-13,BLEND,30.81214984582808,30.812149846,True,0,165,0.001493541058152914
64,1e-07,1e-08,1e-13,BLEND,30.81214984582808,30.812149846,True,0,165,0.00030691688880324364
66,1e-07,1e-09,1e-11,BLEND,30.81214984582829,30.812149846,True,0,148,0.00027483305893838406
65,1e-07,1e-08,1e-15,BLEND,30.81214984582805,30.812149846,True,0,180,0.00033825007267296314
50,1e-07,0.001,1e-15,BLEND,30.81214984582805,30.812149846,True,0,180,0.001356417080387473
69,1e-07,1e-10,1e-11,BLEND,30.81214984582829,30.812149846,True,0,148,0.00028200005181133747
71,1e-07,1e-10,1e-15,BLEND,30.81214984582805,30.812149846,True,0,180,0.0003319170791655779
0,1e-05,0.001,1e-11,ADLITTLE,-225494.96316238047,-225494.96316,True,0,144,0.00020562508143484592
68,1e-07,1e-09,1e-15,BLEND,30.81214984582805,30.812149846,True,0,180,0.0005784998647868633
1,1e-05,0.001,1e-13,ADLITTLE,-225494.96316238047,-225494.96316,True,0,144,0.00019820895977318287
40,1e-06,1e-08,1e-13,BLEND,30.81214984582808,30.812149846,True,0,165,0.0003491251263767481
3,1e-05,0.0001,1e-11,ADLITTLE,-225494.96316238047,-225494.96316,True,0,144,0.00020691705867648125
67,1e-07,1e-09,1e-13,BLEND,30.81214984582808,30.812149846,True,0,165,0.0003434170503169298
4,1e-05,0.0001,1e-13,ADLITTLE,-225494.96316238047,-225494.96316,True,0,144,0.0002091249916702509
5,1e-05,0.0001,1e-15,ADLITTLE,-225494.96316238047,-225494.96316,True,0,144,0.00019045895896852016
7,1e-05,1e-05,1e-13,ADLITTLE,-225494.96316238047,-225494.96316,True,0,144,0.00018729199655354023
6,1e-05,1e-05,1e-11,ADLITTLE,-225494.96316238047,-225494.96316,True,0,144,0.0002127080224454403
8,1e-05,1e-05,1e-15,ADLITTLE,-225494.96316238047,-225494.96316,True,0,144,0.00020316592417657375
9,1e-05,1e-06,1e-11,ADLITTLE,-225494.96316238047,-225494.96316,True,0,144,0.00018516718409955502
11,1e-05,1e-06,1e-15,ADLITTLE,-225494.96316238047,-225494.96316,True,0,144,0.00018745800480246544
10,1e-05,1e-06,1e-13,ADLITTLE,-225494.96316238047,-225494.96316,True,0,144,0.00020920787937939167
12,1e-05,1e-07,1e-11,ADLITTLE,-225494.96316238047,-225494.96316,True,0,144,0.0001848749816417694
13,1e-05,1e-07,1e-13,ADLITTLE,-225494.96316238047,-225494.96316,True,0,144,0.0001835830044001341
14,1e-05,1e-07,1e-15,ADLITTLE,-225494.96316238047,-225494.96316,True,0,144,0.00018941680900752544
16,1e-05,1e-08,1e-13,ADLITTLE,-225494.96316238047,-225494.96316,True,0,144,0.00018145795911550522
15,1e-05,1e-08,1e-11,ADLITTLE,-225494.96316238047,-225494.96316,True,0,144,0.00020362483337521553
17,1e-05,1e-08,1e-15,ADLITTLE,-225494.96316238047,-225494.96316,True,0,144,0.0001863751094788313
18,1e-05,1e-09,1e-11,ADLITTLE,-225494.96316238047,-225494.96316,True,0,144,0.0001879159826785326
19,1e-05,1e-09,1e-13,ADLITTLE,-225494.96316238047,-225494.96316,True,0,144,0.00018341699615120888
2,1e-05,0.001,1e-15,ADLITTLE,-225494.96316238047,-225494.96316,True,0,144,0.0006606250535696745
20,1e-05,1e-09,1e-15,ADLITTLE,-225494.96316238047,-225494.96316,True,0,144,0.00018133409321308136
21,1e-05,1e-10,1e-11,ADLITTLE,-225494.96316238047,-225494.96316,True,0,144,0.00018570804968476295
57,1e-07,1e-06,1e-11,BLEND,30.81214984582829,30.812149846,True,0,148,0.0002989999484270811
70,1e-07,1e-10,1e-13,BLEND,30.81214984582808,30.812149846,True,0,165,0.0012760418467223644
23,1e-05,1e-10,1e-15,ADLITTLE,-225494.96316238047,-225494.96316,True,0,144,0.00018970808014273643
24,1e-06,0.001,1e-11,ADLITTLE,-225494.96316238047,-225494.96316,True,0,144,0.0001828339882194996
26,1e-06,0.001,1e-15,ADLITTLE,-225494.96316238047,-225494.96316,True,0,144,0.00018429197371006012
25,1e-06,0.001,1e-13,ADLITTLE,-225494.96316238047,-225494.96316,True,0,144,0.00018691690638661385
28,1e-06,0.0001,1e-13,ADLITTLE,-225494.96316238047,-225494.96316,True,0,144,0.0001823750790208578
29,1e-06,0.0001,1e-15,ADLITTLE,-225494.96316238047,-225494.96316,True,0,144,0.00018145795911550522
27,1e-06,0.0001,1e-11,ADLITTLE,-225494.96316238047,-225494.96316,True,0,144,0.0002087908796966076
32,1e-06,1e-05,1e-15,ADLITTLE,-225494.96316238047,-225494.96316,True,0,144,0.00018391688354313374
30,1e-06,1e-05,1e-11,ADLITTLE,-225494.96316238047,-225494.96316,True,0,144,0.00019704108126461506
33,1e-06,1e-06,1e-11,ADLITTLE,-225494.96316238047,-225494.96316,True,0,144,0.00018020812422037125
22,1e-05,1e-10,1e-13,ADLITTLE,-225494.96316238047,-225494.96316,True,0,144,0.00021004187874495983
34,1e-06,1e-06,1e-13,ADLITTLE,-225494.96316238047,-225494.96316,True,0,144,0.0001794169656932354
36,1e-06,1e-07,1e-11,ADLITTLE,-225494.96316238047,-225494.96316,True,0,144,0.00020404206588864326
38,1e-06,1e-07,1e-15,ADLITTLE,-225494.96316238047,-225494.96316,True,0,144,0.0001919169444590807
39,1e-06,1e-08,1e-11,ADLITTLE,-225494.96316238047,-225494.96316,True,0,144,0.00018433388322591782
40,1e-06,1e-08,1e-13,ADLITTLE,-225494.96316238047,-225494.96316,True,0,144,0.00019458401948213577
43,1e-06,1e-09,1e-13,ADLITTLE,-225494.96316238047,-225494.96316,True,0,144,0.00017962511628866196
41,1e-06,1e-08,1e-15,ADLITTLE,-225494.96316238047,-225494.96316,True,0,144,0.0001807918306440115
44,1e-06,1e-09,1e-15,ADLITTLE,-225494.96316238047,-225494.96316,True,0,144,0.00018804194405674934
46,1e-06,1e-10,1e-13,ADLITTLE,-225494.96316238047,-225494.96316,True,0,144,0.0001827920787036419
42,1e-06,1e-09,1e-11,ADLITTLE,-225494.96316238047,-225494.96316,True,0,144,0.0002324169036000967
51,1e-07,0.0001,1e-11,ADLITTLE,-225494.96316238047,-225494.96316,True,0,144,0.00018116692081093788
50,1e-07,0.001,1e-15,ADLITTLE,-225494.96316238047,-225494.96316,True,0,144,0.000208917073905468
37,1e-06,1e-07,1e-13,ADLITTLE,-225494.96316238047,-225494.96316,True,0,144,0.00024604122154414654
48,1e-07,0.001,1e-11,ADLITTLE,-225494.96316238047,-225494.96316,True,0,144,0.000522624934092164
47,1e-06,1e-10,1e-15,ADLITTLE,-225494.96316238047,-225494.96316,True,0,144,0.0005572079680860043
45,1e-06,1e-10,1e-11,ADLITTLE,-225494.96316238047,-225494.96316,True,0,144,0.0006583330687135458
53,1e-07,0.0001,1e-15,ADLITTLE,-225494.96316238047,-225494.96316,True,0,144,0.00018208310939371586
54,1e-07,1e-05,1e-11,ADLITTLE,-225494.96316238047,-225494.96316,True,0,144,0.0001884999219328165
55,1e-07,1e-05,1e-13,ADLITTLE,-225494.96316238047,-225494.96316,True,0,144,0.00019154115580022335
49,1e-07,0.001,1e-13,ADLITTLE,-225494.96316238047,-225494.96316,True,0,144,0.0010335419792681932
56,1e-07,1e-05,1e-15,ADLITTLE,-225494.96316238047,-225494.96316,True,0,144,0.00019266712479293346
35,1e-06,1e-06,1e-15,ADLITTLE,-225494.96316238047,-225494.96316,True,0,144,0.0006422910373657942
60,1e-07,1e-07,1e-11,ADLITTLE,-225494.96316238047,-225494.96316,True,0,144,0.00018370803445577621
57,1e-07,1e-06,1e-11,ADLITTLE,-225494.96316238047,-225494.96316,True,0,144,0.00021454202942550182
58,1e-07,1e-06,1e-13,ADLITTLE,-225494.96316238047,-225494.96316,True,0,144,0.00021033384837210178
61,1e-07,1e-07,1e-13,ADLITTLE,-225494.96316238047,-225494.96316,True,0,144,0.0001828339882194996
59,1e-07,1e-06,1e-15,ADLITTLE,-225494.96316238047,-225494.96316,True,0,144,0.0005013751797378063
63,1e-07,1e-08,1e-11,ADLITTLE,-225494.96316238047,-225494.96316,True,0,144,0.00018474995158612728
62,1e-07,1e-07,1e-15,ADLITTLE,-225494.96316238047,-225494.96316,True,0,144,0.00020929193124175072
65,1e-07,1e-08,1e-15,ADLITTLE,-225494.96316238047,-225494.96316,True,0,144,0.00018791691400110722
66,1e-07,1e-09,1e-11,ADLITTLE,-225494.96316238047,-225494.96316,True,0,144,0.00019175000488758087
67,1e-07,1e-09,1e-13,ADLITTLE,-225494.96316238047,-225494.96316,True,0,144,0.00019587506540119648
68,1e-07,1e-09,1e-15,ADLITTLE,-225494.96316238047,-225494.96316,True,0,144,0.00018070894293487072
70,1e-07,1e-10,1e-13,ADLITTLE,-225494.96316238047,-225494.96316,True,0,144,0.00018358416855335236
69,1e-07,1e-10,1e-11,ADLITTLE,-225494.96316238047,-225494.96316,True,0,144,0.00019333395175635815
71,1e-07,1e-10,1e-15,ADLITTLE,-225494.96316238047,-225494.96316,True,0,144,0.00020608305931091309
31,1e-06,1e-05,1e-13,ADLITTLE,-225494.96316238047,-225494.96316,True,0,144,0.00021283305250108242
52,1e-07,0.0001,1e-13,ADLITTLE,-225494.96316238047,-225494.96316,True,0,144,0.0007251659408211708
64,1e-07,1e-08,1e-13,ADLITTLE,-225494.96316238047,-225494.96316,True,0,144,0.0007460000924766064
5,1e-05,0.0001,1e-15,SC205,52.20206121167227,52.202061212,True,0,274,0.003656042041257024
3,1e-05,0.0001,1e-11,SC205,52.202061211705555,52.202061212,True,0,313,0.0043244578409940004
2,1e-05,0.001,1e-15,SC205,52.20206121167227,52.202061212,True,0,274,0.004054500022903085
0,1e-05,0.001,1e-11,SC205,52.202061211719695,52.202061212,True,0,314,0.004338999977335334
1,1e-05,0.001,1e-13,SC205,52.20206121170649,52.202061212,True,0,322,0.004527833079919219
4,1e-05,0.0001,1e-13,SC205,52.20206121170649,52.202061212,True,0,322,0.004924166947603226
6,1e-05,1e-05,1e-11,SC205,52.20206121182398,52.202061212,True,0,314,0.004732500063255429
7,1e-05,1e-05,1e-13,SC205,52.20206121170649,52.202061212,True,0,322,0.004539665998890996
10,1e-05,1e-06,1e-13,SC205,52.20206121170649,52.202061212,True,0,322,0.0045069579500705
14,1e-05,1e-07,1e-15,SC205,52.20206121167227,52.202061212,True,0,274,0.003605165984481573
13,1e-05,1e-07,1e-13,SC205,52.20206121170649,52.202061212,True,0,322,0.004527874989435077
17,1e-05,1e-08,1e-15,SC205,52.20206121167227,52.202061212,True,0,274,0.0036172911059111357
15,1e-05,1e-08,1e-11,SC205,52.20206121182398,52.202061212,True,0,314,0.0046555830631405115
12,1e-05,1e-07,1e-11,SC205,52.20206121182398,52.202061212,True,0,314,0.004657959099858999
9,1e-05,1e-06,1e-11,SC205,52.20206121182398,52.202061212,True,0,314,0.005695166997611523
16,1e-05,1e-08,1e-13,SC205,52.20206121170649,52.202061212,True,0,322,0.0055741670075803995
8,1e-05,1e-05,1e-15,SC205,52.20206121167227,52.202061212,True,0,274,0.007412875071167946
11,1e-05,1e-06,1e-15,SC205,52.20206121167227,52.202061212,True,0,274,0.008026166819036007
18,1e-05,1e-09,1e-11,SC205,52.20206121182398,52.202061212,True,0,314,0.004307124996557832
19,1e-05,1e-09,1e-13,SC205,52.20206121170649,52.202061212,True,0,322,0.004444249905645847
20,1e-05,1e-09,1e-15,SC205,52.20206121167227,52.202061212,True,0,274,0.003656500019133091
21,1e-05,1e-10,1e-11,SC205,52.20206121182398,52.202061212,True,0,314,0.004336291924118996
22,1e-05,1e-10,1e-13,SC205,52.20206121170649,52.202061212,True,0,322,0.004534167004749179
23,1e-05,1e-10,1e-15,SC205,52.20206121167227,52.202061212,True,0,274,0.00371058308519423
24,1e-06,0.001,1e-11,SC205,52.202061211719695,52.202061212,True,0,314,0.004510083002969623
27,1e-06,0.0001,1e-11,SC205,52.202061211705555,52.202061212,True,0,313,0.004446832928806543
30,1e-06,1e-05,1e-11,SC205,52.20206121182398,52.202061212,True,0,314,0.0044567089062184095
31,1e-06,1e-05,1e-13,SC205,52.20206121170649,52.202061212,True,0,322,0.00464245886541903
25,1e-06,0.001,1e-13,SC205,52.20206121170649,52.202061212,True,0,322,0.004643708933144808
28,1e-06,0.0001,1e-13,SC205,52.20206121170649,52.202061212,True,0,322,0.004817750072106719
32,1e-06,1e-05,1e-15,SC205,52.20206121167227,52.202061212,True,0,274,0.0037304579745978117
33,1e-06,1e-06,1e-11,SC205,52.20206121182398,52.202061212,True,0,314,0.004388583125546575
35,1e-06,1e-06,1e-15,SC205,52.20206121167227,52.202061212,True,0,274,0.0037067499943077564
34,1e-06,1e-06,1e-13,SC205,52.20206121170649,52.202061212,True,0,322,0.004576917039230466
29,1e-06,0.0001,1e-15,SC205,52.20206121167227,52.202061212,True,0,274,0.007461042143404484
26,1e-06,0.001,1e-15,SC205,52.20206121167227,52.202061212,True,0,274,0.008231791900470853
36,1e-06,1e-07,1e-11,SC205,52.20206121182398,52.202061212,True,0,314,0.0043236250057816505
37,1e-06,1e-07,1e-13,SC205,52.20206121170649,52.202061212,True,0,322,0.004543832968920469
39,1e-06,1e-08,1e-11,SC205,52.20206121182398,52.202061212,True,0,314,0.004334290977567434
40,1e-06,1e-08,1e-13,SC205,52.20206121170649,52.202061212,True,0,322,0.004545499803498387
38,1e-06,1e-07,1e-15,SC205,52.20206121167227,52.202061212,True,0,274,0.005897999973967671
42,1e-06,1e-09,1e-11,SC205,52.20206121182398,52.202061212,True,0,314,0.004411084111779928
43,1e-06,1e-09,1e-13,SC205,52.20206121170649,52.202061212,True,0,322,0.004508165875449777
44,1e-06,1e-09,1e-15,SC205,52.20206121167227,52.202061212,True,0,274,0.003696250030770898
45,1e-06,1e-10,1e-11,SC205,52.20206121182398,52.202061212,True,0,314,0.00440945802256465
47,1e-06,1e-10,1e-15,SC205,52.20206121167227,52.202061212,True,0,274,0.003670416073873639
46,1e-06,1e-10,1e-13,SC205,52.20206121170649,52.202061212,True,0,322,0.004585874965414405
41,1e-06,1e-08,1e-15,SC205,52.20206121167227,52.202061212,True,0,274,0.00938008283264935
49,1e-07,0.001,1e-13,SC205,52.20206121170649,52.202061212,True,0,322,0.004557082895189524
51,1e-07,0.0001,1e-11,SC205,52.202061211705555,52.202061212,True,0,313,0.004355958895757794
48,1e-07,0.001,1e-11,SC205,52.202061211719695,52.202061212,True,0,314,0.007053916109725833
52,1e-07,0.0001,1e-13,SC205,52.20206121170649,52.202061212,True,0,322,0.0046220829244703054
53,1e-07,0.0001,1e-15,SC205,52.20206121167227,52.202061212,True,0,274,0.0037557079922407866
54,1e-07,1e-05,1e-11,SC205,52.20206121182398,52.202061212,True,0,314,0.004444541875272989
56,1e-07,1e-05,1e-15,SC205,52.20206121167227,52.202061212,True,0,274,0.0037111248821020126
55,1e-07,1e-05,1e-13,SC205,52.20206121170649,52.202061212,True,0,322,0.004566332791000605
58,1e-07,1e-06,1e-13,SC205,52.20206121170649,52.202061212,True,0,322,0.004578999942168593
59,1e-07,1e-06,1e-15,SC205,52.20206121167227,52.202061212,True,0,274,0.0036616248544305563
57,1e-07,1e-06,1e-11,SC205,52.20206121182398,52.202061212,True,0,314,0.004403249826282263
62,1e-07,1e-07,1e-15,SC205,52.20206121167227,52.202061212,True,0,274,0.0037269999738782644
61,1e-07,1e-07,1e-13,SC205,52.20206121170649,52.202061212,True,0,322,0.004530542064458132
63,1e-07,1e-08,1e-11,SC205,52.20206121182398,52.202061212,True,0,314,0.004419292090460658
65,1e-07,1e-08,1e-15,SC205,52.20206121167227,52.202061212,True,0,274,0.0036637079901993275
50,1e-07,0.001,1e-15,SC205,52.20206121167227,52.202061212,True,0,274,0.011515042046085
60,1e-07,1e-07,1e-11,SC205,52.20206121182398,52.202061212,True,0,314,0.005838333163410425
64,1e-07,1e-08,1e-13,SC205,52.20206121170649,52.202061212,True,0,322,0.006142250029370189
67,1e-07,1e-09,1e-13,SC205,52.20206121170649,52.202061212,True,0,322,0.004600457847118378
0,1e-05,0.001,1e-11,STOCFOR1,41131.976219436205,41131.976219,True,0,259,0.0011061250697821379
68,1e-07,1e-09,1e-15,SC205,52.20206121167227,52.202061212,True,0,274,0.003759959014132619
1,1e-05,0.001,1e-13,STOCFOR1,41131.97621943616,41131.976219,True,0,259,0.0011443749535828829
2,1e-05,0.001,1e-15,STOCFOR1,41131.97621943676,41131.976219,True,0,268,0.0012008750345557928
3,1e-05,0.0001,1e-11,STOCFOR1,41131.976219436205,41131.976219,True,0,259,0.001111916033551097
4,1e-05,0.0001,1e-13,STOCFOR1,41131.97621943616,41131.976219,True,0,259,0.0011122080031782389
5,1e-05,0.0001,1e-15,STOCFOR1,41131.97621943676,41131.976219,True,0,268,0.0011742080096155405
71,1e-07,1e-10,1e-15,SC205,52.20206121167227,52.202061212,True,0,274,0.003705624956637621
6,1e-05,1e-05,1e-11,STOCFOR1,41131.976219436205,41131.976219,True,0,259,0.0011320000048726797
7,1e-05,1e-05,1e-13,STOCFOR1,41131.97621943616,41131.976219,True,0,259,0.0010978749487549067
9,1e-05,1e-06,1e-11,STOCFOR1,41131.976219436205,41131.976219,True,0,259,0.001082541886717081
8,1e-05,1e-05,1e-15,STOCFOR1,41131.97621943676,41131.976219,True,0,268,0.001161125022917986
12,1e-05,1e-07,1e-11,STOCFOR1,41131.976219436205,41131.976219,True,0,259,0.0011195829138159752
10,1e-05,1e-06,1e-13,STOCFOR1,41131.97621943616,41131.976219,True,0,259,0.0011285839136689901
14,1e-05,1e-07,1e-15,STOCFOR1,41131.97621943676,41131.976219,True,0,268,0.0012631658464670181
15,1e-05,1e-08,1e-11,STOCFOR1,41131.976219436205,41131.976219,True,0,259,0.001084374962374568
16,1e-05,1e-08,1e-13,STOCFOR1,41131.97621943616,41131.976219,True,0,259,0.0010955419857054949
70,1e-07,1e-10,1e-13,SC205,52.20206121170649,52.202061212,True,0,322,0.007685750024393201
17,1e-05,1e-08,1e-15,STOCFOR1,41131.97621943676,41131.976219,True,0,268,0.0011732499115169048
18,1e-05,1e-09,1e-11,STOCFOR1,41131.976219436205,41131.976219,True,0,259,0.0010992090683430433
19,1e-05,1e-09,1e-13,STOCFOR1,41131.97621943616,41131.976219,True,0,259,0.0010897910688072443
20,1e-05,1e-09,1e-15,STOCFOR1,41131.97621943676,41131.976219,True,0,268,0.0011789998970925808
13,1e-05,1e-07,1e-13,STOCFOR1,41131.97621943616,41131.976219,True,0,259,0.00389691605232656
23,1e-05,1e-10,1e-15,STOCFOR1,41131.97621943676,41131.976219,True,0,268,0.0011867498978972435
22,1e-05,1e-10,1e-13,STOCFOR1,41131.97621943616,41131.976219,True,0,259,0.0011398750357329845
11,1e-05,1e-06,1e-15,STOCFOR1,41131.97621943676,41131.976219,True,0,268,0.0012235420290380716
24,1e-06,0.001,1e-11,STOCFOR1,41131.976219436205,41131.976219,True,0,259,0.0011187910567969084
26,1e-06,0.001,1e-15,STOCFOR1,41131.97621943676,41131.976219,True,0,268,0.0011803340166807175
66,1e-07,1e-09,1e-11,SC205,52.20206121182398,52.202061212,True,0,314,0.013504458125680685
28,1e-06,0.0001,1e-13,STOCFOR1,41131.97621943616,41131.976219,True,0,259,0.0010877919849008322
21,1e-05,1e-10,1e-11,STOCFOR1,41131.976219436205,41131.976219,True,0,259,0.003339041955769062
27,1e-06,0.0001,1e-11,STOCFOR1,41131.976219436205,41131.976219,True,0,259,0.0011572500225156546
30,1e-06,1e-05,1e-11,STOCFOR1,41131.976219436205,41131.976219,True,0,259,0.0010969999711960554
29,1e-06,0.0001,1e-15,STOCFOR1,41131.97621943676,41131.976219,True,0,268,0.0011957918759435415
31,1e-06,1e-05,1e-13,STOCFOR1,41131.97621943616,41131.976219,True,0,259,0.0010992081370204687
33,1e-06,1e-06,1e-11,STOCFOR1,41131.976219436205,41131.976219,True,0,259,0.0011002498213201761
34,1e-06,1e-06,1e-13,STOCFOR1,41131.97621943616,41131.976219,True,0,259,0.001086625037714839
37,1e-06,1e-07,1e-13,STOCFOR1,41131.97621943616,41131.976219,True,0,259,0.0010906669776886702
35,1e-06,1e-06,1e-15,STOCFOR1,41131.97621943676,41131.976219,True,0,268,0.001229291083291173
38,1e-06,1e-07,1e-15,STOCFOR1,41131.97621943676,41131.976219,True,0,268,0.0011869999580085278
41,1e-06,1e-08,1e-15,STOCFOR1,41131.97621943676,41131.976219,True,0,268,0.0011739591136574745
42,1e-06,1e-09,1e-11,STOCFOR1,41131.976219436205,41131.976219,True,0,259,0.0011054580099880695
32,1e-06,1e-05,1e-15,STOCFOR1,41131.97621943676,41131.976219,True,0,268,0.0038214591331779957
39,1e-06,1e-08,1e-11,STOCFOR1,41131.976219436205,41131.976219,True,0,259,0.0016901250928640366
43,1e-06,1e-09,1e-13,STOCFOR1,41131.97621943616,41131.976219,True,0,259,0.0011052920017391443
69,1e-07,1e-10,1e-11,SC205,52.20206121182398,52.202061212,True,0,314,0.016857875045388937
40,1e-06,1e-08,1e-13,STOCFOR1,41131.97621943616,41131.976219,True,0,259,0.0011073339264839888
46,1e-06,1e-10,1e-13,STOCFOR1,41131.97621943616,41131.976219,True,0,259,0.0011060000397264957
36,1e-06,1e-07,1e-11,STOCFOR1,41131.976219436205,41131.976219,True,0,259,0.002225874923169613
47,1e-06,1e-10,1e-15,STOCFOR1,41131.97621943676,41131.976219,True,0,268,0.0012271669693291187
48,1e-07,0.001,1e-11,STOCFOR1,41131.976219436205,41131.976219,True,0,259,0.0010965829715132713
49,1e-07,0.001,1e-13,STOCFOR1,41131.97621943616,41131.976219,True,0,259,0.0011280840262770653
51,1e-07,0.0001,1e-11,STOCFOR1,41131.976219436205,41131.976219,True,0,259,0.0011384999379515648
25,1e-06,0.001,1e-13,STOCFOR1,41131.97621943616,41131.976219,True,0,259,0.0029050838202238083
52,1e-07,0.0001,1e-13,STOCFOR1,41131.97621943616,41131.976219,True,0,259,0.0011164168827235699
56,1e-07,1e-05,1e-15,STOCFOR1,41131.97621943676,41131.976219,True,0,268,0.0012124169152230024
54,1e-07,1e-05,1e-11,STOCFOR1,41131.976219436205,41131.976219,True,0,259,0.0011004169937223196
55,1e-07,1e-05,1e-13,STOCFOR1,41131.97621943616,41131.976219,True,0,259,0.00111679220572114
44,1e-06,1e-09,1e-15,STOCFOR1,41131.97621943676,41131.976219,True,0,268,0.00326187489554286
50,1e-07,0.001,1e-15,STOCFOR1,41131.97621943676,41131.976219,True,0,268,0.0011964170262217522
45,1e-06,1e-10,1e-11,STOCFOR1,41131.976219436205,41131.976219,True,0,259,0.0029973750934004784
61,1e-07,1e-07,1e-13,STOCFOR1,41131.97621943616,41131.976219,True,0,259,0.001134917140007019
60,1e-07,1e-07,1e-11,STOCFOR1,41131.976219436205,41131.976219,True,0,259,0.0011308339890092611
57,1e-07,1e-06,1e-11,STOCFOR1,41131.976219436205,41131.976219,True,0,259,0.0011330419220030308
59,1e-07,1e-06,1e-15,STOCFOR1,41131.97621943676,41131.976219,True,0,268,0.001221582992002368
53,1e-07,0.0001,1e-15,STOCFOR1,41131.97621943676,41131.976219,True,0,268,0.0023180420976132154
62,1e-07,1e-07,1e-15,STOCFOR1,41131.97621943676,41131.976219,True,0,268,0.0012040419969707727
64,1e-07,1e-08,1e-13,STOCFOR1,41131.97621943616,41131.976219,True,0,259,0.0011015841737389565
68,1e-07,1e-09,1e-15,STOCFOR1,41131.97621943676,41131.976219,True,0,268,0.0011940000113099813
67,1e-07,1e-09,1e-13,STOCFOR1,41131.97621943616,41131.976219,True,0,259,0.001089500030502677
65,1e-07,1e-08,1e-15,STOCFOR1,41131.97621943676,41131.976219,True,0,268,0.0011832909658551216
70,1e-07,1e-10,1e-13,STOCFOR1,41131.97621943616,41131.976219,True,0,259,0.0011567908804863691
58,1e-07,1e-06,1e-13,STOCFOR1,41131.97621943616,41131.976219,True,0,259,0.0010997920762747526
63,1e-07,1e-08,1e-11,STOCFOR1,41131.976219436205,41131.976219,True,0,259,0.0011135831009596586
1,1e-05,0.001,1e-13,SCAGR7,2331389.824330985,2331389.2548,True,0,270,0.001405874965712428
66,1e-07,1e-09,1e-11,STOCFOR1,41131.976219436205,41131.976219,True,0,259,0.0011139579582959414
0,1e-05,0.001,1e-11,SCAGR7,2331389.824330985,2331389.2548,True,0,270,0.0014055841602385044
2,1e-05,0.001,1e-15,SCAGR7,2331389.8243310177,2331389.2548,True,0,267,0.0013349170330911875
4,1e-05,0.0001,1e-13,SCAGR7,2331389.824330985,2331389.2548,True,0,270,0.001409374875947833
71,1e-07,1e-10,1e-15,STOCFOR1,41131.97621943676,41131.976219,True,0,268,0.0012239590287208557
6,1e-05,1e-05,1e-11,SCAGR7,2331389.824330985,2331389.2548,True,0,270,0.0014203749597072601
5,1e-05,0.0001,1e-15,SCAGR7,2331389.8243310177,2331389.2548,True,0,267,0.001373874954879284
7,1e-05,1e-05,1e-13,SCAGR7,2331389.824330985,2331389.2548,True,0,270,0.0013999168295413256
3,1e-05,0.0001,1e-11,SCAGR7,2331389.824330985,2331389.2548,True,0,270,0.0013836249709129333
8,1e-05,1e-05,1e-15,SCAGR7,2331389.8243310177,2331389.2548,True,0,267,0.0013559998478740454
9,1e-05,1e-06,1e-11,SCAGR7,2331389.824330985,2331389.2548,True,0,270,0.0013725000899285078
11,1e-05,1e-06,1e-15,SCAGR7,2331389.8243310177,2331389.2548,True,0,267,0.001313874963670969
69,1e-07,1e-10,1e-11,STOCFOR1,41131.976219436205,41131.976219,True,0,259,0.002863583154976368
12,1e-05,1e-07,1e-11,SCAGR7,2331389.824330985,2331389.2548,True,0,270,0.0014087501913309097
13,1e-05,1e-07,1e-13,SCAGR7,2331389.824330985,2331389.2548,True,0,270,0.0014049999881535769
14,1e-05,1e-07,1e-15,SCAGR7,2331389.8243310177,2331389.2548,True,0,267,0.0013324159663170576
15,1e-05,1e-08,1e-11,SCAGR7,2331389.824330985,2331389.2548,True,0,270,0.0013887919485569
18,1e-05,1e-09,1e-11,SCAGR7,2331389.824330985,2331389.2548,True,0,270,0.0013577500358223915
17,1e-05,1e-08,1e-15,SCAGR7,2331389.8243310177,2331389.2548,True,0,267,0.0013292080257087946
16,1e-05,1e-08,1e-13,SCAGR7,2331389.824330985,2331389.2548,True,0,270,0.0013652078341692686
19,1e-05,1e-09,1e-13,SCAGR7,2331389.824330985,2331389.2548,True,0,270,0.0013642909470945597
21,1e-05,1e-10,1e-11,SCAGR7,2331389.824330985,2331389.2548,True,0,270,0.0013645000290125608
22,1e-05,1e-10,1e-13,SCAGR7,2331389.824330985,2331389.2548,True,0,270,0.001372666098177433
23,1e-05,1e-10,1e-15,SCAGR7,2331389.8243310177,2331389.2548,True,0,267,0.001324417069554329
24,1e-06,0.001,1e-11,SCAGR7,2331389.824330985,2331389.2548,True,0,270,0.0013830421958118677
26,1e-06,0.001,1e-15,SCAGR7,2331389.8243310177,2331389.2548,True,0,267,0.0013141250237822533
25,1e-06,0.001,1e-13,SCAGR7,2331389.824330985,2331389.2548,True,0,270,0.0013298329431563616
27,1e-06,0.0001,1e-11,SCAGR7,2331389.824330985,2331389.2548,True,0,270,0.0013485420495271683
29,1e-06,0.0001,1e-15,SCAGR7,2331389.8243310177,2331389.2548,True,0,267,0.001301333075389266
20,1e-05,1e-09,1e-15,SCAGR7,2331389.8243310177,2331389.2548,True,0,267,0.0029065830167382956
30,1e-06,1e-05,1e-11,SCAGR7,2331389.824330985,2331389.2548,True,0,270,0.0013764998875558376
32,1e-06,1e-05,1e-15,SCAGR7,2331389.8243310177,2331389.2548,True,0,267,0.0013420830946415663
31,1e-06,1e-05,1e-13,SCAGR7,2331389.824330985,2331389.2548,True,0,270,0.0013999580405652523
34,1e-06,1e-06,1e-13,SCAGR7,2331389.824330985,2331389.2548,True,0,270,0.0013504161033779383
35,1e-06,1e-06,1e-15,SCAGR7,2331389.8243310177,2331389.2548,True,0,267,0.0013041249476373196
33,1e-06,1e-06,1e-11,SCAGR7,2331389.824330985,2331389.2548,True,0,270,0.001403207890689373
38,1e-06,1e-07,1e-15,SCAGR7,2331389.8243310177,2331389.2548,True,0,267,0.0013240829575806856
37,1e-06,1e-07,1e-13,SCAGR7,2331389.824330985,2331389.2548,True,0,270,0.001397416926920414
10,1e-05,1e-06,1e-13,SCAGR7,2331389.824330985,2331389.2548,True,0,270,0.0029722079634666443
39,1e-06,1e-08,1e-11,SCAGR7,2331389.824330985,2331389.2548,True,0,270,0.0013779159635305405
28,1e-06,0.0001,1e-13,SCAGR7,2331389.824330985,2331389.2548,True,0,270,0.003650750033557415
40,1e-06,1e-08,1e-13,SCAGR7,2331389.824330985,2331389.2548,True,0,270,0.0013912911526858807
41,1e-06,1e-08,1e-15,SCAGR7,2331389.8243310177,2331389.2548,True,0,267,0.001283041900023818
43,1e-06,1e-09,1e-13,SCAGR7,2331389.824330985,2331389.2548,True,0,270,0.0013834999408572912
36,1e-06,1e-07,1e-11,SCAGR7,2331389.824330985,2331389.2548,True,0,270,0.0029667499475181103
44,1e-06,1e-09,1e-15,SCAGR7,2331389.8243310177,2331389.2548,True,0,267,0.0013159168884158134
47,1e-06,1e-10,1e-15,SCAGR7,2331389.8243310177,2331389.2548,True,0,267,0.0013225001748651266
45,1e-06,1e-10,1e-11,SCAGR7,2331389.824330985,2331389.2548,True,0,270,0.0013767920900136232
50,1e-07,0.001,1e-15,SCAGR7,2331389.8243310177,2331389.2548,True,0,267,0.0012995828874409199
49,1e-07,0.001,1e-13,SCAGR7,2331389.824330985,2331389.2548,True,0,270,0.0013719159178435802
51,1e-07,0.0001,1e-11,SCAGR7,2331389.824330985,2331389.2548,True,0,270,0.0013693750370293856
42,1e-06,1e-09,1e-11,SCAGR7,2331389.824330985,2331389.2548,True,0,270,0.003304624930024147
53,1e-07,0.0001,1e-15,SCAGR7,2331389.8243310177,2331389.2548,True,0,267,0.0012917921412736177
55,1e-07,1e-05,1e-13,SCAGR7,2331389.824330985,2331389.2548,True,0,270,0.0013740418944507837
54,1e-07,1e-05,1e-11,SCAGR7,2331389.824330985,2331389.2548,True,0,270,0.0013746661134064198
57,1e-07,1e-06,1e-11,SCAGR7,2331389.824330985,2331389.2548,True,0,270,0.0013665419537574053
56,1e-07,1e-05,1e-15,SCAGR7,2331389.8243310177,2331389.2548,True,0,267,0.0012806248851120472
58,1e-07,1e-06,1e-13,SCAGR7,2331389.824330985,2331389.2548,True,0,270,0.0013591668102890253
46,1e-06,1e-10,1e-13,SCAGR7,2331389.824330985,2331389.2548,True,0,270,0.003227083943784237
60,1e-07,1e-07,1e-11,SCAGR7,2331389.824330985,2331389.2548,True,0,270,0.0013803329784423113
59,1e-07,1e-06,1e-15,SCAGR7,2331389.8243310177,2331389.2548,True,0,267,0.0013326657935976982
48,1e-07,0.001,1e-11,SCAGR7,2331389.824330985,2331389.2548,True,0,270,0.003527791006490588
52,1e-07,0.0001,1e-13,SCAGR7,2331389.824330985,2331389.2548,True,0,270,0.004376124823465943
62,1e-07,1e-07,1e-15,SCAGR7,2331389.8243310177,2331389.2548,True,0,267,0.0012963328044861555
61,1e-07,1e-07,1e-13,SCAGR7,2331389.824330985,2331389.2548,True,0,270,0.0013585840351879597
63,1e-07,1e-08,1e-11,SCAGR7,2331389.824330985,2331389.2548,True,0,270,0.0013471671845763922
65,1e-07,1e-08,1e-15,SCAGR7,2331389.8243310177,2331389.2548,True,0,267,0.001370833022519946
1,1e-05,0.001,1e-13,SC105,52.20206121170722,52.202061212,True,0,139,0.0005362909287214279
0,1e-05,0.001,1e-11,SC105,52.20206121170722,52.202061212,True,0,138,0.000538625055924058
68,1e-07,1e-09,1e-15,SCAGR7,2331389.8243310177,2331389.2548,True,0,267,0.0012866659089922905
2,1e-05,0.001,1e-15,SC105,52.2020612117072,52.202061212,True,0,131,0.0005049998871982098
66,1e-07,1e-09,1e-11,SCAGR7,2331389.824330985,2331389.2548,True,0,270,0.0013733338564634323
64,1e-07,1e-08,1e-13,SCAGR7,2331389.824330985,2331389.2548,True,0,270,0.0031540831550955772
70,1e-07,1e-10,1e-13,SCAGR7,2331389.824330985,2331389.2548,True,0,270,0.0013845840003341436
69,1e-07,1e-10,1e-11,SCAGR7,2331389.824330985,2331389.2548,True,0,270,0.0013862918131053448
3,1e-05,0.0001,1e-11,SC105,52.20206121170722,52.202061212,True,0,138,0.000530624995008111
4,1e-05,0.0001,1e-13,SC105,52.20206121170722,52.202061212,True,0,139,0.0005293330177664757
5,1e-05,0.0001,1e-15,SC105,52.2020612117072,52.202061212,True,0,131,0.0005000829696655273
6,1e-05,1e-05,1e-11,SC105,52.20206121170722,52.202061212,True,0,138,0.000534208957105875
7,1e-05,1e-05,1e-13,SC105,52.20206121170722,52.202061212,True,0,139,0.00052454206161201
11,1e-05,1e-06,1e-15,SC105,52.2020612117072,52.202061212,True,0,131,0.0004844579380005598
9,1e-05,1e-06,1e-11,SC105,52.20206121170722,52.202061212,True,0,138,0.0005351661238819361
10,1e-05,1e-06,1e-13,SC105,52.20206121170722,52.202061212,True,0,139,0.0005427910946309566
12,1e-05,1e-07,1e-11,SC105,52.20206121170722,52.202061212,True,0,138,0.0005240419413894415
13,1e-05,1e-07,1e-13,SC105,52.20206121170722,52.202061212,True,0,139,0.0005499580875039101
15,1e-05,1e-08,1e-11,SC105,52.20206121170722,52.202061212,True,0,138,0.0005196249112486839
14,1e-05,1e-07,1e-15,SC105,52.2020612117072,52.202061212,True,0,131,0.00048683304339647293
17,1e-05,1e-08,1e-15,SC105,52.2020612117072,52.202061212,True,0,131,0.0004909159615635872
18,1e-05,1e-09,1e-11,SC105,52.20206121170722,52.202061212,True,0,138,0.0005349579732865095
20,1e-05,1e-09,1e-15,SC105,52.2020612117072,52.202061212,True,0,131,0.0004778329748660326
21,1e-05,1e-10,1e-11,SC105,52.20206121170722,52.202061212,True,0,138,0.0005284580402076244
19,1e-05,1e-09,1e-13,SC105,52.20206121170722,52.202061212,True,0,139,0.0005387079436331987
22,1e-05,1e-10,1e-13,SC105,52.20206121170722,52.202061212,True,0,139,0.0005251672118902206
8,1e-05,1e-05,1e-15,SC105,52.2020612117072,52.202061212,True,0,131,0.0012924580369144678
24,1e-06,0.001,1e-11,SC105,52.20206121170722,52.202061212,True,0,138,0.0005128749180585146
23,1e-05,1e-10,1e-15,SC105,52.2020612117072,52.202061212,True,0,131,0.0004992499016225338
25,1e-06,0.001,1e-13,SC105,52.20206121170722,52.202061212,True,0,139,0.0005256249569356441
27,1e-06,0.0001,1e-11,SC105,52.20206121170722,52.202061212,True,0,138,0.0005343330558389425
29,1e-06,0.0001,1e-15,SC105,52.2020612117072,52.202061212,True,0,131,0.0004730839282274246
67,1e-07,1e-09,1e-13,SCAGR7,2331389.824330985,2331389.2548,True,0,270,0.00657666614279151
16,1e-05,1e-08,1e-13,SC105,52.20206121170722,52.202061212,True,0,139,0.0005642499309033155
31,1e-06,1e-05,1e-13,SC105,52.20206121170722,52.202061212,True,0,139,0.0005393330939114094
32,1e-06,1e-05,1e-15,SC105,52.2020612117072,52.202061212,True,0,131,0.000491374870762229
30,1e-06,1e-05,1e-11,SC105,52.20206121170722,52.202061212,True,0,138,0.0006067079957574606
34,1e-06,1e-06,1e-13,SC105,52.20206121170722,52.202061212,True,0,139,0.0005177080165594816
33,1e-06,1e-06,1e-11,SC105,52.20206121170722,52.202061212,True,0,138,0.0005342499352991581
37,1e-06,1e-07,1e-13,SC105,52.20206121170722,52.202061212,True,0,139,0.0005483750719577074
38,1e-06,1e-07,1e-15,SC105,52.2020612117072,52.202061212,True,0,131,0.0004927918780595064
36,1e-06,1e-07,1e-11,SC105,52.20206121170722,52.202061212,True,0,138,0.0005449999589473009
28,1e-06,0.0001,1e-13,SC105,52.20206121170722,52.202061212,True,0,139,0.0014950830955058336
40,1e-06,1e-08,1e-13,SC105,52.20206121170722,52.202061212,True,0,139,0.0005492090713232756
39,1e-06,1e-08,1e-11,SC105,52.20206121170722,52.202061212,True,0,138,0.0005723750218749046
41,1e-06,1e-08,1e-15,SC105,52.2020612117072,52.202061212,True,0,131,0.0005201671738177538
42,1e-06,1e-09,1e-11,SC105,52.20206121170722,52.202061212,True,0,138,0.0005552091170102358
43,1e-06,1e-09,1e-13,SC105,52.20206121170722,52.202061212,True,0,139,0.0005686669610440731
26,1e-06,0.001,1e-15,SC105,52.2020612117072,52.202061212,True,0,131,0.003988916985690594
71,1e-07,1e-10,1e-15,SCAGR7,2331389.8243310177,2331389.2548,True,0,267,0.007783166132867336
45,1e-06,1e-10,1e-11,SC105,52.20206121170722,52.202061212,True,0,138,0.000540583860129118
46,1e-06,1e-10,1e-13,SC105,52.20206121170722,52.202061212,True,0,139,0.0005455000791698694
35,1e-06,1e-06,1e-15,SC105,52.2020612117072,52.202061212,True,0,131,0.0012445419561117887
47,1e-06,1e-10,1e-15,SC105,52.2020612117072,52.202061212,True,0,131,0.000496292021125555
44,1e-06,1e-09,1e-15,SC105,52.2020612117072,52.202061212,True,0,131,0.00054379110224545
50,1e-07,0.001,1e-15,SC105,52.2020612117072,52.202061212,True,0,131,0.000499499961733818
49,1e-07,0.001,1e-13,SC105,52.20206121170722,52.202061212,True,0,139,0.0005347500555217266
48,1e-07,0.001,1e-11,SC105,52.20206121170722,52.202061212,True,0,138,0.0005735419690608978
51,1e-07,0.0001,1e-11,SC105,52.20206121170722,52.202061212,True,0,138,0.0005655831191688776
54,1e-07,1e-05,1e-11,SC105,52.20206121170722,52.202061212,True,0,138,0.0005854589398950338
52,1e-07,0.0001,1e-13,SC105,52.20206121170722,52.202061212,True,0,139,0.0007274579256772995
53,1e-07,0.0001,1e-15,SC105,52.2020612117072,52.202061212,True,0,131,0.0005635831039398909
56,1e-07,1e-05,1e-15,SC105,52.2020612117072,52.202061212,True,0,131,0.0005322091747075319
55,1e-07,1e-05,1e-13,SC105,52.20206121170722,52.202061212,True,0,139,0.0005861669778823853
58,1e-07,1e-06,1e-13,SC105,52.20206121170722,52.202061212,True,0,139,0.0005900829564779997
57,1e-07,1e-06,1e-11,SC105,52.20206121170722,52.202061212,True,0,138,0.0006051249802112579
59,1e-07,1e-06,1e-15,SC105,52.2020612117072,52.202061212,True,0,131,0.0005449999589473009
60,1e-07,1e-07,1e-11,SC105,52.20206121170722,52.202061212,True,0,138,0.0005871250759810209
61,1e-07,1e-07,1e-13,SC105,52.20206121170722,52.202061212,True,0,139,0.000582417007535696
65,1e-07,1e-08,1e-15,SC105,52.2020612117072,52.202061212,True,0,131,0.0006092081312090158
64,1e-07,1e-08,1e-13,SC105,52.20206121170722,52.202061212,True,0,139,0.0005677500739693642
67,1e-07,1e-09,1e-13,SC105,52.20206121170722,52.202061212,True,0,139,0.0005815001204609871
63,1e-07,1e-08,1e-11,SC105,52.20206121170722,52.202061212,True,0,138,0.0005988748744130135
62,1e-07,1e-07,1e-15,SC105,52.2020612117072,52.202061212,True,0,131,0.0005300829652696848
1,1e-05,0.001,1e-13,SC50A,64.57507705856449,64.575077059,True,0,59,8.266582153737545e-05
3,1e-05,0.0001,1e-11,SC50A,64.57507705856449,64.575077059,True,0,59,7.420801557600498e-05
2,1e-05,0.001,1e-15,SC50A,64.57507705856449,64.575077059,True,0,59,7.279193960130215e-05
0,1e-05,0.001,1e-11,SC50A,64.57507705856449,64.575077059,True,0,59,8.5500068962574e-05
4,1e-05,0.0001,1e-13,SC50A,64.57507705856449,64.575077059,True,0,59,7.475004531443119e-05
5,1e-05,0.0001,1e-15,SC50A,64.57507705856449,64.575077059,True,0,59,5.708285607397556e-05
71,1e-07,1e-10,1e-15,SC105,52.2020612117072,52.202061212,True,0,131,0.0005402499809861183
6,1e-05,1e-05,1e-11,SC50A,64.57507705856449,64.575077059,True,0,59,5.7374825701117516e-05
8,1e-05,1e-05,1e-15,SC50A,64.57507705856449,64.575077059,True,0,59,5.7666096836328506e-05
69,1e-07,1e-10,1e-11,SC105,52.20206121170722,52.202061212,True,0,138,0.0005603330209851265
7,1e-05,1e-05,1e-13,SC50A,64.57507705856449,64.575077059,True,0,59,5.88330440223217e-05
9,1e-05,1e-06,1e-11,SC50A,64.57507705856449,64.575077059,True,0,59,5.9542013332247734e-05
66,1e-07,1e-09,1e-11,SC105,52.20206121170722,52.202061212,True,0,138,0.0012129999231547117
10,1e-05,1e-06,1e-13,SC50A,64.57507705856449,64.575077059,True,0,59,5.508307367563248e-05
12,1e-05,1e-07,1e-11,SC50A,64.57507705856449,64.575077059,True,0,59,5.508307367563248e-05
13,1e-05,1e-07,1e-13,SC50A,64.57507705856449,64.575077059,True,0,59,6.574997678399086e-05
14,1e-05,1e-07,1e-15,SC50A,64.57507705856449,64.575077059,True,0,59,6.845803000032902e-05
11,1e-05,1e-06,1e-15,SC50A,64.57507705856449,64.575077059,True,0,59,6.783404387533665e-05
19,1e-05,1e-09,1e-13,SC50A,64.57507705856449,64.575077059,True,0,59,5.370914004743099e-05
18,1e-05,1e-09,1e-11,SC50A,64.57507705856449,64.575077059,True,0,59,5.63331414014101e-05
20,1e-05,1e-09,1e-15,SC50A,64.57507705856449,64.575077059,True,0,59,5.787494592368603e-05
21,1e-05,1e-10,1e-11,SC50A,64.57507705856449,64.575077059,True,0,59,6.070802919566631e-05
68,1e-07,1e-09,1e-15,SC105,52.2020612117072,52.202061212,True,0,131,0.0005323749501258135
22,1e-05,1e-10,1e-13,SC50A,64.57507705856449,64.575077059,True,0,59,5.3459079936146736e-05
23,1e-05,1e-10,1e-15,SC50A,64.57507705856449,64.575077059,True,0,59,5.379202775657177e-05
24,1e-06,0.001,1e-11,SC50A,64.57507705856449,64.575077059,True,0,59,5.4459087550640106e-05
16,1e-05,1e-08,1e-13,SC50A,64.57507705856449,64.575077059,True,0,59,0.00016020890325307846
15,1e-05,1e-08,1e-11,SC50A,64.57507705856449,64.575077059,True,0,59,0.00015600002370774746
25,1e-06,0.001,1e-13,SC50A,64.57507705856449,64.575077059,True,0,59,5.579204298555851e-05
17,1e-05,1e-08,1e-15,SC50A,64.57507705856449,64.575077059,True,0,59,0.00015700003132224083
27,1e-06,0.0001,1e-11,SC50A,64.57507705856449,64.575077059,True,0,59,5.237502045929432e-05
28,1e-06,0.0001,1e-13,SC50A,64.57507705856449,64.575077059,True,0,59,5.3625088185071945e-05
29,1e-06,0.0001,1e-15,SC50A,64.57507705856449,64.575077059,True,0,59,5.283299833536148e-05
26,1e-06,0.001,1e-15,SC50A,64.57507705856449,64.575077059,True,0,59,6.64170365780592e-05
32,1e-06,1e-05,1e-15,SC50A,64.57507705856449,64.575077059,True,0,59,8.229212835431099e-05
35,1e-06,1e-06,1e-15,SC50A,64.57507705856449,64.575077059,True,0,59,5.175010301172733e-05
36,1e-06,1e-07,1e-11,SC50A,64.57507705856449,64.575077059,True,0,59,5.187490023672581e-05
37,1e-06,1e-07,1e-13,SC50A,64.57507705856449,64.575077059,True,0,59,5.212496034801006e-05
38,1e-06,1e-07,1e-15,SC50A,64.57507705856449,64.575077059,True,0,59,5.708402022719383e-05
39,1e-06,1e-08,1e-11,SC50A,64.57507705856449,64.575077059,True,0,59,5.616690032184124e-05
40,1e-06,1e-08,1e-13,SC50A,64.57507705856449,64.575077059,True,0,59,5.154102109372616e-05
41,1e-06,1e-08,1e-15,SC50A,64.57507705856449,64.575077059,True,0,59,5.283299833536148e-05
42,1e-06,1e-09,1e-11,SC50A,64.57507705856449,64.575077059,True,0,59,5.2165938541293144e-05
34,1e-06,1e-06,1e-13,SC50A,64.57507705856449,64.575077059,True,0,59,0.0001421659253537655
31,1e-06,1e-05,1e-13,SC50A,64.57507705856449,64.575077059,True,0,59,0.0005204998888075352
43,1e-06,1e-09,1e-13,SC50A,64.57507705856449,64.575077059,True,0,59,5.587516352534294e-05
70,1e-07,1e-10,1e-13,SC105,52.20206121170722,52.202061212,True,0,139,0.0013749171048402786
33,1e-06,1e-06,1e-11,SC50A,64.57507705856449,64.575077059,True,0,59,0.00014766701497137547
44,1e-06,1e-09,1e-15,SC50A,64.57507705856449,64.575077059,True,0,59,5.3042080253362656e-05
45,1e-06,1e-10,1e-11,SC50A,64.57507705856449,64.575077059,True,0,59,5.1582930609583855e-05
47,1e-06,1e-10,1e-15,SC50A,64.57507705856449,64.575077059,True,0,59,5.1958952099084854e-05
46,1e-06,1e-10,1e-13,SC50A,64.57507705856449,64.575077059,True,0,59,5.308282561600208e-05
49,1e-07,0.001,1e-13,SC50A,64.57507705856449,64.575077059,True,0,59,5.9459125623106956e-05
50,1e-07,0.001,1e-15,SC50A,64.57507705856449,64.575077059,True,0,59,6.962497718632221e-05
53,1e-07,0.0001,1e-15,SC50A,64.57507705856449,64.575077059,True,0,59,5.27501106262207e-05
54,1e-07,1e-05,1e-11,SC50A,64.57507705856449,64.575077059,True,0,59,5.129212513566017e-05
55,1e-07,1e-05,1e-13,SC50A,64.57507705856449,64.575077059,True,0,59,5.174987018108368e-05
56,1e-07,1e-05,1e-15,SC50A,64.57507705856449,64.575077059,True,0,59,5.3208088502287865e-05
57,1e-07,1e-06,1e-11,SC50A,64.57507705856449,64.575077059,True,0,59,5.575013346970081e-05
61,1e-07,1e-07,1e-13,SC50A,64.57507705856449,64.575077059,True,0,59,5.187513306736946e-05
48,1e-07,0.001,1e-11,SC50A,64.57507705856449,64.575077059,True,0,59,0.00014041690155863762
58,1e-07,1e-06,1e-13,SC50A,64.57507705856449,64.575077059,True,0,59,6.091711111366749e-05
62,1e-07,1e-07,1e-15,SC50A,64.57507705856449,64.575077059,True,0,59,5.375011824071407e-05
60,1e-07,1e-07,1e-11,SC50A,64.57507705856449,64.575077059,True,0,59,6.637489423155785e-05
59,1e-07,1e-06,1e-15,SC50A,64.57507705856449,64.575077059,True,0,59,7.291696965694427e-05
63,1e-07,1e-08,1e-11,SC50A,64.57507705856449,64.575077059,True,0,59,5.27920201420784e-05
52,1e-07,0.0001,1e-13,SC50A,64.57507705856449,64.575077059,True,0,59,0.00014683394692838192
64,1e-07,1e-08,1e-13,SC50A,64.57507705856449,64.575077059,True,0,59,5.133403465151787e-05
67,1e-07,1e-09,1e-13,SC50A,64.57507705856449,64.575077059,True,0,59,5.604187026619911e-05
66,1e-07,1e-09,1e-11,SC50A,64.57507705856449,64.575077059,True,0,59,5.7040946558117867e-05
69,1e-07,1e-10,1e-11,SC50A,64.57507705856449,64.575077059,True,0,59,5.6167133152484894e-05
51,1e-07,0.0001,1e-11,SC50A,64.57507705856449,64.575077059,True,0,59,0.00015670806169509888
68,1e-07,1e-09,1e-15,SC50A,64.57507705856449,64.575077059,True,0,59,7.070810534060001e-05
70,1e-07,1e-10,1e-13,SC50A,64.57507705856449,64.575077059,True,0,59,5.158316344022751e-05
1,1e-05,0.001,1e-13,SC50B,70.0,70.0,True,0,62,6.791600026190281e-05
3,1e-05,0.0001,1e-11,SC50B,70.0,70.0,True,0,62,6.708293221890926e-05
2,1e-05,0.001,1e-15,SC50B,70.0,70.0,True,0,62,6.829085759818554e-05
6,1e-05,1e-05,1e-11,SC50B,70.0,70.0,True,0,62,6.504193879663944e-05
0,1e-05,0.001,1e-11,SC50B,70.0,70.0,True,0,62,7.575005292892456e-05
5,1e-05,0.0001,1e-15,SC50B,70.0,70.0,True,0,62,7.204106077551842e-05
30,1e-06,1e-05,1e-11,SC50A,64.57507705856449,64.575077059,True,0,59,0.0001599160023033619
8,1e-05,1e-05,1e-15,SC50B,70.0,70.0,True,0,62,6.475020200014114e-05
71,1e-07,1e-10,1e-15,SC50A,64.57507705856449,64.575077059,True,0,59,0.00013950001448392868
65,1e-07,1e-08,1e-15,SC50A,64.57507705856449,64.575077059,True,0,59,0.0001371251419186592
7,1e-05,1e-05,1e-13,SC50B,70.0,70.0,True,0,62,7.5165880843997e-05
11,1e-05,1e-06,1e-15,SC50B,70.0,70.0,True,0,62,6.7500164732337e-05
12,1e-05,1e-07,1e-11,SC50B,70.0,70.0,True,0,62,6.687501445412636e-05
4,1e-05,0.0001,1e-13,SC50B,70.0,70.0,True,0,62,0.00016091694124042988
9,1e-05,1e-06,1e-11,SC50B,70.0,70.0,True,0,62,6.945803761482239e-05
14,1e-05,1e-07,1e-15,SC50B,70.0,70.0,True,0,62,6.374996155500412e-05
18,1e-05,1e-09,1e-11,SC50B,70.0,70.0,True,0,62,6.429105997085571e-05
17,1e-05,1e-08,1e-15,SC50B,70.0,70.0,True,0,62,6.666616536676884e-05
19,1e-05,1e-09,1e-13,SC50B,70.0,70.0,True,0,62,6.341608241200447e-05
15,1e-05,1e-08,1e-11,SC50B,70.0,70.0,True,0,62,8.033285848796368e-05
22,1e-05,1e-10,1e-13,SC50B,70.0,70.0,True,0,62,6.3000014051795e-05
21,1e-05,1e-10,1e-11,SC50B,70.0,70.0,True,0,62,7.479102350771427e-05
23,1e-05,1e-10,1e-15,SC50B,70.0,70.0,True,0,62,6.316718645393848e-05
16,1e-05,1e-08,1e-13,SC50B,70.0,70.0,True,0,62,0.00015874998643994331
20,1e-05,1e-09,1e-15,SC50B,70.0,70.0,True,0,62,7.729185745120049e-05
24,1e-06,0.001,1e-11,SC50B,70.0,70.0,True,0,62,0.00010316702537238598
26,1e-06,0.001,1e-15,SC50B,70.0,70.0,True,0,62,6.716698408126831e-05
27,1e-06,0.0001,1e-11,SC50B,70.0,70.0,True,0,62,6.258394569158554e-05
25,1e-06,0.001,1e-13,SC50B,70.0,70.0,True,0,62,7.470906712114811e-05
28,1e-06,0.0001,1e-13,SC50B,70.0,70.0,True,0,62,6.862496957182884e-05
29,1e-06,0.0001,1e-15,SC50B,70.0,70.0,True,0,62,6.404099985957146e-05
31,1e-06,1e-05,1e-13,SC50B,70.0,70.0,True,0,62,6.716721691191196e-05
35,1e-06,1e-06,1e-15,SC50B,70.0,70.0,True,0,62,6.820796988904476e-05
32,1e-06,1e-05,1e-15,SC50B,70.0,70.0,True,0,62,9.466591291129589e-05
30,1e-06,1e-05,1e-11,SC50B,70.0,70.0,True,0,62,7.791700772941113e-05
36,1e-06,1e-07,1e-11,SC50B,70.0,70.0,True,0,62,6.991601549088955e-05
34,1e-06,1e-06,1e-13,SC50B,70.0,70.0,True,0,62,7.404107600450516e-05
37,1e-06,1e-07,1e-13,SC50B,70.0,70.0,True,0,62,7.587508298456669e-05
39,1e-06,1e-08,1e-11,SC50B,70.0,70.0,True,0,62,6.520794704556465e-05
38,1e-06,1e-07,1e-15,SC50B,70.0,70.0,True,0,62,8.704187348484993e-05
13,1e-05,1e-07,1e-13,SC50B,70.0,70.0,True,0,62,8.933315984904766e-05
40,1e-06,1e-08,1e-13,SC50B,70.0,70.0,True,0,62,6.762496195733547e-05
41,1e-06,1e-08,1e-15,SC50B,70.0,70.0,True,0,62,6.837514229118824e-05
33,1e-06,1e-06,1e-11,SC50B,70.0,70.0,True,0,62,0.0006422922015190125
42,1e-06,1e-09,1e-11,SC50B,70.0,70.0,True,0,62,7.558311335742474e-05
44,1e-06,1e-09,1e-15,SC50B,70.0,70.0,True,0,62,6.866687908768654e-05
45,1e-06,1e-10,1e-11,SC50B,70.0,70.0,True,0,62,6.387499161064625e-05
46,1e-06,1e-10,1e-13,SC50B,70.0,70.0,True,0,62,6.745802238583565e-05
48,1e-07,0.001,1e-11,SC50B,70.0,70.0,True,0,62,6.35830219835043e-05
49,1e-07,0.001,1e-13,SC50B,70.0,70.0,True,0,62,6.504100747406483e-05
50,1e-07,0.001,1e-15,SC50B,70.0,70.0,True,0,62,7.979199290275574e-05
52,1e-07,0.0001,1e-13,SC50B,70.0,70.0,True,0,62,6.433320231735706e-05
51,1e-07,0.0001,1e-11,SC50B,70.0,70.0,True,0,62,6.691692396998405e-05
53,1e-07,0.0001,1e-15,SC50B,70.0,70.0,True,0,62,6.224983371794224e-05
54,1e-07,1e-05,1e-11,SC50B,70.0,70.0,True,0,62,6.441702134907246e-05
47,1e-06,1e-10,1e-15,SC50B,70.0,70.0,True,0,62,7.11251050233841e-05
56,1e-07,1e-05,1e-15,SC50B,70.0,70.0,True,0,62,6.35830219835043e-05
55,1e-07,1e-05,1e-13,SC50B,70.0,70.0,True,0,62,0.00020104087889194489
43,1e-06,1e-09,1e-13,SC50B,70.0,70.0,True,0,62,0.00017437501810491085
61,1e-07,1e-07,1e-13,SC50B,70.0,70.0,True,0,62,6.487499922513962e-05
57,1e-07,1e-06,1e-11,SC50B,70.0,70.0,True,0,62,7.404200732707977e-05
58,1e-07,1e-06,1e-13,SC50B,70.0,70.0,True,0,62,7.974985055625439e-05
60,1e-07,1e-07,1e-11,SC50B,70.0,70.0,True,0,62,8.020782843232155e-05
59,1e-07,1e-06,1e-15,SC50B,70.0,70.0,True,0,62,7.804087363183498e-05
62,1e-07,1e-07,1e-15,SC50B,70.0,70.0,True,0,62,7.60830007493496e-05
63,1e-07,1e-08,1e-11,SC50B,70.0,70.0,True,0,62,7.512490265071392e-05
68,1e-07,1e-09,1e-15,SC50B,70.0,70.0,True,0,62,6.949994713068008e-05
71,1e-07,1e-10,1e-15,SC50B,70.0,70.0,True,0,62,6.808293983340263e-05
64,1e-07,1e-08,1e-13,SC50B,70.0,70.0,True,0,62,0.00012154201976954937
66,1e-07,1e-09,1e-11,SC50B,70.0,70.0,True,0,62,7.729209028184414e-05
70,1e-07,1e-10,1e-13,SC50B,70.0,70.0,True,0,62,7.5541902333498e-05
67,1e-07,1e-09,1e-13,SC50B,70.0,70.0,True,0,62,7.579196244478226e-05
65,1e-07,1e-08,1e-15,SC50B,70.0,70.0,True,0,62,0.0001502500381320715
1,1e-05,0.001,1e-13,AFIRO,464.7531428571428,464.75314286,True,0,30,2.5458866730332375e-05
4,1e-05,0.0001,1e-13,AFIRO,464.7531428571428,464.75314286,True,0,30,2.6250025257468224e-05
5,1e-05,0.0001,1e-15,AFIRO,464.7531428571428,464.75314286,True,0,30,3.354181535542011e-05
2,1e-05,0.001,1e-15,AFIRO,464.7531428571428,464.75314286,True,0,30,2.3416941985487938e-05
6,1e-05,1e-05,1e-11,AFIRO,464.7531428571428,464.75314286,True,0,30,2.683396451175213e-05
8,1e-05,1e-05,1e-15,AFIRO,464.7531428571428,464.75314286,True,0,30,1.729186624288559e-05
9,1e-05,1e-06,1e-11,AFIRO,464.7531428571428,464.75314286,True,0,30,1.837499439716339e-05
11,1e-05,1e-06,1e-15,AFIRO,464.7531428571428,464.75314286,True,0,30,1.7832964658737183e-05
10,1e-05,1e-06,1e-13,AFIRO,464.7531428571428,464.75314286,True,0,30,2.13750172406435e-05
0,1e-05,0.001,1e-11,AFIRO,464.7531428571428,464.75314286,True,0,30,2.7959002181887627e-05
13,1e-05,1e-07,1e-13,AFIRO,464.7531428571428,464.75314286,True,0,30,1.841713674366474e-05
14,1e-05,1e-07,1e-15,AFIRO,464.7531428571428,464.75314286,True,0,30,1.5292083844542503e-05
69,1e-07,1e-10,1e-11,SC50B,70.0,70.0,True,0,62,7.63328280299902e-05
12,1e-05,1e-07,1e-11,AFIRO,464.7531428571428,464.75314286,True,0,30,2.0750099793076515e-05
18,1e-05,1e-09,1e-11,AFIRO,464.7531428571428,464.75314286,True,0,30,1.541711390018463e-05
15,1e-05,1e-08,1e-11,AFIRO,464.7531428571428,464.75314286,True,0,30,2.1999934688210487e-05
16,1e-05,1e-08,1e-13,AFIRO,464.7531428571428,464.75314286,True,0,30,2.491590566933155e-05
19,1e-05,1e-09,1e-13,AFIRO,464.7531428571428,464.75314286,True,0,30,1.4458084478974342e-05
20,1e-05,1e-09,1e-15,AFIRO,464.7531428571428,464.75314286,True,0,30,1.9207829609513283e-05
21,1e-05,1e-10,1e-11,AFIRO,464.7531428571428,464.75314286,True,0,30,1.60830095410347e-05
7,1e-05,1e-05,1e-13,AFIRO,464.7531428571428,464.75314286,True,0,30,5.88749535381794e-05
3,1e-05,0.0001,1e-11,AFIRO,464.7531428571428,464.75314286,True,0,30,5.9042125940322876e-05
22,1e-05,1e-10,1e-13,AFIRO,464.7531428571428,464.75314286,True,0,30,1.458311453461647e-05
23,1e-05,1e-10,1e-15,AFIRO,464.7531428571428,464.75314286,True,0,30,1.60830095410347e-05
26,1e-06,0.001,1e-15,AFIRO,464.7531428571428,464.75314286,True,0,30,1.550000160932541e-05
27,1e-06,0.0001,1e-11,AFIRO,464.7531428571428,464.75314286,True,0,30,1.4666002243757248e-05
24,1e-06,0.001,1e-11,AFIRO,464.7531428571428,464.75314286,True,0,30,2.5624874979257584e-05
25,1e-06,0.001,1e-13,AFIRO,464.7531428571428,464.75314286,True,0,30,2.8624897822737694e-05
17,1e-05,1e-08,1e-15,AFIRO,464.7531428571428,464.75314286,True,0,30,5.5416952818632126e-05
30,1e-06,1e-05,1e-11,AFIRO,464.7531428571428,464.75314286,True,0,30,1.491699367761612e-05
31,1e-06,1e-05,1e-13,AFIRO,464.7531428571428,464.75314286,True,0,30,1.4790799468755722e-05
32,1e-06,1e-05,1e-15,AFIRO,464.7531428571428,464.75314286,True,0,30,1.4166813343763351e-05
33,1e-06,1e-06,1e-11,AFIRO,464.7531428571428,464.75314286,True,0,30,1.4417106285691261e-05
34,1e-06,1e-06,1e-13,AFIRO,464.7531428571428,464.75314286,True,0,30,1.8083956092596054e-05
10,1e-05,1e-06,1e-13,SC50B,70.0,70.0,True,0,62,0.0004712499212473631
35,1e-06,1e-06,1e-15,AFIRO,464.7531428571428,464.75314286,True,0,30,1.9625062122941017e-05
40,1e-06,1e-08,1e-13,AFIRO,464.7531428571428,464.75314286,True,0,30,1.4874851331114769e-05
37,1e-06,1e-07,1e-13,AFIRO,464.7531428571428,464.75314286,True,0,30,3.920914605259895e-05
41,1e-06,1e-08,1e-15,AFIRO,464.7531428571428,464.75314286,True,0,30,1.6832957044243813e-05
38,1e-06,1e-07,1e-15,AFIRO,464.7531428571428,464.75314286,True,0,30,2.508307807147503e-05
28,1e-06,0.0001,1e-13,AFIRO,464.7531428571428,464.75314286,True,0,30,5.104183219373226e-05
39,1e-06,1e-08,1e-11,AFIRO,464.7531428571428,464.75314286,True,0,30,4.1499966755509377e-05
43,1e-06,1e-09,1e-13,AFIRO,464.7531428571428,464.75314286,True,0,30,1.591583713889122e-05
42,1e-06,1e-09,1e-11,AFIRO,464.7531428571428,464.75314286,True,0,30,2.4041859433054924e-05
29,1e-06,0.0001,1e-15,AFIRO,464.7531428571428,464.75314286,True,0,30,5.950010381639004e-05
44,1e-06,1e-09,1e-15,AFIRO,464.7531428571428,464.75314286,True,0,30,1.400010660290718e-05
46,1e-06,1e-10,1e-13,AFIRO,464.7531428571428,464.75314286,True,0,30,1.454097218811512e-05
47,1e-06,1e-10,1e-15,AFIRO,464.7531428571428,464.75314286,True,0,30,1.7582904547452927e-05
50,1e-07,0.001,1e-15,AFIRO,464.7531428571428,464.75314286,True,0,30,1.5124911442399025e-05
49,1e-07,0.001,1e-13,AFIRO,464.7531428571428,464.75314286,True,0,30,1.950003206729889e-05
45,1e-06,1e-10,1e-11,AFIRO,464.7531428571428,464.75314286,True,0,30,1.600012183189392e-05
53,1e-07,0.0001,1e-15,AFIRO,464.7531428571428,464.75314286,True,0,30,1.4082994312047958e-05
51,1e-07,0.0001,1e-11,AFIRO,464.7531428571428,464.75314286,True,0,30,2.695806324481964e-05
36,1e-06,1e-07,1e-11,AFIRO,464.7531428571428,464.75314286,True,0,30,5.1999930292367935e-05
54,1e-07,1e-05,1e-11,AFIRO,464.7531428571428,464.75314286,True,0,30,1.395796425640583e-05
55,1e-07,1e-05,1e-13,AFIRO,464.7531428571428,464.75314286,True,0,30,1.5124911442399025e-05
56,1e-07,1e-05,1e-15,AFIRO,464.7531428571428,464.75314286,True,0,30,1.4708144590258598e-05
57,1e-07,1e-06,1e-11,AFIRO,464.7531428571428,464.75314286,True,0,30,1.633400097489357e-05
58,1e-07,1e-06,1e-13,AFIRO,464.7531428571428,464.75314286,True,0,30,1.4458084478974342e-05
59,1e-07,1e-06,1e-15,AFIRO,464.7531428571428,464.75314286,True,0,30,1.35831069201231e-05
60,1e-07,1e-07,1e-11,AFIRO,464.7531428571428,464.75314286,True,0,30,1.5165889635682106e-05
62,1e-07,1e-07,1e-15,AFIRO,464.7531428571428,464.75314286,True,0,30,1.4042016118764877e-05
63,1e-07,1e-08,1e-11,AFIRO,464.7531428571428,464.75314286,True,0,30,2.9167160391807556e-05
48,1e-07,0.001,1e-11,AFIRO,464.7531428571428,464.75314286,True,0,30,4.3667154386639595e-05
64,1e-07,1e-08,1e-13,AFIRO,464.7531428571428,464.75314286,True,0,30,1.391698606312275e-05
65,1e-07,1e-08,1e-15,AFIRO,464.7531428571428,464.75314286,True,0,30,1.5666941180825233e-05
66,1e-07,1e-09,1e-11,AFIRO,464.7531428571428,464.75314286,True,0,30,1.4916062355041504e-05
67,1e-07,1e-09,1e-13,AFIRO,464.7531428571428,464.75314286,True,0,30,1.3625016435980797e-05
52,1e-07,0.0001,1e-13,AFIRO,464.7531428571428,464.75314286,True,0,30,4.787510260939598e-05
68,1e-07,1e-09,1e-15,AFIRO,464.7531428571428,464.75314286,True,0,30,1.4417106285691261e-05
69,1e-07,1e-10,1e-11,AFIRO,464.7531428571428,464.75314286,True,0,30,1.4625024050474167e-05
70,1e-07,1e-10,1e-13,AFIRO,464.7531428571428,464.75314286,True,0,30,1.4459015801548958e-05
61,1e-07,1e-07,1e-13,AFIRO,464.7531428571428,464.75314286,True,0,30,4.937499761581421e-05
71,1e-07,1e-10,1e-15,AFIRO,464.7531428571428,464.75314286,True,0,30,4.924996756017208e-05
